solid OpenSCAD_Model
  facet normal 0.195234 -0.980757 0
    outer loop
      vertex 35.6118 -17.5511 9.06
      vertex 35.8042 -17.5128 10.66
      vertex 35.6118 -17.5511 10.66
    endloop
  endfacet
  facet normal 0.195234 -0.980757 0
    outer loop
      vertex 35.8042 -17.5128 10.66
      vertex 35.6118 -17.5511 9.06
      vertex 35.8042 -17.5128 9.06
    endloop
  endfacet
  facet normal -0.980757 -0.195234 0
    outer loop
      vertex 37.4872 -18.8042 9.06
      vertex 37.4489 -18.6118 10.66
      vertex 37.4489 -18.6118 9.06
    endloop
  endfacet
  facet normal -0.980757 -0.195234 0
    outer loop
      vertex 37.4489 -18.6118 10.66
      vertex 37.4872 -18.8042 9.06
      vertex 37.4872 -18.8042 10.66
    endloop
  endfacet
  facet normal -0.99787 -0.0652336 0
    outer loop
      vertex 37.5 -19 9.06
      vertex 37.4872 -18.8042 10.66
      vertex 37.4872 -18.8042 9.06
    endloop
  endfacet
  facet normal -0.99787 -0.0652336 0
    outer loop
      vertex 37.4872 -18.8042 10.66
      vertex 37.5 -19 9.06
      vertex 37.5 -19 10.66
    endloop
  endfacet
  facet normal 0.555641 -0.831422 0
    outer loop
      vertex 35.0869 -17.81 9.06
      vertex 35.25 -17.701 10.66
      vertex 35.0869 -17.81 10.66
    endloop
  endfacet
  facet normal 0.555641 -0.831422 0
    outer loop
      vertex 35.25 -17.701 10.66
      vertex 35.0869 -17.81 9.06
      vertex 35.25 -17.701 9.06
    endloop
  endfacet
  facet normal 0.0652336 -0.99787 0
    outer loop
      vertex 35.8042 -17.5128 9.06
      vertex 36 -17.5 10.66
      vertex 35.8042 -17.5128 10.66
    endloop
  endfacet
  facet normal 0.0652336 -0.99787 0
    outer loop
      vertex 36 -17.5 10.66
      vertex 35.8042 -17.5128 9.06
      vertex 36 -17.5 9.06
    endloop
  endfacet
  facet normal -0.321574 -0.946885 0
    outer loop
      vertex 36.3882 -17.5511 9.06
      vertex 36.574 -17.6142 10.66
      vertex 36.3882 -17.5511 10.66
    endloop
  endfacet
  facet normal -0.321574 -0.946885 -0
    outer loop
      vertex 36.574 -17.6142 10.66
      vertex 36.3882 -17.5511 9.06
      vertex 36.574 -17.6142 9.06
    endloop
  endfacet
  facet normal 0.442315 -0.89686 0
    outer loop
      vertex 35.25 -17.701 9.06
      vertex 35.426 -17.6142 10.66
      vertex 35.25 -17.701 10.66
    endloop
  endfacet
  facet normal 0.442315 -0.89686 0
    outer loop
      vertex 35.426 -17.6142 10.66
      vertex 35.25 -17.701 9.06
      vertex 35.426 -17.6142 9.06
    endloop
  endfacet
  facet normal -0.946885 0.321574 0
    outer loop
      vertex 37.3858 -19.574 9.06
      vertex 37.4489 -19.3882 10.66
      vertex 37.4489 -19.3882 9.06
    endloop
  endfacet
  facet normal -0.946885 0.321574 0
    outer loop
      vertex 37.4489 -19.3882 10.66
      vertex 37.3858 -19.574 9.06
      vertex 37.3858 -19.574 10.66
    endloop
  endfacet
  facet normal 0.89686 0.442315 0
    outer loop
      vertex 34.701 -19.75 10.66
      vertex 34.6142 -19.574 9.06
      vertex 34.6142 -19.574 10.66
    endloop
  endfacet
  facet normal 0.89686 0.442315 0
    outer loop
      vertex 34.6142 -19.574 9.06
      vertex 34.701 -19.75 10.66
      vertex 34.701 -19.75 9.06
    endloop
  endfacet
  facet normal -0.831422 0.555641 0
    outer loop
      vertex 37.19 -19.9131 9.06
      vertex 37.299 -19.75 10.66
      vertex 37.299 -19.75 9.06
    endloop
  endfacet
  facet normal -0.831422 0.555641 0
    outer loop
      vertex 37.299 -19.75 10.66
      vertex 37.19 -19.9131 9.06
      vertex 37.19 -19.9131 10.66
    endloop
  endfacet
  facet normal -0.89686 -0.442315 0
    outer loop
      vertex 37.3858 -18.426 9.06
      vertex 37.299 -18.25 10.66
      vertex 37.299 -18.25 9.06
    endloop
  endfacet
  facet normal -0.89686 -0.442315 0
    outer loop
      vertex 37.299 -18.25 10.66
      vertex 37.3858 -18.426 9.06
      vertex 37.3858 -18.426 10.66
    endloop
  endfacet
  facet normal -0.0652336 0.99787 0
    outer loop
      vertex 36.1958 -20.4872 9.06
      vertex 36 -20.5 10.66
      vertex 36.1958 -20.4872 10.66
    endloop
  endfacet
  facet normal -0.0652336 0.99787 0
    outer loop
      vertex 36 -20.5 10.66
      vertex 36.1958 -20.4872 9.06
      vertex 36 -20.5 9.06
    endloop
  endfacet
  facet normal 0.99787 -0.0652336 0
    outer loop
      vertex 34.5 -19 10.66
      vertex 34.5128 -18.8042 9.06
      vertex 34.5128 -18.8042 10.66
    endloop
  endfacet
  facet normal 0.99787 -0.0652336 0
    outer loop
      vertex 34.5128 -18.8042 9.06
      vertex 34.5 -19 10.66
      vertex 34.5 -19 9.06
    endloop
  endfacet
  facet normal -0.658937 -0.752198 0
    outer loop
      vertex 36.9131 -17.81 9.06
      vertex 37.0607 -17.9393 10.66
      vertex 36.9131 -17.81 10.66
    endloop
  endfacet
  facet normal -0.658937 -0.752198 -0
    outer loop
      vertex 37.0607 -17.9393 10.66
      vertex 36.9131 -17.81 9.06
      vertex 37.0607 -17.9393 9.06
    endloop
  endfacet
  facet normal -0.442315 -0.89686 0
    outer loop
      vertex 36.574 -17.6142 9.06
      vertex 36.75 -17.701 10.66
      vertex 36.574 -17.6142 10.66
    endloop
  endfacet
  facet normal -0.442315 -0.89686 -0
    outer loop
      vertex 36.75 -17.701 10.66
      vertex 36.574 -17.6142 9.06
      vertex 36.75 -17.701 9.06
    endloop
  endfacet
  facet normal 0.321574 -0.946885 0
    outer loop
      vertex 35.426 -17.6142 9.06
      vertex 35.6118 -17.5511 10.66
      vertex 35.426 -17.6142 10.66
    endloop
  endfacet
  facet normal 0.321574 -0.946885 0
    outer loop
      vertex 35.6118 -17.5511 10.66
      vertex 35.426 -17.6142 9.06
      vertex 35.6118 -17.5511 9.06
    endloop
  endfacet
  facet normal 0.658937 -0.752198 0
    outer loop
      vertex 34.9393 -17.9393 9.06
      vertex 35.0869 -17.81 10.66
      vertex 34.9393 -17.9393 10.66
    endloop
  endfacet
  facet normal 0.658937 -0.752198 0
    outer loop
      vertex 35.0869 -17.81 10.66
      vertex 34.9393 -17.9393 9.06
      vertex 35.0869 -17.81 9.06
    endloop
  endfacet
  facet normal 0.946885 0.321574 0
    outer loop
      vertex 34.6142 -19.574 10.66
      vertex 34.5511 -19.3882 9.06
      vertex 34.5511 -19.3882 10.66
    endloop
  endfacet
  facet normal 0.946885 0.321574 0
    outer loop
      vertex 34.5511 -19.3882 9.06
      vertex 34.6142 -19.574 10.66
      vertex 34.6142 -19.574 9.06
    endloop
  endfacet
  facet normal -0.89686 0.442315 0
    outer loop
      vertex 37.299 -19.75 9.06
      vertex 37.3858 -19.574 10.66
      vertex 37.3858 -19.574 9.06
    endloop
  endfacet
  facet normal -0.89686 0.442315 0
    outer loop
      vertex 37.3858 -19.574 10.66
      vertex 37.299 -19.75 9.06
      vertex 37.299 -19.75 10.66
    endloop
  endfacet
  facet normal 0.831422 0.555641 0
    outer loop
      vertex 34.81 -19.9131 10.66
      vertex 34.701 -19.75 9.06
      vertex 34.701 -19.75 10.66
    endloop
  endfacet
  facet normal 0.831422 0.555641 0
    outer loop
      vertex 34.701 -19.75 9.06
      vertex 34.81 -19.9131 10.66
      vertex 34.81 -19.9131 9.06
    endloop
  endfacet
  facet normal -0.0652336 -0.99787 0
    outer loop
      vertex 36 -17.5 9.06
      vertex 36.1958 -17.5128 10.66
      vertex 36 -17.5 10.66
    endloop
  endfacet
  facet normal -0.0652336 -0.99787 -0
    outer loop
      vertex 36.1958 -17.5128 10.66
      vertex 36 -17.5 9.06
      vertex 36.1958 -17.5128 9.06
    endloop
  endfacet
  facet normal -0.321574 0.946885 0
    outer loop
      vertex 36.574 -20.3858 9.06
      vertex 36.3882 -20.4489 10.66
      vertex 36.574 -20.3858 10.66
    endloop
  endfacet
  facet normal -0.321574 0.946885 0
    outer loop
      vertex 36.3882 -20.4489 10.66
      vertex 36.574 -20.3858 9.06
      vertex 36.3882 -20.4489 9.06
    endloop
  endfacet
  facet normal 0.980757 -0.195234 0
    outer loop
      vertex 34.5128 -18.8042 10.66
      vertex 34.5511 -18.6118 9.06
      vertex 34.5511 -18.6118 10.66
    endloop
  endfacet
  facet normal 0.980757 -0.195234 0
    outer loop
      vertex 34.5511 -18.6118 9.06
      vertex 34.5128 -18.8042 10.66
      vertex 34.5128 -18.8042 9.06
    endloop
  endfacet
  facet normal 0.99787 0.0652336 0
    outer loop
      vertex 34.5128 -19.1958 10.66
      vertex 34.5 -19 9.06
      vertex 34.5 -19 10.66
    endloop
  endfacet
  facet normal 0.99787 0.0652336 0
    outer loop
      vertex 34.5 -19 9.06
      vertex 34.5128 -19.1958 10.66
      vertex 34.5128 -19.1958 9.06
    endloop
  endfacet
  facet normal 0.752198 0.658937 0
    outer loop
      vertex 34.9393 -20.0607 10.66
      vertex 34.81 -19.9131 9.06
      vertex 34.81 -19.9131 10.66
    endloop
  endfacet
  facet normal 0.752198 0.658937 0
    outer loop
      vertex 34.81 -19.9131 9.06
      vertex 34.9393 -20.0607 10.66
      vertex 34.9393 -20.0607 9.06
    endloop
  endfacet
  facet normal 0.980757 0.195234 0
    outer loop
      vertex 34.5511 -19.3882 10.66
      vertex 34.5128 -19.1958 9.06
      vertex 34.5128 -19.1958 10.66
    endloop
  endfacet
  facet normal 0.980757 0.195234 0
    outer loop
      vertex 34.5128 -19.1958 9.06
      vertex 34.5511 -19.3882 10.66
      vertex 34.5511 -19.3882 9.06
    endloop
  endfacet
  facet normal 0.752198 -0.658937 0
    outer loop
      vertex 34.81 -18.0869 10.66
      vertex 34.9393 -17.9393 9.06
      vertex 34.9393 -17.9393 10.66
    endloop
  endfacet
  facet normal 0.752198 -0.658937 0
    outer loop
      vertex 34.9393 -17.9393 9.06
      vertex 34.81 -18.0869 10.66
      vertex 34.81 -18.0869 9.06
    endloop
  endfacet
  facet normal -0.831422 -0.555641 0
    outer loop
      vertex 37.299 -18.25 9.06
      vertex 37.19 -18.0869 10.66
      vertex 37.19 -18.0869 9.06
    endloop
  endfacet
  facet normal -0.831422 -0.555641 0
    outer loop
      vertex 37.19 -18.0869 10.66
      vertex 37.299 -18.25 9.06
      vertex 37.299 -18.25 10.66
    endloop
  endfacet
  facet normal -0.980757 0.195234 0
    outer loop
      vertex 37.4489 -19.3882 9.06
      vertex 37.4872 -19.1958 10.66
      vertex 37.4872 -19.1958 9.06
    endloop
  endfacet
  facet normal -0.980757 0.195234 0
    outer loop
      vertex 37.4872 -19.1958 10.66
      vertex 37.4489 -19.3882 9.06
      vertex 37.4489 -19.3882 10.66
    endloop
  endfacet
  facet normal 0.946885 -0.321574 0
    outer loop
      vertex 34.5511 -18.6118 10.66
      vertex 34.6142 -18.426 9.06
      vertex 34.6142 -18.426 10.66
    endloop
  endfacet
  facet normal 0.946885 -0.321574 0
    outer loop
      vertex 34.6142 -18.426 9.06
      vertex 34.5511 -18.6118 10.66
      vertex 34.5511 -18.6118 9.06
    endloop
  endfacet
  facet normal -0.195234 0.980757 0
    outer loop
      vertex 36.3882 -20.4489 9.06
      vertex 36.1958 -20.4872 10.66
      vertex 36.3882 -20.4489 10.66
    endloop
  endfacet
  facet normal -0.195234 0.980757 0
    outer loop
      vertex 36.1958 -20.4872 10.66
      vertex 36.3882 -20.4489 9.06
      vertex 36.1958 -20.4872 9.06
    endloop
  endfacet
  facet normal 0.555641 0.831422 -0
    outer loop
      vertex 35.25 -20.299 9.06
      vertex 35.0869 -20.19 10.66
      vertex 35.25 -20.299 10.66
    endloop
  endfacet
  facet normal 0.555641 0.831422 0
    outer loop
      vertex 35.0869 -20.19 10.66
      vertex 35.25 -20.299 9.06
      vertex 35.0869 -20.19 9.06
    endloop
  endfacet
  facet normal -0.555641 -0.831422 0
    outer loop
      vertex 36.75 -17.701 9.06
      vertex 36.9131 -17.81 10.66
      vertex 36.75 -17.701 10.66
    endloop
  endfacet
  facet normal -0.555641 -0.831422 -0
    outer loop
      vertex 36.9131 -17.81 10.66
      vertex 36.75 -17.701 9.06
      vertex 36.9131 -17.81 9.06
    endloop
  endfacet
  facet normal 0.321574 0.946885 -0
    outer loop
      vertex 35.6118 -20.4489 9.06
      vertex 35.426 -20.3858 10.66
      vertex 35.6118 -20.4489 10.66
    endloop
  endfacet
  facet normal 0.321574 0.946885 0
    outer loop
      vertex 35.426 -20.3858 10.66
      vertex 35.6118 -20.4489 9.06
      vertex 35.426 -20.3858 9.06
    endloop
  endfacet
  facet normal -0.658937 0.752198 0
    outer loop
      vertex 37.0607 -20.0607 9.06
      vertex 36.9131 -20.19 10.66
      vertex 37.0607 -20.0607 10.66
    endloop
  endfacet
  facet normal -0.658937 0.752198 0
    outer loop
      vertex 36.9131 -20.19 10.66
      vertex 37.0607 -20.0607 9.06
      vertex 36.9131 -20.19 9.06
    endloop
  endfacet
  facet normal -0.442315 0.89686 0
    outer loop
      vertex 36.75 -20.299 9.06
      vertex 36.574 -20.3858 10.66
      vertex 36.75 -20.299 10.66
    endloop
  endfacet
  facet normal -0.442315 0.89686 0
    outer loop
      vertex 36.574 -20.3858 10.66
      vertex 36.75 -20.299 9.06
      vertex 36.574 -20.3858 9.06
    endloop
  endfacet
  facet normal -0.99787 0.0652336 0
    outer loop
      vertex 37.4872 -19.1958 9.06
      vertex 37.5 -19 10.66
      vertex 37.5 -19 9.06
    endloop
  endfacet
  facet normal -0.99787 0.0652336 0
    outer loop
      vertex 37.5 -19 10.66
      vertex 37.4872 -19.1958 9.06
      vertex 37.4872 -19.1958 10.66
    endloop
  endfacet
  facet normal 0.0652336 0.99787 -0
    outer loop
      vertex 36 -20.5 9.06
      vertex 35.8042 -20.4872 10.66
      vertex 36 -20.5 10.66
    endloop
  endfacet
  facet normal 0.0652336 0.99787 0
    outer loop
      vertex 35.8042 -20.4872 10.66
      vertex 36 -20.5 9.06
      vertex 35.8042 -20.4872 9.06
    endloop
  endfacet
  facet normal -0.195234 -0.980757 0
    outer loop
      vertex 36.1958 -17.5128 9.06
      vertex 36.3882 -17.5511 10.66
      vertex 36.1958 -17.5128 10.66
    endloop
  endfacet
  facet normal -0.195234 -0.980757 -0
    outer loop
      vertex 36.3882 -17.5511 10.66
      vertex 36.1958 -17.5128 9.06
      vertex 36.3882 -17.5511 9.06
    endloop
  endfacet
  facet normal 0.89686 -0.442315 0
    outer loop
      vertex 34.6142 -18.426 10.66
      vertex 34.701 -18.25 9.06
      vertex 34.701 -18.25 10.66
    endloop
  endfacet
  facet normal 0.89686 -0.442315 0
    outer loop
      vertex 34.701 -18.25 9.06
      vertex 34.6142 -18.426 10.66
      vertex 34.6142 -18.426 9.06
    endloop
  endfacet
  facet normal -0.752198 -0.658937 0
    outer loop
      vertex 37.19 -18.0869 9.06
      vertex 37.0607 -17.9393 10.66
      vertex 37.0607 -17.9393 9.06
    endloop
  endfacet
  facet normal -0.752198 -0.658937 0
    outer loop
      vertex 37.0607 -17.9393 10.66
      vertex 37.19 -18.0869 9.06
      vertex 37.19 -18.0869 10.66
    endloop
  endfacet
  facet normal -0.752198 0.658937 0
    outer loop
      vertex 37.0607 -20.0607 9.06
      vertex 37.19 -19.9131 10.66
      vertex 37.19 -19.9131 9.06
    endloop
  endfacet
  facet normal -0.752198 0.658937 0
    outer loop
      vertex 37.19 -19.9131 10.66
      vertex 37.0607 -20.0607 9.06
      vertex 37.0607 -20.0607 10.66
    endloop
  endfacet
  facet normal -0.946885 -0.321574 0
    outer loop
      vertex 37.4489 -18.6118 9.06
      vertex 37.3858 -18.426 10.66
      vertex 37.3858 -18.426 9.06
    endloop
  endfacet
  facet normal -0.946885 -0.321574 0
    outer loop
      vertex 37.3858 -18.426 10.66
      vertex 37.4489 -18.6118 9.06
      vertex 37.4489 -18.6118 10.66
    endloop
  endfacet
  facet normal 0.442315 0.89686 -0
    outer loop
      vertex 35.426 -20.3858 9.06
      vertex 35.25 -20.299 10.66
      vertex 35.426 -20.3858 10.66
    endloop
  endfacet
  facet normal 0.442315 0.89686 0
    outer loop
      vertex 35.25 -20.299 10.66
      vertex 35.426 -20.3858 9.06
      vertex 35.25 -20.299 9.06
    endloop
  endfacet
  facet normal 0.831422 -0.555641 0
    outer loop
      vertex 34.701 -18.25 10.66
      vertex 34.81 -18.0869 9.06
      vertex 34.81 -18.0869 10.66
    endloop
  endfacet
  facet normal 0.831422 -0.555641 0
    outer loop
      vertex 34.81 -18.0869 9.06
      vertex 34.701 -18.25 10.66
      vertex 34.701 -18.25 9.06
    endloop
  endfacet
  facet normal -0.555641 0.831422 0
    outer loop
      vertex 36.9131 -20.19 9.06
      vertex 36.75 -20.299 10.66
      vertex 36.9131 -20.19 10.66
    endloop
  endfacet
  facet normal -0.555641 0.831422 0
    outer loop
      vertex 36.75 -20.299 10.66
      vertex 36.9131 -20.19 9.06
      vertex 36.75 -20.299 9.06
    endloop
  endfacet
  facet normal 0.195234 0.980757 -0
    outer loop
      vertex 35.8042 -20.4872 9.06
      vertex 35.6118 -20.4489 10.66
      vertex 35.8042 -20.4872 10.66
    endloop
  endfacet
  facet normal 0.195234 0.980757 0
    outer loop
      vertex 35.6118 -20.4489 10.66
      vertex 35.8042 -20.4872 9.06
      vertex 35.6118 -20.4489 9.06
    endloop
  endfacet
  facet normal 0.658937 0.752198 -0
    outer loop
      vertex 35.0869 -20.19 9.06
      vertex 34.9393 -20.0607 10.66
      vertex 35.0869 -20.19 10.66
    endloop
  endfacet
  facet normal 0.658937 0.752198 0
    outer loop
      vertex 34.9393 -20.0607 10.66
      vertex 35.0869 -20.19 9.06
      vertex 34.9393 -20.0607 9.06
    endloop
  endfacet
  facet normal 0.946885 0.321574 0
    outer loop
      vertex 34.6142 18.426 10.66
      vertex 34.5511 18.6118 9.06
      vertex 34.5511 18.6118 10.66
    endloop
  endfacet
  facet normal 0.946885 0.321574 0
    outer loop
      vertex 34.5511 18.6118 9.06
      vertex 34.6142 18.426 10.66
      vertex 34.6142 18.426 9.06
    endloop
  endfacet
  facet normal -0.195234 0.980757 0
    outer loop
      vertex 36.3882 17.5511 9.06
      vertex 36.1958 17.5128 10.66
      vertex 36.3882 17.5511 10.66
    endloop
  endfacet
  facet normal -0.195234 0.980757 0
    outer loop
      vertex 36.1958 17.5128 10.66
      vertex 36.3882 17.5511 9.06
      vertex 36.1958 17.5128 9.06
    endloop
  endfacet
  facet normal -0.980757 -0.195234 0
    outer loop
      vertex 37.4872 19.1958 9.06
      vertex 37.4489 19.3882 10.66
      vertex 37.4489 19.3882 9.06
    endloop
  endfacet
  facet normal -0.980757 -0.195234 0
    outer loop
      vertex 37.4489 19.3882 10.66
      vertex 37.4872 19.1958 9.06
      vertex 37.4872 19.1958 10.66
    endloop
  endfacet
  facet normal -0.99787 -0.0652336 0
    outer loop
      vertex 37.5 19 9.06
      vertex 37.4872 19.1958 10.66
      vertex 37.4872 19.1958 9.06
    endloop
  endfacet
  facet normal -0.99787 -0.0652336 0
    outer loop
      vertex 37.4872 19.1958 10.66
      vertex 37.5 19 9.06
      vertex 37.5 19 10.66
    endloop
  endfacet
  facet normal 0.442315 -0.89686 0
    outer loop
      vertex 35.25 20.299 9.06
      vertex 35.426 20.3858 10.66
      vertex 35.25 20.299 10.66
    endloop
  endfacet
  facet normal 0.442315 -0.89686 0
    outer loop
      vertex 35.426 20.3858 10.66
      vertex 35.25 20.299 9.06
      vertex 35.426 20.3858 9.06
    endloop
  endfacet
  facet normal -0.946885 -0.321574 0
    outer loop
      vertex 37.4489 19.3882 9.06
      vertex 37.3858 19.574 10.66
      vertex 37.3858 19.574 9.06
    endloop
  endfacet
  facet normal -0.946885 -0.321574 0
    outer loop
      vertex 37.3858 19.574 10.66
      vertex 37.4489 19.3882 9.06
      vertex 37.4489 19.3882 10.66
    endloop
  endfacet
  facet normal -0.89686 0.442315 0
    outer loop
      vertex 37.299 18.25 9.06
      vertex 37.3858 18.426 10.66
      vertex 37.3858 18.426 9.06
    endloop
  endfacet
  facet normal -0.89686 0.442315 0
    outer loop
      vertex 37.3858 18.426 10.66
      vertex 37.299 18.25 9.06
      vertex 37.299 18.25 10.66
    endloop
  endfacet
  facet normal -0.99787 0.0652336 0
    outer loop
      vertex 37.4872 18.8042 9.06
      vertex 37.5 19 10.66
      vertex 37.5 19 9.06
    endloop
  endfacet
  facet normal -0.99787 0.0652336 0
    outer loop
      vertex 37.5 19 10.66
      vertex 37.4872 18.8042 9.06
      vertex 37.4872 18.8042 10.66
    endloop
  endfacet
  facet normal -0.658937 -0.752198 0
    outer loop
      vertex 36.9131 20.19 9.06
      vertex 37.0607 20.0607 10.66
      vertex 36.9131 20.19 10.66
    endloop
  endfacet
  facet normal -0.658937 -0.752198 -0
    outer loop
      vertex 37.0607 20.0607 10.66
      vertex 36.9131 20.19 9.06
      vertex 37.0607 20.0607 9.06
    endloop
  endfacet
  facet normal 0.658937 -0.752198 0
    outer loop
      vertex 34.9393 20.0607 9.06
      vertex 35.0869 20.19 10.66
      vertex 34.9393 20.0607 10.66
    endloop
  endfacet
  facet normal 0.658937 -0.752198 0
    outer loop
      vertex 35.0869 20.19 10.66
      vertex 34.9393 20.0607 9.06
      vertex 35.0869 20.19 9.06
    endloop
  endfacet
  facet normal -0.0652336 -0.99787 0
    outer loop
      vertex 36 20.5 9.06
      vertex 36.1958 20.4872 10.66
      vertex 36 20.5 10.66
    endloop
  endfacet
  facet normal -0.0652336 -0.99787 -0
    outer loop
      vertex 36.1958 20.4872 10.66
      vertex 36 20.5 9.06
      vertex 36.1958 20.4872 9.06
    endloop
  endfacet
  facet normal 0.195234 0.980757 -0
    outer loop
      vertex 35.8042 17.5128 9.06
      vertex 35.6118 17.5511 10.66
      vertex 35.8042 17.5128 10.66
    endloop
  endfacet
  facet normal 0.195234 0.980757 0
    outer loop
      vertex 35.6118 17.5511 10.66
      vertex 35.8042 17.5128 9.06
      vertex 35.6118 17.5511 9.06
    endloop
  endfacet
  facet normal 0.99787 -0.0652336 0
    outer loop
      vertex 34.5 19 10.66
      vertex 34.5128 19.1958 9.06
      vertex 34.5128 19.1958 10.66
    endloop
  endfacet
  facet normal 0.99787 -0.0652336 0
    outer loop
      vertex 34.5128 19.1958 9.06
      vertex 34.5 19 10.66
      vertex 34.5 19 9.06
    endloop
  endfacet
  facet normal 0.752198 0.658937 0
    outer loop
      vertex 34.9393 17.9393 10.66
      vertex 34.81 18.0869 9.06
      vertex 34.81 18.0869 10.66
    endloop
  endfacet
  facet normal 0.752198 0.658937 0
    outer loop
      vertex 34.81 18.0869 9.06
      vertex 34.9393 17.9393 10.66
      vertex 34.9393 17.9393 9.06
    endloop
  endfacet
  facet normal 0.980757 0.195234 0
    outer loop
      vertex 34.5511 18.6118 10.66
      vertex 34.5128 18.8042 9.06
      vertex 34.5128 18.8042 10.66
    endloop
  endfacet
  facet normal 0.980757 0.195234 0
    outer loop
      vertex 34.5128 18.8042 9.06
      vertex 34.5511 18.6118 10.66
      vertex 34.5511 18.6118 9.06
    endloop
  endfacet
  facet normal -0.831422 0.555641 0
    outer loop
      vertex 37.19 18.0869 9.06
      vertex 37.299 18.25 10.66
      vertex 37.299 18.25 9.06
    endloop
  endfacet
  facet normal -0.831422 0.555641 0
    outer loop
      vertex 37.299 18.25 10.66
      vertex 37.19 18.0869 9.06
      vertex 37.19 18.0869 10.66
    endloop
  endfacet
  facet normal 0.89686 -0.442315 0
    outer loop
      vertex 34.6142 19.574 10.66
      vertex 34.701 19.75 9.06
      vertex 34.701 19.75 10.66
    endloop
  endfacet
  facet normal 0.89686 -0.442315 0
    outer loop
      vertex 34.701 19.75 9.06
      vertex 34.6142 19.574 10.66
      vertex 34.6142 19.574 9.06
    endloop
  endfacet
  facet normal 0.831422 -0.555641 0
    outer loop
      vertex 34.701 19.75 10.66
      vertex 34.81 19.9131 9.06
      vertex 34.81 19.9131 10.66
    endloop
  endfacet
  facet normal 0.831422 -0.555641 0
    outer loop
      vertex 34.81 19.9131 9.06
      vertex 34.701 19.75 10.66
      vertex 34.701 19.75 9.06
    endloop
  endfacet
  facet normal 0.0652336 -0.99787 0
    outer loop
      vertex 35.8042 20.4872 9.06
      vertex 36 20.5 10.66
      vertex 35.8042 20.4872 10.66
    endloop
  endfacet
  facet normal 0.0652336 -0.99787 0
    outer loop
      vertex 36 20.5 10.66
      vertex 35.8042 20.4872 9.06
      vertex 36 20.5 9.06
    endloop
  endfacet
  facet normal 0.321574 0.946885 -0
    outer loop
      vertex 35.6118 17.5511 9.06
      vertex 35.426 17.6142 10.66
      vertex 35.6118 17.5511 10.66
    endloop
  endfacet
  facet normal 0.321574 0.946885 0
    outer loop
      vertex 35.426 17.6142 10.66
      vertex 35.6118 17.5511 9.06
      vertex 35.426 17.6142 9.06
    endloop
  endfacet
  facet normal -0.442315 -0.89686 0
    outer loop
      vertex 36.574 20.3858 9.06
      vertex 36.75 20.299 10.66
      vertex 36.574 20.3858 10.66
    endloop
  endfacet
  facet normal -0.442315 -0.89686 -0
    outer loop
      vertex 36.75 20.299 10.66
      vertex 36.574 20.3858 9.06
      vertex 36.75 20.299 9.06
    endloop
  endfacet
  facet normal -0.0652336 0.99787 0
    outer loop
      vertex 36.1958 17.5128 9.06
      vertex 36 17.5 10.66
      vertex 36.1958 17.5128 10.66
    endloop
  endfacet
  facet normal -0.0652336 0.99787 0
    outer loop
      vertex 36 17.5 10.66
      vertex 36.1958 17.5128 9.06
      vertex 36 17.5 9.06
    endloop
  endfacet
  facet normal -0.555641 0.831422 0
    outer loop
      vertex 36.9131 17.81 9.06
      vertex 36.75 17.701 10.66
      vertex 36.9131 17.81 10.66
    endloop
  endfacet
  facet normal -0.555641 0.831422 0
    outer loop
      vertex 36.75 17.701 10.66
      vertex 36.9131 17.81 9.06
      vertex 36.75 17.701 9.06
    endloop
  endfacet
  facet normal -0.980757 0.195234 0
    outer loop
      vertex 37.4489 18.6118 9.06
      vertex 37.4872 18.8042 10.66
      vertex 37.4872 18.8042 9.06
    endloop
  endfacet
  facet normal -0.980757 0.195234 0
    outer loop
      vertex 37.4872 18.8042 10.66
      vertex 37.4489 18.6118 9.06
      vertex 37.4489 18.6118 10.66
    endloop
  endfacet
  facet normal 0.752198 -0.658937 0
    outer loop
      vertex 34.81 19.9131 10.66
      vertex 34.9393 20.0607 9.06
      vertex 34.9393 20.0607 10.66
    endloop
  endfacet
  facet normal 0.752198 -0.658937 0
    outer loop
      vertex 34.9393 20.0607 9.06
      vertex 34.81 19.9131 10.66
      vertex 34.81 19.9131 9.06
    endloop
  endfacet
  facet normal 0.980757 -0.195234 0
    outer loop
      vertex 34.5128 19.1958 10.66
      vertex 34.5511 19.3882 9.06
      vertex 34.5511 19.3882 10.66
    endloop
  endfacet
  facet normal 0.980757 -0.195234 0
    outer loop
      vertex 34.5511 19.3882 9.06
      vertex 34.5128 19.1958 10.66
      vertex 34.5128 19.1958 9.06
    endloop
  endfacet
  facet normal -0.831422 -0.555641 0
    outer loop
      vertex 37.299 19.75 9.06
      vertex 37.19 19.9131 10.66
      vertex 37.19 19.9131 9.06
    endloop
  endfacet
  facet normal -0.831422 -0.555641 0
    outer loop
      vertex 37.19 19.9131 10.66
      vertex 37.299 19.75 9.06
      vertex 37.299 19.75 10.66
    endloop
  endfacet
  facet normal -0.555641 -0.831422 0
    outer loop
      vertex 36.75 20.299 9.06
      vertex 36.9131 20.19 10.66
      vertex 36.75 20.299 10.66
    endloop
  endfacet
  facet normal -0.555641 -0.831422 -0
    outer loop
      vertex 36.9131 20.19 10.66
      vertex 36.75 20.299 9.06
      vertex 36.9131 20.19 9.06
    endloop
  endfacet
  facet normal 0.99787 0.0652336 0
    outer loop
      vertex 34.5128 18.8042 10.66
      vertex 34.5 19 9.06
      vertex 34.5 19 10.66
    endloop
  endfacet
  facet normal 0.99787 0.0652336 0
    outer loop
      vertex 34.5 19 9.06
      vertex 34.5128 18.8042 10.66
      vertex 34.5128 18.8042 9.06
    endloop
  endfacet
  facet normal -0.321574 -0.946885 0
    outer loop
      vertex 36.3882 20.4489 9.06
      vertex 36.574 20.3858 10.66
      vertex 36.3882 20.4489 10.66
    endloop
  endfacet
  facet normal -0.321574 -0.946885 -0
    outer loop
      vertex 36.574 20.3858 10.66
      vertex 36.3882 20.4489 9.06
      vertex 36.574 20.3858 9.06
    endloop
  endfacet
  facet normal -0.658937 0.752198 0
    outer loop
      vertex 37.0607 17.9393 9.06
      vertex 36.9131 17.81 10.66
      vertex 37.0607 17.9393 10.66
    endloop
  endfacet
  facet normal -0.658937 0.752198 0
    outer loop
      vertex 36.9131 17.81 10.66
      vertex 37.0607 17.9393 9.06
      vertex 36.9131 17.81 9.06
    endloop
  endfacet
  facet normal 0.195234 -0.980757 0
    outer loop
      vertex 35.6118 20.4489 9.06
      vertex 35.8042 20.4872 10.66
      vertex 35.6118 20.4489 10.66
    endloop
  endfacet
  facet normal 0.195234 -0.980757 0
    outer loop
      vertex 35.8042 20.4872 10.66
      vertex 35.6118 20.4489 9.06
      vertex 35.8042 20.4872 9.06
    endloop
  endfacet
  facet normal -0.89686 -0.442315 0
    outer loop
      vertex 37.3858 19.574 9.06
      vertex 37.299 19.75 10.66
      vertex 37.299 19.75 9.06
    endloop
  endfacet
  facet normal -0.89686 -0.442315 0
    outer loop
      vertex 37.299 19.75 10.66
      vertex 37.3858 19.574 9.06
      vertex 37.3858 19.574 10.66
    endloop
  endfacet
  facet normal -0.946885 0.321574 0
    outer loop
      vertex 37.3858 18.426 9.06
      vertex 37.4489 18.6118 10.66
      vertex 37.4489 18.6118 9.06
    endloop
  endfacet
  facet normal -0.946885 0.321574 0
    outer loop
      vertex 37.4489 18.6118 10.66
      vertex 37.3858 18.426 9.06
      vertex 37.3858 18.426 10.66
    endloop
  endfacet
  facet normal 0.555641 0.831422 -0
    outer loop
      vertex 35.25 17.701 9.06
      vertex 35.0869 17.81 10.66
      vertex 35.25 17.701 10.66
    endloop
  endfacet
  facet normal 0.555641 0.831422 0
    outer loop
      vertex 35.0869 17.81 10.66
      vertex 35.25 17.701 9.06
      vertex 35.0869 17.81 9.06
    endloop
  endfacet
  facet normal 0.658937 0.752198 -0
    outer loop
      vertex 35.0869 17.81 9.06
      vertex 34.9393 17.9393 10.66
      vertex 35.0869 17.81 10.66
    endloop
  endfacet
  facet normal 0.658937 0.752198 0
    outer loop
      vertex 34.9393 17.9393 10.66
      vertex 35.0869 17.81 9.06
      vertex 34.9393 17.9393 9.06
    endloop
  endfacet
  facet normal -0.752198 0.658937 0
    outer loop
      vertex 37.0607 17.9393 9.06
      vertex 37.19 18.0869 10.66
      vertex 37.19 18.0869 9.06
    endloop
  endfacet
  facet normal -0.752198 0.658937 0
    outer loop
      vertex 37.19 18.0869 10.66
      vertex 37.0607 17.9393 9.06
      vertex 37.0607 17.9393 10.66
    endloop
  endfacet
  facet normal 0.89686 0.442315 0
    outer loop
      vertex 34.701 18.25 10.66
      vertex 34.6142 18.426 9.06
      vertex 34.6142 18.426 10.66
    endloop
  endfacet
  facet normal 0.89686 0.442315 0
    outer loop
      vertex 34.6142 18.426 9.06
      vertex 34.701 18.25 10.66
      vertex 34.701 18.25 9.06
    endloop
  endfacet
  facet normal 0.0652336 0.99787 -0
    outer loop
      vertex 36 17.5 9.06
      vertex 35.8042 17.5128 10.66
      vertex 36 17.5 10.66
    endloop
  endfacet
  facet normal 0.0652336 0.99787 0
    outer loop
      vertex 35.8042 17.5128 10.66
      vertex 36 17.5 9.06
      vertex 35.8042 17.5128 9.06
    endloop
  endfacet
  facet normal -0.752198 -0.658937 0
    outer loop
      vertex 37.19 19.9131 9.06
      vertex 37.0607 20.0607 10.66
      vertex 37.0607 20.0607 9.06
    endloop
  endfacet
  facet normal -0.752198 -0.658937 0
    outer loop
      vertex 37.0607 20.0607 10.66
      vertex 37.19 19.9131 9.06
      vertex 37.19 19.9131 10.66
    endloop
  endfacet
  facet normal 0.555641 -0.831422 0
    outer loop
      vertex 35.0869 20.19 9.06
      vertex 35.25 20.299 10.66
      vertex 35.0869 20.19 10.66
    endloop
  endfacet
  facet normal 0.555641 -0.831422 0
    outer loop
      vertex 35.25 20.299 10.66
      vertex 35.0869 20.19 9.06
      vertex 35.25 20.299 9.06
    endloop
  endfacet
  facet normal -0.321574 0.946885 0
    outer loop
      vertex 36.574 17.6142 9.06
      vertex 36.3882 17.5511 10.66
      vertex 36.574 17.6142 10.66
    endloop
  endfacet
  facet normal -0.321574 0.946885 0
    outer loop
      vertex 36.3882 17.5511 10.66
      vertex 36.574 17.6142 9.06
      vertex 36.3882 17.5511 9.06
    endloop
  endfacet
  facet normal -0.442315 0.89686 0
    outer loop
      vertex 36.75 17.701 9.06
      vertex 36.574 17.6142 10.66
      vertex 36.75 17.701 10.66
    endloop
  endfacet
  facet normal -0.442315 0.89686 0
    outer loop
      vertex 36.574 17.6142 10.66
      vertex 36.75 17.701 9.06
      vertex 36.574 17.6142 9.06
    endloop
  endfacet
  facet normal 0.321574 -0.946885 0
    outer loop
      vertex 35.426 20.3858 9.06
      vertex 35.6118 20.4489 10.66
      vertex 35.426 20.3858 10.66
    endloop
  endfacet
  facet normal 0.321574 -0.946885 0
    outer loop
      vertex 35.6118 20.4489 10.66
      vertex 35.426 20.3858 9.06
      vertex 35.6118 20.4489 9.06
    endloop
  endfacet
  facet normal -0.195234 -0.980757 0
    outer loop
      vertex 36.1958 20.4872 9.06
      vertex 36.3882 20.4489 10.66
      vertex 36.1958 20.4872 10.66
    endloop
  endfacet
  facet normal -0.195234 -0.980757 -0
    outer loop
      vertex 36.3882 20.4489 10.66
      vertex 36.1958 20.4872 9.06
      vertex 36.3882 20.4489 9.06
    endloop
  endfacet
  facet normal 0.442315 0.89686 -0
    outer loop
      vertex 35.426 17.6142 9.06
      vertex 35.25 17.701 10.66
      vertex 35.426 17.6142 10.66
    endloop
  endfacet
  facet normal 0.442315 0.89686 0
    outer loop
      vertex 35.25 17.701 10.66
      vertex 35.426 17.6142 9.06
      vertex 35.25 17.701 9.06
    endloop
  endfacet
  facet normal 0.831422 0.555641 0
    outer loop
      vertex 34.81 18.0869 10.66
      vertex 34.701 18.25 9.06
      vertex 34.701 18.25 10.66
    endloop
  endfacet
  facet normal 0.831422 0.555641 0
    outer loop
      vertex 34.701 18.25 9.06
      vertex 34.81 18.0869 10.66
      vertex 34.81 18.0869 9.06
    endloop
  endfacet
  facet normal 0.946885 -0.321574 0
    outer loop
      vertex 34.5511 19.3882 10.66
      vertex 34.6142 19.574 9.06
      vertex 34.6142 19.574 10.66
    endloop
  endfacet
  facet normal 0.946885 -0.321574 0
    outer loop
      vertex 34.6142 19.574 9.06
      vertex 34.5511 19.3882 10.66
      vertex 34.5511 19.3882 9.06
    endloop
  endfacet
  facet normal 0.195234 -0.980757 0
    outer loop
      vertex 49.6118 -17.5511 9.06
      vertex 49.8042 -17.5128 10.66
      vertex 49.6118 -17.5511 10.66
    endloop
  endfacet
  facet normal 0.195234 -0.980757 0
    outer loop
      vertex 49.8042 -17.5128 10.66
      vertex 49.6118 -17.5511 9.06
      vertex 49.8042 -17.5128 9.06
    endloop
  endfacet
  facet normal -0.980757 -0.195234 0
    outer loop
      vertex 51.4872 -18.8042 9.06
      vertex 51.4489 -18.6118 10.66
      vertex 51.4489 -18.6118 9.06
    endloop
  endfacet
  facet normal -0.980757 -0.195234 0
    outer loop
      vertex 51.4489 -18.6118 10.66
      vertex 51.4872 -18.8042 9.06
      vertex 51.4872 -18.8042 10.66
    endloop
  endfacet
  facet normal -0.99787 -0.0652336 0
    outer loop
      vertex 51.5 -19 9.06
      vertex 51.4872 -18.8042 10.66
      vertex 51.4872 -18.8042 9.06
    endloop
  endfacet
  facet normal -0.99787 -0.0652336 0
    outer loop
      vertex 51.4872 -18.8042 10.66
      vertex 51.5 -19 9.06
      vertex 51.5 -19 10.66
    endloop
  endfacet
  facet normal 0.555641 -0.831422 0
    outer loop
      vertex 49.0869 -17.81 9.06
      vertex 49.25 -17.701 10.66
      vertex 49.0869 -17.81 10.66
    endloop
  endfacet
  facet normal 0.555641 -0.831422 0
    outer loop
      vertex 49.25 -17.701 10.66
      vertex 49.0869 -17.81 9.06
      vertex 49.25 -17.701 9.06
    endloop
  endfacet
  facet normal 0.0652336 -0.99787 0
    outer loop
      vertex 49.8042 -17.5128 9.06
      vertex 50 -17.5 10.66
      vertex 49.8042 -17.5128 10.66
    endloop
  endfacet
  facet normal 0.0652336 -0.99787 0
    outer loop
      vertex 50 -17.5 10.66
      vertex 49.8042 -17.5128 9.06
      vertex 50 -17.5 9.06
    endloop
  endfacet
  facet normal -0.321574 -0.946885 0
    outer loop
      vertex 50.3882 -17.5511 9.06
      vertex 50.574 -17.6142 10.66
      vertex 50.3882 -17.5511 10.66
    endloop
  endfacet
  facet normal -0.321574 -0.946885 -0
    outer loop
      vertex 50.574 -17.6142 10.66
      vertex 50.3882 -17.5511 9.06
      vertex 50.574 -17.6142 9.06
    endloop
  endfacet
  facet normal 0.442315 -0.89686 0
    outer loop
      vertex 49.25 -17.701 9.06
      vertex 49.426 -17.6142 10.66
      vertex 49.25 -17.701 10.66
    endloop
  endfacet
  facet normal 0.442315 -0.89686 0
    outer loop
      vertex 49.426 -17.6142 10.66
      vertex 49.25 -17.701 9.06
      vertex 49.426 -17.6142 9.06
    endloop
  endfacet
  facet normal -0.946885 0.321574 0
    outer loop
      vertex 51.3858 -19.574 9.06
      vertex 51.4489 -19.3882 10.66
      vertex 51.4489 -19.3882 9.06
    endloop
  endfacet
  facet normal -0.946885 0.321574 0
    outer loop
      vertex 51.4489 -19.3882 10.66
      vertex 51.3858 -19.574 9.06
      vertex 51.3858 -19.574 10.66
    endloop
  endfacet
  facet normal 0.89686 0.442315 0
    outer loop
      vertex 48.701 -19.75 10.66
      vertex 48.6142 -19.574 9.06
      vertex 48.6142 -19.574 10.66
    endloop
  endfacet
  facet normal 0.89686 0.442315 0
    outer loop
      vertex 48.6142 -19.574 9.06
      vertex 48.701 -19.75 10.66
      vertex 48.701 -19.75 9.06
    endloop
  endfacet
  facet normal -0.831422 0.555641 0
    outer loop
      vertex 51.19 -19.9131 9.06
      vertex 51.299 -19.75 10.66
      vertex 51.299 -19.75 9.06
    endloop
  endfacet
  facet normal -0.831422 0.555641 0
    outer loop
      vertex 51.299 -19.75 10.66
      vertex 51.19 -19.9131 9.06
      vertex 51.19 -19.9131 10.66
    endloop
  endfacet
  facet normal -0.89686 -0.442315 0
    outer loop
      vertex 51.3858 -18.426 9.06
      vertex 51.299 -18.25 10.66
      vertex 51.299 -18.25 9.06
    endloop
  endfacet
  facet normal -0.89686 -0.442315 0
    outer loop
      vertex 51.299 -18.25 10.66
      vertex 51.3858 -18.426 9.06
      vertex 51.3858 -18.426 10.66
    endloop
  endfacet
  facet normal -0.0652336 0.99787 0
    outer loop
      vertex 50.1958 -20.4872 9.06
      vertex 50 -20.5 10.66
      vertex 50.1958 -20.4872 10.66
    endloop
  endfacet
  facet normal -0.0652336 0.99787 0
    outer loop
      vertex 50 -20.5 10.66
      vertex 50.1958 -20.4872 9.06
      vertex 50 -20.5 9.06
    endloop
  endfacet
  facet normal 0.99787 -0.0652336 0
    outer loop
      vertex 48.5 -19 10.66
      vertex 48.5128 -18.8042 9.06
      vertex 48.5128 -18.8042 10.66
    endloop
  endfacet
  facet normal 0.99787 -0.0652336 0
    outer loop
      vertex 48.5128 -18.8042 9.06
      vertex 48.5 -19 10.66
      vertex 48.5 -19 9.06
    endloop
  endfacet
  facet normal -0.658937 -0.752198 0
    outer loop
      vertex 50.9131 -17.81 9.06
      vertex 51.0607 -17.9393 10.66
      vertex 50.9131 -17.81 10.66
    endloop
  endfacet
  facet normal -0.658937 -0.752198 -0
    outer loop
      vertex 51.0607 -17.9393 10.66
      vertex 50.9131 -17.81 9.06
      vertex 51.0607 -17.9393 9.06
    endloop
  endfacet
  facet normal -0.442315 -0.89686 0
    outer loop
      vertex 50.574 -17.6142 9.06
      vertex 50.75 -17.701 10.66
      vertex 50.574 -17.6142 10.66
    endloop
  endfacet
  facet normal -0.442315 -0.89686 -0
    outer loop
      vertex 50.75 -17.701 10.66
      vertex 50.574 -17.6142 9.06
      vertex 50.75 -17.701 9.06
    endloop
  endfacet
  facet normal 0.321574 -0.946885 0
    outer loop
      vertex 49.426 -17.6142 9.06
      vertex 49.6118 -17.5511 10.66
      vertex 49.426 -17.6142 10.66
    endloop
  endfacet
  facet normal 0.321574 -0.946885 0
    outer loop
      vertex 49.6118 -17.5511 10.66
      vertex 49.426 -17.6142 9.06
      vertex 49.6118 -17.5511 9.06
    endloop
  endfacet
  facet normal 0.658937 -0.752198 0
    outer loop
      vertex 48.9393 -17.9393 9.06
      vertex 49.0869 -17.81 10.66
      vertex 48.9393 -17.9393 10.66
    endloop
  endfacet
  facet normal 0.658937 -0.752198 0
    outer loop
      vertex 49.0869 -17.81 10.66
      vertex 48.9393 -17.9393 9.06
      vertex 49.0869 -17.81 9.06
    endloop
  endfacet
  facet normal 0.946885 0.321574 0
    outer loop
      vertex 48.6142 -19.574 10.66
      vertex 48.5511 -19.3882 9.06
      vertex 48.5511 -19.3882 10.66
    endloop
  endfacet
  facet normal 0.946885 0.321574 0
    outer loop
      vertex 48.5511 -19.3882 9.06
      vertex 48.6142 -19.574 10.66
      vertex 48.6142 -19.574 9.06
    endloop
  endfacet
  facet normal -0.89686 0.442315 0
    outer loop
      vertex 51.299 -19.75 9.06
      vertex 51.3858 -19.574 10.66
      vertex 51.3858 -19.574 9.06
    endloop
  endfacet
  facet normal -0.89686 0.442315 0
    outer loop
      vertex 51.3858 -19.574 10.66
      vertex 51.299 -19.75 9.06
      vertex 51.299 -19.75 10.66
    endloop
  endfacet
  facet normal 0.831422 0.555641 0
    outer loop
      vertex 48.81 -19.9131 10.66
      vertex 48.701 -19.75 9.06
      vertex 48.701 -19.75 10.66
    endloop
  endfacet
  facet normal 0.831422 0.555641 0
    outer loop
      vertex 48.701 -19.75 9.06
      vertex 48.81 -19.9131 10.66
      vertex 48.81 -19.9131 9.06
    endloop
  endfacet
  facet normal -0.0652336 -0.99787 0
    outer loop
      vertex 50 -17.5 9.06
      vertex 50.1958 -17.5128 10.66
      vertex 50 -17.5 10.66
    endloop
  endfacet
  facet normal -0.0652336 -0.99787 -0
    outer loop
      vertex 50.1958 -17.5128 10.66
      vertex 50 -17.5 9.06
      vertex 50.1958 -17.5128 9.06
    endloop
  endfacet
  facet normal -0.321574 0.946885 0
    outer loop
      vertex 50.574 -20.3858 9.06
      vertex 50.3882 -20.4489 10.66
      vertex 50.574 -20.3858 10.66
    endloop
  endfacet
  facet normal -0.321574 0.946885 0
    outer loop
      vertex 50.3882 -20.4489 10.66
      vertex 50.574 -20.3858 9.06
      vertex 50.3882 -20.4489 9.06
    endloop
  endfacet
  facet normal 0.980757 -0.195234 0
    outer loop
      vertex 48.5128 -18.8042 10.66
      vertex 48.5511 -18.6118 9.06
      vertex 48.5511 -18.6118 10.66
    endloop
  endfacet
  facet normal 0.980757 -0.195234 0
    outer loop
      vertex 48.5511 -18.6118 9.06
      vertex 48.5128 -18.8042 10.66
      vertex 48.5128 -18.8042 9.06
    endloop
  endfacet
  facet normal 0.99787 0.0652336 0
    outer loop
      vertex 48.5128 -19.1958 10.66
      vertex 48.5 -19 9.06
      vertex 48.5 -19 10.66
    endloop
  endfacet
  facet normal 0.99787 0.0652336 0
    outer loop
      vertex 48.5 -19 9.06
      vertex 48.5128 -19.1958 10.66
      vertex 48.5128 -19.1958 9.06
    endloop
  endfacet
  facet normal 0.752198 0.658937 0
    outer loop
      vertex 48.9393 -20.0607 10.66
      vertex 48.81 -19.9131 9.06
      vertex 48.81 -19.9131 10.66
    endloop
  endfacet
  facet normal 0.752198 0.658937 0
    outer loop
      vertex 48.81 -19.9131 9.06
      vertex 48.9393 -20.0607 10.66
      vertex 48.9393 -20.0607 9.06
    endloop
  endfacet
  facet normal 0.980757 0.195234 0
    outer loop
      vertex 48.5511 -19.3882 10.66
      vertex 48.5128 -19.1958 9.06
      vertex 48.5128 -19.1958 10.66
    endloop
  endfacet
  facet normal 0.980757 0.195234 0
    outer loop
      vertex 48.5128 -19.1958 9.06
      vertex 48.5511 -19.3882 10.66
      vertex 48.5511 -19.3882 9.06
    endloop
  endfacet
  facet normal 0.752198 -0.658937 0
    outer loop
      vertex 48.81 -18.0869 10.66
      vertex 48.9393 -17.9393 9.06
      vertex 48.9393 -17.9393 10.66
    endloop
  endfacet
  facet normal 0.752198 -0.658937 0
    outer loop
      vertex 48.9393 -17.9393 9.06
      vertex 48.81 -18.0869 10.66
      vertex 48.81 -18.0869 9.06
    endloop
  endfacet
  facet normal -0.831422 -0.555641 0
    outer loop
      vertex 51.299 -18.25 9.06
      vertex 51.19 -18.0869 10.66
      vertex 51.19 -18.0869 9.06
    endloop
  endfacet
  facet normal -0.831422 -0.555641 0
    outer loop
      vertex 51.19 -18.0869 10.66
      vertex 51.299 -18.25 9.06
      vertex 51.299 -18.25 10.66
    endloop
  endfacet
  facet normal -0.980757 0.195234 0
    outer loop
      vertex 51.4489 -19.3882 9.06
      vertex 51.4872 -19.1958 10.66
      vertex 51.4872 -19.1958 9.06
    endloop
  endfacet
  facet normal -0.980757 0.195234 0
    outer loop
      vertex 51.4872 -19.1958 10.66
      vertex 51.4489 -19.3882 9.06
      vertex 51.4489 -19.3882 10.66
    endloop
  endfacet
  facet normal 0.946885 -0.321574 0
    outer loop
      vertex 48.5511 -18.6118 10.66
      vertex 48.6142 -18.426 9.06
      vertex 48.6142 -18.426 10.66
    endloop
  endfacet
  facet normal 0.946885 -0.321574 0
    outer loop
      vertex 48.6142 -18.426 9.06
      vertex 48.5511 -18.6118 10.66
      vertex 48.5511 -18.6118 9.06
    endloop
  endfacet
  facet normal -0.195234 0.980757 0
    outer loop
      vertex 50.3882 -20.4489 9.06
      vertex 50.1958 -20.4872 10.66
      vertex 50.3882 -20.4489 10.66
    endloop
  endfacet
  facet normal -0.195234 0.980757 0
    outer loop
      vertex 50.1958 -20.4872 10.66
      vertex 50.3882 -20.4489 9.06
      vertex 50.1958 -20.4872 9.06
    endloop
  endfacet
  facet normal 0.555641 0.831422 -0
    outer loop
      vertex 49.25 -20.299 9.06
      vertex 49.0869 -20.19 10.66
      vertex 49.25 -20.299 10.66
    endloop
  endfacet
  facet normal 0.555641 0.831422 0
    outer loop
      vertex 49.0869 -20.19 10.66
      vertex 49.25 -20.299 9.06
      vertex 49.0869 -20.19 9.06
    endloop
  endfacet
  facet normal -0.555641 -0.831422 0
    outer loop
      vertex 50.75 -17.701 9.06
      vertex 50.9131 -17.81 10.66
      vertex 50.75 -17.701 10.66
    endloop
  endfacet
  facet normal -0.555641 -0.831422 -0
    outer loop
      vertex 50.9131 -17.81 10.66
      vertex 50.75 -17.701 9.06
      vertex 50.9131 -17.81 9.06
    endloop
  endfacet
  facet normal 0.321574 0.946885 -0
    outer loop
      vertex 49.6118 -20.4489 9.06
      vertex 49.426 -20.3858 10.66
      vertex 49.6118 -20.4489 10.66
    endloop
  endfacet
  facet normal 0.321574 0.946885 0
    outer loop
      vertex 49.426 -20.3858 10.66
      vertex 49.6118 -20.4489 9.06
      vertex 49.426 -20.3858 9.06
    endloop
  endfacet
  facet normal -0.658937 0.752198 0
    outer loop
      vertex 51.0607 -20.0607 9.06
      vertex 50.9131 -20.19 10.66
      vertex 51.0607 -20.0607 10.66
    endloop
  endfacet
  facet normal -0.658937 0.752198 0
    outer loop
      vertex 50.9131 -20.19 10.66
      vertex 51.0607 -20.0607 9.06
      vertex 50.9131 -20.19 9.06
    endloop
  endfacet
  facet normal -0.442315 0.89686 0
    outer loop
      vertex 50.75 -20.299 9.06
      vertex 50.574 -20.3858 10.66
      vertex 50.75 -20.299 10.66
    endloop
  endfacet
  facet normal -0.442315 0.89686 0
    outer loop
      vertex 50.574 -20.3858 10.66
      vertex 50.75 -20.299 9.06
      vertex 50.574 -20.3858 9.06
    endloop
  endfacet
  facet normal -0.99787 0.0652336 0
    outer loop
      vertex 51.4872 -19.1958 9.06
      vertex 51.5 -19 10.66
      vertex 51.5 -19 9.06
    endloop
  endfacet
  facet normal -0.99787 0.0652336 0
    outer loop
      vertex 51.5 -19 10.66
      vertex 51.4872 -19.1958 9.06
      vertex 51.4872 -19.1958 10.66
    endloop
  endfacet
  facet normal 0.0652336 0.99787 -0
    outer loop
      vertex 50 -20.5 9.06
      vertex 49.8042 -20.4872 10.66
      vertex 50 -20.5 10.66
    endloop
  endfacet
  facet normal 0.0652336 0.99787 0
    outer loop
      vertex 49.8042 -20.4872 10.66
      vertex 50 -20.5 9.06
      vertex 49.8042 -20.4872 9.06
    endloop
  endfacet
  facet normal -0.195234 -0.980757 0
    outer loop
      vertex 50.1958 -17.5128 9.06
      vertex 50.3882 -17.5511 10.66
      vertex 50.1958 -17.5128 10.66
    endloop
  endfacet
  facet normal -0.195234 -0.980757 -0
    outer loop
      vertex 50.3882 -17.5511 10.66
      vertex 50.1958 -17.5128 9.06
      vertex 50.3882 -17.5511 9.06
    endloop
  endfacet
  facet normal 0.89686 -0.442315 0
    outer loop
      vertex 48.6142 -18.426 10.66
      vertex 48.701 -18.25 9.06
      vertex 48.701 -18.25 10.66
    endloop
  endfacet
  facet normal 0.89686 -0.442315 0
    outer loop
      vertex 48.701 -18.25 9.06
      vertex 48.6142 -18.426 10.66
      vertex 48.6142 -18.426 9.06
    endloop
  endfacet
  facet normal -0.752198 -0.658937 0
    outer loop
      vertex 51.19 -18.0869 9.06
      vertex 51.0607 -17.9393 10.66
      vertex 51.0607 -17.9393 9.06
    endloop
  endfacet
  facet normal -0.752198 -0.658937 0
    outer loop
      vertex 51.0607 -17.9393 10.66
      vertex 51.19 -18.0869 9.06
      vertex 51.19 -18.0869 10.66
    endloop
  endfacet
  facet normal -0.752198 0.658937 0
    outer loop
      vertex 51.0607 -20.0607 9.06
      vertex 51.19 -19.9131 10.66
      vertex 51.19 -19.9131 9.06
    endloop
  endfacet
  facet normal -0.752198 0.658937 0
    outer loop
      vertex 51.19 -19.9131 10.66
      vertex 51.0607 -20.0607 9.06
      vertex 51.0607 -20.0607 10.66
    endloop
  endfacet
  facet normal -0.946885 -0.321574 0
    outer loop
      vertex 51.4489 -18.6118 9.06
      vertex 51.3858 -18.426 10.66
      vertex 51.3858 -18.426 9.06
    endloop
  endfacet
  facet normal -0.946885 -0.321574 0
    outer loop
      vertex 51.3858 -18.426 10.66
      vertex 51.4489 -18.6118 9.06
      vertex 51.4489 -18.6118 10.66
    endloop
  endfacet
  facet normal 0.442315 0.89686 -0
    outer loop
      vertex 49.426 -20.3858 9.06
      vertex 49.25 -20.299 10.66
      vertex 49.426 -20.3858 10.66
    endloop
  endfacet
  facet normal 0.442315 0.89686 0
    outer loop
      vertex 49.25 -20.299 10.66
      vertex 49.426 -20.3858 9.06
      vertex 49.25 -20.299 9.06
    endloop
  endfacet
  facet normal 0.831422 -0.555641 0
    outer loop
      vertex 48.701 -18.25 10.66
      vertex 48.81 -18.0869 9.06
      vertex 48.81 -18.0869 10.66
    endloop
  endfacet
  facet normal 0.831422 -0.555641 0
    outer loop
      vertex 48.81 -18.0869 9.06
      vertex 48.701 -18.25 10.66
      vertex 48.701 -18.25 9.06
    endloop
  endfacet
  facet normal -0.555641 0.831422 0
    outer loop
      vertex 50.9131 -20.19 9.06
      vertex 50.75 -20.299 10.66
      vertex 50.9131 -20.19 10.66
    endloop
  endfacet
  facet normal -0.555641 0.831422 0
    outer loop
      vertex 50.75 -20.299 10.66
      vertex 50.9131 -20.19 9.06
      vertex 50.75 -20.299 9.06
    endloop
  endfacet
  facet normal 0.195234 0.980757 -0
    outer loop
      vertex 49.8042 -20.4872 9.06
      vertex 49.6118 -20.4489 10.66
      vertex 49.8042 -20.4872 10.66
    endloop
  endfacet
  facet normal 0.195234 0.980757 0
    outer loop
      vertex 49.6118 -20.4489 10.66
      vertex 49.8042 -20.4872 9.06
      vertex 49.6118 -20.4489 9.06
    endloop
  endfacet
  facet normal 0.658937 0.752198 -0
    outer loop
      vertex 49.0869 -20.19 9.06
      vertex 48.9393 -20.0607 10.66
      vertex 49.0869 -20.19 10.66
    endloop
  endfacet
  facet normal 0.658937 0.752198 0
    outer loop
      vertex 48.9393 -20.0607 10.66
      vertex 49.0869 -20.19 9.06
      vertex 48.9393 -20.0607 9.06
    endloop
  endfacet
  facet normal 0.946885 0.321574 0
    outer loop
      vertex 48.6142 18.426 10.66
      vertex 48.5511 18.6118 9.06
      vertex 48.5511 18.6118 10.66
    endloop
  endfacet
  facet normal 0.946885 0.321574 0
    outer loop
      vertex 48.5511 18.6118 9.06
      vertex 48.6142 18.426 10.66
      vertex 48.6142 18.426 9.06
    endloop
  endfacet
  facet normal -0.195234 0.980757 0
    outer loop
      vertex 50.3882 17.5511 9.06
      vertex 50.1958 17.5128 10.66
      vertex 50.3882 17.5511 10.66
    endloop
  endfacet
  facet normal -0.195234 0.980757 0
    outer loop
      vertex 50.1958 17.5128 10.66
      vertex 50.3882 17.5511 9.06
      vertex 50.1958 17.5128 9.06
    endloop
  endfacet
  facet normal -0.980757 -0.195234 0
    outer loop
      vertex 51.4872 19.1958 9.06
      vertex 51.4489 19.3882 10.66
      vertex 51.4489 19.3882 9.06
    endloop
  endfacet
  facet normal -0.980757 -0.195234 0
    outer loop
      vertex 51.4489 19.3882 10.66
      vertex 51.4872 19.1958 9.06
      vertex 51.4872 19.1958 10.66
    endloop
  endfacet
  facet normal -0.99787 -0.0652336 0
    outer loop
      vertex 51.5 19 9.06
      vertex 51.4872 19.1958 10.66
      vertex 51.4872 19.1958 9.06
    endloop
  endfacet
  facet normal -0.99787 -0.0652336 0
    outer loop
      vertex 51.4872 19.1958 10.66
      vertex 51.5 19 9.06
      vertex 51.5 19 10.66
    endloop
  endfacet
  facet normal 0.442315 -0.89686 0
    outer loop
      vertex 49.25 20.299 9.06
      vertex 49.426 20.3858 10.66
      vertex 49.25 20.299 10.66
    endloop
  endfacet
  facet normal 0.442315 -0.89686 0
    outer loop
      vertex 49.426 20.3858 10.66
      vertex 49.25 20.299 9.06
      vertex 49.426 20.3858 9.06
    endloop
  endfacet
  facet normal -0.946885 -0.321574 0
    outer loop
      vertex 51.4489 19.3882 9.06
      vertex 51.3858 19.574 10.66
      vertex 51.3858 19.574 9.06
    endloop
  endfacet
  facet normal -0.946885 -0.321574 0
    outer loop
      vertex 51.3858 19.574 10.66
      vertex 51.4489 19.3882 9.06
      vertex 51.4489 19.3882 10.66
    endloop
  endfacet
  facet normal -0.89686 0.442315 0
    outer loop
      vertex 51.299 18.25 9.06
      vertex 51.3858 18.426 10.66
      vertex 51.3858 18.426 9.06
    endloop
  endfacet
  facet normal -0.89686 0.442315 0
    outer loop
      vertex 51.3858 18.426 10.66
      vertex 51.299 18.25 9.06
      vertex 51.299 18.25 10.66
    endloop
  endfacet
  facet normal -0.99787 0.0652336 0
    outer loop
      vertex 51.4872 18.8042 9.06
      vertex 51.5 19 10.66
      vertex 51.5 19 9.06
    endloop
  endfacet
  facet normal -0.99787 0.0652336 0
    outer loop
      vertex 51.5 19 10.66
      vertex 51.4872 18.8042 9.06
      vertex 51.4872 18.8042 10.66
    endloop
  endfacet
  facet normal -0.658937 -0.752198 0
    outer loop
      vertex 50.9131 20.19 9.06
      vertex 51.0607 20.0607 10.66
      vertex 50.9131 20.19 10.66
    endloop
  endfacet
  facet normal -0.658937 -0.752198 -0
    outer loop
      vertex 51.0607 20.0607 10.66
      vertex 50.9131 20.19 9.06
      vertex 51.0607 20.0607 9.06
    endloop
  endfacet
  facet normal 0.658937 -0.752198 0
    outer loop
      vertex 48.9393 20.0607 9.06
      vertex 49.0869 20.19 10.66
      vertex 48.9393 20.0607 10.66
    endloop
  endfacet
  facet normal 0.658937 -0.752198 0
    outer loop
      vertex 49.0869 20.19 10.66
      vertex 48.9393 20.0607 9.06
      vertex 49.0869 20.19 9.06
    endloop
  endfacet
  facet normal -0.0652336 -0.99787 0
    outer loop
      vertex 50 20.5 9.06
      vertex 50.1958 20.4872 10.66
      vertex 50 20.5 10.66
    endloop
  endfacet
  facet normal -0.0652336 -0.99787 -0
    outer loop
      vertex 50.1958 20.4872 10.66
      vertex 50 20.5 9.06
      vertex 50.1958 20.4872 9.06
    endloop
  endfacet
  facet normal 0.195234 0.980757 -0
    outer loop
      vertex 49.8042 17.5128 9.06
      vertex 49.6118 17.5511 10.66
      vertex 49.8042 17.5128 10.66
    endloop
  endfacet
  facet normal 0.195234 0.980757 0
    outer loop
      vertex 49.6118 17.5511 10.66
      vertex 49.8042 17.5128 9.06
      vertex 49.6118 17.5511 9.06
    endloop
  endfacet
  facet normal 0.99787 -0.0652336 0
    outer loop
      vertex 48.5 19 10.66
      vertex 48.5128 19.1958 9.06
      vertex 48.5128 19.1958 10.66
    endloop
  endfacet
  facet normal 0.99787 -0.0652336 0
    outer loop
      vertex 48.5128 19.1958 9.06
      vertex 48.5 19 10.66
      vertex 48.5 19 9.06
    endloop
  endfacet
  facet normal 0.752198 0.658937 0
    outer loop
      vertex 48.9393 17.9393 10.66
      vertex 48.81 18.0869 9.06
      vertex 48.81 18.0869 10.66
    endloop
  endfacet
  facet normal 0.752198 0.658937 0
    outer loop
      vertex 48.81 18.0869 9.06
      vertex 48.9393 17.9393 10.66
      vertex 48.9393 17.9393 9.06
    endloop
  endfacet
  facet normal 0.980757 0.195234 0
    outer loop
      vertex 48.5511 18.6118 10.66
      vertex 48.5128 18.8042 9.06
      vertex 48.5128 18.8042 10.66
    endloop
  endfacet
  facet normal 0.980757 0.195234 0
    outer loop
      vertex 48.5128 18.8042 9.06
      vertex 48.5511 18.6118 10.66
      vertex 48.5511 18.6118 9.06
    endloop
  endfacet
  facet normal -0.831422 0.555641 0
    outer loop
      vertex 51.19 18.0869 9.06
      vertex 51.299 18.25 10.66
      vertex 51.299 18.25 9.06
    endloop
  endfacet
  facet normal -0.831422 0.555641 0
    outer loop
      vertex 51.299 18.25 10.66
      vertex 51.19 18.0869 9.06
      vertex 51.19 18.0869 10.66
    endloop
  endfacet
  facet normal 0.89686 -0.442315 0
    outer loop
      vertex 48.6142 19.574 10.66
      vertex 48.701 19.75 9.06
      vertex 48.701 19.75 10.66
    endloop
  endfacet
  facet normal 0.89686 -0.442315 0
    outer loop
      vertex 48.701 19.75 9.06
      vertex 48.6142 19.574 10.66
      vertex 48.6142 19.574 9.06
    endloop
  endfacet
  facet normal 0.831422 -0.555641 0
    outer loop
      vertex 48.701 19.75 10.66
      vertex 48.81 19.9131 9.06
      vertex 48.81 19.9131 10.66
    endloop
  endfacet
  facet normal 0.831422 -0.555641 0
    outer loop
      vertex 48.81 19.9131 9.06
      vertex 48.701 19.75 10.66
      vertex 48.701 19.75 9.06
    endloop
  endfacet
  facet normal 0.0652336 -0.99787 0
    outer loop
      vertex 49.8042 20.4872 9.06
      vertex 50 20.5 10.66
      vertex 49.8042 20.4872 10.66
    endloop
  endfacet
  facet normal 0.0652336 -0.99787 0
    outer loop
      vertex 50 20.5 10.66
      vertex 49.8042 20.4872 9.06
      vertex 50 20.5 9.06
    endloop
  endfacet
  facet normal 0.321574 -0.946885 0
    outer loop
      vertex 49.426 20.3858 9.06
      vertex 49.6118 20.4489 10.66
      vertex 49.426 20.3858 10.66
    endloop
  endfacet
  facet normal 0.321574 -0.946885 0
    outer loop
      vertex 49.6118 20.4489 10.66
      vertex 49.426 20.3858 9.06
      vertex 49.6118 20.4489 9.06
    endloop
  endfacet
  facet normal 0.321574 0.946885 -0
    outer loop
      vertex 49.6118 17.5511 9.06
      vertex 49.426 17.6142 10.66
      vertex 49.6118 17.5511 10.66
    endloop
  endfacet
  facet normal 0.321574 0.946885 0
    outer loop
      vertex 49.426 17.6142 10.66
      vertex 49.6118 17.5511 9.06
      vertex 49.426 17.6142 9.06
    endloop
  endfacet
  facet normal -0.442315 -0.89686 0
    outer loop
      vertex 50.574 20.3858 9.06
      vertex 50.75 20.299 10.66
      vertex 50.574 20.3858 10.66
    endloop
  endfacet
  facet normal -0.442315 -0.89686 -0
    outer loop
      vertex 50.75 20.299 10.66
      vertex 50.574 20.3858 9.06
      vertex 50.75 20.299 9.06
    endloop
  endfacet
  facet normal -0.0652336 0.99787 0
    outer loop
      vertex 50.1958 17.5128 9.06
      vertex 50 17.5 10.66
      vertex 50.1958 17.5128 10.66
    endloop
  endfacet
  facet normal -0.0652336 0.99787 0
    outer loop
      vertex 50 17.5 10.66
      vertex 50.1958 17.5128 9.06
      vertex 50 17.5 9.06
    endloop
  endfacet
  facet normal -0.555641 0.831422 0
    outer loop
      vertex 50.9131 17.81 9.06
      vertex 50.75 17.701 10.66
      vertex 50.9131 17.81 10.66
    endloop
  endfacet
  facet normal -0.555641 0.831422 0
    outer loop
      vertex 50.75 17.701 10.66
      vertex 50.9131 17.81 9.06
      vertex 50.75 17.701 9.06
    endloop
  endfacet
  facet normal -0.980757 0.195234 0
    outer loop
      vertex 51.4489 18.6118 9.06
      vertex 51.4872 18.8042 10.66
      vertex 51.4872 18.8042 9.06
    endloop
  endfacet
  facet normal -0.980757 0.195234 0
    outer loop
      vertex 51.4872 18.8042 10.66
      vertex 51.4489 18.6118 9.06
      vertex 51.4489 18.6118 10.66
    endloop
  endfacet
  facet normal 0.752198 -0.658937 0
    outer loop
      vertex 48.81 19.9131 10.66
      vertex 48.9393 20.0607 9.06
      vertex 48.9393 20.0607 10.66
    endloop
  endfacet
  facet normal 0.752198 -0.658937 0
    outer loop
      vertex 48.9393 20.0607 9.06
      vertex 48.81 19.9131 10.66
      vertex 48.81 19.9131 9.06
    endloop
  endfacet
  facet normal 0.980757 -0.195234 0
    outer loop
      vertex 48.5128 19.1958 10.66
      vertex 48.5511 19.3882 9.06
      vertex 48.5511 19.3882 10.66
    endloop
  endfacet
  facet normal 0.980757 -0.195234 0
    outer loop
      vertex 48.5511 19.3882 9.06
      vertex 48.5128 19.1958 10.66
      vertex 48.5128 19.1958 9.06
    endloop
  endfacet
  facet normal -0.831422 -0.555641 0
    outer loop
      vertex 51.299 19.75 9.06
      vertex 51.19 19.9131 10.66
      vertex 51.19 19.9131 9.06
    endloop
  endfacet
  facet normal -0.831422 -0.555641 0
    outer loop
      vertex 51.19 19.9131 10.66
      vertex 51.299 19.75 9.06
      vertex 51.299 19.75 10.66
    endloop
  endfacet
  facet normal -0.555641 -0.831422 0
    outer loop
      vertex 50.75 20.299 9.06
      vertex 50.9131 20.19 10.66
      vertex 50.75 20.299 10.66
    endloop
  endfacet
  facet normal -0.555641 -0.831422 -0
    outer loop
      vertex 50.9131 20.19 10.66
      vertex 50.75 20.299 9.06
      vertex 50.9131 20.19 9.06
    endloop
  endfacet
  facet normal 0.99787 0.0652336 0
    outer loop
      vertex 48.5128 18.8042 10.66
      vertex 48.5 19 9.06
      vertex 48.5 19 10.66
    endloop
  endfacet
  facet normal 0.99787 0.0652336 0
    outer loop
      vertex 48.5 19 9.06
      vertex 48.5128 18.8042 10.66
      vertex 48.5128 18.8042 9.06
    endloop
  endfacet
  facet normal -0.321574 -0.946885 0
    outer loop
      vertex 50.3882 20.4489 9.06
      vertex 50.574 20.3858 10.66
      vertex 50.3882 20.4489 10.66
    endloop
  endfacet
  facet normal -0.321574 -0.946885 -0
    outer loop
      vertex 50.574 20.3858 10.66
      vertex 50.3882 20.4489 9.06
      vertex 50.574 20.3858 9.06
    endloop
  endfacet
  facet normal -0.658937 0.752198 0
    outer loop
      vertex 51.0607 17.9393 9.06
      vertex 50.9131 17.81 10.66
      vertex 51.0607 17.9393 10.66
    endloop
  endfacet
  facet normal -0.658937 0.752198 0
    outer loop
      vertex 50.9131 17.81 10.66
      vertex 51.0607 17.9393 9.06
      vertex 50.9131 17.81 9.06
    endloop
  endfacet
  facet normal 0.195234 -0.980757 0
    outer loop
      vertex 49.6118 20.4489 9.06
      vertex 49.8042 20.4872 10.66
      vertex 49.6118 20.4489 10.66
    endloop
  endfacet
  facet normal 0.195234 -0.980757 0
    outer loop
      vertex 49.8042 20.4872 10.66
      vertex 49.6118 20.4489 9.06
      vertex 49.8042 20.4872 9.06
    endloop
  endfacet
  facet normal -0.89686 -0.442315 0
    outer loop
      vertex 51.3858 19.574 9.06
      vertex 51.299 19.75 10.66
      vertex 51.299 19.75 9.06
    endloop
  endfacet
  facet normal -0.89686 -0.442315 0
    outer loop
      vertex 51.299 19.75 10.66
      vertex 51.3858 19.574 9.06
      vertex 51.3858 19.574 10.66
    endloop
  endfacet
  facet normal -0.946885 0.321574 0
    outer loop
      vertex 51.3858 18.426 9.06
      vertex 51.4489 18.6118 10.66
      vertex 51.4489 18.6118 9.06
    endloop
  endfacet
  facet normal -0.946885 0.321574 0
    outer loop
      vertex 51.4489 18.6118 10.66
      vertex 51.3858 18.426 9.06
      vertex 51.3858 18.426 10.66
    endloop
  endfacet
  facet normal 0.555641 0.831422 -0
    outer loop
      vertex 49.25 17.701 9.06
      vertex 49.0869 17.81 10.66
      vertex 49.25 17.701 10.66
    endloop
  endfacet
  facet normal 0.555641 0.831422 0
    outer loop
      vertex 49.0869 17.81 10.66
      vertex 49.25 17.701 9.06
      vertex 49.0869 17.81 9.06
    endloop
  endfacet
  facet normal 0.658937 0.752198 -0
    outer loop
      vertex 49.0869 17.81 9.06
      vertex 48.9393 17.9393 10.66
      vertex 49.0869 17.81 10.66
    endloop
  endfacet
  facet normal 0.658937 0.752198 0
    outer loop
      vertex 48.9393 17.9393 10.66
      vertex 49.0869 17.81 9.06
      vertex 48.9393 17.9393 9.06
    endloop
  endfacet
  facet normal -0.752198 0.658937 0
    outer loop
      vertex 51.0607 17.9393 9.06
      vertex 51.19 18.0869 10.66
      vertex 51.19 18.0869 9.06
    endloop
  endfacet
  facet normal -0.752198 0.658937 0
    outer loop
      vertex 51.19 18.0869 10.66
      vertex 51.0607 17.9393 9.06
      vertex 51.0607 17.9393 10.66
    endloop
  endfacet
  facet normal 0.89686 0.442315 0
    outer loop
      vertex 48.701 18.25 10.66
      vertex 48.6142 18.426 9.06
      vertex 48.6142 18.426 10.66
    endloop
  endfacet
  facet normal 0.89686 0.442315 0
    outer loop
      vertex 48.6142 18.426 9.06
      vertex 48.701 18.25 10.66
      vertex 48.701 18.25 9.06
    endloop
  endfacet
  facet normal 0.0652336 0.99787 -0
    outer loop
      vertex 50 17.5 9.06
      vertex 49.8042 17.5128 10.66
      vertex 50 17.5 10.66
    endloop
  endfacet
  facet normal 0.0652336 0.99787 0
    outer loop
      vertex 49.8042 17.5128 10.66
      vertex 50 17.5 9.06
      vertex 49.8042 17.5128 9.06
    endloop
  endfacet
  facet normal -0.752198 -0.658937 0
    outer loop
      vertex 51.19 19.9131 9.06
      vertex 51.0607 20.0607 10.66
      vertex 51.0607 20.0607 9.06
    endloop
  endfacet
  facet normal -0.752198 -0.658937 0
    outer loop
      vertex 51.0607 20.0607 10.66
      vertex 51.19 19.9131 9.06
      vertex 51.19 19.9131 10.66
    endloop
  endfacet
  facet normal 0.555641 -0.831422 0
    outer loop
      vertex 49.0869 20.19 9.06
      vertex 49.25 20.299 10.66
      vertex 49.0869 20.19 10.66
    endloop
  endfacet
  facet normal 0.555641 -0.831422 0
    outer loop
      vertex 49.25 20.299 10.66
      vertex 49.0869 20.19 9.06
      vertex 49.25 20.299 9.06
    endloop
  endfacet
  facet normal -0.321574 0.946885 0
    outer loop
      vertex 50.574 17.6142 9.06
      vertex 50.3882 17.5511 10.66
      vertex 50.574 17.6142 10.66
    endloop
  endfacet
  facet normal -0.321574 0.946885 0
    outer loop
      vertex 50.3882 17.5511 10.66
      vertex 50.574 17.6142 9.06
      vertex 50.3882 17.5511 9.06
    endloop
  endfacet
  facet normal -0.442315 0.89686 0
    outer loop
      vertex 50.75 17.701 9.06
      vertex 50.574 17.6142 10.66
      vertex 50.75 17.701 10.66
    endloop
  endfacet
  facet normal -0.442315 0.89686 0
    outer loop
      vertex 50.574 17.6142 10.66
      vertex 50.75 17.701 9.06
      vertex 50.574 17.6142 9.06
    endloop
  endfacet
  facet normal -0.195234 -0.980757 0
    outer loop
      vertex 50.1958 20.4872 9.06
      vertex 50.3882 20.4489 10.66
      vertex 50.1958 20.4872 10.66
    endloop
  endfacet
  facet normal -0.195234 -0.980757 -0
    outer loop
      vertex 50.3882 20.4489 10.66
      vertex 50.1958 20.4872 9.06
      vertex 50.3882 20.4489 9.06
    endloop
  endfacet
  facet normal 0.442315 0.89686 -0
    outer loop
      vertex 49.426 17.6142 9.06
      vertex 49.25 17.701 10.66
      vertex 49.426 17.6142 10.66
    endloop
  endfacet
  facet normal 0.442315 0.89686 0
    outer loop
      vertex 49.25 17.701 10.66
      vertex 49.426 17.6142 9.06
      vertex 49.25 17.701 9.06
    endloop
  endfacet
  facet normal 0.831422 0.555641 0
    outer loop
      vertex 48.81 18.0869 10.66
      vertex 48.701 18.25 9.06
      vertex 48.701 18.25 10.66
    endloop
  endfacet
  facet normal 0.831422 0.555641 0
    outer loop
      vertex 48.701 18.25 9.06
      vertex 48.81 18.0869 10.66
      vertex 48.81 18.0869 9.06
    endloop
  endfacet
  facet normal 0.946885 -0.321574 0
    outer loop
      vertex 48.5511 19.3882 10.66
      vertex 48.6142 19.574 9.06
      vertex 48.6142 19.574 10.66
    endloop
  endfacet
  facet normal 0.946885 -0.321574 0
    outer loop
      vertex 48.6142 19.574 9.06
      vertex 48.5511 19.3882 10.66
      vertex 48.5511 19.3882 9.06
    endloop
  endfacet
  facet normal 0.32136 -0.946957 0
    outer loop
      vertex 51.647 -22.4148 9.06
      vertex 51.9567 -22.3097 10.66
      vertex 51.647 -22.4148 10.66
    endloop
  endfacet
  facet normal 0.32136 -0.946957 0
    outer loop
      vertex 51.9567 -22.3097 10.66
      vertex 51.647 -22.4148 9.06
      vertex 51.9567 -22.3097 9.06
    endloop
  endfacet
  facet normal 0.997856 0.0654432 0
    outer loop
      vertex 53.5 20 10.66
      vertex 53.4786 20.3263 9.06
      vertex 53.4786 20.3263 10.66
    endloop
  endfacet
  facet normal 0.997856 0.0654432 0
    outer loop
      vertex 53.4786 20.3263 9.06
      vertex 53.5 20 10.66
      vertex 53.5 20 9.06
    endloop
  endfacet
  facet normal 0.98078 -0.195116 0
    outer loop
      vertex 53.4148 -20.647 10.66
      vertex 53.4786 -20.3263 9.06
      vertex 53.4786 -20.3263 10.66
    endloop
  endfacet
  facet normal 0.98078 -0.195116 0
    outer loop
      vertex 53.4786 -20.3263 9.06
      vertex 53.4148 -20.647 10.66
      vertex 53.4148 -20.647 9.06
    endloop
  endfacet
  facet normal 0.195116 -0.98078 0
    outer loop
      vertex 51.3263 -22.4786 9.06
      vertex 51.647 -22.4148 10.66
      vertex 51.3263 -22.4786 10.66
    endloop
  endfacet
  facet normal 0.195116 -0.98078 0
    outer loop
      vertex 51.647 -22.4148 10.66
      vertex 51.3263 -22.4786 9.06
      vertex 51.647 -22.4148 9.06
    endloop
  endfacet
  facet normal 0.946957 -0.32136 0
    outer loop
      vertex 53.3097 -20.9567 10.66
      vertex 53.4148 -20.647 9.06
      vertex 53.4148 -20.647 10.66
    endloop
  endfacet
  facet normal 0.946957 -0.32136 0
    outer loop
      vertex 53.4148 -20.647 9.06
      vertex 53.3097 -20.9567 10.66
      vertex 53.3097 -20.9567 9.06
    endloop
  endfacet
  facet normal 0.0654432 -0.997856 0
    outer loop
      vertex 51 -22.5 9.06
      vertex 51.3263 -22.4786 10.66
      vertex 51 -22.5 10.66
    endloop
  endfacet
  facet normal 0.0654432 -0.997856 0
    outer loop
      vertex 51.3263 -22.4786 10.66
      vertex 51 -22.5 9.06
      vertex 51.3263 -22.4786 9.06
    endloop
  endfacet
  facet normal 0 -1 0
    outer loop
      vertex 35 -22.5 9.06
      vertex 51 -22.5 10.66
      vertex 35 -22.5 10.66
    endloop
  endfacet
  facet normal 0 -1 -0
    outer loop
      vertex 51 -22.5 10.66
      vertex 35 -22.5 9.06
      vertex 51 -22.5 9.06
    endloop
  endfacet
  facet normal 0.32136 0.946957 -0
    outer loop
      vertex 51.9567 22.3097 9.06
      vertex 51.647 22.4148 10.66
      vertex 51.9567 22.3097 10.66
    endloop
  endfacet
  facet normal 0.32136 0.946957 0
    outer loop
      vertex 51.647 22.4148 10.66
      vertex 51.9567 22.3097 9.06
      vertex 51.647 22.4148 9.06
    endloop
  endfacet
  facet normal -0.831438 -0.555617 0
    outer loop
      vertex 33.0166 -21.5219 9.06
      vertex 32.8349 -21.25 10.66
      vertex 32.8349 -21.25 9.06
    endloop
  endfacet
  facet normal -0.831438 -0.555617 0
    outer loop
      vertex 32.8349 -21.25 10.66
      vertex 33.0166 -21.5219 9.06
      vertex 33.0166 -21.5219 10.66
    endloop
  endfacet
  facet normal -0.946957 0.32136 0
    outer loop
      vertex 32.5852 20.647 9.06
      vertex 32.6903 20.9567 10.66
      vertex 32.6903 20.9567 9.06
    endloop
  endfacet
  facet normal -0.946957 0.32136 0
    outer loop
      vertex 32.6903 20.9567 10.66
      vertex 32.5852 20.647 9.06
      vertex 32.5852 20.647 10.66
    endloop
  endfacet
  facet normal -0.195116 0.98078 0
    outer loop
      vertex 34.6737 22.4786 9.06
      vertex 34.353 22.4148 10.66
      vertex 34.6737 22.4786 10.66
    endloop
  endfacet
  facet normal -0.195116 0.98078 0
    outer loop
      vertex 34.353 22.4148 10.66
      vertex 34.6737 22.4786 9.06
      vertex 34.353 22.4148 9.06
    endloop
  endfacet
  facet normal 0 1 -0
    outer loop
      vertex 51 22.5 9.06
      vertex 35 22.5 10.66
      vertex 51 22.5 10.66
    endloop
  endfacet
  facet normal 0 1 0
    outer loop
      vertex 35 22.5 10.66
      vertex 51 22.5 9.06
      vertex 35 22.5 9.06
    endloop
  endfacet
  facet normal 0 0 1
    outer loop
      vertex 37.0607 17.9393 10.66
      vertex 48.9393 17.9393 10.66
      vertex 37.19 18.0869 10.66
    endloop
  endfacet
  facet normal 0 0 1
    outer loop
      vertex 49.426 -17.6142 10.66
      vertex 37.4872 -18.8042 10.66
      vertex 37.5 -19 10.66
    endloop
  endfacet
  facet normal 0 0 1
    outer loop
      vertex 48.9393 17.9393 10.66
      vertex 37.0607 17.9393 10.66
      vertex 49.0869 17.81 10.66
    endloop
  endfacet
  facet normal 0 0 1
    outer loop
      vertex 49.426 -17.6142 10.66
      vertex 37.4489 -18.6118 10.66
      vertex 37.4872 -18.8042 10.66
    endloop
  endfacet
  facet normal 0 0 1
    outer loop
      vertex 36.9131 17.81 10.66
      vertex 49.0869 17.81 10.66
      vertex 37.0607 17.9393 10.66
    endloop
  endfacet
  facet normal 0 0 1
    outer loop
      vertex 49.426 -17.6142 10.66
      vertex 37.3858 -18.426 10.66
      vertex 37.4489 -18.6118 10.66
    endloop
  endfacet
  facet normal 0 0 1
    outer loop
      vertex 49.0869 17.81 10.66
      vertex 36.9131 17.81 10.66
      vertex 49.25 17.701 10.66
    endloop
  endfacet
  facet normal 0 0 1
    outer loop
      vertex 49.426 -17.6142 10.66
      vertex 37.299 -18.25 10.66
      vertex 37.3858 -18.426 10.66
    endloop
  endfacet
  facet normal 0 0 1
    outer loop
      vertex 36.75 17.701 10.66
      vertex 49.25 17.701 10.66
      vertex 36.9131 17.81 10.66
    endloop
  endfacet
  facet normal 0 0 1
    outer loop
      vertex 49.426 -17.6142 10.66
      vertex 37.19 -18.0869 10.66
      vertex 37.299 -18.25 10.66
    endloop
  endfacet
  facet normal 0 0 1
    outer loop
      vertex 49.25 17.701 10.66
      vertex 36.75 17.701 10.66
      vertex 49.426 17.6142 10.66
    endloop
  endfacet
  facet normal 0 0 1
    outer loop
      vertex 49.426 -17.6142 10.66
      vertex 37.0607 -17.9393 10.66
      vertex 37.19 -18.0869 10.66
    endloop
  endfacet
  facet normal 0 0 1
    outer loop
      vertex 36.574 17.6142 10.66
      vertex 49.426 17.6142 10.66
      vertex 36.75 17.701 10.66
    endloop
  endfacet
  facet normal 0 0 1
    outer loop
      vertex 49.426 -17.6142 10.66
      vertex 36.9131 -17.81 10.66
      vertex 37.0607 -17.9393 10.66
    endloop
  endfacet
  facet normal 0 0 1
    outer loop
      vertex 49.426 17.6142 10.66
      vertex 36.574 17.6142 10.66
      vertex 49.426 -17.6142 10.66
    endloop
  endfacet
  facet normal 0 0 1
    outer loop
      vertex 49.426 -17.6142 10.66
      vertex 36.75 -17.701 10.66
      vertex 36.9131 -17.81 10.66
    endloop
  endfacet
  facet normal 0 0 1
    outer loop
      vertex 36.574 -17.6142 10.66
      vertex 49.426 -17.6142 10.66
      vertex 36.574 17.6142 10.66
    endloop
  endfacet
  facet normal 0 0 1
    outer loop
      vertex 49.426 -17.6142 10.66
      vertex 36.574 -17.6142 10.66
      vertex 36.75 -17.701 10.66
    endloop
  endfacet
  facet normal -0 0 1
    outer loop
      vertex 36.3882 17.5511 10.66
      vertex 36.574 -17.6142 10.66
      vertex 36.574 17.6142 10.66
    endloop
  endfacet
  facet normal 0 0 1
    outer loop
      vertex 36.3882 17.5511 10.66
      vertex 36.3882 -17.5511 10.66
      vertex 36.574 -17.6142 10.66
    endloop
  endfacet
  facet normal -0 0 1
    outer loop
      vertex 36.1958 17.5128 10.66
      vertex 36.3882 -17.5511 10.66
      vertex 36.3882 17.5511 10.66
    endloop
  endfacet
  facet normal 0 0 1
    outer loop
      vertex 36.1958 17.5128 10.66
      vertex 36.1958 -17.5128 10.66
      vertex 36.3882 -17.5511 10.66
    endloop
  endfacet
  facet normal -0 0 1
    outer loop
      vertex 36 17.5 10.66
      vertex 36.1958 -17.5128 10.66
      vertex 36.1958 17.5128 10.66
    endloop
  endfacet
  facet normal 0 0 1
    outer loop
      vertex 36 17.5 10.66
      vertex 36 -17.5 10.66
      vertex 36.1958 -17.5128 10.66
    endloop
  endfacet
  facet normal 0 0 1
    outer loop
      vertex 35.8042 17.5128 10.66
      vertex 36 -17.5 10.66
      vertex 36 17.5 10.66
    endloop
  endfacet
  facet normal 0 0 1
    outer loop
      vertex 35.8042 17.5128 10.66
      vertex 35.8042 -17.5128 10.66
      vertex 36 -17.5 10.66
    endloop
  endfacet
  facet normal 0 0 1
    outer loop
      vertex 35.6118 17.5511 10.66
      vertex 35.8042 -17.5128 10.66
      vertex 35.8042 17.5128 10.66
    endloop
  endfacet
  facet normal 0 0 1
    outer loop
      vertex 35.6118 17.5511 10.66
      vertex 35.6118 -17.5511 10.66
      vertex 35.8042 -17.5128 10.66
    endloop
  endfacet
  facet normal 0 0 1
    outer loop
      vertex 35.426 17.6142 10.66
      vertex 35.6118 -17.5511 10.66
      vertex 35.6118 17.5511 10.66
    endloop
  endfacet
  facet normal 0 0 1
    outer loop
      vertex 35.426 17.6142 10.66
      vertex 35.426 -17.6142 10.66
      vertex 35.6118 -17.5511 10.66
    endloop
  endfacet
  facet normal 0 0 1
    outer loop
      vertex 35.25 17.701 10.66
      vertex 35.426 -17.6142 10.66
      vertex 35.426 17.6142 10.66
    endloop
  endfacet
  facet normal 0 0 1
    outer loop
      vertex 35.25 17.701 10.66
      vertex 35.25 -17.701 10.66
      vertex 35.426 -17.6142 10.66
    endloop
  endfacet
  facet normal 0 0 1
    outer loop
      vertex 35.0869 17.81 10.66
      vertex 35.25 -17.701 10.66
      vertex 35.25 17.701 10.66
    endloop
  endfacet
  facet normal 0 0 1
    outer loop
      vertex 35.0869 17.81 10.66
      vertex 35.0869 -17.81 10.66
      vertex 35.25 -17.701 10.66
    endloop
  endfacet
  facet normal 0 0 1
    outer loop
      vertex 34.9393 17.9393 10.66
      vertex 35.0869 -17.81 10.66
      vertex 35.0869 17.81 10.66
    endloop
  endfacet
  facet normal 0 0 1
    outer loop
      vertex 34.9393 17.9393 10.66
      vertex 34.9393 -17.9393 10.66
      vertex 35.0869 -17.81 10.66
    endloop
  endfacet
  facet normal 0 0 1
    outer loop
      vertex 32.5 20 10.66
      vertex 34.9393 17.9393 10.66
      vertex 34.81 18.0869 10.66
    endloop
  endfacet
  facet normal 0 0 1
    outer loop
      vertex 34.9393 17.9393 10.66
      vertex 32.5 20 10.66
      vertex 34.9393 -17.9393 10.66
    endloop
  endfacet
  facet normal 0 0 1
    outer loop
      vertex 32.5 20 10.66
      vertex 34.81 18.0869 10.66
      vertex 34.701 18.25 10.66
    endloop
  endfacet
  facet normal 0 0 1
    outer loop
      vertex 32.5 -20 10.66
      vertex 34.9393 -17.9393 10.66
      vertex 32.5 20 10.66
    endloop
  endfacet
  facet normal 0 0 1
    outer loop
      vertex 32.5 20 10.66
      vertex 34.701 18.25 10.66
      vertex 34.6142 18.426 10.66
    endloop
  endfacet
  facet normal 0 0 1
    outer loop
      vertex 34.9393 -17.9393 10.66
      vertex 32.5 -20 10.66
      vertex 34.81 -18.0869 10.66
    endloop
  endfacet
  facet normal 0 0 1
    outer loop
      vertex 32.5 20 10.66
      vertex 34.6142 18.426 10.66
      vertex 34.5511 18.6118 10.66
    endloop
  endfacet
  facet normal 0 0 1
    outer loop
      vertex 34.81 -18.0869 10.66
      vertex 32.5 -20 10.66
      vertex 34.701 -18.25 10.66
    endloop
  endfacet
  facet normal 0 0 1
    outer loop
      vertex 32.5 20 10.66
      vertex 34.5511 18.6118 10.66
      vertex 34.5128 18.8042 10.66
    endloop
  endfacet
  facet normal 0 0 1
    outer loop
      vertex 34.701 -18.25 10.66
      vertex 32.5 -20 10.66
      vertex 34.6142 -18.426 10.66
    endloop
  endfacet
  facet normal 0 0 1
    outer loop
      vertex 32.5 20 10.66
      vertex 34.5128 18.8042 10.66
      vertex 34.5 19 10.66
    endloop
  endfacet
  facet normal 0 0 1
    outer loop
      vertex 34.6142 -18.426 10.66
      vertex 32.5 -20 10.66
      vertex 34.5511 -18.6118 10.66
    endloop
  endfacet
  facet normal 0 0 1
    outer loop
      vertex 51.3858 18.426 10.66
      vertex 53.5 20 10.66
      vertex 51.4489 18.6118 10.66
    endloop
  endfacet
  facet normal 0 0 1
    outer loop
      vertex 53.5 -20 10.66
      vertex 51.4872 -18.8042 10.66
      vertex 51.5 -19 10.66
    endloop
  endfacet
  facet normal 0 0 1
    outer loop
      vertex 51.299 18.25 10.66
      vertex 53.5 20 10.66
      vertex 51.3858 18.426 10.66
    endloop
  endfacet
  facet normal 0 0 1
    outer loop
      vertex 53.5 -20 10.66
      vertex 51.4489 -18.6118 10.66
      vertex 51.4872 -18.8042 10.66
    endloop
  endfacet
  facet normal 0 0 1
    outer loop
      vertex 51.19 18.0869 10.66
      vertex 53.5 20 10.66
      vertex 51.299 18.25 10.66
    endloop
  endfacet
  facet normal 0 0 1
    outer loop
      vertex 53.5 -20 10.66
      vertex 51.3858 -18.426 10.66
      vertex 51.4489 -18.6118 10.66
    endloop
  endfacet
  facet normal 0 0 1
    outer loop
      vertex 51.0607 17.9393 10.66
      vertex 53.5 20 10.66
      vertex 51.19 18.0869 10.66
    endloop
  endfacet
  facet normal 0 0 1
    outer loop
      vertex 53.5 -20 10.66
      vertex 51.299 -18.25 10.66
      vertex 51.3858 -18.426 10.66
    endloop
  endfacet
  facet normal 0 0 1
    outer loop
      vertex 53.5 20 10.66
      vertex 51.0607 17.9393 10.66
      vertex 53.5 -20 10.66
    endloop
  endfacet
  facet normal 0 0 1
    outer loop
      vertex 53.5 -20 10.66
      vertex 51.19 -18.0869 10.66
      vertex 51.299 -18.25 10.66
    endloop
  endfacet
  facet normal -0 0 1
    outer loop
      vertex 51.0607 -17.9393 10.66
      vertex 53.5 -20 10.66
      vertex 51.0607 17.9393 10.66
    endloop
  endfacet
  facet normal 0 0 1
    outer loop
      vertex 53.5 -20 10.66
      vertex 51.0607 -17.9393 10.66
      vertex 51.19 -18.0869 10.66
    endloop
  endfacet
  facet normal -0 0 1
    outer loop
      vertex 50.9131 17.81 10.66
      vertex 51.0607 -17.9393 10.66
      vertex 51.0607 17.9393 10.66
    endloop
  endfacet
  facet normal 0 0 1
    outer loop
      vertex 50.9131 17.81 10.66
      vertex 50.9131 -17.81 10.66
      vertex 51.0607 -17.9393 10.66
    endloop
  endfacet
  facet normal -0 0 1
    outer loop
      vertex 50.75 17.701 10.66
      vertex 50.9131 -17.81 10.66
      vertex 50.9131 17.81 10.66
    endloop
  endfacet
  facet normal 0 0 1
    outer loop
      vertex 50.75 17.701 10.66
      vertex 50.75 -17.701 10.66
      vertex 50.9131 -17.81 10.66
    endloop
  endfacet
  facet normal -0 0 1
    outer loop
      vertex 50.574 17.6142 10.66
      vertex 50.75 -17.701 10.66
      vertex 50.75 17.701 10.66
    endloop
  endfacet
  facet normal 0 0 1
    outer loop
      vertex 50.574 17.6142 10.66
      vertex 50.574 -17.6142 10.66
      vertex 50.75 -17.701 10.66
    endloop
  endfacet
  facet normal -0 0 1
    outer loop
      vertex 50.3882 17.5511 10.66
      vertex 50.574 -17.6142 10.66
      vertex 50.574 17.6142 10.66
    endloop
  endfacet
  facet normal 0 0 1
    outer loop
      vertex 50.3882 17.5511 10.66
      vertex 50.3882 -17.5511 10.66
      vertex 50.574 -17.6142 10.66
    endloop
  endfacet
  facet normal -0 0 1
    outer loop
      vertex 50.1958 17.5128 10.66
      vertex 50.3882 -17.5511 10.66
      vertex 50.3882 17.5511 10.66
    endloop
  endfacet
  facet normal 0 0 1
    outer loop
      vertex 50.1958 17.5128 10.66
      vertex 50.1958 -17.5128 10.66
      vertex 50.3882 -17.5511 10.66
    endloop
  endfacet
  facet normal -0 0 1
    outer loop
      vertex 50 17.5 10.66
      vertex 50.1958 -17.5128 10.66
      vertex 50.1958 17.5128 10.66
    endloop
  endfacet
  facet normal 0 0 1
    outer loop
      vertex 50 17.5 10.66
      vertex 50 -17.5 10.66
      vertex 50.1958 -17.5128 10.66
    endloop
  endfacet
  facet normal 0 0 1
    outer loop
      vertex 49.8042 17.5128 10.66
      vertex 50 -17.5 10.66
      vertex 50 17.5 10.66
    endloop
  endfacet
  facet normal 0 0 1
    outer loop
      vertex 49.8042 17.5128 10.66
      vertex 49.8042 -17.5128 10.66
      vertex 50 -17.5 10.66
    endloop
  endfacet
  facet normal 0 0 1
    outer loop
      vertex 49.6118 17.5511 10.66
      vertex 49.8042 -17.5128 10.66
      vertex 49.8042 17.5128 10.66
    endloop
  endfacet
  facet normal 0 0 1
    outer loop
      vertex 49.6118 17.5511 10.66
      vertex 49.6118 -17.5511 10.66
      vertex 49.8042 -17.5128 10.66
    endloop
  endfacet
  facet normal 0 0 1
    outer loop
      vertex 49.426 17.6142 10.66
      vertex 49.6118 -17.5511 10.66
      vertex 49.6118 17.5511 10.66
    endloop
  endfacet
  facet normal 0 0 1
    outer loop
      vertex 49.426 17.6142 10.66
      vertex 49.426 -17.6142 10.66
      vertex 49.6118 -17.5511 10.66
    endloop
  endfacet
  facet normal 0 0 1
    outer loop
      vertex 48.701 18.25 10.66
      vertex 37.299 18.25 10.66
      vertex 48.81 18.0869 10.66
    endloop
  endfacet
  facet normal 0 0 1
    outer loop
      vertex 37.19 18.0869 10.66
      vertex 48.81 18.0869 10.66
      vertex 37.299 18.25 10.66
    endloop
  endfacet
  facet normal 0 0 1
    outer loop
      vertex 37.299 18.25 10.66
      vertex 48.701 18.25 10.66
      vertex 37.3858 18.426 10.66
    endloop
  endfacet
  facet normal 0 0 1
    outer loop
      vertex 48.81 18.0869 10.66
      vertex 37.19 18.0869 10.66
      vertex 48.9393 17.9393 10.66
    endloop
  endfacet
  facet normal 0 0 1
    outer loop
      vertex 48.6142 18.426 10.66
      vertex 37.3858 18.426 10.66
      vertex 48.701 18.25 10.66
    endloop
  endfacet
  facet normal 0 0 1
    outer loop
      vertex 49.426 -17.6142 10.66
      vertex 37.5 -19 10.66
      vertex 49.25 -17.701 10.66
    endloop
  endfacet
  facet normal 0 0 1
    outer loop
      vertex 37.3858 18.426 10.66
      vertex 48.6142 18.426 10.66
      vertex 37.4489 18.6118 10.66
    endloop
  endfacet
  facet normal 0 0 1
    outer loop
      vertex 49.25 -17.701 10.66
      vertex 37.5 -19 10.66
      vertex 49.0869 -17.81 10.66
    endloop
  endfacet
  facet normal 0 0 1
    outer loop
      vertex 48.5511 18.6118 10.66
      vertex 37.4489 18.6118 10.66
      vertex 48.6142 18.426 10.66
    endloop
  endfacet
  facet normal 0 0 1
    outer loop
      vertex 49.0869 -17.81 10.66
      vertex 37.5 -19 10.66
      vertex 48.9393 -17.9393 10.66
    endloop
  endfacet
  facet normal 0 0 1
    outer loop
      vertex 37.4489 18.6118 10.66
      vertex 48.5511 18.6118 10.66
      vertex 37.4872 18.8042 10.66
    endloop
  endfacet
  facet normal 0 0 1
    outer loop
      vertex 48.9393 -17.9393 10.66
      vertex 37.5 -19 10.66
      vertex 48.81 -18.0869 10.66
    endloop
  endfacet
  facet normal 0 0 1
    outer loop
      vertex 48.5128 18.8042 10.66
      vertex 37.4872 18.8042 10.66
      vertex 48.5511 18.6118 10.66
    endloop
  endfacet
  facet normal 0 0 1
    outer loop
      vertex 48.81 -18.0869 10.66
      vertex 37.5 -19 10.66
      vertex 48.701 -18.25 10.66
    endloop
  endfacet
  facet normal 0 0 1
    outer loop
      vertex 37.4872 18.8042 10.66
      vertex 48.5128 18.8042 10.66
      vertex 37.5 19 10.66
    endloop
  endfacet
  facet normal 0 0 1
    outer loop
      vertex 48.701 -18.25 10.66
      vertex 37.5 -19 10.66
      vertex 48.6142 -18.426 10.66
    endloop
  endfacet
  facet normal -0 0 1
    outer loop
      vertex 37.5 19 10.66
      vertex 48.5128 18.8042 10.66
      vertex 48.5 19 10.66
    endloop
  endfacet
  facet normal 0 0 1
    outer loop
      vertex 48.6142 -18.426 10.66
      vertex 37.5 -19 10.66
      vertex 48.5511 -18.6118 10.66
    endloop
  endfacet
  facet normal 0 0 1
    outer loop
      vertex 51.3858 19.574 10.66
      vertex 53.5 20 10.66
      vertex 53.4786 20.3263 10.66
    endloop
  endfacet
  facet normal 0 0 1
    outer loop
      vertex 51.4872 18.8042 10.66
      vertex 53.5 20 10.66
      vertex 51.5 19 10.66
    endloop
  endfacet
  facet normal 0 0 1
    outer loop
      vertex 51.299 19.75 10.66
      vertex 53.4786 20.3263 10.66
      vertex 53.4148 20.647 10.66
    endloop
  endfacet
  facet normal 0 0 1
    outer loop
      vertex 51.4489 18.6118 10.66
      vertex 53.5 20 10.66
      vertex 51.4872 18.8042 10.66
    endloop
  endfacet
  facet normal 0 0 1
    outer loop
      vertex 51.299 19.75 10.66
      vertex 53.4148 20.647 10.66
      vertex 53.3097 20.9567 10.66
    endloop
  endfacet
  facet normal -0 0 1
    outer loop
      vertex 51.4872 -19.1958 10.66
      vertex 53.5 -20 10.66
      vertex 51.5 -19 10.66
    endloop
  endfacet
  facet normal 0 0 1
    outer loop
      vertex 51.19 19.9131 10.66
      vertex 53.3097 20.9567 10.66
      vertex 53.1651 21.25 10.66
    endloop
  endfacet
  facet normal -0 0 1
    outer loop
      vertex 51.4489 -19.3882 10.66
      vertex 53.5 -20 10.66
      vertex 51.4872 -19.1958 10.66
    endloop
  endfacet
  facet normal 0 0 1
    outer loop
      vertex 51.19 19.9131 10.66
      vertex 53.1651 21.25 10.66
      vertex 52.9834 21.5219 10.66
    endloop
  endfacet
  facet normal -0 0 1
    outer loop
      vertex 51.3858 -19.574 10.66
      vertex 53.5 -20 10.66
      vertex 51.4489 -19.3882 10.66
    endloop
  endfacet
  facet normal 0 0 1
    outer loop
      vertex 51.0607 20.0607 10.66
      vertex 52.9834 21.5219 10.66
      vertex 52.7678 21.7678 10.66
    endloop
  endfacet
  facet normal 0 0 1
    outer loop
      vertex 53.5 -20 10.66
      vertex 51.3858 -19.574 10.66
      vertex 53.4786 -20.3263 10.66
    endloop
  endfacet
  facet normal 0 0 1
    outer loop
      vertex 51.0607 20.0607 10.66
      vertex 52.7678 21.7678 10.66
      vertex 52.5219 21.9834 10.66
    endloop
  endfacet
  facet normal -0 0 1
    outer loop
      vertex 51.299 -19.75 10.66
      vertex 53.4786 -20.3263 10.66
      vertex 51.3858 -19.574 10.66
    endloop
  endfacet
  facet normal 0 0 1
    outer loop
      vertex 50.9131 20.19 10.66
      vertex 52.5219 21.9834 10.66
      vertex 52.25 22.1651 10.66
    endloop
  endfacet
  facet normal 0 0 1
    outer loop
      vertex 53.4786 -20.3263 10.66
      vertex 51.299 -19.75 10.66
      vertex 53.4148 -20.647 10.66
    endloop
  endfacet
  facet normal 0 0 1
    outer loop
      vertex 50.9131 20.19 10.66
      vertex 52.25 22.1651 10.66
      vertex 51.9567 22.3097 10.66
    endloop
  endfacet
  facet normal 0 0 1
    outer loop
      vertex 53.4148 -20.647 10.66
      vertex 51.299 -19.75 10.66
      vertex 53.3097 -20.9567 10.66
    endloop
  endfacet
  facet normal 0 0 1
    outer loop
      vertex 50.75 20.299 10.66
      vertex 51.9567 22.3097 10.66
      vertex 51.647 22.4148 10.66
    endloop
  endfacet
  facet normal -0 0 1
    outer loop
      vertex 51.19 -19.9131 10.66
      vertex 53.3097 -20.9567 10.66
      vertex 51.299 -19.75 10.66
    endloop
  endfacet
  facet normal 0 0 1
    outer loop
      vertex 53.3097 -20.9567 10.66
      vertex 51.19 -19.9131 10.66
      vertex 53.1651 -21.25 10.66
    endloop
  endfacet
  facet normal 0 0 1
    outer loop
      vertex 53.5 20 10.66
      vertex 51.4872 19.1958 10.66
      vertex 51.5 19 10.66
    endloop
  endfacet
  facet normal 0 0 1
    outer loop
      vertex 53.5 20 10.66
      vertex 51.4489 19.3882 10.66
      vertex 51.4872 19.1958 10.66
    endloop
  endfacet
  facet normal 0 0 1
    outer loop
      vertex 53.5 20 10.66
      vertex 51.3858 19.574 10.66
      vertex 51.4489 19.3882 10.66
    endloop
  endfacet
  facet normal 0 0 1
    outer loop
      vertex 50.75 20.299 10.66
      vertex 51.647 22.4148 10.66
      vertex 51.3263 22.4786 10.66
    endloop
  endfacet
  facet normal 0 0 1
    outer loop
      vertex 53.4786 20.3263 10.66
      vertex 51.299 19.75 10.66
      vertex 51.3858 19.574 10.66
    endloop
  endfacet
  facet normal 0 0 1
    outer loop
      vertex 53.3097 20.9567 10.66
      vertex 51.19 19.9131 10.66
      vertex 51.299 19.75 10.66
    endloop
  endfacet
  facet normal 0 0 1
    outer loop
      vertex 52.9834 21.5219 10.66
      vertex 51.0607 20.0607 10.66
      vertex 51.19 19.9131 10.66
    endloop
  endfacet
  facet normal 0 0 1
    outer loop
      vertex 50.574 20.3858 10.66
      vertex 51.3263 22.4786 10.66
      vertex 51 22.5 10.66
    endloop
  endfacet
  facet normal 0 0 1
    outer loop
      vertex 52.5219 21.9834 10.66
      vertex 50.9131 20.19 10.66
      vertex 51.0607 20.0607 10.66
    endloop
  endfacet
  facet normal 0 0 1
    outer loop
      vertex 51.9567 22.3097 10.66
      vertex 50.75 20.299 10.66
      vertex 50.9131 20.19 10.66
    endloop
  endfacet
  facet normal 0 0 1
    outer loop
      vertex 51.3263 22.4786 10.66
      vertex 50.574 20.3858 10.66
      vertex 50.75 20.299 10.66
    endloop
  endfacet
  facet normal 0 0 1
    outer loop
      vertex 51 22.5 10.66
      vertex 50.3882 20.4489 10.66
      vertex 50.574 20.3858 10.66
    endloop
  endfacet
  facet normal 0 0 1
    outer loop
      vertex 51 22.5 10.66
      vertex 50.1958 20.4872 10.66
      vertex 50.3882 20.4489 10.66
    endloop
  endfacet
  facet normal 0 0 1
    outer loop
      vertex 51 22.5 10.66
      vertex 50 20.5 10.66
      vertex 50.1958 20.4872 10.66
    endloop
  endfacet
  facet normal 0 0 1
    outer loop
      vertex 51 22.5 10.66
      vertex 49.8042 20.4872 10.66
      vertex 50 20.5 10.66
    endloop
  endfacet
  facet normal 0 0 1
    outer loop
      vertex 51 22.5 10.66
      vertex 49.6118 20.4489 10.66
      vertex 49.8042 20.4872 10.66
    endloop
  endfacet
  facet normal 0 0 1
    outer loop
      vertex 51 22.5 10.66
      vertex 49.426 20.3858 10.66
      vertex 49.6118 20.4489 10.66
    endloop
  endfacet
  facet normal 0 0 1
    outer loop
      vertex 51 22.5 10.66
      vertex 49.25 20.299 10.66
      vertex 49.426 20.3858 10.66
    endloop
  endfacet
  facet normal 0 0 1
    outer loop
      vertex 51 22.5 10.66
      vertex 49.0869 20.19 10.66
      vertex 49.25 20.299 10.66
    endloop
  endfacet
  facet normal 0 0 1
    outer loop
      vertex 36.9131 20.19 10.66
      vertex 49.0869 20.19 10.66
      vertex 51 22.5 10.66
    endloop
  endfacet
  facet normal 0 0 1
    outer loop
      vertex 49.0869 20.19 10.66
      vertex 36.9131 20.19 10.66
      vertex 48.9393 20.0607 10.66
    endloop
  endfacet
  facet normal 0 0 1
    outer loop
      vertex 48.5511 -18.6118 10.66
      vertex 37.5 -19 10.66
      vertex 48.5128 -18.8042 10.66
    endloop
  endfacet
  facet normal 0 0 1
    outer loop
      vertex 48.5128 19.1958 10.66
      vertex 37.5 19 10.66
      vertex 48.5 19 10.66
    endloop
  endfacet
  facet normal 0 0 1
    outer loop
      vertex 37.4872 19.1958 10.66
      vertex 48.5128 19.1958 10.66
      vertex 48.5511 19.3882 10.66
    endloop
  endfacet
  facet normal 0 0 1
    outer loop
      vertex 37.4489 19.3882 10.66
      vertex 48.5511 19.3882 10.66
      vertex 48.6142 19.574 10.66
    endloop
  endfacet
  facet normal 0 0 1
    outer loop
      vertex 37.3858 19.574 10.66
      vertex 48.6142 19.574 10.66
      vertex 48.701 19.75 10.66
    endloop
  endfacet
  facet normal 0 0 1
    outer loop
      vertex 37.299 19.75 10.66
      vertex 48.701 19.75 10.66
      vertex 48.81 19.9131 10.66
    endloop
  endfacet
  facet normal 0 0 1
    outer loop
      vertex 48.9393 20.0607 10.66
      vertex 37.0607 20.0607 10.66
      vertex 48.81 19.9131 10.66
    endloop
  endfacet
  facet normal 0 0 1
    outer loop
      vertex 48.5128 19.1958 10.66
      vertex 37.4872 19.1958 10.66
      vertex 37.5 19 10.66
    endloop
  endfacet
  facet normal 0 0 1
    outer loop
      vertex 48.5511 19.3882 10.66
      vertex 37.4489 19.3882 10.66
      vertex 37.4872 19.1958 10.66
    endloop
  endfacet
  facet normal 0 0 1
    outer loop
      vertex 48.6142 19.574 10.66
      vertex 37.3858 19.574 10.66
      vertex 37.4489 19.3882 10.66
    endloop
  endfacet
  facet normal 0 0 1
    outer loop
      vertex 48.701 19.75 10.66
      vertex 37.299 19.75 10.66
      vertex 37.3858 19.574 10.66
    endloop
  endfacet
  facet normal 0 0 1
    outer loop
      vertex 48.81 19.9131 10.66
      vertex 37.19 19.9131 10.66
      vertex 37.299 19.75 10.66
    endloop
  endfacet
  facet normal 0 0 1
    outer loop
      vertex 48.81 19.9131 10.66
      vertex 37.0607 20.0607 10.66
      vertex 37.19 19.9131 10.66
    endloop
  endfacet
  facet normal 0 0 1
    outer loop
      vertex 48.9393 20.0607 10.66
      vertex 36.9131 20.19 10.66
      vertex 37.0607 20.0607 10.66
    endloop
  endfacet
  facet normal -0 0 1
    outer loop
      vertex 35 22.5 10.66
      vertex 36.9131 20.19 10.66
      vertex 51 22.5 10.66
    endloop
  endfacet
  facet normal 0 0 1
    outer loop
      vertex 36.9131 20.19 10.66
      vertex 35 22.5 10.66
      vertex 36.75 20.299 10.66
    endloop
  endfacet
  facet normal 0 0 1
    outer loop
      vertex 36.75 20.299 10.66
      vertex 35 22.5 10.66
      vertex 36.574 20.3858 10.66
    endloop
  endfacet
  facet normal 0 0 1
    outer loop
      vertex 36.574 20.3858 10.66
      vertex 35 22.5 10.66
      vertex 36.3882 20.4489 10.66
    endloop
  endfacet
  facet normal 0 0 1
    outer loop
      vertex 36.3882 20.4489 10.66
      vertex 35 22.5 10.66
      vertex 36.1958 20.4872 10.66
    endloop
  endfacet
  facet normal 0 0 1
    outer loop
      vertex 36.1958 20.4872 10.66
      vertex 35 22.5 10.66
      vertex 36 20.5 10.66
    endloop
  endfacet
  facet normal 0 0 1
    outer loop
      vertex 36 20.5 10.66
      vertex 35 22.5 10.66
      vertex 35.8042 20.4872 10.66
    endloop
  endfacet
  facet normal 0 0 1
    outer loop
      vertex 35 22.5 10.66
      vertex 35.6118 20.4489 10.66
      vertex 35.8042 20.4872 10.66
    endloop
  endfacet
  facet normal 0 0 1
    outer loop
      vertex 35 22.5 10.66
      vertex 35.426 20.3858 10.66
      vertex 35.6118 20.4489 10.66
    endloop
  endfacet
  facet normal -0 0 1
    outer loop
      vertex 34.6737 22.4786 10.66
      vertex 35.426 20.3858 10.66
      vertex 35 22.5 10.66
    endloop
  endfacet
  facet normal 0 0 1
    outer loop
      vertex 35.426 20.3858 10.66
      vertex 34.6737 22.4786 10.66
      vertex 35.25 20.299 10.66
    endloop
  endfacet
  facet normal -0 0 1
    outer loop
      vertex 34.353 22.4148 10.66
      vertex 35.25 20.299 10.66
      vertex 34.6737 22.4786 10.66
    endloop
  endfacet
  facet normal -0 0 1
    outer loop
      vertex 34.0433 22.3097 10.66
      vertex 35.25 20.299 10.66
      vertex 34.353 22.4148 10.66
    endloop
  endfacet
  facet normal 0 0 1
    outer loop
      vertex 35.25 20.299 10.66
      vertex 34.0433 22.3097 10.66
      vertex 35.0869 20.19 10.66
    endloop
  endfacet
  facet normal -0 0 1
    outer loop
      vertex 33.75 22.1651 10.66
      vertex 35.0869 20.19 10.66
      vertex 34.0433 22.3097 10.66
    endloop
  endfacet
  facet normal -0 0 1
    outer loop
      vertex 33.4781 21.9834 10.66
      vertex 35.0869 20.19 10.66
      vertex 33.75 22.1651 10.66
    endloop
  endfacet
  facet normal 0 0 1
    outer loop
      vertex 35.0869 20.19 10.66
      vertex 33.4781 21.9834 10.66
      vertex 34.9393 20.0607 10.66
    endloop
  endfacet
  facet normal -0 0 1
    outer loop
      vertex 33.2322 21.7678 10.66
      vertex 34.9393 20.0607 10.66
      vertex 33.4781 21.9834 10.66
    endloop
  endfacet
  facet normal -0 0 1
    outer loop
      vertex 33.0166 21.5219 10.66
      vertex 34.9393 20.0607 10.66
      vertex 33.2322 21.7678 10.66
    endloop
  endfacet
  facet normal -0 0 1
    outer loop
      vertex 32.8349 21.25 10.66
      vertex 34.81 19.9131 10.66
      vertex 33.0166 21.5219 10.66
    endloop
  endfacet
  facet normal 0 0 1
    outer loop
      vertex 34.9393 20.0607 10.66
      vertex 33.0166 21.5219 10.66
      vertex 34.81 19.9131 10.66
    endloop
  endfacet
  facet normal 0 0 1
    outer loop
      vertex 53.1651 -21.25 10.66
      vertex 51.19 -19.9131 10.66
      vertex 52.9834 -21.5219 10.66
    endloop
  endfacet
  facet normal -0 0 1
    outer loop
      vertex 51.0607 -20.0607 10.66
      vertex 52.9834 -21.5219 10.66
      vertex 51.19 -19.9131 10.66
    endloop
  endfacet
  facet normal 0 0 1
    outer loop
      vertex 52.9834 -21.5219 10.66
      vertex 51.0607 -20.0607 10.66
      vertex 52.7678 -21.7678 10.66
    endloop
  endfacet
  facet normal 0 0 1
    outer loop
      vertex 52.7678 -21.7678 10.66
      vertex 51.0607 -20.0607 10.66
      vertex 52.5219 -21.9834 10.66
    endloop
  endfacet
  facet normal -0 0 1
    outer loop
      vertex 50.9131 -20.19 10.66
      vertex 52.5219 -21.9834 10.66
      vertex 51.0607 -20.0607 10.66
    endloop
  endfacet
  facet normal 0 0 1
    outer loop
      vertex 52.5219 -21.9834 10.66
      vertex 50.9131 -20.19 10.66
      vertex 52.25 -22.1651 10.66
    endloop
  endfacet
  facet normal 0 0 1
    outer loop
      vertex 52.25 -22.1651 10.66
      vertex 50.9131 -20.19 10.66
      vertex 51.9567 -22.3097 10.66
    endloop
  endfacet
  facet normal -0 0 1
    outer loop
      vertex 50.75 -20.299 10.66
      vertex 51.9567 -22.3097 10.66
      vertex 50.9131 -20.19 10.66
    endloop
  endfacet
  facet normal 0 0 1
    outer loop
      vertex 51.9567 -22.3097 10.66
      vertex 50.75 -20.299 10.66
      vertex 51.647 -22.4148 10.66
    endloop
  endfacet
  facet normal 0 0 1
    outer loop
      vertex 51.647 -22.4148 10.66
      vertex 50.75 -20.299 10.66
      vertex 51.3263 -22.4786 10.66
    endloop
  endfacet
  facet normal -0 0 1
    outer loop
      vertex 50.574 -20.3858 10.66
      vertex 51.3263 -22.4786 10.66
      vertex 50.75 -20.299 10.66
    endloop
  endfacet
  facet normal 0 0 1
    outer loop
      vertex 51.3263 -22.4786 10.66
      vertex 50.574 -20.3858 10.66
      vertex 51 -22.5 10.66
    endloop
  endfacet
  facet normal -0 0 1
    outer loop
      vertex 50.3882 -20.4489 10.66
      vertex 51 -22.5 10.66
      vertex 50.574 -20.3858 10.66
    endloop
  endfacet
  facet normal -0 0 1
    outer loop
      vertex 50.1958 -20.4872 10.66
      vertex 51 -22.5 10.66
      vertex 50.3882 -20.4489 10.66
    endloop
  endfacet
  facet normal -0 0 1
    outer loop
      vertex 50 -20.5 10.66
      vertex 51 -22.5 10.66
      vertex 50.1958 -20.4872 10.66
    endloop
  endfacet
  facet normal 0 0 1
    outer loop
      vertex 49.8042 -20.4872 10.66
      vertex 51 -22.5 10.66
      vertex 50 -20.5 10.66
    endloop
  endfacet
  facet normal 0 0 1
    outer loop
      vertex 49.6118 -20.4489 10.66
      vertex 51 -22.5 10.66
      vertex 49.8042 -20.4872 10.66
    endloop
  endfacet
  facet normal 0 0 1
    outer loop
      vertex 49.426 -20.3858 10.66
      vertex 51 -22.5 10.66
      vertex 49.6118 -20.4489 10.66
    endloop
  endfacet
  facet normal 0 0 1
    outer loop
      vertex 49.25 -20.299 10.66
      vertex 51 -22.5 10.66
      vertex 49.426 -20.3858 10.66
    endloop
  endfacet
  facet normal 0 0 1
    outer loop
      vertex 49.0869 -20.19 10.66
      vertex 51 -22.5 10.66
      vertex 49.25 -20.299 10.66
    endloop
  endfacet
  facet normal 0 0 1
    outer loop
      vertex 36.9131 -20.19 10.66
      vertex 49.0869 -20.19 10.66
      vertex 48.9393 -20.0607 10.66
    endloop
  endfacet
  facet normal 0 0 1
    outer loop
      vertex 37.0607 -20.0607 10.66
      vertex 48.9393 -20.0607 10.66
      vertex 48.81 -19.9131 10.66
    endloop
  endfacet
  facet normal 0 0 1
    outer loop
      vertex 48.5128 -18.8042 10.66
      vertex 37.5 -19 10.66
      vertex 48.5 -19 10.66
    endloop
  endfacet
  facet normal 0 0 1
    outer loop
      vertex 48.5 -19 10.66
      vertex 37.5 -19 10.66
      vertex 48.5128 -19.1958 10.66
    endloop
  endfacet
  facet normal 0 0 1
    outer loop
      vertex 37.4872 -19.1958 10.66
      vertex 48.5128 -19.1958 10.66
      vertex 37.5 -19 10.66
    endloop
  endfacet
  facet normal 0 0 1
    outer loop
      vertex 48.5128 -19.1958 10.66
      vertex 37.4872 -19.1958 10.66
      vertex 48.5511 -19.3882 10.66
    endloop
  endfacet
  facet normal 0 0 1
    outer loop
      vertex 37.4489 -19.3882 10.66
      vertex 48.5511 -19.3882 10.66
      vertex 37.4872 -19.1958 10.66
    endloop
  endfacet
  facet normal 0 0 1
    outer loop
      vertex 48.5511 -19.3882 10.66
      vertex 37.4489 -19.3882 10.66
      vertex 48.6142 -19.574 10.66
    endloop
  endfacet
  facet normal 0 0 1
    outer loop
      vertex 37.3858 -19.574 10.66
      vertex 48.6142 -19.574 10.66
      vertex 37.4489 -19.3882 10.66
    endloop
  endfacet
  facet normal 0 0 1
    outer loop
      vertex 48.6142 -19.574 10.66
      vertex 37.3858 -19.574 10.66
      vertex 48.701 -19.75 10.66
    endloop
  endfacet
  facet normal 0 0 1
    outer loop
      vertex 37.299 -19.75 10.66
      vertex 48.701 -19.75 10.66
      vertex 37.3858 -19.574 10.66
    endloop
  endfacet
  facet normal 0 0 1
    outer loop
      vertex 48.701 -19.75 10.66
      vertex 37.299 -19.75 10.66
      vertex 48.81 -19.9131 10.66
    endloop
  endfacet
  facet normal 0 0 1
    outer loop
      vertex 37.19 -19.9131 10.66
      vertex 48.81 -19.9131 10.66
      vertex 37.299 -19.75 10.66
    endloop
  endfacet
  facet normal 0 0 1
    outer loop
      vertex 37.0607 -20.0607 10.66
      vertex 48.81 -19.9131 10.66
      vertex 37.19 -19.9131 10.66
    endloop
  endfacet
  facet normal 0 0 1
    outer loop
      vertex 36.9131 -20.19 10.66
      vertex 48.9393 -20.0607 10.66
      vertex 37.0607 -20.0607 10.66
    endloop
  endfacet
  facet normal 0 0 1
    outer loop
      vertex 49.0869 -20.19 10.66
      vertex 36.9131 -20.19 10.66
      vertex 51 -22.5 10.66
    endloop
  endfacet
  facet normal 0 0 1
    outer loop
      vertex 35 -22.5 10.66
      vertex 36.9131 -20.19 10.66
      vertex 36.75 -20.299 10.66
    endloop
  endfacet
  facet normal 0 0 1
    outer loop
      vertex 35 -22.5 10.66
      vertex 36.75 -20.299 10.66
      vertex 36.574 -20.3858 10.66
    endloop
  endfacet
  facet normal 0 0 1
    outer loop
      vertex 35 -22.5 10.66
      vertex 36.574 -20.3858 10.66
      vertex 36.3882 -20.4489 10.66
    endloop
  endfacet
  facet normal 0 0 1
    outer loop
      vertex 35 -22.5 10.66
      vertex 36.3882 -20.4489 10.66
      vertex 36.1958 -20.4872 10.66
    endloop
  endfacet
  facet normal 0 0 1
    outer loop
      vertex 35 -22.5 10.66
      vertex 36.1958 -20.4872 10.66
      vertex 36 -20.5 10.66
    endloop
  endfacet
  facet normal 0 0 1
    outer loop
      vertex 35 -22.5 10.66
      vertex 36 -20.5 10.66
      vertex 35.8042 -20.4872 10.66
    endloop
  endfacet
  facet normal 0 0 1
    outer loop
      vertex 36.9131 -20.19 10.66
      vertex 35 -22.5 10.66
      vertex 51 -22.5 10.66
    endloop
  endfacet
  facet normal 0 0 1
    outer loop
      vertex 35.6118 -20.4489 10.66
      vertex 35 -22.5 10.66
      vertex 35.8042 -20.4872 10.66
    endloop
  endfacet
  facet normal 0 0 1
    outer loop
      vertex 35.426 -20.3858 10.66
      vertex 35 -22.5 10.66
      vertex 35.6118 -20.4489 10.66
    endloop
  endfacet
  facet normal 0 0 1
    outer loop
      vertex 34.6737 -22.4786 10.66
      vertex 35.426 -20.3858 10.66
      vertex 35.25 -20.299 10.66
    endloop
  endfacet
  facet normal 0 0 1
    outer loop
      vertex 34.0433 -22.3097 10.66
      vertex 35.25 -20.299 10.66
      vertex 35.0869 -20.19 10.66
    endloop
  endfacet
  facet normal 0 0 1
    outer loop
      vertex 33.4781 -21.9834 10.66
      vertex 35.0869 -20.19 10.66
      vertex 34.9393 -20.0607 10.66
    endloop
  endfacet
  facet normal 0 0 1
    outer loop
      vertex 33.0166 -21.5219 10.66
      vertex 34.9393 -20.0607 10.66
      vertex 34.81 -19.9131 10.66
    endloop
  endfacet
  facet normal 0 0 1
    outer loop
      vertex 32.6903 -20.9567 10.66
      vertex 34.81 -19.9131 10.66
      vertex 34.701 -19.75 10.66
    endloop
  endfacet
  facet normal 0 0 1
    outer loop
      vertex 35.426 -20.3858 10.66
      vertex 34.6737 -22.4786 10.66
      vertex 35 -22.5 10.66
    endloop
  endfacet
  facet normal 0 0 1
    outer loop
      vertex 32.5214 -20.3263 10.66
      vertex 34.701 -19.75 10.66
      vertex 34.6142 -19.574 10.66
    endloop
  endfacet
  facet normal 0 0 1
    outer loop
      vertex 32.5 -20 10.66
      vertex 34.6142 -19.574 10.66
      vertex 34.5511 -19.3882 10.66
    endloop
  endfacet
  facet normal 0 0 1
    outer loop
      vertex 32.5 -20 10.66
      vertex 34.5511 -19.3882 10.66
      vertex 34.5128 -19.1958 10.66
    endloop
  endfacet
  facet normal 0 0 1
    outer loop
      vertex 32.5 -20 10.66
      vertex 34.5128 -19.1958 10.66
      vertex 34.5 -19 10.66
    endloop
  endfacet
  facet normal 0 0 1
    outer loop
      vertex 35.25 -20.299 10.66
      vertex 34.353 -22.4148 10.66
      vertex 34.6737 -22.4786 10.66
    endloop
  endfacet
  facet normal 0 0 1
    outer loop
      vertex 34.5511 -18.6118 10.66
      vertex 32.5 -20 10.66
      vertex 34.5128 -18.8042 10.66
    endloop
  endfacet
  facet normal -0 0 1
    outer loop
      vertex 32.6903 20.9567 10.66
      vertex 34.81 19.9131 10.66
      vertex 32.8349 21.25 10.66
    endloop
  endfacet
  facet normal 0 0 1
    outer loop
      vertex 34.5128 -18.8042 10.66
      vertex 32.5 -20 10.66
      vertex 34.5 -19 10.66
    endloop
  endfacet
  facet normal 0 0 1
    outer loop
      vertex 34.81 19.9131 10.66
      vertex 32.6903 20.9567 10.66
      vertex 34.701 19.75 10.66
    endloop
  endfacet
  facet normal 0 0 1
    outer loop
      vertex 34.6142 -19.574 10.66
      vertex 32.5 -20 10.66
      vertex 32.5214 -20.3263 10.66
    endloop
  endfacet
  facet normal -0 0 1
    outer loop
      vertex 32.5852 20.647 10.66
      vertex 34.701 19.75 10.66
      vertex 32.6903 20.9567 10.66
    endloop
  endfacet
  facet normal 0 0 1
    outer loop
      vertex 35.25 -20.299 10.66
      vertex 34.0433 -22.3097 10.66
      vertex 34.353 -22.4148 10.66
    endloop
  endfacet
  facet normal -0 0 1
    outer loop
      vertex 32.5214 20.3263 10.66
      vertex 34.701 19.75 10.66
      vertex 32.5852 20.647 10.66
    endloop
  endfacet
  facet normal 0 0 1
    outer loop
      vertex 35.0869 -20.19 10.66
      vertex 33.75 -22.1651 10.66
      vertex 34.0433 -22.3097 10.66
    endloop
  endfacet
  facet normal 0 0 1
    outer loop
      vertex 34.701 19.75 10.66
      vertex 32.5214 20.3263 10.66
      vertex 34.6142 19.574 10.66
    endloop
  endfacet
  facet normal 0 0 1
    outer loop
      vertex 35.0869 -20.19 10.66
      vertex 33.4781 -21.9834 10.66
      vertex 33.75 -22.1651 10.66
    endloop
  endfacet
  facet normal -0 0 1
    outer loop
      vertex 32.5 20 10.66
      vertex 34.6142 19.574 10.66
      vertex 32.5214 20.3263 10.66
    endloop
  endfacet
  facet normal 0 0 1
    outer loop
      vertex 34.9393 -20.0607 10.66
      vertex 33.2322 -21.7678 10.66
      vertex 33.4781 -21.9834 10.66
    endloop
  endfacet
  facet normal 0 0 1
    outer loop
      vertex 34.6142 19.574 10.66
      vertex 32.5 20 10.66
      vertex 34.5511 19.3882 10.66
    endloop
  endfacet
  facet normal 0 0 1
    outer loop
      vertex 34.9393 -20.0607 10.66
      vertex 33.0166 -21.5219 10.66
      vertex 33.2322 -21.7678 10.66
    endloop
  endfacet
  facet normal 0 0 1
    outer loop
      vertex 34.5511 19.3882 10.66
      vertex 32.5 20 10.66
      vertex 34.5128 19.1958 10.66
    endloop
  endfacet
  facet normal 0 0 1
    outer loop
      vertex 34.81 -19.9131 10.66
      vertex 32.8349 -21.25 10.66
      vertex 33.0166 -21.5219 10.66
    endloop
  endfacet
  facet normal 0 0 1
    outer loop
      vertex 34.5128 19.1958 10.66
      vertex 32.5 20 10.66
      vertex 34.5 19 10.66
    endloop
  endfacet
  facet normal 0 0 1
    outer loop
      vertex 34.81 -19.9131 10.66
      vertex 32.6903 -20.9567 10.66
      vertex 32.8349 -21.25 10.66
    endloop
  endfacet
  facet normal 0 0 1
    outer loop
      vertex 34.701 -19.75 10.66
      vertex 32.5852 -20.647 10.66
      vertex 32.6903 -20.9567 10.66
    endloop
  endfacet
  facet normal 0 0 1
    outer loop
      vertex 34.701 -19.75 10.66
      vertex 32.5214 -20.3263 10.66
      vertex 32.5852 -20.647 10.66
    endloop
  endfacet
  facet normal 1 -0 0
    outer loop
      vertex 53.5 -20 10.66
      vertex 53.5 20 9.06
      vertex 53.5 20 10.66
    endloop
  endfacet
  facet normal 1 0 0
    outer loop
      vertex 53.5 20 9.06
      vertex 53.5 -20 10.66
      vertex 53.5 -20 9.06
    endloop
  endfacet
  facet normal 0.896921 -0.442191 0
    outer loop
      vertex 53.1651 -21.25 10.66
      vertex 53.3097 -20.9567 9.06
      vertex 53.3097 -20.9567 10.66
    endloop
  endfacet
  facet normal 0.896921 -0.442191 0
    outer loop
      vertex 53.3097 -20.9567 9.06
      vertex 53.1651 -21.25 10.66
      vertex 53.1651 -21.25 9.06
    endloop
  endfacet
  facet normal -0.0654432 -0.997856 0
    outer loop
      vertex 34.6737 -22.4786 9.06
      vertex 35 -22.5 10.66
      vertex 34.6737 -22.4786 10.66
    endloop
  endfacet
  facet normal -0.0654432 -0.997856 -0
    outer loop
      vertex 35 -22.5 10.66
      vertex 34.6737 -22.4786 9.06
      vertex 35 -22.5 9.06
    endloop
  endfacet
  facet normal -0.0654432 0.997856 0
    outer loop
      vertex 35 22.5 9.06
      vertex 34.6737 22.4786 10.66
      vertex 35 22.5 10.66
    endloop
  endfacet
  facet normal -0.0654432 0.997856 0
    outer loop
      vertex 34.6737 22.4786 10.66
      vertex 35 22.5 9.06
      vertex 34.6737 22.4786 9.06
    endloop
  endfacet
  facet normal -1 0 0
    outer loop
      vertex 32.5 -20 9.06
      vertex 32.5 20 10.66
      vertex 32.5 20 9.06
    endloop
  endfacet
  facet normal -1 -0 0
    outer loop
      vertex 32.5 20 10.66
      vertex 32.5 -20 9.06
      vertex 32.5 -20 10.66
    endloop
  endfacet
  facet normal -0.751913 0.659262 0
    outer loop
      vertex 33.0166 21.5219 9.06
      vertex 33.2322 21.7678 10.66
      vertex 33.2322 21.7678 9.06
    endloop
  endfacet
  facet normal -0.751913 0.659262 0
    outer loop
      vertex 33.2322 21.7678 10.66
      vertex 33.0166 21.5219 9.06
      vertex 33.0166 21.5219 10.66
    endloop
  endfacet
  facet normal -0.555617 -0.831438 0
    outer loop
      vertex 33.4781 -21.9834 9.06
      vertex 33.75 -22.1651 10.66
      vertex 33.4781 -21.9834 10.66
    endloop
  endfacet
  facet normal -0.555617 -0.831438 -0
    outer loop
      vertex 33.75 -22.1651 10.66
      vertex 33.4781 -21.9834 9.06
      vertex 33.75 -22.1651 9.06
    endloop
  endfacet
  facet normal 0.195116 0.98078 -0
    outer loop
      vertex 51.647 22.4148 9.06
      vertex 51.3263 22.4786 10.66
      vertex 51.647 22.4148 10.66
    endloop
  endfacet
  facet normal 0.195116 0.98078 0
    outer loop
      vertex 51.3263 22.4786 10.66
      vertex 51.647 22.4148 9.06
      vertex 51.3263 22.4786 9.06
    endloop
  endfacet
  facet normal 0.831438 -0.555617 0
    outer loop
      vertex 52.9834 -21.5219 10.66
      vertex 53.1651 -21.25 9.06
      vertex 53.1651 -21.25 10.66
    endloop
  endfacet
  facet normal 0.831438 -0.555617 0
    outer loop
      vertex 53.1651 -21.25 9.06
      vertex 52.9834 -21.5219 10.66
      vertex 52.9834 -21.5219 9.06
    endloop
  endfacet
  facet normal -0.997856 0.0654432 0
    outer loop
      vertex 32.5 20 9.06
      vertex 32.5214 20.3263 10.66
      vertex 32.5214 20.3263 9.06
    endloop
  endfacet
  facet normal -0.997856 0.0654432 0
    outer loop
      vertex 32.5214 20.3263 10.66
      vertex 32.5 20 9.06
      vertex 32.5 20 10.66
    endloop
  endfacet
  facet normal 0.896921 0.442191 0
    outer loop
      vertex 53.3097 20.9567 10.66
      vertex 53.1651 21.25 9.06
      vertex 53.1651 21.25 10.66
    endloop
  endfacet
  facet normal 0.896921 0.442191 0
    outer loop
      vertex 53.1651 21.25 9.06
      vertex 53.3097 20.9567 10.66
      vertex 53.3097 20.9567 9.06
    endloop
  endfacet
  facet normal -0.442191 0.896921 0
    outer loop
      vertex 34.0433 22.3097 9.06
      vertex 33.75 22.1651 10.66
      vertex 34.0433 22.3097 10.66
    endloop
  endfacet
  facet normal -0.442191 0.896921 0
    outer loop
      vertex 33.75 22.1651 10.66
      vertex 34.0433 22.3097 9.06
      vertex 33.75 22.1651 9.06
    endloop
  endfacet
  facet normal 0.946957 0.32136 0
    outer loop
      vertex 53.4148 20.647 10.66
      vertex 53.3097 20.9567 9.06
      vertex 53.3097 20.9567 10.66
    endloop
  endfacet
  facet normal 0.946957 0.32136 0
    outer loop
      vertex 53.3097 20.9567 9.06
      vertex 53.4148 20.647 10.66
      vertex 53.4148 20.647 9.06
    endloop
  endfacet
  facet normal -0.896921 0.442191 0
    outer loop
      vertex 32.6903 20.9567 9.06
      vertex 32.8349 21.25 10.66
      vertex 32.8349 21.25 9.06
    endloop
  endfacet
  facet normal -0.896921 0.442191 0
    outer loop
      vertex 32.8349 21.25 10.66
      vertex 32.6903 20.9567 9.06
      vertex 32.6903 20.9567 10.66
    endloop
  endfacet
  facet normal 0.751913 0.659262 0
    outer loop
      vertex 52.9834 21.5219 10.66
      vertex 52.7678 21.7678 9.06
      vertex 52.7678 21.7678 10.66
    endloop
  endfacet
  facet normal 0.751913 0.659262 0
    outer loop
      vertex 52.7678 21.7678 9.06
      vertex 52.9834 21.5219 10.66
      vertex 52.9834 21.5219 9.06
    endloop
  endfacet
  facet normal 0.555617 0.831438 -0
    outer loop
      vertex 52.5219 21.9834 9.06
      vertex 52.25 22.1651 10.66
      vertex 52.5219 21.9834 10.66
    endloop
  endfacet
  facet normal 0.555617 0.831438 0
    outer loop
      vertex 52.25 22.1651 10.66
      vertex 52.5219 21.9834 9.06
      vertex 52.25 22.1651 9.06
    endloop
  endfacet
  facet normal -0.32136 0.946957 0
    outer loop
      vertex 34.353 22.4148 9.06
      vertex 34.0433 22.3097 10.66
      vertex 34.353 22.4148 10.66
    endloop
  endfacet
  facet normal -0.32136 0.946957 0
    outer loop
      vertex 34.0433 22.3097 10.66
      vertex 34.353 22.4148 9.06
      vertex 34.0433 22.3097 9.06
    endloop
  endfacet
  facet normal -0.896921 -0.442191 0
    outer loop
      vertex 32.8349 -21.25 9.06
      vertex 32.6903 -20.9567 10.66
      vertex 32.6903 -20.9567 9.06
    endloop
  endfacet
  facet normal -0.896921 -0.442191 0
    outer loop
      vertex 32.6903 -20.9567 10.66
      vertex 32.8349 -21.25 9.06
      vertex 32.8349 -21.25 10.66
    endloop
  endfacet
  facet normal -0.751913 -0.659262 0
    outer loop
      vertex 33.2322 -21.7678 9.06
      vertex 33.0166 -21.5219 10.66
      vertex 33.0166 -21.5219 9.06
    endloop
  endfacet
  facet normal -0.751913 -0.659262 0
    outer loop
      vertex 33.0166 -21.5219 10.66
      vertex 33.2322 -21.7678 9.06
      vertex 33.2322 -21.7678 10.66
    endloop
  endfacet
  facet normal -0.555617 0.831438 0
    outer loop
      vertex 33.75 22.1651 9.06
      vertex 33.4781 21.9834 10.66
      vertex 33.75 22.1651 10.66
    endloop
  endfacet
  facet normal -0.555617 0.831438 0
    outer loop
      vertex 33.4781 21.9834 10.66
      vertex 33.75 22.1651 9.06
      vertex 33.4781 21.9834 9.06
    endloop
  endfacet
  facet normal -0.32136 -0.946957 0
    outer loop
      vertex 34.0433 -22.3097 9.06
      vertex 34.353 -22.4148 10.66
      vertex 34.0433 -22.3097 10.66
    endloop
  endfacet
  facet normal -0.32136 -0.946957 -0
    outer loop
      vertex 34.353 -22.4148 10.66
      vertex 34.0433 -22.3097 9.06
      vertex 34.353 -22.4148 9.06
    endloop
  endfacet
  facet normal 0.831438 0.555617 0
    outer loop
      vertex 53.1651 21.25 10.66
      vertex 52.9834 21.5219 9.06
      vertex 52.9834 21.5219 10.66
    endloop
  endfacet
  facet normal 0.831438 0.555617 0
    outer loop
      vertex 52.9834 21.5219 9.06
      vertex 53.1651 21.25 10.66
      vertex 53.1651 21.25 9.06
    endloop
  endfacet
  facet normal 0.0654432 0.997856 -0
    outer loop
      vertex 51.3263 22.4786 9.06
      vertex 51 22.5 10.66
      vertex 51.3263 22.4786 10.66
    endloop
  endfacet
  facet normal 0.0654432 0.997856 0
    outer loop
      vertex 51 22.5 10.66
      vertex 51.3263 22.4786 9.06
      vertex 51 22.5 9.06
    endloop
  endfacet
  facet normal -0.831438 0.555617 0
    outer loop
      vertex 32.8349 21.25 9.06
      vertex 33.0166 21.5219 10.66
      vertex 33.0166 21.5219 9.06
    endloop
  endfacet
  facet normal -0.831438 0.555617 0
    outer loop
      vertex 33.0166 21.5219 10.66
      vertex 32.8349 21.25 9.06
      vertex 32.8349 21.25 10.66
    endloop
  endfacet
  facet normal -0.946957 -0.32136 0
    outer loop
      vertex 32.6903 -20.9567 9.06
      vertex 32.5852 -20.647 10.66
      vertex 32.5852 -20.647 9.06
    endloop
  endfacet
  facet normal -0.946957 -0.32136 0
    outer loop
      vertex 32.5852 -20.647 10.66
      vertex 32.6903 -20.9567 9.06
      vertex 32.6903 -20.9567 10.66
    endloop
  endfacet
  facet normal 0.98078 0.195116 0
    outer loop
      vertex 53.4786 20.3263 10.66
      vertex 53.4148 20.647 9.06
      vertex 53.4148 20.647 10.66
    endloop
  endfacet
  facet normal 0.98078 0.195116 0
    outer loop
      vertex 53.4148 20.647 9.06
      vertex 53.4786 20.3263 10.66
      vertex 53.4786 20.3263 9.06
    endloop
  endfacet
  facet normal -0.195116 -0.98078 0
    outer loop
      vertex 34.353 -22.4148 9.06
      vertex 34.6737 -22.4786 10.66
      vertex 34.353 -22.4148 10.66
    endloop
  endfacet
  facet normal -0.195116 -0.98078 -0
    outer loop
      vertex 34.6737 -22.4786 10.66
      vertex 34.353 -22.4148 9.06
      vertex 34.6737 -22.4786 9.06
    endloop
  endfacet
  facet normal -0.98078 0.195116 0
    outer loop
      vertex 32.5214 20.3263 9.06
      vertex 32.5852 20.647 10.66
      vertex 32.5852 20.647 9.06
    endloop
  endfacet
  facet normal -0.98078 0.195116 0
    outer loop
      vertex 32.5852 20.647 10.66
      vertex 32.5214 20.3263 9.06
      vertex 32.5214 20.3263 10.66
    endloop
  endfacet
  facet normal -0.659262 -0.751913 0
    outer loop
      vertex 33.2322 -21.7678 9.06
      vertex 33.4781 -21.9834 10.66
      vertex 33.2322 -21.7678 10.66
    endloop
  endfacet
  facet normal -0.659262 -0.751913 -0
    outer loop
      vertex 33.4781 -21.9834 10.66
      vertex 33.2322 -21.7678 9.06
      vertex 33.4781 -21.9834 9.06
    endloop
  endfacet
  facet normal -0.442191 -0.896921 0
    outer loop
      vertex 33.75 -22.1651 9.06
      vertex 34.0433 -22.3097 10.66
      vertex 33.75 -22.1651 10.66
    endloop
  endfacet
  facet normal -0.442191 -0.896921 -0
    outer loop
      vertex 34.0433 -22.3097 10.66
      vertex 33.75 -22.1651 9.06
      vertex 34.0433 -22.3097 9.06
    endloop
  endfacet
  facet normal -0.659262 0.751913 0
    outer loop
      vertex 33.4781 21.9834 9.06
      vertex 33.2322 21.7678 10.66
      vertex 33.4781 21.9834 10.66
    endloop
  endfacet
  facet normal -0.659262 0.751913 0
    outer loop
      vertex 33.2322 21.7678 10.66
      vertex 33.4781 21.9834 9.06
      vertex 33.2322 21.7678 9.06
    endloop
  endfacet
  facet normal 0.659262 -0.751913 0
    outer loop
      vertex 52.5219 -21.9834 9.06
      vertex 52.7678 -21.7678 10.66
      vertex 52.5219 -21.9834 10.66
    endloop
  endfacet
  facet normal 0.659262 -0.751913 0
    outer loop
      vertex 52.7678 -21.7678 10.66
      vertex 52.5219 -21.9834 9.06
      vertex 52.7678 -21.7678 9.06
    endloop
  endfacet
  facet normal 0.659262 0.751913 -0
    outer loop
      vertex 52.7678 21.7678 9.06
      vertex 52.5219 21.9834 10.66
      vertex 52.7678 21.7678 10.66
    endloop
  endfacet
  facet normal 0.659262 0.751913 0
    outer loop
      vertex 52.5219 21.9834 10.66
      vertex 52.7678 21.7678 9.06
      vertex 52.5219 21.9834 9.06
    endloop
  endfacet
  facet normal -0.98078 -0.195116 0
    outer loop
      vertex 32.5852 -20.647 9.06
      vertex 32.5214 -20.3263 10.66
      vertex 32.5214 -20.3263 9.06
    endloop
  endfacet
  facet normal -0.98078 -0.195116 0
    outer loop
      vertex 32.5214 -20.3263 10.66
      vertex 32.5852 -20.647 9.06
      vertex 32.5852 -20.647 10.66
    endloop
  endfacet
  facet normal -0.997856 -0.0654432 0
    outer loop
      vertex 32.5214 -20.3263 9.06
      vertex 32.5 -20 10.66
      vertex 32.5 -20 9.06
    endloop
  endfacet
  facet normal -0.997856 -0.0654432 0
    outer loop
      vertex 32.5 -20 10.66
      vertex 32.5214 -20.3263 9.06
      vertex 32.5214 -20.3263 10.66
    endloop
  endfacet
  facet normal 0.555617 -0.831438 0
    outer loop
      vertex 52.25 -22.1651 9.06
      vertex 52.5219 -21.9834 10.66
      vertex 52.25 -22.1651 10.66
    endloop
  endfacet
  facet normal 0.555617 -0.831438 0
    outer loop
      vertex 52.5219 -21.9834 10.66
      vertex 52.25 -22.1651 9.06
      vertex 52.5219 -21.9834 9.06
    endloop
  endfacet
  facet normal 0.442191 0.896921 -0
    outer loop
      vertex 52.25 22.1651 9.06
      vertex 51.9567 22.3097 10.66
      vertex 52.25 22.1651 10.66
    endloop
  endfacet
  facet normal 0.442191 0.896921 0
    outer loop
      vertex 51.9567 22.3097 10.66
      vertex 52.25 22.1651 9.06
      vertex 51.9567 22.3097 9.06
    endloop
  endfacet
  facet normal 0.997856 -0.0654432 0
    outer loop
      vertex 53.4786 -20.3263 10.66
      vertex 53.5 -20 9.06
      vertex 53.5 -20 10.66
    endloop
  endfacet
  facet normal 0.997856 -0.0654432 0
    outer loop
      vertex 53.5 -20 9.06
      vertex 53.4786 -20.3263 10.66
      vertex 53.4786 -20.3263 9.06
    endloop
  endfacet
  facet normal 0.751913 -0.659262 0
    outer loop
      vertex 52.7678 -21.7678 10.66
      vertex 52.9834 -21.5219 9.06
      vertex 52.9834 -21.5219 10.66
    endloop
  endfacet
  facet normal 0.751913 -0.659262 0
    outer loop
      vertex 52.9834 -21.5219 9.06
      vertex 52.7678 -21.7678 10.66
      vertex 52.7678 -21.7678 9.06
    endloop
  endfacet
  facet normal 0 0 -1
    outer loop
      vertex 37.0607 -17.9393 9.06
      vertex 48.9393 -17.9393 9.06
      vertex 37.19 -18.0869 9.06
    endloop
  endfacet
  facet normal 0 0 -1
    outer loop
      vertex 49.426 17.6142 9.06
      vertex 37.4872 18.8042 9.06
      vertex 37.5 19 9.06
    endloop
  endfacet
  facet normal 0 0 -1
    outer loop
      vertex 48.9393 -17.9393 9.06
      vertex 37.0607 -17.9393 9.06
      vertex 49.0869 -17.81 9.06
    endloop
  endfacet
  facet normal 0 0 -1
    outer loop
      vertex 49.426 17.6142 9.06
      vertex 37.4489 18.6118 9.06
      vertex 37.4872 18.8042 9.06
    endloop
  endfacet
  facet normal 0 0 -1
    outer loop
      vertex 36.9131 -17.81 9.06
      vertex 49.0869 -17.81 9.06
      vertex 37.0607 -17.9393 9.06
    endloop
  endfacet
  facet normal 0 0 -1
    outer loop
      vertex 49.426 17.6142 9.06
      vertex 37.3858 18.426 9.06
      vertex 37.4489 18.6118 9.06
    endloop
  endfacet
  facet normal 0 0 -1
    outer loop
      vertex 49.0869 -17.81 9.06
      vertex 36.9131 -17.81 9.06
      vertex 49.25 -17.701 9.06
    endloop
  endfacet
  facet normal 0 0 -1
    outer loop
      vertex 49.426 17.6142 9.06
      vertex 37.299 18.25 9.06
      vertex 37.3858 18.426 9.06
    endloop
  endfacet
  facet normal 0 0 -1
    outer loop
      vertex 36.75 -17.701 9.06
      vertex 49.25 -17.701 9.06
      vertex 36.9131 -17.81 9.06
    endloop
  endfacet
  facet normal 0 0 -1
    outer loop
      vertex 49.426 17.6142 9.06
      vertex 37.19 18.0869 9.06
      vertex 37.299 18.25 9.06
    endloop
  endfacet
  facet normal 0 0 -1
    outer loop
      vertex 49.25 -17.701 9.06
      vertex 36.75 -17.701 9.06
      vertex 49.426 -17.6142 9.06
    endloop
  endfacet
  facet normal 0 0 -1
    outer loop
      vertex 49.426 17.6142 9.06
      vertex 37.0607 17.9393 9.06
      vertex 37.19 18.0869 9.06
    endloop
  endfacet
  facet normal 0 0 -1
    outer loop
      vertex 36.574 -17.6142 9.06
      vertex 49.426 -17.6142 9.06
      vertex 36.75 -17.701 9.06
    endloop
  endfacet
  facet normal 0 0 -1
    outer loop
      vertex 49.426 17.6142 9.06
      vertex 36.9131 17.81 9.06
      vertex 37.0607 17.9393 9.06
    endloop
  endfacet
  facet normal 0 0 -1
    outer loop
      vertex 49.426 -17.6142 9.06
      vertex 36.574 -17.6142 9.06
      vertex 49.426 17.6142 9.06
    endloop
  endfacet
  facet normal 0 0 -1
    outer loop
      vertex 49.426 17.6142 9.06
      vertex 36.75 17.701 9.06
      vertex 36.9131 17.81 9.06
    endloop
  endfacet
  facet normal 0 0 -1
    outer loop
      vertex 36.574 17.6142 9.06
      vertex 49.426 17.6142 9.06
      vertex 36.574 -17.6142 9.06
    endloop
  endfacet
  facet normal 0 0 -1
    outer loop
      vertex 49.426 17.6142 9.06
      vertex 36.574 17.6142 9.06
      vertex 36.75 17.701 9.06
    endloop
  endfacet
  facet normal 0 0 -1
    outer loop
      vertex 36.3882 -17.5511 9.06
      vertex 36.574 17.6142 9.06
      vertex 36.574 -17.6142 9.06
    endloop
  endfacet
  facet normal 0 0 -1
    outer loop
      vertex 36.3882 -17.5511 9.06
      vertex 36.3882 17.5511 9.06
      vertex 36.574 17.6142 9.06
    endloop
  endfacet
  facet normal 0 0 -1
    outer loop
      vertex 36.1958 -17.5128 9.06
      vertex 36.3882 17.5511 9.06
      vertex 36.3882 -17.5511 9.06
    endloop
  endfacet
  facet normal 0 0 -1
    outer loop
      vertex 36.1958 -17.5128 9.06
      vertex 36.1958 17.5128 9.06
      vertex 36.3882 17.5511 9.06
    endloop
  endfacet
  facet normal 0 0 -1
    outer loop
      vertex 36 -17.5 9.06
      vertex 36.1958 17.5128 9.06
      vertex 36.1958 -17.5128 9.06
    endloop
  endfacet
  facet normal 0 0 -1
    outer loop
      vertex 36 -17.5 9.06
      vertex 36 17.5 9.06
      vertex 36.1958 17.5128 9.06
    endloop
  endfacet
  facet normal 0 0 -1
    outer loop
      vertex 35.8042 -17.5128 9.06
      vertex 36 17.5 9.06
      vertex 36 -17.5 9.06
    endloop
  endfacet
  facet normal 0 0 -1
    outer loop
      vertex 35.8042 -17.5128 9.06
      vertex 35.8042 17.5128 9.06
      vertex 36 17.5 9.06
    endloop
  endfacet
  facet normal 0 0 -1
    outer loop
      vertex 35.6118 -17.5511 9.06
      vertex 35.8042 17.5128 9.06
      vertex 35.8042 -17.5128 9.06
    endloop
  endfacet
  facet normal 0 0 -1
    outer loop
      vertex 35.6118 -17.5511 9.06
      vertex 35.6118 17.5511 9.06
      vertex 35.8042 17.5128 9.06
    endloop
  endfacet
  facet normal 0 0 -1
    outer loop
      vertex 35.426 -17.6142 9.06
      vertex 35.6118 17.5511 9.06
      vertex 35.6118 -17.5511 9.06
    endloop
  endfacet
  facet normal 0 0 -1
    outer loop
      vertex 35.426 -17.6142 9.06
      vertex 35.426 17.6142 9.06
      vertex 35.6118 17.5511 9.06
    endloop
  endfacet
  facet normal 0 0 -1
    outer loop
      vertex 35.25 -17.701 9.06
      vertex 35.426 17.6142 9.06
      vertex 35.426 -17.6142 9.06
    endloop
  endfacet
  facet normal 0 0 -1
    outer loop
      vertex 35.25 -17.701 9.06
      vertex 35.25 17.701 9.06
      vertex 35.426 17.6142 9.06
    endloop
  endfacet
  facet normal 0 0 -1
    outer loop
      vertex 35.0869 -17.81 9.06
      vertex 35.25 17.701 9.06
      vertex 35.25 -17.701 9.06
    endloop
  endfacet
  facet normal 0 0 -1
    outer loop
      vertex 35.0869 -17.81 9.06
      vertex 35.0869 17.81 9.06
      vertex 35.25 17.701 9.06
    endloop
  endfacet
  facet normal 0 0 -1
    outer loop
      vertex 34.9393 -17.9393 9.06
      vertex 35.0869 17.81 9.06
      vertex 35.0869 -17.81 9.06
    endloop
  endfacet
  facet normal 0 0 -1
    outer loop
      vertex 34.9393 -17.9393 9.06
      vertex 34.9393 17.9393 9.06
      vertex 35.0869 17.81 9.06
    endloop
  endfacet
  facet normal 0 0 -1
    outer loop
      vertex 32.5 -20 9.06
      vertex 34.9393 -17.9393 9.06
      vertex 34.81 -18.0869 9.06
    endloop
  endfacet
  facet normal -0 0 -1
    outer loop
      vertex 34.9393 -17.9393 9.06
      vertex 32.5 -20 9.06
      vertex 34.9393 17.9393 9.06
    endloop
  endfacet
  facet normal 0 0 -1
    outer loop
      vertex 32.5 -20 9.06
      vertex 34.81 -18.0869 9.06
      vertex 34.701 -18.25 9.06
    endloop
  endfacet
  facet normal 0 0 -1
    outer loop
      vertex 32.5 20 9.06
      vertex 34.9393 17.9393 9.06
      vertex 32.5 -20 9.06
    endloop
  endfacet
  facet normal 0 0 -1
    outer loop
      vertex 32.5 -20 9.06
      vertex 34.701 -18.25 9.06
      vertex 34.6142 -18.426 9.06
    endloop
  endfacet
  facet normal 0 0 -1
    outer loop
      vertex 34.9393 17.9393 9.06
      vertex 32.5 20 9.06
      vertex 34.81 18.0869 9.06
    endloop
  endfacet
  facet normal 0 0 -1
    outer loop
      vertex 32.5 -20 9.06
      vertex 34.6142 -18.426 9.06
      vertex 34.5511 -18.6118 9.06
    endloop
  endfacet
  facet normal 0 0 -1
    outer loop
      vertex 34.81 18.0869 9.06
      vertex 32.5 20 9.06
      vertex 34.701 18.25 9.06
    endloop
  endfacet
  facet normal 0 0 -1
    outer loop
      vertex 32.5 -20 9.06
      vertex 34.5511 -18.6118 9.06
      vertex 34.5128 -18.8042 9.06
    endloop
  endfacet
  facet normal 0 0 -1
    outer loop
      vertex 34.701 18.25 9.06
      vertex 32.5 20 9.06
      vertex 34.6142 18.426 9.06
    endloop
  endfacet
  facet normal 0 0 -1
    outer loop
      vertex 32.5 -20 9.06
      vertex 34.5128 -18.8042 9.06
      vertex 34.5 -19 9.06
    endloop
  endfacet
  facet normal 0 0 -1
    outer loop
      vertex 34.6142 18.426 9.06
      vertex 32.5 20 9.06
      vertex 34.5511 18.6118 9.06
    endloop
  endfacet
  facet normal 0 0 -1
    outer loop
      vertex 51.3858 -18.426 9.06
      vertex 53.5 -20 9.06
      vertex 51.4489 -18.6118 9.06
    endloop
  endfacet
  facet normal 0 0 -1
    outer loop
      vertex 53.5 20 9.06
      vertex 51.4872 18.8042 9.06
      vertex 51.5 19 9.06
    endloop
  endfacet
  facet normal 0 0 -1
    outer loop
      vertex 51.299 -18.25 9.06
      vertex 53.5 -20 9.06
      vertex 51.3858 -18.426 9.06
    endloop
  endfacet
  facet normal 0 0 -1
    outer loop
      vertex 53.5 20 9.06
      vertex 51.4489 18.6118 9.06
      vertex 51.4872 18.8042 9.06
    endloop
  endfacet
  facet normal 0 0 -1
    outer loop
      vertex 51.19 -18.0869 9.06
      vertex 53.5 -20 9.06
      vertex 51.299 -18.25 9.06
    endloop
  endfacet
  facet normal 0 0 -1
    outer loop
      vertex 53.5 20 9.06
      vertex 51.3858 18.426 9.06
      vertex 51.4489 18.6118 9.06
    endloop
  endfacet
  facet normal 0 0 -1
    outer loop
      vertex 51.0607 -17.9393 9.06
      vertex 53.5 -20 9.06
      vertex 51.19 -18.0869 9.06
    endloop
  endfacet
  facet normal 0 0 -1
    outer loop
      vertex 53.5 20 9.06
      vertex 51.299 18.25 9.06
      vertex 51.3858 18.426 9.06
    endloop
  endfacet
  facet normal 0 0 -1
    outer loop
      vertex 53.5 -20 9.06
      vertex 51.0607 -17.9393 9.06
      vertex 53.5 20 9.06
    endloop
  endfacet
  facet normal 0 0 -1
    outer loop
      vertex 53.5 20 9.06
      vertex 51.19 18.0869 9.06
      vertex 51.299 18.25 9.06
    endloop
  endfacet
  facet normal 0 0 -1
    outer loop
      vertex 51.0607 17.9393 9.06
      vertex 53.5 20 9.06
      vertex 51.0607 -17.9393 9.06
    endloop
  endfacet
  facet normal 0 0 -1
    outer loop
      vertex 53.5 20 9.06
      vertex 51.0607 17.9393 9.06
      vertex 51.19 18.0869 9.06
    endloop
  endfacet
  facet normal 0 0 -1
    outer loop
      vertex 50.9131 -17.81 9.06
      vertex 51.0607 17.9393 9.06
      vertex 51.0607 -17.9393 9.06
    endloop
  endfacet
  facet normal 0 0 -1
    outer loop
      vertex 50.9131 -17.81 9.06
      vertex 50.9131 17.81 9.06
      vertex 51.0607 17.9393 9.06
    endloop
  endfacet
  facet normal 0 0 -1
    outer loop
      vertex 50.75 -17.701 9.06
      vertex 50.9131 17.81 9.06
      vertex 50.9131 -17.81 9.06
    endloop
  endfacet
  facet normal 0 0 -1
    outer loop
      vertex 50.75 -17.701 9.06
      vertex 50.75 17.701 9.06
      vertex 50.9131 17.81 9.06
    endloop
  endfacet
  facet normal 0 0 -1
    outer loop
      vertex 50.574 -17.6142 9.06
      vertex 50.75 17.701 9.06
      vertex 50.75 -17.701 9.06
    endloop
  endfacet
  facet normal 0 0 -1
    outer loop
      vertex 50.574 -17.6142 9.06
      vertex 50.574 17.6142 9.06
      vertex 50.75 17.701 9.06
    endloop
  endfacet
  facet normal 0 0 -1
    outer loop
      vertex 50.3882 -17.5511 9.06
      vertex 50.574 17.6142 9.06
      vertex 50.574 -17.6142 9.06
    endloop
  endfacet
  facet normal 0 0 -1
    outer loop
      vertex 50.3882 -17.5511 9.06
      vertex 50.3882 17.5511 9.06
      vertex 50.574 17.6142 9.06
    endloop
  endfacet
  facet normal 0 0 -1
    outer loop
      vertex 50.1958 -17.5128 9.06
      vertex 50.3882 17.5511 9.06
      vertex 50.3882 -17.5511 9.06
    endloop
  endfacet
  facet normal 0 0 -1
    outer loop
      vertex 50.1958 -17.5128 9.06
      vertex 50.1958 17.5128 9.06
      vertex 50.3882 17.5511 9.06
    endloop
  endfacet
  facet normal 0 0 -1
    outer loop
      vertex 50 -17.5 9.06
      vertex 50.1958 17.5128 9.06
      vertex 50.1958 -17.5128 9.06
    endloop
  endfacet
  facet normal 0 0 -1
    outer loop
      vertex 50 -17.5 9.06
      vertex 50 17.5 9.06
      vertex 50.1958 17.5128 9.06
    endloop
  endfacet
  facet normal 0 0 -1
    outer loop
      vertex 49.8042 -17.5128 9.06
      vertex 50 17.5 9.06
      vertex 50 -17.5 9.06
    endloop
  endfacet
  facet normal 0 0 -1
    outer loop
      vertex 49.8042 -17.5128 9.06
      vertex 49.8042 17.5128 9.06
      vertex 50 17.5 9.06
    endloop
  endfacet
  facet normal 0 0 -1
    outer loop
      vertex 49.6118 -17.5511 9.06
      vertex 49.8042 17.5128 9.06
      vertex 49.8042 -17.5128 9.06
    endloop
  endfacet
  facet normal 0 0 -1
    outer loop
      vertex 49.6118 -17.5511 9.06
      vertex 49.6118 17.5511 9.06
      vertex 49.8042 17.5128 9.06
    endloop
  endfacet
  facet normal 0 0 -1
    outer loop
      vertex 49.426 -17.6142 9.06
      vertex 49.6118 17.5511 9.06
      vertex 49.6118 -17.5511 9.06
    endloop
  endfacet
  facet normal 0 0 -1
    outer loop
      vertex 49.426 -17.6142 9.06
      vertex 49.426 17.6142 9.06
      vertex 49.6118 17.5511 9.06
    endloop
  endfacet
  facet normal 0 0 -1
    outer loop
      vertex 48.701 -18.25 9.06
      vertex 37.299 -18.25 9.06
      vertex 48.81 -18.0869 9.06
    endloop
  endfacet
  facet normal 0 0 -1
    outer loop
      vertex 37.19 -18.0869 9.06
      vertex 48.81 -18.0869 9.06
      vertex 37.299 -18.25 9.06
    endloop
  endfacet
  facet normal 0 0 -1
    outer loop
      vertex 37.299 -18.25 9.06
      vertex 48.701 -18.25 9.06
      vertex 37.3858 -18.426 9.06
    endloop
  endfacet
  facet normal 0 0 -1
    outer loop
      vertex 48.81 -18.0869 9.06
      vertex 37.19 -18.0869 9.06
      vertex 48.9393 -17.9393 9.06
    endloop
  endfacet
  facet normal 0 0 -1
    outer loop
      vertex 48.6142 -18.426 9.06
      vertex 37.3858 -18.426 9.06
      vertex 48.701 -18.25 9.06
    endloop
  endfacet
  facet normal 0 0 -1
    outer loop
      vertex 49.426 17.6142 9.06
      vertex 37.5 19 9.06
      vertex 49.25 17.701 9.06
    endloop
  endfacet
  facet normal 0 0 -1
    outer loop
      vertex 37.3858 -18.426 9.06
      vertex 48.6142 -18.426 9.06
      vertex 37.4489 -18.6118 9.06
    endloop
  endfacet
  facet normal 0 0 -1
    outer loop
      vertex 49.25 17.701 9.06
      vertex 37.5 19 9.06
      vertex 49.0869 17.81 9.06
    endloop
  endfacet
  facet normal 0 0 -1
    outer loop
      vertex 48.5511 -18.6118 9.06
      vertex 37.4489 -18.6118 9.06
      vertex 48.6142 -18.426 9.06
    endloop
  endfacet
  facet normal 0 0 -1
    outer loop
      vertex 49.0869 17.81 9.06
      vertex 37.5 19 9.06
      vertex 48.9393 17.9393 9.06
    endloop
  endfacet
  facet normal 0 0 -1
    outer loop
      vertex 37.4489 -18.6118 9.06
      vertex 48.5511 -18.6118 9.06
      vertex 37.4872 -18.8042 9.06
    endloop
  endfacet
  facet normal 0 0 -1
    outer loop
      vertex 48.9393 17.9393 9.06
      vertex 37.5 19 9.06
      vertex 48.81 18.0869 9.06
    endloop
  endfacet
  facet normal 0 0 -1
    outer loop
      vertex 48.5128 -18.8042 9.06
      vertex 37.4872 -18.8042 9.06
      vertex 48.5511 -18.6118 9.06
    endloop
  endfacet
  facet normal 0 0 -1
    outer loop
      vertex 48.81 18.0869 9.06
      vertex 37.5 19 9.06
      vertex 48.701 18.25 9.06
    endloop
  endfacet
  facet normal 0 0 -1
    outer loop
      vertex 37.4872 -18.8042 9.06
      vertex 48.5128 -18.8042 9.06
      vertex 37.5 -19 9.06
    endloop
  endfacet
  facet normal 0 0 -1
    outer loop
      vertex 48.701 18.25 9.06
      vertex 37.5 19 9.06
      vertex 48.6142 18.426 9.06
    endloop
  endfacet
  facet normal 0 0 -1
    outer loop
      vertex 37.5 -19 9.06
      vertex 48.5128 -18.8042 9.06
      vertex 48.5 -19 9.06
    endloop
  endfacet
  facet normal 0 0 -1
    outer loop
      vertex 48.6142 18.426 9.06
      vertex 37.5 19 9.06
      vertex 48.5511 18.6118 9.06
    endloop
  endfacet
  facet normal 0 0 -1
    outer loop
      vertex 51.3858 -19.574 9.06
      vertex 53.5 -20 9.06
      vertex 53.4786 -20.3263 9.06
    endloop
  endfacet
  facet normal 0 0 -1
    outer loop
      vertex 51.4872 -18.8042 9.06
      vertex 53.5 -20 9.06
      vertex 51.5 -19 9.06
    endloop
  endfacet
  facet normal 0 0 -1
    outer loop
      vertex 51.299 -19.75 9.06
      vertex 53.4786 -20.3263 9.06
      vertex 53.4148 -20.647 9.06
    endloop
  endfacet
  facet normal 0 0 -1
    outer loop
      vertex 51.4489 -18.6118 9.06
      vertex 53.5 -20 9.06
      vertex 51.4872 -18.8042 9.06
    endloop
  endfacet
  facet normal 0 0 -1
    outer loop
      vertex 51.299 -19.75 9.06
      vertex 53.4148 -20.647 9.06
      vertex 53.3097 -20.9567 9.06
    endloop
  endfacet
  facet normal 0 0 -1
    outer loop
      vertex 51.4872 19.1958 9.06
      vertex 53.5 20 9.06
      vertex 51.5 19 9.06
    endloop
  endfacet
  facet normal 0 0 -1
    outer loop
      vertex 51.19 -19.9131 9.06
      vertex 53.3097 -20.9567 9.06
      vertex 53.1651 -21.25 9.06
    endloop
  endfacet
  facet normal 0 0 -1
    outer loop
      vertex 51.4489 19.3882 9.06
      vertex 53.5 20 9.06
      vertex 51.4872 19.1958 9.06
    endloop
  endfacet
  facet normal 0 0 -1
    outer loop
      vertex 51.19 -19.9131 9.06
      vertex 53.1651 -21.25 9.06
      vertex 52.9834 -21.5219 9.06
    endloop
  endfacet
  facet normal 0 0 -1
    outer loop
      vertex 51.3858 19.574 9.06
      vertex 53.5 20 9.06
      vertex 51.4489 19.3882 9.06
    endloop
  endfacet
  facet normal 0 0 -1
    outer loop
      vertex 51.0607 -20.0607 9.06
      vertex 52.9834 -21.5219 9.06
      vertex 52.7678 -21.7678 9.06
    endloop
  endfacet
  facet normal -0 0 -1
    outer loop
      vertex 53.5 20 9.06
      vertex 51.3858 19.574 9.06
      vertex 53.4786 20.3263 9.06
    endloop
  endfacet
  facet normal 0 0 -1
    outer loop
      vertex 51.0607 -20.0607 9.06
      vertex 52.7678 -21.7678 9.06
      vertex 52.5219 -21.9834 9.06
    endloop
  endfacet
  facet normal 0 0 -1
    outer loop
      vertex 51.299 19.75 9.06
      vertex 53.4786 20.3263 9.06
      vertex 51.3858 19.574 9.06
    endloop
  endfacet
  facet normal 0 0 -1
    outer loop
      vertex 50.9131 -20.19 9.06
      vertex 52.5219 -21.9834 9.06
      vertex 52.25 -22.1651 9.06
    endloop
  endfacet
  facet normal -0 0 -1
    outer loop
      vertex 53.4786 20.3263 9.06
      vertex 51.299 19.75 9.06
      vertex 53.4148 20.647 9.06
    endloop
  endfacet
  facet normal 0 0 -1
    outer loop
      vertex 50.9131 -20.19 9.06
      vertex 52.25 -22.1651 9.06
      vertex 51.9567 -22.3097 9.06
    endloop
  endfacet
  facet normal -0 0 -1
    outer loop
      vertex 53.4148 20.647 9.06
      vertex 51.299 19.75 9.06
      vertex 53.3097 20.9567 9.06
    endloop
  endfacet
  facet normal 0 0 -1
    outer loop
      vertex 50.75 -20.299 9.06
      vertex 51.9567 -22.3097 9.06
      vertex 51.647 -22.4148 9.06
    endloop
  endfacet
  facet normal 0 0 -1
    outer loop
      vertex 51.19 19.9131 9.06
      vertex 53.3097 20.9567 9.06
      vertex 51.299 19.75 9.06
    endloop
  endfacet
  facet normal -0 0 -1
    outer loop
      vertex 53.3097 20.9567 9.06
      vertex 51.19 19.9131 9.06
      vertex 53.1651 21.25 9.06
    endloop
  endfacet
  facet normal 0 0 -1
    outer loop
      vertex 53.5 -20 9.06
      vertex 51.4872 -19.1958 9.06
      vertex 51.5 -19 9.06
    endloop
  endfacet
  facet normal 0 0 -1
    outer loop
      vertex 53.5 -20 9.06
      vertex 51.4489 -19.3882 9.06
      vertex 51.4872 -19.1958 9.06
    endloop
  endfacet
  facet normal 0 0 -1
    outer loop
      vertex 53.5 -20 9.06
      vertex 51.3858 -19.574 9.06
      vertex 51.4489 -19.3882 9.06
    endloop
  endfacet
  facet normal 0 0 -1
    outer loop
      vertex 50.75 -20.299 9.06
      vertex 51.647 -22.4148 9.06
      vertex 51.3263 -22.4786 9.06
    endloop
  endfacet
  facet normal 0 0 -1
    outer loop
      vertex 53.4786 -20.3263 9.06
      vertex 51.299 -19.75 9.06
      vertex 51.3858 -19.574 9.06
    endloop
  endfacet
  facet normal 0 0 -1
    outer loop
      vertex 53.3097 -20.9567 9.06
      vertex 51.19 -19.9131 9.06
      vertex 51.299 -19.75 9.06
    endloop
  endfacet
  facet normal 0 0 -1
    outer loop
      vertex 52.9834 -21.5219 9.06
      vertex 51.0607 -20.0607 9.06
      vertex 51.19 -19.9131 9.06
    endloop
  endfacet
  facet normal 0 0 -1
    outer loop
      vertex 50.574 -20.3858 9.06
      vertex 51.3263 -22.4786 9.06
      vertex 51 -22.5 9.06
    endloop
  endfacet
  facet normal 0 0 -1
    outer loop
      vertex 52.5219 -21.9834 9.06
      vertex 50.9131 -20.19 9.06
      vertex 51.0607 -20.0607 9.06
    endloop
  endfacet
  facet normal 0 0 -1
    outer loop
      vertex 51.9567 -22.3097 9.06
      vertex 50.75 -20.299 9.06
      vertex 50.9131 -20.19 9.06
    endloop
  endfacet
  facet normal 0 0 -1
    outer loop
      vertex 51.3263 -22.4786 9.06
      vertex 50.574 -20.3858 9.06
      vertex 50.75 -20.299 9.06
    endloop
  endfacet
  facet normal 0 0 -1
    outer loop
      vertex 51 -22.5 9.06
      vertex 50.3882 -20.4489 9.06
      vertex 50.574 -20.3858 9.06
    endloop
  endfacet
  facet normal 0 0 -1
    outer loop
      vertex 51 -22.5 9.06
      vertex 50.1958 -20.4872 9.06
      vertex 50.3882 -20.4489 9.06
    endloop
  endfacet
  facet normal 0 0 -1
    outer loop
      vertex 51 -22.5 9.06
      vertex 50 -20.5 9.06
      vertex 50.1958 -20.4872 9.06
    endloop
  endfacet
  facet normal 0 0 -1
    outer loop
      vertex 51 -22.5 9.06
      vertex 49.8042 -20.4872 9.06
      vertex 50 -20.5 9.06
    endloop
  endfacet
  facet normal 0 0 -1
    outer loop
      vertex 51 -22.5 9.06
      vertex 49.6118 -20.4489 9.06
      vertex 49.8042 -20.4872 9.06
    endloop
  endfacet
  facet normal 0 0 -1
    outer loop
      vertex 51 -22.5 9.06
      vertex 49.426 -20.3858 9.06
      vertex 49.6118 -20.4489 9.06
    endloop
  endfacet
  facet normal 0 0 -1
    outer loop
      vertex 51 -22.5 9.06
      vertex 49.25 -20.299 9.06
      vertex 49.426 -20.3858 9.06
    endloop
  endfacet
  facet normal 0 0 -1
    outer loop
      vertex 51 -22.5 9.06
      vertex 49.0869 -20.19 9.06
      vertex 49.25 -20.299 9.06
    endloop
  endfacet
  facet normal 0 0 -1
    outer loop
      vertex 36.9131 -20.19 9.06
      vertex 49.0869 -20.19 9.06
      vertex 51 -22.5 9.06
    endloop
  endfacet
  facet normal 0 0 -1
    outer loop
      vertex 49.0869 -20.19 9.06
      vertex 36.9131 -20.19 9.06
      vertex 48.9393 -20.0607 9.06
    endloop
  endfacet
  facet normal 0 0 -1
    outer loop
      vertex 48.5511 18.6118 9.06
      vertex 37.5 19 9.06
      vertex 48.5128 18.8042 9.06
    endloop
  endfacet
  facet normal 0 0 -1
    outer loop
      vertex 48.5128 -19.1958 9.06
      vertex 37.5 -19 9.06
      vertex 48.5 -19 9.06
    endloop
  endfacet
  facet normal 0 0 -1
    outer loop
      vertex 37.4872 -19.1958 9.06
      vertex 48.5128 -19.1958 9.06
      vertex 48.5511 -19.3882 9.06
    endloop
  endfacet
  facet normal 0 0 -1
    outer loop
      vertex 37.4489 -19.3882 9.06
      vertex 48.5511 -19.3882 9.06
      vertex 48.6142 -19.574 9.06
    endloop
  endfacet
  facet normal 0 0 -1
    outer loop
      vertex 37.3858 -19.574 9.06
      vertex 48.6142 -19.574 9.06
      vertex 48.701 -19.75 9.06
    endloop
  endfacet
  facet normal 0 0 -1
    outer loop
      vertex 37.299 -19.75 9.06
      vertex 48.701 -19.75 9.06
      vertex 48.81 -19.9131 9.06
    endloop
  endfacet
  facet normal 0 0 -1
    outer loop
      vertex 48.9393 -20.0607 9.06
      vertex 37.0607 -20.0607 9.06
      vertex 48.81 -19.9131 9.06
    endloop
  endfacet
  facet normal 0 0 -1
    outer loop
      vertex 48.5128 -19.1958 9.06
      vertex 37.4872 -19.1958 9.06
      vertex 37.5 -19 9.06
    endloop
  endfacet
  facet normal 0 0 -1
    outer loop
      vertex 48.5511 -19.3882 9.06
      vertex 37.4489 -19.3882 9.06
      vertex 37.4872 -19.1958 9.06
    endloop
  endfacet
  facet normal 0 0 -1
    outer loop
      vertex 48.6142 -19.574 9.06
      vertex 37.3858 -19.574 9.06
      vertex 37.4489 -19.3882 9.06
    endloop
  endfacet
  facet normal 0 0 -1
    outer loop
      vertex 48.701 -19.75 9.06
      vertex 37.299 -19.75 9.06
      vertex 37.3858 -19.574 9.06
    endloop
  endfacet
  facet normal 0 0 -1
    outer loop
      vertex 48.81 -19.9131 9.06
      vertex 37.19 -19.9131 9.06
      vertex 37.299 -19.75 9.06
    endloop
  endfacet
  facet normal -0 0 -1
    outer loop
      vertex 48.81 -19.9131 9.06
      vertex 37.0607 -20.0607 9.06
      vertex 37.19 -19.9131 9.06
    endloop
  endfacet
  facet normal -0 0 -1
    outer loop
      vertex 48.9393 -20.0607 9.06
      vertex 36.9131 -20.19 9.06
      vertex 37.0607 -20.0607 9.06
    endloop
  endfacet
  facet normal 0 0 -1
    outer loop
      vertex 35 -22.5 9.06
      vertex 36.9131 -20.19 9.06
      vertex 51 -22.5 9.06
    endloop
  endfacet
  facet normal 0 0 -1
    outer loop
      vertex 36.9131 -20.19 9.06
      vertex 35 -22.5 9.06
      vertex 36.75 -20.299 9.06
    endloop
  endfacet
  facet normal 0 0 -1
    outer loop
      vertex 36.75 -20.299 9.06
      vertex 35 -22.5 9.06
      vertex 36.574 -20.3858 9.06
    endloop
  endfacet
  facet normal 0 0 -1
    outer loop
      vertex 36.574 -20.3858 9.06
      vertex 35 -22.5 9.06
      vertex 36.3882 -20.4489 9.06
    endloop
  endfacet
  facet normal 0 0 -1
    outer loop
      vertex 36.3882 -20.4489 9.06
      vertex 35 -22.5 9.06
      vertex 36.1958 -20.4872 9.06
    endloop
  endfacet
  facet normal 0 0 -1
    outer loop
      vertex 36.1958 -20.4872 9.06
      vertex 35 -22.5 9.06
      vertex 36 -20.5 9.06
    endloop
  endfacet
  facet normal -0 0 -1
    outer loop
      vertex 36 -20.5 9.06
      vertex 35 -22.5 9.06
      vertex 35.8042 -20.4872 9.06
    endloop
  endfacet
  facet normal 0 0 -1
    outer loop
      vertex 35 -22.5 9.06
      vertex 35.6118 -20.4489 9.06
      vertex 35.8042 -20.4872 9.06
    endloop
  endfacet
  facet normal 0 0 -1
    outer loop
      vertex 35 -22.5 9.06
      vertex 35.426 -20.3858 9.06
      vertex 35.6118 -20.4489 9.06
    endloop
  endfacet
  facet normal 0 0 -1
    outer loop
      vertex 34.6737 -22.4786 9.06
      vertex 35.426 -20.3858 9.06
      vertex 35 -22.5 9.06
    endloop
  endfacet
  facet normal -0 0 -1
    outer loop
      vertex 35.426 -20.3858 9.06
      vertex 34.6737 -22.4786 9.06
      vertex 35.25 -20.299 9.06
    endloop
  endfacet
  facet normal 0 0 -1
    outer loop
      vertex 34.353 -22.4148 9.06
      vertex 35.25 -20.299 9.06
      vertex 34.6737 -22.4786 9.06
    endloop
  endfacet
  facet normal 0 0 -1
    outer loop
      vertex 34.0433 -22.3097 9.06
      vertex 35.25 -20.299 9.06
      vertex 34.353 -22.4148 9.06
    endloop
  endfacet
  facet normal -0 0 -1
    outer loop
      vertex 35.25 -20.299 9.06
      vertex 34.0433 -22.3097 9.06
      vertex 35.0869 -20.19 9.06
    endloop
  endfacet
  facet normal 0 0 -1
    outer loop
      vertex 33.75 -22.1651 9.06
      vertex 35.0869 -20.19 9.06
      vertex 34.0433 -22.3097 9.06
    endloop
  endfacet
  facet normal 0 0 -1
    outer loop
      vertex 33.4781 -21.9834 9.06
      vertex 35.0869 -20.19 9.06
      vertex 33.75 -22.1651 9.06
    endloop
  endfacet
  facet normal -0 0 -1
    outer loop
      vertex 35.0869 -20.19 9.06
      vertex 33.4781 -21.9834 9.06
      vertex 34.9393 -20.0607 9.06
    endloop
  endfacet
  facet normal 0 0 -1
    outer loop
      vertex 33.2322 -21.7678 9.06
      vertex 34.9393 -20.0607 9.06
      vertex 33.4781 -21.9834 9.06
    endloop
  endfacet
  facet normal 0 0 -1
    outer loop
      vertex 33.0166 -21.5219 9.06
      vertex 34.9393 -20.0607 9.06
      vertex 33.2322 -21.7678 9.06
    endloop
  endfacet
  facet normal 0 0 -1
    outer loop
      vertex 32.8349 -21.25 9.06
      vertex 34.81 -19.9131 9.06
      vertex 33.0166 -21.5219 9.06
    endloop
  endfacet
  facet normal -0 0 -1
    outer loop
      vertex 34.9393 -20.0607 9.06
      vertex 33.0166 -21.5219 9.06
      vertex 34.81 -19.9131 9.06
    endloop
  endfacet
  facet normal -0 0 -1
    outer loop
      vertex 53.1651 21.25 9.06
      vertex 51.19 19.9131 9.06
      vertex 52.9834 21.5219 9.06
    endloop
  endfacet
  facet normal 0 0 -1
    outer loop
      vertex 51.0607 20.0607 9.06
      vertex 52.9834 21.5219 9.06
      vertex 51.19 19.9131 9.06
    endloop
  endfacet
  facet normal -0 0 -1
    outer loop
      vertex 52.9834 21.5219 9.06
      vertex 51.0607 20.0607 9.06
      vertex 52.7678 21.7678 9.06
    endloop
  endfacet
  facet normal -0 0 -1
    outer loop
      vertex 52.7678 21.7678 9.06
      vertex 51.0607 20.0607 9.06
      vertex 52.5219 21.9834 9.06
    endloop
  endfacet
  facet normal 0 0 -1
    outer loop
      vertex 50.9131 20.19 9.06
      vertex 52.5219 21.9834 9.06
      vertex 51.0607 20.0607 9.06
    endloop
  endfacet
  facet normal -0 0 -1
    outer loop
      vertex 52.5219 21.9834 9.06
      vertex 50.9131 20.19 9.06
      vertex 52.25 22.1651 9.06
    endloop
  endfacet
  facet normal -0 0 -1
    outer loop
      vertex 52.25 22.1651 9.06
      vertex 50.9131 20.19 9.06
      vertex 51.9567 22.3097 9.06
    endloop
  endfacet
  facet normal 0 0 -1
    outer loop
      vertex 50.75 20.299 9.06
      vertex 51.9567 22.3097 9.06
      vertex 50.9131 20.19 9.06
    endloop
  endfacet
  facet normal -0 0 -1
    outer loop
      vertex 51.9567 22.3097 9.06
      vertex 50.75 20.299 9.06
      vertex 51.647 22.4148 9.06
    endloop
  endfacet
  facet normal -0 0 -1
    outer loop
      vertex 51.647 22.4148 9.06
      vertex 50.75 20.299 9.06
      vertex 51.3263 22.4786 9.06
    endloop
  endfacet
  facet normal 0 0 -1
    outer loop
      vertex 50.574 20.3858 9.06
      vertex 51.3263 22.4786 9.06
      vertex 50.75 20.299 9.06
    endloop
  endfacet
  facet normal -0 0 -1
    outer loop
      vertex 51.3263 22.4786 9.06
      vertex 50.574 20.3858 9.06
      vertex 51 22.5 9.06
    endloop
  endfacet
  facet normal 0 0 -1
    outer loop
      vertex 50.3882 20.4489 9.06
      vertex 51 22.5 9.06
      vertex 50.574 20.3858 9.06
    endloop
  endfacet
  facet normal 0 0 -1
    outer loop
      vertex 50.1958 20.4872 9.06
      vertex 51 22.5 9.06
      vertex 50.3882 20.4489 9.06
    endloop
  endfacet
  facet normal 0 0 -1
    outer loop
      vertex 50 20.5 9.06
      vertex 51 22.5 9.06
      vertex 50.1958 20.4872 9.06
    endloop
  endfacet
  facet normal 0 0 -1
    outer loop
      vertex 49.8042 20.4872 9.06
      vertex 51 22.5 9.06
      vertex 50 20.5 9.06
    endloop
  endfacet
  facet normal 0 0 -1
    outer loop
      vertex 49.6118 20.4489 9.06
      vertex 51 22.5 9.06
      vertex 49.8042 20.4872 9.06
    endloop
  endfacet
  facet normal 0 0 -1
    outer loop
      vertex 49.426 20.3858 9.06
      vertex 51 22.5 9.06
      vertex 49.6118 20.4489 9.06
    endloop
  endfacet
  facet normal 0 0 -1
    outer loop
      vertex 49.25 20.299 9.06
      vertex 51 22.5 9.06
      vertex 49.426 20.3858 9.06
    endloop
  endfacet
  facet normal 0 0 -1
    outer loop
      vertex 49.0869 20.19 9.06
      vertex 51 22.5 9.06
      vertex 49.25 20.299 9.06
    endloop
  endfacet
  facet normal 0 0 -1
    outer loop
      vertex 36.9131 20.19 9.06
      vertex 49.0869 20.19 9.06
      vertex 48.9393 20.0607 9.06
    endloop
  endfacet
  facet normal 0 0 -1
    outer loop
      vertex 37.0607 20.0607 9.06
      vertex 48.9393 20.0607 9.06
      vertex 48.81 19.9131 9.06
    endloop
  endfacet
  facet normal 0 0 -1
    outer loop
      vertex 48.5128 18.8042 9.06
      vertex 37.5 19 9.06
      vertex 48.5 19 9.06
    endloop
  endfacet
  facet normal 0 0 -1
    outer loop
      vertex 48.5 19 9.06
      vertex 37.5 19 9.06
      vertex 48.5128 19.1958 9.06
    endloop
  endfacet
  facet normal 0 0 -1
    outer loop
      vertex 37.4872 19.1958 9.06
      vertex 48.5128 19.1958 9.06
      vertex 37.5 19 9.06
    endloop
  endfacet
  facet normal 0 0 -1
    outer loop
      vertex 48.5128 19.1958 9.06
      vertex 37.4872 19.1958 9.06
      vertex 48.5511 19.3882 9.06
    endloop
  endfacet
  facet normal 0 0 -1
    outer loop
      vertex 37.4489 19.3882 9.06
      vertex 48.5511 19.3882 9.06
      vertex 37.4872 19.1958 9.06
    endloop
  endfacet
  facet normal 0 0 -1
    outer loop
      vertex 48.5511 19.3882 9.06
      vertex 37.4489 19.3882 9.06
      vertex 48.6142 19.574 9.06
    endloop
  endfacet
  facet normal 0 0 -1
    outer loop
      vertex 37.3858 19.574 9.06
      vertex 48.6142 19.574 9.06
      vertex 37.4489 19.3882 9.06
    endloop
  endfacet
  facet normal 0 0 -1
    outer loop
      vertex 48.6142 19.574 9.06
      vertex 37.3858 19.574 9.06
      vertex 48.701 19.75 9.06
    endloop
  endfacet
  facet normal 0 0 -1
    outer loop
      vertex 37.299 19.75 9.06
      vertex 48.701 19.75 9.06
      vertex 37.3858 19.574 9.06
    endloop
  endfacet
  facet normal 0 0 -1
    outer loop
      vertex 48.701 19.75 9.06
      vertex 37.299 19.75 9.06
      vertex 48.81 19.9131 9.06
    endloop
  endfacet
  facet normal 0 0 -1
    outer loop
      vertex 37.19 19.9131 9.06
      vertex 48.81 19.9131 9.06
      vertex 37.299 19.75 9.06
    endloop
  endfacet
  facet normal 0 0 -1
    outer loop
      vertex 37.0607 20.0607 9.06
      vertex 48.81 19.9131 9.06
      vertex 37.19 19.9131 9.06
    endloop
  endfacet
  facet normal 0 0 -1
    outer loop
      vertex 36.9131 20.19 9.06
      vertex 48.9393 20.0607 9.06
      vertex 37.0607 20.0607 9.06
    endloop
  endfacet
  facet normal 0 0 -1
    outer loop
      vertex 49.0869 20.19 9.06
      vertex 36.9131 20.19 9.06
      vertex 51 22.5 9.06
    endloop
  endfacet
  facet normal 0 0 -1
    outer loop
      vertex 35 22.5 9.06
      vertex 36.9131 20.19 9.06
      vertex 36.75 20.299 9.06
    endloop
  endfacet
  facet normal 0 0 -1
    outer loop
      vertex 35 22.5 9.06
      vertex 36.75 20.299 9.06
      vertex 36.574 20.3858 9.06
    endloop
  endfacet
  facet normal 0 0 -1
    outer loop
      vertex 35 22.5 9.06
      vertex 36.574 20.3858 9.06
      vertex 36.3882 20.4489 9.06
    endloop
  endfacet
  facet normal 0 0 -1
    outer loop
      vertex 35 22.5 9.06
      vertex 36.3882 20.4489 9.06
      vertex 36.1958 20.4872 9.06
    endloop
  endfacet
  facet normal 0 0 -1
    outer loop
      vertex 35 22.5 9.06
      vertex 36.1958 20.4872 9.06
      vertex 36 20.5 9.06
    endloop
  endfacet
  facet normal 0 0 -1
    outer loop
      vertex 35 22.5 9.06
      vertex 36 20.5 9.06
      vertex 35.8042 20.4872 9.06
    endloop
  endfacet
  facet normal 0 0 -1
    outer loop
      vertex 36.9131 20.19 9.06
      vertex 35 22.5 9.06
      vertex 51 22.5 9.06
    endloop
  endfacet
  facet normal 0 0 -1
    outer loop
      vertex 35.6118 20.4489 9.06
      vertex 35 22.5 9.06
      vertex 35.8042 20.4872 9.06
    endloop
  endfacet
  facet normal 0 0 -1
    outer loop
      vertex 35.426 20.3858 9.06
      vertex 35 22.5 9.06
      vertex 35.6118 20.4489 9.06
    endloop
  endfacet
  facet normal 0 0 -1
    outer loop
      vertex 34.6737 22.4786 9.06
      vertex 35.426 20.3858 9.06
      vertex 35.25 20.299 9.06
    endloop
  endfacet
  facet normal 0 0 -1
    outer loop
      vertex 34.0433 22.3097 9.06
      vertex 35.25 20.299 9.06
      vertex 35.0869 20.19 9.06
    endloop
  endfacet
  facet normal 0 0 -1
    outer loop
      vertex 33.4781 21.9834 9.06
      vertex 35.0869 20.19 9.06
      vertex 34.9393 20.0607 9.06
    endloop
  endfacet
  facet normal 0 0 -1
    outer loop
      vertex 33.0166 21.5219 9.06
      vertex 34.9393 20.0607 9.06
      vertex 34.81 19.9131 9.06
    endloop
  endfacet
  facet normal 0 0 -1
    outer loop
      vertex 32.6903 20.9567 9.06
      vertex 34.81 19.9131 9.06
      vertex 34.701 19.75 9.06
    endloop
  endfacet
  facet normal 0 0 -1
    outer loop
      vertex 35.426 20.3858 9.06
      vertex 34.6737 22.4786 9.06
      vertex 35 22.5 9.06
    endloop
  endfacet
  facet normal 0 0 -1
    outer loop
      vertex 32.5214 20.3263 9.06
      vertex 34.701 19.75 9.06
      vertex 34.6142 19.574 9.06
    endloop
  endfacet
  facet normal 0 0 -1
    outer loop
      vertex 32.5 20 9.06
      vertex 34.6142 19.574 9.06
      vertex 34.5511 19.3882 9.06
    endloop
  endfacet
  facet normal 0 0 -1
    outer loop
      vertex 32.5 20 9.06
      vertex 34.5511 19.3882 9.06
      vertex 34.5128 19.1958 9.06
    endloop
  endfacet
  facet normal 0 0 -1
    outer loop
      vertex 32.5 20 9.06
      vertex 34.5128 19.1958 9.06
      vertex 34.5 19 9.06
    endloop
  endfacet
  facet normal 0 0 -1
    outer loop
      vertex 35.25 20.299 9.06
      vertex 34.353 22.4148 9.06
      vertex 34.6737 22.4786 9.06
    endloop
  endfacet
  facet normal 0 0 -1
    outer loop
      vertex 34.5511 18.6118 9.06
      vertex 32.5 20 9.06
      vertex 34.5128 18.8042 9.06
    endloop
  endfacet
  facet normal 0 0 -1
    outer loop
      vertex 32.6903 -20.9567 9.06
      vertex 34.81 -19.9131 9.06
      vertex 32.8349 -21.25 9.06
    endloop
  endfacet
  facet normal 0 0 -1
    outer loop
      vertex 34.5128 18.8042 9.06
      vertex 32.5 20 9.06
      vertex 34.5 19 9.06
    endloop
  endfacet
  facet normal -0 0 -1
    outer loop
      vertex 34.81 -19.9131 9.06
      vertex 32.6903 -20.9567 9.06
      vertex 34.701 -19.75 9.06
    endloop
  endfacet
  facet normal 0 0 -1
    outer loop
      vertex 34.6142 19.574 9.06
      vertex 32.5 20 9.06
      vertex 32.5214 20.3263 9.06
    endloop
  endfacet
  facet normal 0 0 -1
    outer loop
      vertex 32.5852 -20.647 9.06
      vertex 34.701 -19.75 9.06
      vertex 32.6903 -20.9567 9.06
    endloop
  endfacet
  facet normal 0 0 -1
    outer loop
      vertex 35.25 20.299 9.06
      vertex 34.0433 22.3097 9.06
      vertex 34.353 22.4148 9.06
    endloop
  endfacet
  facet normal 0 0 -1
    outer loop
      vertex 32.5214 -20.3263 9.06
      vertex 34.701 -19.75 9.06
      vertex 32.5852 -20.647 9.06
    endloop
  endfacet
  facet normal 0 0 -1
    outer loop
      vertex 35.0869 20.19 9.06
      vertex 33.75 22.1651 9.06
      vertex 34.0433 22.3097 9.06
    endloop
  endfacet
  facet normal -0 0 -1
    outer loop
      vertex 34.701 -19.75 9.06
      vertex 32.5214 -20.3263 9.06
      vertex 34.6142 -19.574 9.06
    endloop
  endfacet
  facet normal 0 0 -1
    outer loop
      vertex 35.0869 20.19 9.06
      vertex 33.4781 21.9834 9.06
      vertex 33.75 22.1651 9.06
    endloop
  endfacet
  facet normal 0 0 -1
    outer loop
      vertex 32.5 -20 9.06
      vertex 34.6142 -19.574 9.06
      vertex 32.5214 -20.3263 9.06
    endloop
  endfacet
  facet normal 0 0 -1
    outer loop
      vertex 34.9393 20.0607 9.06
      vertex 33.2322 21.7678 9.06
      vertex 33.4781 21.9834 9.06
    endloop
  endfacet
  facet normal -0 0 -1
    outer loop
      vertex 34.6142 -19.574 9.06
      vertex 32.5 -20 9.06
      vertex 34.5511 -19.3882 9.06
    endloop
  endfacet
  facet normal 0 0 -1
    outer loop
      vertex 34.9393 20.0607 9.06
      vertex 33.0166 21.5219 9.06
      vertex 33.2322 21.7678 9.06
    endloop
  endfacet
  facet normal -0 0 -1
    outer loop
      vertex 34.5511 -19.3882 9.06
      vertex 32.5 -20 9.06
      vertex 34.5128 -19.1958 9.06
    endloop
  endfacet
  facet normal 0 0 -1
    outer loop
      vertex 34.81 19.9131 9.06
      vertex 32.8349 21.25 9.06
      vertex 33.0166 21.5219 9.06
    endloop
  endfacet
  facet normal -0 0 -1
    outer loop
      vertex 34.5128 -19.1958 9.06
      vertex 32.5 -20 9.06
      vertex 34.5 -19 9.06
    endloop
  endfacet
  facet normal 0 0 -1
    outer loop
      vertex 34.81 19.9131 9.06
      vertex 32.6903 20.9567 9.06
      vertex 32.8349 21.25 9.06
    endloop
  endfacet
  facet normal 0 0 -1
    outer loop
      vertex 34.701 19.75 9.06
      vertex 32.5852 20.647 9.06
      vertex 32.6903 20.9567 9.06
    endloop
  endfacet
  facet normal 0 0 -1
    outer loop
      vertex 34.701 19.75 9.06
      vertex 32.5214 20.3263 9.06
      vertex 32.5852 20.647 9.06
    endloop
  endfacet
  facet normal 0.442191 -0.896921 0
    outer loop
      vertex 51.9567 -22.3097 9.06
      vertex 52.25 -22.1651 10.66
      vertex 51.9567 -22.3097 10.66
    endloop
  endfacet
  facet normal 0.442191 -0.896921 0
    outer loop
      vertex 52.25 -22.1651 10.66
      vertex 51.9567 -22.3097 9.06
      vertex 52.25 -22.1651 9.06
    endloop
  endfacet
endsolid OpenSCAD_Model
