solid OpenSCAD_Model
  facet normal 0.896983 -0.442066 0
    outer loop
      vertex -25.2703 0.526189 1.6
      vertex -25.1908 0.6875 0
      vertex -25.1908 0.6875 1.6
    endloop
  endfacet
  facet normal 0.896983 -0.442066 0
    outer loop
      vertex -25.1908 0.6875 0
      vertex -25.2703 0.526189 1.6
      vertex -25.2703 0.526189 0
    endloop
  endfacet
  facet normal 0.896983 0.442066 0
    outer loop
      vertex -25.1908 -0.6875 1.6
      vertex -25.2703 -0.526189 0
      vertex -25.2703 -0.526189 1.6
    endloop
  endfacet
  facet normal 0.896983 0.442066 0
    outer loop
      vertex -25.2703 -0.526189 0
      vertex -25.1908 -0.6875 1.6
      vertex -25.1908 -0.6875 0
    endloop
  endfacet
  facet normal -0.980773 -0.195151 0
    outer loop
      vertex -22.6368 0.179473 0
      vertex -22.6719 0.355876 1.6
      vertex -22.6719 0.355876 0
    endloop
  endfacet
  facet normal -0.980773 -0.195151 0
    outer loop
      vertex -22.6719 0.355876 1.6
      vertex -22.6368 0.179473 0
      vertex -22.6368 0.179473 1.6
    endloop
  endfacet
  facet normal -0.997846 -0.0656064 0
    outer loop
      vertex -22.625 0 0
      vertex -22.6368 0.179473 1.6
      vertex -22.6368 0.179473 0
    endloop
  endfacet
  facet normal -0.997846 -0.0656064 0
    outer loop
      vertex -22.6368 0.179473 1.6
      vertex -22.625 0 0
      vertex -22.625 0 1.6
    endloop
  endfacet
  facet normal -0.0653752 0.997861 0
    outer loop
      vertex -23.8205 -1.36324 0
      vertex -24 -1.375 1.6
      vertex -23.8205 -1.36324 1.6
    endloop
  endfacet
  facet normal -0.0653752 0.997861 0
    outer loop
      vertex -24 -1.375 1.6
      vertex -23.8205 -1.36324 0
      vertex -24 -1.375 0
    endloop
  endfacet
  facet normal -0.659139 0.752021 0
    outer loop
      vertex -23.0277 -0.972271 0
      vertex -23.163 -1.09086 1.6
      vertex -23.0277 -0.972271 1.6
    endloop
  endfacet
  facet normal -0.659139 0.752021 0
    outer loop
      vertex -23.163 -1.09086 1.6
      vertex -23.0277 -0.972271 0
      vertex -23.163 -1.09086 0
    endloop
  endfacet
  facet normal 0.831532 0.555478 0
    outer loop
      vertex -25.0909 -0.837047 1.6
      vertex -25.1908 -0.6875 0
      vertex -25.1908 -0.6875 1.6
    endloop
  endfacet
  facet normal 0.831532 0.555478 0
    outer loop
      vertex -25.1908 -0.6875 0
      vertex -25.0909 -0.837047 1.6
      vertex -25.0909 -0.837047 0
    endloop
  endfacet
  facet normal 0.997846 0.0656064 0
    outer loop
      vertex -25.3632 -0.179473 1.6
      vertex -25.375 0 0
      vertex -25.375 0 1.6
    endloop
  endfacet
  facet normal 0.997846 0.0656064 0
    outer loop
      vertex -25.375 0 0
      vertex -25.3632 -0.179473 1.6
      vertex -25.3632 -0.179473 0
    endloop
  endfacet
  facet normal -0.980773 0.195151 0
    outer loop
      vertex -22.6719 -0.355876 0
      vertex -22.6368 -0.179473 1.6
      vertex -22.6368 -0.179473 0
    endloop
  endfacet
  facet normal -0.980773 0.195151 0
    outer loop
      vertex -22.6368 -0.179473 1.6
      vertex -22.6719 -0.355876 0
      vertex -22.6719 -0.355876 1.6
    endloop
  endfacet
  facet normal 0.555675 -0.831399 0
    outer loop
      vertex -24.837 1.09086 0
      vertex -24.6875 1.19078 1.6
      vertex -24.837 1.09086 1.6
    endloop
  endfacet
  facet normal 0.555675 -0.831399 0
    outer loop
      vertex -24.6875 1.19078 1.6
      vertex -24.837 1.09086 0
      vertex -24.6875 1.19078 0
    endloop
  endfacet
  facet normal -0.659139 -0.752021 0
    outer loop
      vertex -23.163 1.09086 0
      vertex -23.0277 0.972271 1.6
      vertex -23.163 1.09086 1.6
    endloop
  endfacet
  facet normal -0.659139 -0.752021 -0
    outer loop
      vertex -23.0277 0.972271 1.6
      vertex -23.163 1.09086 0
      vertex -23.0277 0.972271 0
    endloop
  endfacet
  facet normal -0.751807 0.659383 0
    outer loop
      vertex -23.0277 -0.972271 0
      vertex -22.9091 -0.837047 1.6
      vertex -22.9091 -0.837047 0
    endloop
  endfacet
  facet normal -0.751807 0.659383 0
    outer loop
      vertex -22.9091 -0.837047 1.6
      vertex -23.0277 -0.972271 0
      vertex -23.0277 -0.972271 1.6
    endloop
  endfacet
  facet normal 0.659139 -0.752021 0
    outer loop
      vertex -24.9723 0.972271 0
      vertex -24.837 1.09086 1.6
      vertex -24.9723 0.972271 1.6
    endloop
  endfacet
  facet normal 0.659139 -0.752021 0
    outer loop
      vertex -24.837 1.09086 1.6
      vertex -24.9723 0.972271 0
      vertex -24.837 1.09086 0
    endloop
  endfacet
  facet normal 0.946953 0.321372 0
    outer loop
      vertex -25.2703 -0.526189 1.6
      vertex -25.3281 -0.355876 0
      vertex -25.3281 -0.355876 1.6
    endloop
  endfacet
  facet normal 0.946953 0.321372 0
    outer loop
      vertex -25.3281 -0.355876 0
      vertex -25.2703 -0.526189 1.6
      vertex -25.2703 -0.526189 0
    endloop
  endfacet
  facet normal -0.831532 0.555478 0
    outer loop
      vertex -22.9091 -0.837047 0
      vertex -22.8092 -0.6875 1.6
      vertex -22.8092 -0.6875 0
    endloop
  endfacet
  facet normal -0.831532 0.555478 0
    outer loop
      vertex -22.8092 -0.6875 1.6
      vertex -22.9091 -0.837047 0
      vertex -22.9091 -0.837047 1.6
    endloop
  endfacet
  facet normal -0.751807 -0.659383 0
    outer loop
      vertex -22.9091 0.837047 0
      vertex -23.0277 0.972271 1.6
      vertex -23.0277 0.972271 0
    endloop
  endfacet
  facet normal -0.751807 -0.659383 0
    outer loop
      vertex -23.0277 0.972271 1.6
      vertex -22.9091 0.837047 0
      vertex -22.9091 0.837047 1.6
    endloop
  endfacet
  facet normal -0.321494 0.946912 0
    outer loop
      vertex -23.4738 -1.27033 0
      vertex -23.6441 -1.32815 1.6
      vertex -23.4738 -1.27033 1.6
    endloop
  endfacet
  facet normal -0.321494 0.946912 0
    outer loop
      vertex -23.6441 -1.32815 1.6
      vertex -23.4738 -1.27033 0
      vertex -23.6441 -1.32815 0
    endloop
  endfacet
  facet normal -0.321494 -0.946912 0
    outer loop
      vertex -23.6441 1.32815 0
      vertex -23.4738 1.27033 1.6
      vertex -23.6441 1.32815 1.6
    endloop
  endfacet
  facet normal -0.321494 -0.946912 -0
    outer loop
      vertex -23.4738 1.27033 1.6
      vertex -23.6441 1.32815 0
      vertex -23.4738 1.27033 0
    endloop
  endfacet
  facet normal 0.0653752 0.997861 -0
    outer loop
      vertex -24 -1.375 0
      vertex -24.1795 -1.36324 1.6
      vertex -24 -1.375 1.6
    endloop
  endfacet
  facet normal 0.0653752 0.997861 0
    outer loop
      vertex -24.1795 -1.36324 1.6
      vertex -24 -1.375 0
      vertex -24.1795 -1.36324 0
    endloop
  endfacet
  facet normal 0.321494 -0.946912 0
    outer loop
      vertex -24.5262 1.27033 0
      vertex -24.3559 1.32815 1.6
      vertex -24.5262 1.27033 1.6
    endloop
  endfacet
  facet normal 0.321494 -0.946912 0
    outer loop
      vertex -24.3559 1.32815 1.6
      vertex -24.5262 1.27033 0
      vertex -24.3559 1.32815 0
    endloop
  endfacet
  facet normal 0.751807 0.659383 0
    outer loop
      vertex -24.9723 -0.972271 1.6
      vertex -25.0909 -0.837047 0
      vertex -25.0909 -0.837047 1.6
    endloop
  endfacet
  facet normal 0.751807 0.659383 0
    outer loop
      vertex -25.0909 -0.837047 0
      vertex -24.9723 -0.972271 1.6
      vertex -24.9723 -0.972271 0
    endloop
  endfacet
  facet normal -0.896983 0.442066 0
    outer loop
      vertex -22.8092 -0.6875 0
      vertex -22.7297 -0.526189 1.6
      vertex -22.7297 -0.526189 0
    endloop
  endfacet
  facet normal -0.896983 0.442066 0
    outer loop
      vertex -22.7297 -0.526189 1.6
      vertex -22.8092 -0.6875 0
      vertex -22.8092 -0.6875 1.6
    endloop
  endfacet
  facet normal 0.980773 0.195151 0
    outer loop
      vertex -25.3281 -0.355876 1.6
      vertex -25.3632 -0.179473 0
      vertex -25.3632 -0.179473 1.6
    endloop
  endfacet
  facet normal 0.980773 0.195151 0
    outer loop
      vertex -25.3632 -0.179473 0
      vertex -25.3281 -0.355876 1.6
      vertex -25.3281 -0.355876 0
    endloop
  endfacet
  facet normal 0.659139 0.752021 -0
    outer loop
      vertex -24.837 -1.09086 0
      vertex -24.9723 -0.972271 1.6
      vertex -24.837 -1.09086 1.6
    endloop
  endfacet
  facet normal 0.659139 0.752021 0
    outer loop
      vertex -24.9723 -0.972271 1.6
      vertex -24.837 -1.09086 0
      vertex -24.9723 -0.972271 0
    endloop
  endfacet
  facet normal -0.831532 -0.555478 0
    outer loop
      vertex -22.8092 0.6875 0
      vertex -22.9091 0.837047 1.6
      vertex -22.9091 0.837047 0
    endloop
  endfacet
  facet normal -0.831532 -0.555478 0
    outer loop
      vertex -22.9091 0.837047 1.6
      vertex -22.8092 0.6875 0
      vertex -22.8092 0.6875 1.6
    endloop
  endfacet
  facet normal -0.997846 0.0656064 0
    outer loop
      vertex -22.6368 -0.179473 0
      vertex -22.625 0 1.6
      vertex -22.625 0 0
    endloop
  endfacet
  facet normal -0.997846 0.0656064 0
    outer loop
      vertex -22.625 0 1.6
      vertex -22.6368 -0.179473 0
      vertex -22.6368 -0.179473 1.6
    endloop
  endfacet
  facet normal 0.1951 0.980783 -0
    outer loop
      vertex -24.1795 -1.36324 0
      vertex -24.3559 -1.32815 1.6
      vertex -24.1795 -1.36324 1.6
    endloop
  endfacet
  facet normal 0.1951 0.980783 0
    outer loop
      vertex -24.3559 -1.32815 1.6
      vertex -24.1795 -1.36324 0
      vertex -24.3559 -1.32815 0
    endloop
  endfacet
  facet normal -0.555675 -0.831399 0
    outer loop
      vertex -23.3125 1.19078 0
      vertex -23.163 1.09086 1.6
      vertex -23.3125 1.19078 1.6
    endloop
  endfacet
  facet normal -0.555675 -0.831399 -0
    outer loop
      vertex -23.163 1.09086 1.6
      vertex -23.3125 1.19078 0
      vertex -23.163 1.09086 0
    endloop
  endfacet
  facet normal -0.555675 0.831399 0
    outer loop
      vertex -23.163 -1.09086 0
      vertex -23.3125 -1.19078 1.6
      vertex -23.163 -1.09086 1.6
    endloop
  endfacet
  facet normal -0.555675 0.831399 0
    outer loop
      vertex -23.3125 -1.19078 1.6
      vertex -23.163 -1.09086 0
      vertex -23.3125 -1.19078 0
    endloop
  endfacet
  facet normal -0.1951 0.980783 0
    outer loop
      vertex -23.6441 -1.32815 0
      vertex -23.8205 -1.36324 1.6
      vertex -23.6441 -1.32815 1.6
    endloop
  endfacet
  facet normal -0.1951 0.980783 0
    outer loop
      vertex -23.8205 -1.36324 1.6
      vertex -23.6441 -1.32815 0
      vertex -23.8205 -1.36324 0
    endloop
  endfacet
  facet normal -0.0653752 -0.997861 0
    outer loop
      vertex -24 1.375 0
      vertex -23.8205 1.36324 1.6
      vertex -24 1.375 1.6
    endloop
  endfacet
  facet normal -0.0653752 -0.997861 -0
    outer loop
      vertex -23.8205 1.36324 1.6
      vertex -24 1.375 0
      vertex -23.8205 1.36324 0
    endloop
  endfacet
  facet normal -0.896983 -0.442066 0
    outer loop
      vertex -22.7297 0.526189 0
      vertex -22.8092 0.6875 1.6
      vertex -22.8092 0.6875 0
    endloop
  endfacet
  facet normal -0.896983 -0.442066 0
    outer loop
      vertex -22.8092 0.6875 1.6
      vertex -22.7297 0.526189 0
      vertex -22.7297 0.526189 1.6
    endloop
  endfacet
  facet normal -0.442314 -0.89686 0
    outer loop
      vertex -23.4738 1.27033 0
      vertex -23.3125 1.19078 1.6
      vertex -23.4738 1.27033 1.6
    endloop
  endfacet
  facet normal -0.442314 -0.89686 -0
    outer loop
      vertex -23.3125 1.19078 1.6
      vertex -23.4738 1.27033 0
      vertex -23.3125 1.19078 0
    endloop
  endfacet
  facet normal 0.751807 -0.659383 0
    outer loop
      vertex -25.0909 0.837047 1.6
      vertex -24.9723 0.972271 0
      vertex -24.9723 0.972271 1.6
    endloop
  endfacet
  facet normal 0.751807 -0.659383 0
    outer loop
      vertex -24.9723 0.972271 0
      vertex -25.0909 0.837047 1.6
      vertex -25.0909 0.837047 0
    endloop
  endfacet
  facet normal 0.980773 -0.195151 0
    outer loop
      vertex -25.3632 0.179473 1.6
      vertex -25.3281 0.355876 0
      vertex -25.3281 0.355876 1.6
    endloop
  endfacet
  facet normal 0.980773 -0.195151 0
    outer loop
      vertex -25.3281 0.355876 0
      vertex -25.3632 0.179473 1.6
      vertex -25.3632 0.179473 0
    endloop
  endfacet
  facet normal -0.1951 -0.980783 0
    outer loop
      vertex -23.8205 1.36324 0
      vertex -23.6441 1.32815 1.6
      vertex -23.8205 1.36324 1.6
    endloop
  endfacet
  facet normal -0.1951 -0.980783 -0
    outer loop
      vertex -23.6441 1.32815 1.6
      vertex -23.8205 1.36324 0
      vertex -23.6441 1.32815 0
    endloop
  endfacet
  facet normal 0.946953 -0.321372 0
    outer loop
      vertex -25.3281 0.355876 1.6
      vertex -25.2703 0.526189 0
      vertex -25.2703 0.526189 1.6
    endloop
  endfacet
  facet normal 0.946953 -0.321372 0
    outer loop
      vertex -25.2703 0.526189 0
      vertex -25.3281 0.355876 1.6
      vertex -25.3281 0.355876 0
    endloop
  endfacet
  facet normal 0.1951 -0.980783 0
    outer loop
      vertex -24.3559 1.32815 0
      vertex -24.1795 1.36324 1.6
      vertex -24.3559 1.32815 1.6
    endloop
  endfacet
  facet normal 0.1951 -0.980783 0
    outer loop
      vertex -24.1795 1.36324 1.6
      vertex -24.3559 1.32815 0
      vertex -24.1795 1.36324 0
    endloop
  endfacet
  facet normal -0.946953 -0.321372 0
    outer loop
      vertex -22.6719 0.355876 0
      vertex -22.7297 0.526189 1.6
      vertex -22.7297 0.526189 0
    endloop
  endfacet
  facet normal -0.946953 -0.321372 0
    outer loop
      vertex -22.7297 0.526189 1.6
      vertex -22.6719 0.355876 0
      vertex -22.6719 0.355876 1.6
    endloop
  endfacet
  facet normal -0.946953 0.321372 0
    outer loop
      vertex -22.7297 -0.526189 0
      vertex -22.6719 -0.355876 1.6
      vertex -22.6719 -0.355876 0
    endloop
  endfacet
  facet normal -0.946953 0.321372 0
    outer loop
      vertex -22.6719 -0.355876 1.6
      vertex -22.7297 -0.526189 0
      vertex -22.7297 -0.526189 1.6
    endloop
  endfacet
  facet normal 0.997846 -0.0656064 0
    outer loop
      vertex -25.375 0 1.6
      vertex -25.3632 0.179473 0
      vertex -25.3632 0.179473 1.6
    endloop
  endfacet
  facet normal 0.997846 -0.0656064 0
    outer loop
      vertex -25.3632 0.179473 0
      vertex -25.375 0 1.6
      vertex -25.375 0 0
    endloop
  endfacet
  facet normal 0.0653752 -0.997861 0
    outer loop
      vertex -24.1795 1.36324 0
      vertex -24 1.375 1.6
      vertex -24.1795 1.36324 1.6
    endloop
  endfacet
  facet normal 0.0653752 -0.997861 0
    outer loop
      vertex -24 1.375 1.6
      vertex -24.1795 1.36324 0
      vertex -24 1.375 0
    endloop
  endfacet
  facet normal 0.321494 0.946912 -0
    outer loop
      vertex -24.3559 -1.32815 0
      vertex -24.5262 -1.27033 1.6
      vertex -24.3559 -1.32815 1.6
    endloop
  endfacet
  facet normal 0.321494 0.946912 0
    outer loop
      vertex -24.5262 -1.27033 1.6
      vertex -24.3559 -1.32815 0
      vertex -24.5262 -1.27033 0
    endloop
  endfacet
  facet normal 0.442314 -0.89686 0
    outer loop
      vertex -24.6875 1.19078 0
      vertex -24.5262 1.27033 1.6
      vertex -24.6875 1.19078 1.6
    endloop
  endfacet
  facet normal 0.442314 -0.89686 0
    outer loop
      vertex -24.5262 1.27033 1.6
      vertex -24.6875 1.19078 0
      vertex -24.5262 1.27033 0
    endloop
  endfacet
  facet normal -0.442314 0.89686 0
    outer loop
      vertex -23.3125 -1.19078 0
      vertex -23.4738 -1.27033 1.6
      vertex -23.3125 -1.19078 1.6
    endloop
  endfacet
  facet normal -0.442314 0.89686 0
    outer loop
      vertex -23.4738 -1.27033 1.6
      vertex -23.3125 -1.19078 0
      vertex -23.4738 -1.27033 0
    endloop
  endfacet
  facet normal 0.442314 0.89686 -0
    outer loop
      vertex -24.5262 -1.27033 0
      vertex -24.6875 -1.19078 1.6
      vertex -24.5262 -1.27033 1.6
    endloop
  endfacet
  facet normal 0.442314 0.89686 0
    outer loop
      vertex -24.6875 -1.19078 1.6
      vertex -24.5262 -1.27033 0
      vertex -24.6875 -1.19078 0
    endloop
  endfacet
  facet normal 0.831532 -0.555478 0
    outer loop
      vertex -25.1908 0.6875 1.6
      vertex -25.0909 0.837047 0
      vertex -25.0909 0.837047 1.6
    endloop
  endfacet
  facet normal 0.831532 -0.555478 0
    outer loop
      vertex -25.0909 0.837047 0
      vertex -25.1908 0.6875 1.6
      vertex -25.1908 0.6875 0
    endloop
  endfacet
  facet normal 0.555675 0.831399 -0
    outer loop
      vertex -24.6875 -1.19078 0
      vertex -24.837 -1.09086 1.6
      vertex -24.6875 -1.19078 1.6
    endloop
  endfacet
  facet normal 0.555675 0.831399 0
    outer loop
      vertex -24.837 -1.09086 1.6
      vertex -24.6875 -1.19078 0
      vertex -24.837 -1.09086 0
    endloop
  endfacet
  facet normal 0.896983 -0.442066 0
    outer loop
      vertex -13.2703 0.526189 1.6
      vertex -13.1908 0.6875 0
      vertex -13.1908 0.6875 1.6
    endloop
  endfacet
  facet normal 0.896983 -0.442066 0
    outer loop
      vertex -13.1908 0.6875 0
      vertex -13.2703 0.526189 1.6
      vertex -13.2703 0.526189 0
    endloop
  endfacet
  facet normal 0.896983 0.442066 0
    outer loop
      vertex -13.1908 -0.6875 1.6
      vertex -13.2703 -0.526189 0
      vertex -13.2703 -0.526189 1.6
    endloop
  endfacet
  facet normal 0.896983 0.442066 0
    outer loop
      vertex -13.2703 -0.526189 0
      vertex -13.1908 -0.6875 1.6
      vertex -13.1908 -0.6875 0
    endloop
  endfacet
  facet normal -0.980773 -0.195151 0
    outer loop
      vertex -10.6368 0.179473 0
      vertex -10.6719 0.355876 1.6
      vertex -10.6719 0.355876 0
    endloop
  endfacet
  facet normal -0.980773 -0.195151 0
    outer loop
      vertex -10.6719 0.355876 1.6
      vertex -10.6368 0.179473 0
      vertex -10.6368 0.179473 1.6
    endloop
  endfacet
  facet normal -0.997846 -0.0656064 0
    outer loop
      vertex -10.625 0 0
      vertex -10.6368 0.179473 1.6
      vertex -10.6368 0.179473 0
    endloop
  endfacet
  facet normal -0.997846 -0.0656064 0
    outer loop
      vertex -10.6368 0.179473 1.6
      vertex -10.625 0 0
      vertex -10.625 0 1.6
    endloop
  endfacet
  facet normal -0.0653752 0.997861 0
    outer loop
      vertex -11.8205 -1.36324 0
      vertex -12 -1.375 1.6
      vertex -11.8205 -1.36324 1.6
    endloop
  endfacet
  facet normal -0.0653752 0.997861 0
    outer loop
      vertex -12 -1.375 1.6
      vertex -11.8205 -1.36324 0
      vertex -12 -1.375 0
    endloop
  endfacet
  facet normal -0.659139 0.752021 0
    outer loop
      vertex -11.0277 -0.972271 0
      vertex -11.163 -1.09086 1.6
      vertex -11.0277 -0.972271 1.6
    endloop
  endfacet
  facet normal -0.659139 0.752021 0
    outer loop
      vertex -11.163 -1.09086 1.6
      vertex -11.0277 -0.972271 0
      vertex -11.163 -1.09086 0
    endloop
  endfacet
  facet normal 0.831532 0.555478 0
    outer loop
      vertex -13.0909 -0.837047 1.6
      vertex -13.1908 -0.6875 0
      vertex -13.1908 -0.6875 1.6
    endloop
  endfacet
  facet normal 0.831532 0.555478 0
    outer loop
      vertex -13.1908 -0.6875 0
      vertex -13.0909 -0.837047 1.6
      vertex -13.0909 -0.837047 0
    endloop
  endfacet
  facet normal 0.997846 0.0656064 0
    outer loop
      vertex -13.3632 -0.179473 1.6
      vertex -13.375 0 0
      vertex -13.375 0 1.6
    endloop
  endfacet
  facet normal 0.997846 0.0656064 0
    outer loop
      vertex -13.375 0 0
      vertex -13.3632 -0.179473 1.6
      vertex -13.3632 -0.179473 0
    endloop
  endfacet
  facet normal -0.980773 0.195151 0
    outer loop
      vertex -10.6719 -0.355876 0
      vertex -10.6368 -0.179473 1.6
      vertex -10.6368 -0.179473 0
    endloop
  endfacet
  facet normal -0.980773 0.195151 0
    outer loop
      vertex -10.6368 -0.179473 1.6
      vertex -10.6719 -0.355876 0
      vertex -10.6719 -0.355876 1.6
    endloop
  endfacet
  facet normal 0.555675 -0.831399 0
    outer loop
      vertex -12.837 1.09086 0
      vertex -12.6875 1.19078 1.6
      vertex -12.837 1.09086 1.6
    endloop
  endfacet
  facet normal 0.555675 -0.831399 0
    outer loop
      vertex -12.6875 1.19078 1.6
      vertex -12.837 1.09086 0
      vertex -12.6875 1.19078 0
    endloop
  endfacet
  facet normal -0.751807 0.659383 0
    outer loop
      vertex -11.0277 -0.972271 0
      vertex -10.9091 -0.837047 1.6
      vertex -10.9091 -0.837047 0
    endloop
  endfacet
  facet normal -0.751807 0.659383 0
    outer loop
      vertex -10.9091 -0.837047 1.6
      vertex -11.0277 -0.972271 0
      vertex -11.0277 -0.972271 1.6
    endloop
  endfacet
  facet normal 0.659139 -0.752021 0
    outer loop
      vertex -12.9723 0.972271 0
      vertex -12.837 1.09086 1.6
      vertex -12.9723 0.972271 1.6
    endloop
  endfacet
  facet normal 0.659139 -0.752021 0
    outer loop
      vertex -12.837 1.09086 1.6
      vertex -12.9723 0.972271 0
      vertex -12.837 1.09086 0
    endloop
  endfacet
  facet normal 0.946953 0.321372 0
    outer loop
      vertex -13.2703 -0.526189 1.6
      vertex -13.3281 -0.355876 0
      vertex -13.3281 -0.355876 1.6
    endloop
  endfacet
  facet normal 0.946953 0.321372 0
    outer loop
      vertex -13.3281 -0.355876 0
      vertex -13.2703 -0.526189 1.6
      vertex -13.2703 -0.526189 0
    endloop
  endfacet
  facet normal -0.831532 0.555478 0
    outer loop
      vertex -10.9091 -0.837047 0
      vertex -10.8092 -0.6875 1.6
      vertex -10.8092 -0.6875 0
    endloop
  endfacet
  facet normal -0.831532 0.555478 0
    outer loop
      vertex -10.8092 -0.6875 1.6
      vertex -10.9091 -0.837047 0
      vertex -10.9091 -0.837047 1.6
    endloop
  endfacet
  facet normal -0.751807 -0.659383 0
    outer loop
      vertex -10.9091 0.837047 0
      vertex -11.0277 0.972271 1.6
      vertex -11.0277 0.972271 0
    endloop
  endfacet
  facet normal -0.751807 -0.659383 0
    outer loop
      vertex -11.0277 0.972271 1.6
      vertex -10.9091 0.837047 0
      vertex -10.9091 0.837047 1.6
    endloop
  endfacet
  facet normal -0.321494 0.946912 0
    outer loop
      vertex -11.4738 -1.27033 0
      vertex -11.6441 -1.32815 1.6
      vertex -11.4738 -1.27033 1.6
    endloop
  endfacet
  facet normal -0.321494 0.946912 0
    outer loop
      vertex -11.6441 -1.32815 1.6
      vertex -11.4738 -1.27033 0
      vertex -11.6441 -1.32815 0
    endloop
  endfacet
  facet normal -0.321494 -0.946912 0
    outer loop
      vertex -11.6441 1.32815 0
      vertex -11.4738 1.27033 1.6
      vertex -11.6441 1.32815 1.6
    endloop
  endfacet
  facet normal -0.321494 -0.946912 -0
    outer loop
      vertex -11.4738 1.27033 1.6
      vertex -11.6441 1.32815 0
      vertex -11.4738 1.27033 0
    endloop
  endfacet
  facet normal 0.0653752 0.997861 -0
    outer loop
      vertex -12 -1.375 0
      vertex -12.1795 -1.36324 1.6
      vertex -12 -1.375 1.6
    endloop
  endfacet
  facet normal 0.0653752 0.997861 0
    outer loop
      vertex -12.1795 -1.36324 1.6
      vertex -12 -1.375 0
      vertex -12.1795 -1.36324 0
    endloop
  endfacet
  facet normal 0.321494 -0.946912 0
    outer loop
      vertex -12.5262 1.27033 0
      vertex -12.3559 1.32815 1.6
      vertex -12.5262 1.27033 1.6
    endloop
  endfacet
  facet normal 0.321494 -0.946912 0
    outer loop
      vertex -12.3559 1.32815 1.6
      vertex -12.5262 1.27033 0
      vertex -12.3559 1.32815 0
    endloop
  endfacet
  facet normal 0.751807 0.659383 0
    outer loop
      vertex -12.9723 -0.972271 1.6
      vertex -13.0909 -0.837047 0
      vertex -13.0909 -0.837047 1.6
    endloop
  endfacet
  facet normal 0.751807 0.659383 0
    outer loop
      vertex -13.0909 -0.837047 0
      vertex -12.9723 -0.972271 1.6
      vertex -12.9723 -0.972271 0
    endloop
  endfacet
  facet normal -0.896983 0.442066 0
    outer loop
      vertex -10.8092 -0.6875 0
      vertex -10.7297 -0.526189 1.6
      vertex -10.7297 -0.526189 0
    endloop
  endfacet
  facet normal -0.896983 0.442066 0
    outer loop
      vertex -10.7297 -0.526189 1.6
      vertex -10.8092 -0.6875 0
      vertex -10.8092 -0.6875 1.6
    endloop
  endfacet
  facet normal 0.980773 0.195151 0
    outer loop
      vertex -13.3281 -0.355876 1.6
      vertex -13.3632 -0.179473 0
      vertex -13.3632 -0.179473 1.6
    endloop
  endfacet
  facet normal 0.980773 0.195151 0
    outer loop
      vertex -13.3632 -0.179473 0
      vertex -13.3281 -0.355876 1.6
      vertex -13.3281 -0.355876 0
    endloop
  endfacet
  facet normal 0.659139 0.752021 -0
    outer loop
      vertex -12.837 -1.09086 0
      vertex -12.9723 -0.972271 1.6
      vertex -12.837 -1.09086 1.6
    endloop
  endfacet
  facet normal 0.659139 0.752021 0
    outer loop
      vertex -12.9723 -0.972271 1.6
      vertex -12.837 -1.09086 0
      vertex -12.9723 -0.972271 0
    endloop
  endfacet
  facet normal -0.831532 -0.555478 0
    outer loop
      vertex -10.8092 0.6875 0
      vertex -10.9091 0.837047 1.6
      vertex -10.9091 0.837047 0
    endloop
  endfacet
  facet normal -0.831532 -0.555478 0
    outer loop
      vertex -10.9091 0.837047 1.6
      vertex -10.8092 0.6875 0
      vertex -10.8092 0.6875 1.6
    endloop
  endfacet
  facet normal -0.997846 0.0656064 0
    outer loop
      vertex -10.6368 -0.179473 0
      vertex -10.625 0 1.6
      vertex -10.625 0 0
    endloop
  endfacet
  facet normal -0.997846 0.0656064 0
    outer loop
      vertex -10.625 0 1.6
      vertex -10.6368 -0.179473 0
      vertex -10.6368 -0.179473 1.6
    endloop
  endfacet
  facet normal 0.1951 0.980783 -0
    outer loop
      vertex -12.1795 -1.36324 0
      vertex -12.3559 -1.32815 1.6
      vertex -12.1795 -1.36324 1.6
    endloop
  endfacet
  facet normal 0.1951 0.980783 0
    outer loop
      vertex -12.3559 -1.32815 1.6
      vertex -12.1795 -1.36324 0
      vertex -12.3559 -1.32815 0
    endloop
  endfacet
  facet normal -0.555675 -0.831399 0
    outer loop
      vertex -11.3125 1.19078 0
      vertex -11.163 1.09086 1.6
      vertex -11.3125 1.19078 1.6
    endloop
  endfacet
  facet normal -0.555675 -0.831399 -0
    outer loop
      vertex -11.163 1.09086 1.6
      vertex -11.3125 1.19078 0
      vertex -11.163 1.09086 0
    endloop
  endfacet
  facet normal -0.555675 0.831399 0
    outer loop
      vertex -11.163 -1.09086 0
      vertex -11.3125 -1.19078 1.6
      vertex -11.163 -1.09086 1.6
    endloop
  endfacet
  facet normal -0.555675 0.831399 0
    outer loop
      vertex -11.3125 -1.19078 1.6
      vertex -11.163 -1.09086 0
      vertex -11.3125 -1.19078 0
    endloop
  endfacet
  facet normal -0.1951 0.980783 0
    outer loop
      vertex -11.6441 -1.32815 0
      vertex -11.8205 -1.36324 1.6
      vertex -11.6441 -1.32815 1.6
    endloop
  endfacet
  facet normal -0.1951 0.980783 0
    outer loop
      vertex -11.8205 -1.36324 1.6
      vertex -11.6441 -1.32815 0
      vertex -11.8205 -1.36324 0
    endloop
  endfacet
  facet normal -0.0653752 -0.997861 0
    outer loop
      vertex -12 1.375 0
      vertex -11.8205 1.36324 1.6
      vertex -12 1.375 1.6
    endloop
  endfacet
  facet normal -0.0653752 -0.997861 -0
    outer loop
      vertex -11.8205 1.36324 1.6
      vertex -12 1.375 0
      vertex -11.8205 1.36324 0
    endloop
  endfacet
  facet normal -0.896983 -0.442066 0
    outer loop
      vertex -10.7297 0.526189 0
      vertex -10.8092 0.6875 1.6
      vertex -10.8092 0.6875 0
    endloop
  endfacet
  facet normal -0.896983 -0.442066 0
    outer loop
      vertex -10.8092 0.6875 1.6
      vertex -10.7297 0.526189 0
      vertex -10.7297 0.526189 1.6
    endloop
  endfacet
  facet normal -0.442314 -0.89686 0
    outer loop
      vertex -11.4738 1.27033 0
      vertex -11.3125 1.19078 1.6
      vertex -11.4738 1.27033 1.6
    endloop
  endfacet
  facet normal -0.442314 -0.89686 -0
    outer loop
      vertex -11.3125 1.19078 1.6
      vertex -11.4738 1.27033 0
      vertex -11.3125 1.19078 0
    endloop
  endfacet
  facet normal 0.751807 -0.659383 0
    outer loop
      vertex -13.0909 0.837047 1.6
      vertex -12.9723 0.972271 0
      vertex -12.9723 0.972271 1.6
    endloop
  endfacet
  facet normal 0.751807 -0.659383 0
    outer loop
      vertex -12.9723 0.972271 0
      vertex -13.0909 0.837047 1.6
      vertex -13.0909 0.837047 0
    endloop
  endfacet
  facet normal -0.659139 -0.752021 0
    outer loop
      vertex -11.163 1.09086 0
      vertex -11.0277 0.972271 1.6
      vertex -11.163 1.09086 1.6
    endloop
  endfacet
  facet normal -0.659139 -0.752021 -0
    outer loop
      vertex -11.0277 0.972271 1.6
      vertex -11.163 1.09086 0
      vertex -11.0277 0.972271 0
    endloop
  endfacet
  facet normal 0.980773 -0.195151 0
    outer loop
      vertex -13.3632 0.179473 1.6
      vertex -13.3281 0.355876 0
      vertex -13.3281 0.355876 1.6
    endloop
  endfacet
  facet normal 0.980773 -0.195151 0
    outer loop
      vertex -13.3281 0.355876 0
      vertex -13.3632 0.179473 1.6
      vertex -13.3632 0.179473 0
    endloop
  endfacet
  facet normal -0.1951 -0.980783 0
    outer loop
      vertex -11.8205 1.36324 0
      vertex -11.6441 1.32815 1.6
      vertex -11.8205 1.36324 1.6
    endloop
  endfacet
  facet normal -0.1951 -0.980783 -0
    outer loop
      vertex -11.6441 1.32815 1.6
      vertex -11.8205 1.36324 0
      vertex -11.6441 1.32815 0
    endloop
  endfacet
  facet normal 0.946953 -0.321372 0
    outer loop
      vertex -13.3281 0.355876 1.6
      vertex -13.2703 0.526189 0
      vertex -13.2703 0.526189 1.6
    endloop
  endfacet
  facet normal 0.946953 -0.321372 0
    outer loop
      vertex -13.2703 0.526189 0
      vertex -13.3281 0.355876 1.6
      vertex -13.3281 0.355876 0
    endloop
  endfacet
  facet normal 0.1951 -0.980783 0
    outer loop
      vertex -12.3559 1.32815 0
      vertex -12.1795 1.36324 1.6
      vertex -12.3559 1.32815 1.6
    endloop
  endfacet
  facet normal 0.1951 -0.980783 0
    outer loop
      vertex -12.1795 1.36324 1.6
      vertex -12.3559 1.32815 0
      vertex -12.1795 1.36324 0
    endloop
  endfacet
  facet normal -0.946953 -0.321372 0
    outer loop
      vertex -10.6719 0.355876 0
      vertex -10.7297 0.526189 1.6
      vertex -10.7297 0.526189 0
    endloop
  endfacet
  facet normal -0.946953 -0.321372 0
    outer loop
      vertex -10.7297 0.526189 1.6
      vertex -10.6719 0.355876 0
      vertex -10.6719 0.355876 1.6
    endloop
  endfacet
  facet normal -0.946953 0.321372 0
    outer loop
      vertex -10.7297 -0.526189 0
      vertex -10.6719 -0.355876 1.6
      vertex -10.6719 -0.355876 0
    endloop
  endfacet
  facet normal -0.946953 0.321372 0
    outer loop
      vertex -10.6719 -0.355876 1.6
      vertex -10.7297 -0.526189 0
      vertex -10.7297 -0.526189 1.6
    endloop
  endfacet
  facet normal 0.997846 -0.0656064 0
    outer loop
      vertex -13.375 0 1.6
      vertex -13.3632 0.179473 0
      vertex -13.3632 0.179473 1.6
    endloop
  endfacet
  facet normal 0.997846 -0.0656064 0
    outer loop
      vertex -13.3632 0.179473 0
      vertex -13.375 0 1.6
      vertex -13.375 0 0
    endloop
  endfacet
  facet normal 0.0653752 -0.997861 0
    outer loop
      vertex -12.1795 1.36324 0
      vertex -12 1.375 1.6
      vertex -12.1795 1.36324 1.6
    endloop
  endfacet
  facet normal 0.0653752 -0.997861 0
    outer loop
      vertex -12 1.375 1.6
      vertex -12.1795 1.36324 0
      vertex -12 1.375 0
    endloop
  endfacet
  facet normal 0.321494 0.946912 -0
    outer loop
      vertex -12.3559 -1.32815 0
      vertex -12.5262 -1.27033 1.6
      vertex -12.3559 -1.32815 1.6
    endloop
  endfacet
  facet normal 0.321494 0.946912 0
    outer loop
      vertex -12.5262 -1.27033 1.6
      vertex -12.3559 -1.32815 0
      vertex -12.5262 -1.27033 0
    endloop
  endfacet
  facet normal 0.442314 -0.89686 0
    outer loop
      vertex -12.6875 1.19078 0
      vertex -12.5262 1.27033 1.6
      vertex -12.6875 1.19078 1.6
    endloop
  endfacet
  facet normal 0.442314 -0.89686 0
    outer loop
      vertex -12.5262 1.27033 1.6
      vertex -12.6875 1.19078 0
      vertex -12.5262 1.27033 0
    endloop
  endfacet
  facet normal -0.442314 0.89686 0
    outer loop
      vertex -11.3125 -1.19078 0
      vertex -11.4738 -1.27033 1.6
      vertex -11.3125 -1.19078 1.6
    endloop
  endfacet
  facet normal -0.442314 0.89686 0
    outer loop
      vertex -11.4738 -1.27033 1.6
      vertex -11.3125 -1.19078 0
      vertex -11.4738 -1.27033 0
    endloop
  endfacet
  facet normal 0.442314 0.89686 -0
    outer loop
      vertex -12.5262 -1.27033 0
      vertex -12.6875 -1.19078 1.6
      vertex -12.5262 -1.27033 1.6
    endloop
  endfacet
  facet normal 0.442314 0.89686 0
    outer loop
      vertex -12.6875 -1.19078 1.6
      vertex -12.5262 -1.27033 0
      vertex -12.6875 -1.19078 0
    endloop
  endfacet
  facet normal 0.831532 -0.555478 0
    outer loop
      vertex -13.1908 0.6875 1.6
      vertex -13.0909 0.837047 0
      vertex -13.0909 0.837047 1.6
    endloop
  endfacet
  facet normal 0.831532 -0.555478 0
    outer loop
      vertex -13.0909 0.837047 0
      vertex -13.1908 0.6875 1.6
      vertex -13.1908 0.6875 0
    endloop
  endfacet
  facet normal 0.555675 0.831399 -0
    outer loop
      vertex -12.6875 -1.19078 0
      vertex -12.837 -1.09086 1.6
      vertex -12.6875 -1.19078 1.6
    endloop
  endfacet
  facet normal 0.555675 0.831399 0
    outer loop
      vertex -12.837 -1.09086 1.6
      vertex -12.6875 -1.19078 0
      vertex -12.837 -1.09086 0
    endloop
  endfacet
  facet normal -0.980784 -0.195097 0
    outer loop
      vertex 1.36324 0.179473 0
      vertex 1.32815 0.355876 1.6
      vertex 1.32815 0.355876 0
    endloop
  endfacet
  facet normal -0.980784 -0.195097 0
    outer loop
      vertex 1.32815 0.355876 1.6
      vertex 1.36324 0.179473 0
      vertex 1.36324 0.179473 1.6
    endloop
  endfacet
  facet normal -0.99786 -0.065385 0
    outer loop
      vertex 1.375 0 0
      vertex 1.36324 0.179473 1.6
      vertex 1.36324 0.179473 0
    endloop
  endfacet
  facet normal -0.99786 -0.065385 0
    outer loop
      vertex 1.36324 0.179473 1.6
      vertex 1.375 0 0
      vertex 1.375 0 1.6
    endloop
  endfacet
  facet normal -0.321472 -0.946919 0
    outer loop
      vertex 0.355876 1.32815 0
      vertex 0.526189 1.27033 1.6
      vertex 0.355876 1.32815 1.6
    endloop
  endfacet
  facet normal -0.321472 -0.946919 -0
    outer loop
      vertex 0.526189 1.27033 1.6
      vertex 0.355876 1.32815 0
      vertex 0.526189 1.27033 0
    endloop
  endfacet
  facet normal -0.555554 0.83148 0
    outer loop
      vertex 0.837047 -1.09086 0
      vertex 0.6875 -1.19078 1.6
      vertex 0.837047 -1.09086 1.6
    endloop
  endfacet
  facet normal -0.555554 0.83148 0
    outer loop
      vertex 0.6875 -1.19078 1.6
      vertex 0.837047 -1.09086 0
      vertex 0.6875 -1.19078 0
    endloop
  endfacet
  facet normal -0.659348 -0.751838 0
    outer loop
      vertex 0.837047 1.09086 0
      vertex 0.972271 0.972271 1.6
      vertex 0.837047 1.09086 1.6
    endloop
  endfacet
  facet normal -0.659348 -0.751838 -0
    outer loop
      vertex 0.972271 0.972271 1.6
      vertex 0.837047 1.09086 0
      vertex 0.972271 0.972271 0
    endloop
  endfacet
  facet normal 0.195097 0.980784 -0
    outer loop
      vertex -0.179473 -1.36324 0
      vertex -0.355876 -1.32815 1.6
      vertex -0.179473 -1.36324 1.6
    endloop
  endfacet
  facet normal 0.195097 0.980784 0
    outer loop
      vertex -0.355876 -1.32815 1.6
      vertex -0.179473 -1.36324 0
      vertex -0.355876 -1.32815 0
    endloop
  endfacet
  facet normal -0.751838 0.659348 0
    outer loop
      vertex 0.972271 -0.972271 0
      vertex 1.09086 -0.837047 1.6
      vertex 1.09086 -0.837047 0
    endloop
  endfacet
  facet normal -0.751838 0.659348 0
    outer loop
      vertex 1.09086 -0.837047 1.6
      vertex 0.972271 -0.972271 0
      vertex 0.972271 -0.972271 1.6
    endloop
  endfacet
  facet normal 0.946919 -0.321472 0
    outer loop
      vertex -1.32815 0.355876 1.6
      vertex -1.27033 0.526189 0
      vertex -1.27033 0.526189 1.6
    endloop
  endfacet
  facet normal 0.946919 -0.321472 0
    outer loop
      vertex -1.27033 0.526189 0
      vertex -1.32815 0.355876 1.6
      vertex -1.32815 0.355876 0
    endloop
  endfacet
  facet normal -0.065385 -0.99786 0
    outer loop
      vertex 0 1.375 0
      vertex 0.179473 1.36324 1.6
      vertex 0 1.375 1.6
    endloop
  endfacet
  facet normal -0.065385 -0.99786 -0
    outer loop
      vertex 0.179473 1.36324 1.6
      vertex 0 1.375 0
      vertex 0.179473 1.36324 0
    endloop
  endfacet
  facet normal 0.321472 -0.946919 0
    outer loop
      vertex -0.526189 1.27033 0
      vertex -0.355876 1.32815 1.6
      vertex -0.526189 1.27033 1.6
    endloop
  endfacet
  facet normal 0.321472 -0.946919 0
    outer loop
      vertex -0.355876 1.32815 1.6
      vertex -0.526189 1.27033 0
      vertex -0.355876 1.32815 0
    endloop
  endfacet
  facet normal 0.99786 0.065385 0
    outer loop
      vertex -1.36324 -0.179473 1.6
      vertex -1.375 0 0
      vertex -1.375 0 1.6
    endloop
  endfacet
  facet normal 0.99786 0.065385 0
    outer loop
      vertex -1.375 0 0
      vertex -1.36324 -0.179473 1.6
      vertex -1.36324 -0.179473 0
    endloop
  endfacet
  facet normal 0.065385 0.99786 -0
    outer loop
      vertex 0 -1.375 0
      vertex -0.179473 -1.36324 1.6
      vertex 0 -1.375 1.6
    endloop
  endfacet
  facet normal 0.065385 0.99786 0
    outer loop
      vertex -0.179473 -1.36324 1.6
      vertex 0 -1.375 0
      vertex -0.179473 -1.36324 0
    endloop
  endfacet
  facet normal -0.99786 0.065385 0
    outer loop
      vertex 1.36324 -0.179473 0
      vertex 1.375 0 1.6
      vertex 1.375 0 0
    endloop
  endfacet
  facet normal -0.99786 0.065385 0
    outer loop
      vertex 1.375 0 1.6
      vertex 1.36324 -0.179473 0
      vertex 1.36324 -0.179473 1.6
    endloop
  endfacet
  facet normal -0.751838 -0.659348 0
    outer loop
      vertex 1.09086 0.837047 0
      vertex 0.972271 0.972271 1.6
      vertex 0.972271 0.972271 0
    endloop
  endfacet
  facet normal -0.751838 -0.659348 0
    outer loop
      vertex 0.972271 0.972271 1.6
      vertex 1.09086 0.837047 0
      vertex 1.09086 0.837047 1.6
    endloop
  endfacet
  facet normal 0.946919 0.321472 0
    outer loop
      vertex -1.27033 -0.526189 1.6
      vertex -1.32815 -0.355876 0
      vertex -1.32815 -0.355876 1.6
    endloop
  endfacet
  facet normal 0.946919 0.321472 0
    outer loop
      vertex -1.32815 -0.355876 0
      vertex -1.27033 -0.526189 1.6
      vertex -1.27033 -0.526189 0
    endloop
  endfacet
  facet normal 0.980784 0.195097 0
    outer loop
      vertex -1.32815 -0.355876 1.6
      vertex -1.36324 -0.179473 0
      vertex -1.36324 -0.179473 1.6
    endloop
  endfacet
  facet normal 0.980784 0.195097 0
    outer loop
      vertex -1.36324 -0.179473 0
      vertex -1.32815 -0.355876 1.6
      vertex -1.32815 -0.355876 0
    endloop
  endfacet
  facet normal -0.195097 -0.980784 0
    outer loop
      vertex 0.179473 1.36324 0
      vertex 0.355876 1.32815 1.6
      vertex 0.179473 1.36324 1.6
    endloop
  endfacet
  facet normal -0.195097 -0.980784 -0
    outer loop
      vertex 0.355876 1.32815 1.6
      vertex 0.179473 1.36324 0
      vertex 0.355876 1.32815 0
    endloop
  endfacet
  facet normal 0.751838 0.659348 0
    outer loop
      vertex -0.972271 -0.972271 1.6
      vertex -1.09086 -0.837047 0
      vertex -1.09086 -0.837047 1.6
    endloop
  endfacet
  facet normal 0.751838 0.659348 0
    outer loop
      vertex -1.09086 -0.837047 0
      vertex -0.972271 -0.972271 1.6
      vertex -0.972271 -0.972271 0
    endloop
  endfacet
  facet normal 0.659348 -0.751838 0
    outer loop
      vertex -0.972271 0.972271 0
      vertex -0.837047 1.09086 1.6
      vertex -0.972271 0.972271 1.6
    endloop
  endfacet
  facet normal 0.659348 -0.751838 0
    outer loop
      vertex -0.837047 1.09086 1.6
      vertex -0.972271 0.972271 0
      vertex -0.837047 1.09086 0
    endloop
  endfacet
  facet normal 0.896872 -0.44229 0
    outer loop
      vertex -1.27033 0.526189 1.6
      vertex -1.19078 0.6875 0
      vertex -1.19078 0.6875 1.6
    endloop
  endfacet
  facet normal 0.896872 -0.44229 0
    outer loop
      vertex -1.19078 0.6875 0
      vertex -1.27033 0.526189 1.6
      vertex -1.27033 0.526189 0
    endloop
  endfacet
  facet normal -0.83148 0.555554 0
    outer loop
      vertex 1.09086 -0.837047 0
      vertex 1.19078 -0.6875 1.6
      vertex 1.19078 -0.6875 0
    endloop
  endfacet
  facet normal -0.83148 0.555554 0
    outer loop
      vertex 1.19078 -0.6875 1.6
      vertex 1.09086 -0.837047 0
      vertex 1.09086 -0.837047 1.6
    endloop
  endfacet
  facet normal -0.83148 -0.555554 0
    outer loop
      vertex 1.19078 0.6875 0
      vertex 1.09086 0.837047 1.6
      vertex 1.09086 0.837047 0
    endloop
  endfacet
  facet normal -0.83148 -0.555554 0
    outer loop
      vertex 1.09086 0.837047 1.6
      vertex 1.19078 0.6875 0
      vertex 1.19078 0.6875 1.6
    endloop
  endfacet
  facet normal 0.751838 -0.659348 0
    outer loop
      vertex -1.09086 0.837047 1.6
      vertex -0.972271 0.972271 0
      vertex -0.972271 0.972271 1.6
    endloop
  endfacet
  facet normal 0.751838 -0.659348 0
    outer loop
      vertex -0.972271 0.972271 0
      vertex -1.09086 0.837047 1.6
      vertex -1.09086 0.837047 0
    endloop
  endfacet
  facet normal -0.659348 0.751838 0
    outer loop
      vertex 0.972271 -0.972271 0
      vertex 0.837047 -1.09086 1.6
      vertex 0.972271 -0.972271 1.6
    endloop
  endfacet
  facet normal -0.659348 0.751838 0
    outer loop
      vertex 0.837047 -1.09086 1.6
      vertex 0.972271 -0.972271 0
      vertex 0.837047 -1.09086 0
    endloop
  endfacet
  facet normal 0.83148 0.555554 0
    outer loop
      vertex -1.09086 -0.837047 1.6
      vertex -1.19078 -0.6875 0
      vertex -1.19078 -0.6875 1.6
    endloop
  endfacet
  facet normal 0.83148 0.555554 0
    outer loop
      vertex -1.19078 -0.6875 0
      vertex -1.09086 -0.837047 1.6
      vertex -1.09086 -0.837047 0
    endloop
  endfacet
  facet normal 0.195097 -0.980784 0
    outer loop
      vertex -0.355876 1.32815 0
      vertex -0.179473 1.36324 1.6
      vertex -0.355876 1.32815 1.6
    endloop
  endfacet
  facet normal 0.195097 -0.980784 0
    outer loop
      vertex -0.179473 1.36324 1.6
      vertex -0.355876 1.32815 0
      vertex -0.179473 1.36324 0
    endloop
  endfacet
  facet normal -0.946919 0.321472 0
    outer loop
      vertex 1.27033 -0.526189 0
      vertex 1.32815 -0.355876 1.6
      vertex 1.32815 -0.355876 0
    endloop
  endfacet
  facet normal -0.946919 0.321472 0
    outer loop
      vertex 1.32815 -0.355876 1.6
      vertex 1.27033 -0.526189 0
      vertex 1.27033 -0.526189 1.6
    endloop
  endfacet
  facet normal -0.44229 -0.896872 0
    outer loop
      vertex 0.526189 1.27033 0
      vertex 0.6875 1.19078 1.6
      vertex 0.526189 1.27033 1.6
    endloop
  endfacet
  facet normal -0.44229 -0.896872 -0
    outer loop
      vertex 0.6875 1.19078 1.6
      vertex 0.526189 1.27033 0
      vertex 0.6875 1.19078 0
    endloop
  endfacet
  facet normal 0.065385 -0.99786 0
    outer loop
      vertex -0.179473 1.36324 0
      vertex 0 1.375 1.6
      vertex -0.179473 1.36324 1.6
    endloop
  endfacet
  facet normal 0.065385 -0.99786 0
    outer loop
      vertex 0 1.375 1.6
      vertex -0.179473 1.36324 0
      vertex 0 1.375 0
    endloop
  endfacet
  facet normal -0.065385 0.99786 0
    outer loop
      vertex 0.179473 -1.36324 0
      vertex 0 -1.375 1.6
      vertex 0.179473 -1.36324 1.6
    endloop
  endfacet
  facet normal -0.065385 0.99786 0
    outer loop
      vertex 0 -1.375 1.6
      vertex 0.179473 -1.36324 0
      vertex 0 -1.375 0
    endloop
  endfacet
  facet normal -0.555554 -0.83148 0
    outer loop
      vertex 0.6875 1.19078 0
      vertex 0.837047 1.09086 1.6
      vertex 0.6875 1.19078 1.6
    endloop
  endfacet
  facet normal -0.555554 -0.83148 -0
    outer loop
      vertex 0.837047 1.09086 1.6
      vertex 0.6875 1.19078 0
      vertex 0.837047 1.09086 0
    endloop
  endfacet
  facet normal 0.896872 0.44229 0
    outer loop
      vertex -1.19078 -0.6875 1.6
      vertex -1.27033 -0.526189 0
      vertex -1.27033 -0.526189 1.6
    endloop
  endfacet
  facet normal 0.896872 0.44229 0
    outer loop
      vertex -1.27033 -0.526189 0
      vertex -1.19078 -0.6875 1.6
      vertex -1.19078 -0.6875 0
    endloop
  endfacet
  facet normal 0.659348 0.751838 -0
    outer loop
      vertex -0.837047 -1.09086 0
      vertex -0.972271 -0.972271 1.6
      vertex -0.837047 -1.09086 1.6
    endloop
  endfacet
  facet normal 0.659348 0.751838 0
    outer loop
      vertex -0.972271 -0.972271 1.6
      vertex -0.837047 -1.09086 0
      vertex -0.972271 -0.972271 0
    endloop
  endfacet
  facet normal 0.980784 -0.195097 0
    outer loop
      vertex -1.36324 0.179473 1.6
      vertex -1.32815 0.355876 0
      vertex -1.32815 0.355876 1.6
    endloop
  endfacet
  facet normal 0.980784 -0.195097 0
    outer loop
      vertex -1.32815 0.355876 0
      vertex -1.36324 0.179473 1.6
      vertex -1.36324 0.179473 0
    endloop
  endfacet
  facet normal -0.896872 -0.44229 0
    outer loop
      vertex 1.27033 0.526189 0
      vertex 1.19078 0.6875 1.6
      vertex 1.19078 0.6875 0
    endloop
  endfacet
  facet normal -0.896872 -0.44229 0
    outer loop
      vertex 1.19078 0.6875 1.6
      vertex 1.27033 0.526189 0
      vertex 1.27033 0.526189 1.6
    endloop
  endfacet
  facet normal -0.195097 0.980784 0
    outer loop
      vertex 0.355876 -1.32815 0
      vertex 0.179473 -1.36324 1.6
      vertex 0.355876 -1.32815 1.6
    endloop
  endfacet
  facet normal -0.195097 0.980784 0
    outer loop
      vertex 0.179473 -1.36324 1.6
      vertex 0.355876 -1.32815 0
      vertex 0.179473 -1.36324 0
    endloop
  endfacet
  facet normal -0.896872 0.44229 0
    outer loop
      vertex 1.19078 -0.6875 0
      vertex 1.27033 -0.526189 1.6
      vertex 1.27033 -0.526189 0
    endloop
  endfacet
  facet normal -0.896872 0.44229 0
    outer loop
      vertex 1.27033 -0.526189 1.6
      vertex 1.19078 -0.6875 0
      vertex 1.19078 -0.6875 1.6
    endloop
  endfacet
  facet normal -0.980784 0.195097 0
    outer loop
      vertex 1.32815 -0.355876 0
      vertex 1.36324 -0.179473 1.6
      vertex 1.36324 -0.179473 0
    endloop
  endfacet
  facet normal -0.980784 0.195097 0
    outer loop
      vertex 1.36324 -0.179473 1.6
      vertex 1.32815 -0.355876 0
      vertex 1.32815 -0.355876 1.6
    endloop
  endfacet
  facet normal 0.555554 -0.83148 0
    outer loop
      vertex -0.837047 1.09086 0
      vertex -0.6875 1.19078 1.6
      vertex -0.837047 1.09086 1.6
    endloop
  endfacet
  facet normal 0.555554 -0.83148 0
    outer loop
      vertex -0.6875 1.19078 1.6
      vertex -0.837047 1.09086 0
      vertex -0.6875 1.19078 0
    endloop
  endfacet
  facet normal -0.946919 -0.321472 0
    outer loop
      vertex 1.32815 0.355876 0
      vertex 1.27033 0.526189 1.6
      vertex 1.27033 0.526189 0
    endloop
  endfacet
  facet normal -0.946919 -0.321472 0
    outer loop
      vertex 1.27033 0.526189 1.6
      vertex 1.32815 0.355876 0
      vertex 1.32815 0.355876 1.6
    endloop
  endfacet
  facet normal -0.321472 0.946919 0
    outer loop
      vertex 0.526189 -1.27033 0
      vertex 0.355876 -1.32815 1.6
      vertex 0.526189 -1.27033 1.6
    endloop
  endfacet
  facet normal -0.321472 0.946919 0
    outer loop
      vertex 0.355876 -1.32815 1.6
      vertex 0.526189 -1.27033 0
      vertex 0.355876 -1.32815 0
    endloop
  endfacet
  facet normal -0.44229 0.896872 0
    outer loop
      vertex 0.6875 -1.19078 0
      vertex 0.526189 -1.27033 1.6
      vertex 0.6875 -1.19078 1.6
    endloop
  endfacet
  facet normal -0.44229 0.896872 0
    outer loop
      vertex 0.526189 -1.27033 1.6
      vertex 0.6875 -1.19078 0
      vertex 0.526189 -1.27033 0
    endloop
  endfacet
  facet normal 0.99786 -0.065385 0
    outer loop
      vertex -1.375 0 1.6
      vertex -1.36324 0.179473 0
      vertex -1.36324 0.179473 1.6
    endloop
  endfacet
  facet normal 0.99786 -0.065385 0
    outer loop
      vertex -1.36324 0.179473 0
      vertex -1.375 0 1.6
      vertex -1.375 0 0
    endloop
  endfacet
  facet normal 0.321472 0.946919 -0
    outer loop
      vertex -0.355876 -1.32815 0
      vertex -0.526189 -1.27033 1.6
      vertex -0.355876 -1.32815 1.6
    endloop
  endfacet
  facet normal 0.321472 0.946919 0
    outer loop
      vertex -0.526189 -1.27033 1.6
      vertex -0.355876 -1.32815 0
      vertex -0.526189 -1.27033 0
    endloop
  endfacet
  facet normal 0.44229 -0.896872 0
    outer loop
      vertex -0.6875 1.19078 0
      vertex -0.526189 1.27033 1.6
      vertex -0.6875 1.19078 1.6
    endloop
  endfacet
  facet normal 0.44229 -0.896872 0
    outer loop
      vertex -0.526189 1.27033 1.6
      vertex -0.6875 1.19078 0
      vertex -0.526189 1.27033 0
    endloop
  endfacet
  facet normal 0.83148 -0.555554 0
    outer loop
      vertex -1.19078 0.6875 1.6
      vertex -1.09086 0.837047 0
      vertex -1.09086 0.837047 1.6
    endloop
  endfacet
  facet normal 0.83148 -0.555554 0
    outer loop
      vertex -1.09086 0.837047 0
      vertex -1.19078 0.6875 1.6
      vertex -1.19078 0.6875 0
    endloop
  endfacet
  facet normal 0.44229 0.896872 -0
    outer loop
      vertex -0.526189 -1.27033 0
      vertex -0.6875 -1.19078 1.6
      vertex -0.526189 -1.27033 1.6
    endloop
  endfacet
  facet normal 0.44229 0.896872 0
    outer loop
      vertex -0.6875 -1.19078 1.6
      vertex -0.526189 -1.27033 0
      vertex -0.6875 -1.19078 0
    endloop
  endfacet
  facet normal 0.555554 0.83148 -0
    outer loop
      vertex -0.6875 -1.19078 0
      vertex -0.837047 -1.09086 1.6
      vertex -0.6875 -1.19078 1.6
    endloop
  endfacet
  facet normal 0.555554 0.83148 0
    outer loop
      vertex -0.837047 -1.09086 1.6
      vertex -0.6875 -1.19078 0
      vertex -0.837047 -1.09086 0
    endloop
  endfacet
  facet normal -0.980764 -0.195195 0
    outer loop
      vertex 13.4872 0.195788 0
      vertex 13.4489 0.388228 1.6
      vertex 13.4489 0.388228 0
    endloop
  endfacet
  facet normal -0.980764 -0.195195 0
    outer loop
      vertex 13.4489 0.388228 1.6
      vertex 13.4872 0.195788 0
      vertex 13.4872 0.195788 1.6
    endloop
  endfacet
  facet normal -0.99787 -0.0652376 0
    outer loop
      vertex 13.5 0 0
      vertex 13.4872 0.195788 1.6
      vertex 13.4872 0.195788 0
    endloop
  endfacet
  facet normal -0.99787 -0.0652376 0
    outer loop
      vertex 13.4872 0.195788 1.6
      vertex 13.5 0 0
      vertex 13.5 0 1.6
    endloop
  endfacet
  facet normal -0.442233 -0.8969 0
    outer loop
      vertex 12.574 1.38582 0
      vertex 12.75 1.29904 1.6
      vertex 12.574 1.38582 1.6
    endloop
  endfacet
  facet normal -0.442233 -0.8969 -0
    outer loop
      vertex 12.75 1.29904 1.6
      vertex 12.574 1.38582 0
      vertex 12.75 1.29904 0
    endloop
  endfacet
  facet normal 0.896836 0.442363 0
    outer loop
      vertex 10.701 -0.75 1.6
      vertex 10.6142 -0.574024 0
      vertex 10.6142 -0.574024 1.6
    endloop
  endfacet
  facet normal 0.896836 0.442363 0
    outer loop
      vertex 10.6142 -0.574024 0
      vertex 10.701 -0.75 1.6
      vertex 10.701 -0.75 0
    endloop
  endfacet
  facet normal -0.321437 -0.946931 0
    outer loop
      vertex 12.3882 1.44889 0
      vertex 12.574 1.38582 1.6
      vertex 12.3882 1.44889 1.6
    endloop
  endfacet
  facet normal -0.321437 -0.946931 -0
    outer loop
      vertex 12.574 1.38582 1.6
      vertex 12.3882 1.44889 0
      vertex 12.574 1.38582 0
    endloop
  endfacet
  facet normal 0.99787 -0.0652376 0
    outer loop
      vertex 10.5 0 1.6
      vertex 10.5128 0.195788 0
      vertex 10.5128 0.195788 1.6
    endloop
  endfacet
  facet normal 0.99787 -0.0652376 0
    outer loop
      vertex 10.5128 0.195788 0
      vertex 10.5 0 1.6
      vertex 10.5 0 0
    endloop
  endfacet
  facet normal -0.659139 -0.752021 0
    outer loop
      vertex 12.9131 1.19003 0
      vertex 13.0607 1.06066 1.6
      vertex 12.9131 1.19003 1.6
    endloop
  endfacet
  facet normal -0.659139 -0.752021 -0
    outer loop
      vertex 13.0607 1.06066 1.6
      vertex 12.9131 1.19003 0
      vertex 13.0607 1.06066 0
    endloop
  endfacet
  facet normal 0.0653858 -0.99786 0
    outer loop
      vertex 11.8042 1.48717 0
      vertex 12 1.5 1.6
      vertex 11.8042 1.48717 1.6
    endloop
  endfacet
  facet normal 0.0653858 -0.99786 0
    outer loop
      vertex 12 1.5 1.6
      vertex 11.8042 1.48717 0
      vertex 12 1.5 0
    endloop
  endfacet
  facet normal 0.555676 -0.831399 0
    outer loop
      vertex 11.0869 1.19003 0
      vertex 11.25 1.29904 1.6
      vertex 11.0869 1.19003 1.6
    endloop
  endfacet
  facet normal 0.555676 -0.831399 0
    outer loop
      vertex 11.25 1.29904 1.6
      vertex 11.0869 1.19003 0
      vertex 11.25 1.29904 0
    endloop
  endfacet
  facet normal 0.99787 0.0652376 0
    outer loop
      vertex 10.5128 -0.195788 1.6
      vertex 10.5 0 0
      vertex 10.5 0 1.6
    endloop
  endfacet
  facet normal 0.99787 0.0652376 0
    outer loop
      vertex 10.5 0 0
      vertex 10.5128 -0.195788 1.6
      vertex 10.5128 -0.195788 0
    endloop
  endfacet
  facet normal 0.946882 -0.32158 0
    outer loop
      vertex 10.5511 0.388228 1.6
      vertex 10.6142 0.574024 0
      vertex 10.6142 0.574024 1.6
    endloop
  endfacet
  facet normal 0.946882 -0.32158 0
    outer loop
      vertex 10.6142 0.574024 0
      vertex 10.5511 0.388228 1.6
      vertex 10.5511 0.388228 0
    endloop
  endfacet
  facet normal -0.831487 0.555544 0
    outer loop
      vertex 13.19 -0.913141 0
      vertex 13.299 -0.75 1.6
      vertex 13.299 -0.75 0
    endloop
  endfacet
  facet normal -0.831487 0.555544 0
    outer loop
      vertex 13.299 -0.75 1.6
      vertex 13.19 -0.913141 0
      vertex 13.19 -0.913141 1.6
    endloop
  endfacet
  facet normal -0.896836 -0.442363 0
    outer loop
      vertex 13.3858 0.574024 0
      vertex 13.299 0.75 1.6
      vertex 13.299 0.75 0
    endloop
  endfacet
  facet normal -0.896836 -0.442363 0
    outer loop
      vertex 13.299 0.75 1.6
      vertex 13.3858 0.574024 0
      vertex 13.3858 0.574024 1.6
    endloop
  endfacet
  facet normal -0.831487 -0.555544 0
    outer loop
      vertex 13.299 0.75 0
      vertex 13.19 0.913141 1.6
      vertex 13.19 0.913141 0
    endloop
  endfacet
  facet normal -0.831487 -0.555544 0
    outer loop
      vertex 13.19 0.913141 1.6
      vertex 13.299 0.75 0
      vertex 13.299 0.75 1.6
    endloop
  endfacet
  facet normal 0.752018 0.659142 0
    outer loop
      vertex 10.9393 -1.06066 1.6
      vertex 10.81 -0.913141 0
      vertex 10.81 -0.913141 1.6
    endloop
  endfacet
  facet normal 0.752018 0.659142 0
    outer loop
      vertex 10.81 -0.913141 0
      vertex 10.9393 -1.06066 1.6
      vertex 10.9393 -1.06066 0
    endloop
  endfacet
  facet normal 0.442233 -0.8969 0
    outer loop
      vertex 11.25 1.29904 0
      vertex 11.426 1.38582 1.6
      vertex 11.25 1.29904 1.6
    endloop
  endfacet
  facet normal 0.442233 -0.8969 0
    outer loop
      vertex 11.426 1.38582 1.6
      vertex 11.25 1.29904 0
      vertex 11.426 1.38582 0
    endloop
  endfacet
  facet normal 0.752018 -0.659142 0
    outer loop
      vertex 10.81 0.913141 1.6
      vertex 10.9393 1.06066 0
      vertex 10.9393 1.06066 1.6
    endloop
  endfacet
  facet normal 0.752018 -0.659142 0
    outer loop
      vertex 10.9393 1.06066 0
      vertex 10.81 0.913141 1.6
      vertex 10.81 0.913141 0
    endloop
  endfacet
  facet normal -0.946882 0.32158 0
    outer loop
      vertex 13.3858 -0.574024 0
      vertex 13.4489 -0.388228 1.6
      vertex 13.4489 -0.388228 0
    endloop
  endfacet
  facet normal -0.946882 0.32158 0
    outer loop
      vertex 13.4489 -0.388228 1.6
      vertex 13.3858 -0.574024 0
      vertex 13.3858 -0.574024 1.6
    endloop
  endfacet
  facet normal -0.321437 0.946931 0
    outer loop
      vertex 12.574 -1.38582 0
      vertex 12.3882 -1.44889 1.6
      vertex 12.574 -1.38582 1.6
    endloop
  endfacet
  facet normal -0.321437 0.946931 0
    outer loop
      vertex 12.3882 -1.44889 1.6
      vertex 12.574 -1.38582 0
      vertex 12.3882 -1.44889 0
    endloop
  endfacet
  facet normal -0.99787 0.0652376 0
    outer loop
      vertex 13.4872 -0.195788 0
      vertex 13.5 0 1.6
      vertex 13.5 0 0
    endloop
  endfacet
  facet normal -0.99787 0.0652376 0
    outer loop
      vertex 13.5 0 1.6
      vertex 13.4872 -0.195788 0
      vertex 13.4872 -0.195788 1.6
    endloop
  endfacet
  facet normal -0.195136 -0.980776 0
    outer loop
      vertex 12.1958 1.48717 0
      vertex 12.3882 1.44889 1.6
      vertex 12.1958 1.48717 1.6
    endloop
  endfacet
  facet normal -0.195136 -0.980776 -0
    outer loop
      vertex 12.3882 1.44889 1.6
      vertex 12.1958 1.48717 0
      vertex 12.3882 1.44889 0
    endloop
  endfacet
  facet normal -0.195136 0.980776 0
    outer loop
      vertex 12.3882 -1.44889 0
      vertex 12.1958 -1.48717 1.6
      vertex 12.3882 -1.44889 1.6
    endloop
  endfacet
  facet normal -0.195136 0.980776 0
    outer loop
      vertex 12.1958 -1.48717 1.6
      vertex 12.3882 -1.44889 0
      vertex 12.1958 -1.48717 0
    endloop
  endfacet
  facet normal -0.980764 0.195195 0
    outer loop
      vertex 13.4489 -0.388228 0
      vertex 13.4872 -0.195788 1.6
      vertex 13.4872 -0.195788 0
    endloop
  endfacet
  facet normal -0.980764 0.195195 0
    outer loop
      vertex 13.4872 -0.195788 1.6
      vertex 13.4489 -0.388228 0
      vertex 13.4489 -0.388228 1.6
    endloop
  endfacet
  facet normal -0.555676 -0.831399 0
    outer loop
      vertex 12.75 1.29904 0
      vertex 12.9131 1.19003 1.6
      vertex 12.75 1.29904 1.6
    endloop
  endfacet
  facet normal -0.555676 -0.831399 -0
    outer loop
      vertex 12.9131 1.19003 1.6
      vertex 12.75 1.29904 0
      vertex 12.9131 1.19003 0
    endloop
  endfacet
  facet normal 0.980764 0.195195 0
    outer loop
      vertex 10.5511 -0.388228 1.6
      vertex 10.5128 -0.195788 0
      vertex 10.5128 -0.195788 1.6
    endloop
  endfacet
  facet normal 0.980764 0.195195 0
    outer loop
      vertex 10.5128 -0.195788 0
      vertex 10.5511 -0.388228 1.6
      vertex 10.5511 -0.388228 0
    endloop
  endfacet
  facet normal -0.555676 0.831399 0
    outer loop
      vertex 12.9131 -1.19003 0
      vertex 12.75 -1.29904 1.6
      vertex 12.9131 -1.19003 1.6
    endloop
  endfacet
  facet normal -0.555676 0.831399 0
    outer loop
      vertex 12.75 -1.29904 1.6
      vertex 12.9131 -1.19003 0
      vertex 12.75 -1.29904 0
    endloop
  endfacet
  facet normal -0.0653858 -0.99786 0
    outer loop
      vertex 12 1.5 0
      vertex 12.1958 1.48717 1.6
      vertex 12 1.5 1.6
    endloop
  endfacet
  facet normal -0.0653858 -0.99786 -0
    outer loop
      vertex 12.1958 1.48717 1.6
      vertex 12 1.5 0
      vertex 12.1958 1.48717 0
    endloop
  endfacet
  facet normal -0.896836 0.442363 0
    outer loop
      vertex 13.299 -0.75 0
      vertex 13.3858 -0.574024 1.6
      vertex 13.3858 -0.574024 0
    endloop
  endfacet
  facet normal -0.896836 0.442363 0
    outer loop
      vertex 13.3858 -0.574024 1.6
      vertex 13.299 -0.75 0
      vertex 13.299 -0.75 1.6
    endloop
  endfacet
  facet normal 0.195136 -0.980776 0
    outer loop
      vertex 11.6118 1.44889 0
      vertex 11.8042 1.48717 1.6
      vertex 11.6118 1.44889 1.6
    endloop
  endfacet
  facet normal 0.195136 -0.980776 0
    outer loop
      vertex 11.8042 1.48717 1.6
      vertex 11.6118 1.44889 0
      vertex 11.8042 1.48717 0
    endloop
  endfacet
  facet normal 0.946882 0.32158 0
    outer loop
      vertex 10.6142 -0.574024 1.6
      vertex 10.5511 -0.388228 0
      vertex 10.5511 -0.388228 1.6
    endloop
  endfacet
  facet normal 0.946882 0.32158 0
    outer loop
      vertex 10.5511 -0.388228 0
      vertex 10.6142 -0.574024 1.6
      vertex 10.6142 -0.574024 0
    endloop
  endfacet
  facet normal -0.752018 0.659142 0
    outer loop
      vertex 13.0607 -1.06066 0
      vertex 13.19 -0.913141 1.6
      vertex 13.19 -0.913141 0
    endloop
  endfacet
  facet normal -0.752018 0.659142 0
    outer loop
      vertex 13.19 -0.913141 1.6
      vertex 13.0607 -1.06066 0
      vertex 13.0607 -1.06066 1.6
    endloop
  endfacet
  facet normal -0.442233 0.8969 0
    outer loop
      vertex 12.75 -1.29904 0
      vertex 12.574 -1.38582 1.6
      vertex 12.75 -1.29904 1.6
    endloop
  endfacet
  facet normal -0.442233 0.8969 0
    outer loop
      vertex 12.574 -1.38582 1.6
      vertex 12.75 -1.29904 0
      vertex 12.574 -1.38582 0
    endloop
  endfacet
  facet normal -0.0653858 0.99786 0
    outer loop
      vertex 12.1958 -1.48717 0
      vertex 12 -1.5 1.6
      vertex 12.1958 -1.48717 1.6
    endloop
  endfacet
  facet normal -0.0653858 0.99786 0
    outer loop
      vertex 12 -1.5 1.6
      vertex 12.1958 -1.48717 0
      vertex 12 -1.5 0
    endloop
  endfacet
  facet normal 0.980764 -0.195195 0
    outer loop
      vertex 10.5128 0.195788 1.6
      vertex 10.5511 0.388228 0
      vertex 10.5511 0.388228 1.6
    endloop
  endfacet
  facet normal 0.980764 -0.195195 0
    outer loop
      vertex 10.5511 0.388228 0
      vertex 10.5128 0.195788 1.6
      vertex 10.5128 0.195788 0
    endloop
  endfacet
  facet normal -0.946882 -0.32158 0
    outer loop
      vertex 13.4489 0.388228 0
      vertex 13.3858 0.574024 1.6
      vertex 13.3858 0.574024 0
    endloop
  endfacet
  facet normal -0.946882 -0.32158 0
    outer loop
      vertex 13.3858 0.574024 1.6
      vertex 13.4489 0.388228 0
      vertex 13.4489 0.388228 1.6
    endloop
  endfacet
  facet normal -0.659139 0.752021 0
    outer loop
      vertex 13.0607 -1.06066 0
      vertex 12.9131 -1.19003 1.6
      vertex 13.0607 -1.06066 1.6
    endloop
  endfacet
  facet normal -0.659139 0.752021 0
    outer loop
      vertex 12.9131 -1.19003 1.6
      vertex 13.0607 -1.06066 0
      vertex 12.9131 -1.19003 0
    endloop
  endfacet
  facet normal 0.0653858 0.99786 -0
    outer loop
      vertex 12 -1.5 0
      vertex 11.8042 -1.48717 1.6
      vertex 12 -1.5 1.6
    endloop
  endfacet
  facet normal 0.0653858 0.99786 0
    outer loop
      vertex 11.8042 -1.48717 1.6
      vertex 12 -1.5 0
      vertex 11.8042 -1.48717 0
    endloop
  endfacet
  facet normal -0.752018 -0.659142 0
    outer loop
      vertex 13.19 0.913141 0
      vertex 13.0607 1.06066 1.6
      vertex 13.0607 1.06066 0
    endloop
  endfacet
  facet normal -0.752018 -0.659142 0
    outer loop
      vertex 13.0607 1.06066 1.6
      vertex 13.19 0.913141 0
      vertex 13.19 0.913141 1.6
    endloop
  endfacet
  facet normal 0.831487 0.555544 0
    outer loop
      vertex 10.81 -0.913141 1.6
      vertex 10.701 -0.75 0
      vertex 10.701 -0.75 1.6
    endloop
  endfacet
  facet normal 0.831487 0.555544 0
    outer loop
      vertex 10.701 -0.75 0
      vertex 10.81 -0.913141 1.6
      vertex 10.81 -0.913141 0
    endloop
  endfacet
  facet normal 0.321437 -0.946931 0
    outer loop
      vertex 11.426 1.38582 0
      vertex 11.6118 1.44889 1.6
      vertex 11.426 1.38582 1.6
    endloop
  endfacet
  facet normal 0.321437 -0.946931 0
    outer loop
      vertex 11.6118 1.44889 1.6
      vertex 11.426 1.38582 0
      vertex 11.6118 1.44889 0
    endloop
  endfacet
  facet normal 0.555676 0.831399 -0
    outer loop
      vertex 11.25 -1.29904 0
      vertex 11.0869 -1.19003 1.6
      vertex 11.25 -1.29904 1.6
    endloop
  endfacet
  facet normal 0.555676 0.831399 0
    outer loop
      vertex 11.0869 -1.19003 1.6
      vertex 11.25 -1.29904 0
      vertex 11.0869 -1.19003 0
    endloop
  endfacet
  facet normal 0.442233 0.8969 -0
    outer loop
      vertex 11.426 -1.38582 0
      vertex 11.25 -1.29904 1.6
      vertex 11.426 -1.38582 1.6
    endloop
  endfacet
  facet normal 0.442233 0.8969 0
    outer loop
      vertex 11.25 -1.29904 1.6
      vertex 11.426 -1.38582 0
      vertex 11.25 -1.29904 0
    endloop
  endfacet
  facet normal 0.831487 -0.555544 0
    outer loop
      vertex 10.701 0.75 1.6
      vertex 10.81 0.913141 0
      vertex 10.81 0.913141 1.6
    endloop
  endfacet
  facet normal 0.831487 -0.555544 0
    outer loop
      vertex 10.81 0.913141 0
      vertex 10.701 0.75 1.6
      vertex 10.701 0.75 0
    endloop
  endfacet
  facet normal 0.321437 0.946931 -0
    outer loop
      vertex 11.6118 -1.44889 0
      vertex 11.426 -1.38582 1.6
      vertex 11.6118 -1.44889 1.6
    endloop
  endfacet
  facet normal 0.321437 0.946931 0
    outer loop
      vertex 11.426 -1.38582 1.6
      vertex 11.6118 -1.44889 0
      vertex 11.426 -1.38582 0
    endloop
  endfacet
  facet normal 0.659139 -0.752021 0
    outer loop
      vertex 10.9393 1.06066 0
      vertex 11.0869 1.19003 1.6
      vertex 10.9393 1.06066 1.6
    endloop
  endfacet
  facet normal 0.659139 -0.752021 0
    outer loop
      vertex 11.0869 1.19003 1.6
      vertex 10.9393 1.06066 0
      vertex 11.0869 1.19003 0
    endloop
  endfacet
  facet normal 0.896836 -0.442363 0
    outer loop
      vertex 10.6142 0.574024 1.6
      vertex 10.701 0.75 0
      vertex 10.701 0.75 1.6
    endloop
  endfacet
  facet normal 0.896836 -0.442363 0
    outer loop
      vertex 10.701 0.75 0
      vertex 10.6142 0.574024 1.6
      vertex 10.6142 0.574024 0
    endloop
  endfacet
  facet normal 0.195136 0.980776 -0
    outer loop
      vertex 11.8042 -1.48717 0
      vertex 11.6118 -1.44889 1.6
      vertex 11.8042 -1.48717 1.6
    endloop
  endfacet
  facet normal 0.195136 0.980776 0
    outer loop
      vertex 11.6118 -1.44889 1.6
      vertex 11.8042 -1.48717 0
      vertex 11.6118 -1.44889 0
    endloop
  endfacet
  facet normal 0.659139 0.752021 -0
    outer loop
      vertex 11.0869 -1.19003 0
      vertex 10.9393 -1.06066 1.6
      vertex 11.0869 -1.19003 1.6
    endloop
  endfacet
  facet normal 0.659139 0.752021 0
    outer loop
      vertex 10.9393 -1.06066 1.6
      vertex 11.0869 -1.19003 0
      vertex 10.9393 -1.06066 0
    endloop
  endfacet
  facet normal -0.980764 -0.195195 0
    outer loop
      vertex 25.4872 0.195788 0
      vertex 25.4489 0.388228 1.6
      vertex 25.4489 0.388228 0
    endloop
  endfacet
  facet normal -0.980764 -0.195195 0
    outer loop
      vertex 25.4489 0.388228 1.6
      vertex 25.4872 0.195788 0
      vertex 25.4872 0.195788 1.6
    endloop
  endfacet
  facet normal -0.99787 -0.0652376 0
    outer loop
      vertex 25.5 0 0
      vertex 25.4872 0.195788 1.6
      vertex 25.4872 0.195788 0
    endloop
  endfacet
  facet normal -0.99787 -0.0652376 0
    outer loop
      vertex 25.4872 0.195788 1.6
      vertex 25.5 0 0
      vertex 25.5 0 1.6
    endloop
  endfacet
  facet normal -0.442233 -0.8969 0
    outer loop
      vertex 24.574 1.38582 0
      vertex 24.75 1.29904 1.6
      vertex 24.574 1.38582 1.6
    endloop
  endfacet
  facet normal -0.442233 -0.8969 -0
    outer loop
      vertex 24.75 1.29904 1.6
      vertex 24.574 1.38582 0
      vertex 24.75 1.29904 0
    endloop
  endfacet
  facet normal 0.896836 0.442363 0
    outer loop
      vertex 22.701 -0.75 1.6
      vertex 22.6142 -0.574024 0
      vertex 22.6142 -0.574024 1.6
    endloop
  endfacet
  facet normal 0.896836 0.442363 0
    outer loop
      vertex 22.6142 -0.574024 0
      vertex 22.701 -0.75 1.6
      vertex 22.701 -0.75 0
    endloop
  endfacet
  facet normal -0.321437 -0.946931 0
    outer loop
      vertex 24.3882 1.44889 0
      vertex 24.574 1.38582 1.6
      vertex 24.3882 1.44889 1.6
    endloop
  endfacet
  facet normal -0.321437 -0.946931 -0
    outer loop
      vertex 24.574 1.38582 1.6
      vertex 24.3882 1.44889 0
      vertex 24.574 1.38582 0
    endloop
  endfacet
  facet normal 0.99787 -0.0652376 0
    outer loop
      vertex 22.5 0 1.6
      vertex 22.5128 0.195788 0
      vertex 22.5128 0.195788 1.6
    endloop
  endfacet
  facet normal 0.99787 -0.0652376 0
    outer loop
      vertex 22.5128 0.195788 0
      vertex 22.5 0 1.6
      vertex 22.5 0 0
    endloop
  endfacet
  facet normal -0.659139 -0.752021 0
    outer loop
      vertex 24.9131 1.19003 0
      vertex 25.0607 1.06066 1.6
      vertex 24.9131 1.19003 1.6
    endloop
  endfacet
  facet normal -0.659139 -0.752021 -0
    outer loop
      vertex 25.0607 1.06066 1.6
      vertex 24.9131 1.19003 0
      vertex 25.0607 1.06066 0
    endloop
  endfacet
  facet normal 0.0653858 -0.99786 0
    outer loop
      vertex 23.8042 1.48717 0
      vertex 24 1.5 1.6
      vertex 23.8042 1.48717 1.6
    endloop
  endfacet
  facet normal 0.0653858 -0.99786 0
    outer loop
      vertex 24 1.5 1.6
      vertex 23.8042 1.48717 0
      vertex 24 1.5 0
    endloop
  endfacet
  facet normal 0.555676 -0.831399 0
    outer loop
      vertex 23.0869 1.19003 0
      vertex 23.25 1.29904 1.6
      vertex 23.0869 1.19003 1.6
    endloop
  endfacet
  facet normal 0.555676 -0.831399 0
    outer loop
      vertex 23.25 1.29904 1.6
      vertex 23.0869 1.19003 0
      vertex 23.25 1.29904 0
    endloop
  endfacet
  facet normal 0.99787 0.0652376 0
    outer loop
      vertex 22.5128 -0.195788 1.6
      vertex 22.5 0 0
      vertex 22.5 0 1.6
    endloop
  endfacet
  facet normal 0.99787 0.0652376 0
    outer loop
      vertex 22.5 0 0
      vertex 22.5128 -0.195788 1.6
      vertex 22.5128 -0.195788 0
    endloop
  endfacet
  facet normal 0.946882 -0.32158 0
    outer loop
      vertex 22.5511 0.388228 1.6
      vertex 22.6142 0.574024 0
      vertex 22.6142 0.574024 1.6
    endloop
  endfacet
  facet normal 0.946882 -0.32158 0
    outer loop
      vertex 22.6142 0.574024 0
      vertex 22.5511 0.388228 1.6
      vertex 22.5511 0.388228 0
    endloop
  endfacet
  facet normal -0.831487 0.555544 0
    outer loop
      vertex 25.19 -0.913141 0
      vertex 25.299 -0.75 1.6
      vertex 25.299 -0.75 0
    endloop
  endfacet
  facet normal -0.831487 0.555544 0
    outer loop
      vertex 25.299 -0.75 1.6
      vertex 25.19 -0.913141 0
      vertex 25.19 -0.913141 1.6
    endloop
  endfacet
  facet normal -0.896836 -0.442363 0
    outer loop
      vertex 25.3858 0.574024 0
      vertex 25.299 0.75 1.6
      vertex 25.299 0.75 0
    endloop
  endfacet
  facet normal -0.896836 -0.442363 0
    outer loop
      vertex 25.299 0.75 1.6
      vertex 25.3858 0.574024 0
      vertex 25.3858 0.574024 1.6
    endloop
  endfacet
  facet normal -0.831487 -0.555544 0
    outer loop
      vertex 25.299 0.75 0
      vertex 25.19 0.913141 1.6
      vertex 25.19 0.913141 0
    endloop
  endfacet
  facet normal -0.831487 -0.555544 0
    outer loop
      vertex 25.19 0.913141 1.6
      vertex 25.299 0.75 0
      vertex 25.299 0.75 1.6
    endloop
  endfacet
  facet normal 0.752018 0.659142 0
    outer loop
      vertex 22.9393 -1.06066 1.6
      vertex 22.81 -0.913141 0
      vertex 22.81 -0.913141 1.6
    endloop
  endfacet
  facet normal 0.752018 0.659142 0
    outer loop
      vertex 22.81 -0.913141 0
      vertex 22.9393 -1.06066 1.6
      vertex 22.9393 -1.06066 0
    endloop
  endfacet
  facet normal 0.442233 -0.8969 0
    outer loop
      vertex 23.25 1.29904 0
      vertex 23.426 1.38582 1.6
      vertex 23.25 1.29904 1.6
    endloop
  endfacet
  facet normal 0.442233 -0.8969 0
    outer loop
      vertex 23.426 1.38582 1.6
      vertex 23.25 1.29904 0
      vertex 23.426 1.38582 0
    endloop
  endfacet
  facet normal 0.752018 -0.659142 0
    outer loop
      vertex 22.81 0.913141 1.6
      vertex 22.9393 1.06066 0
      vertex 22.9393 1.06066 1.6
    endloop
  endfacet
  facet normal 0.752018 -0.659142 0
    outer loop
      vertex 22.9393 1.06066 0
      vertex 22.81 0.913141 1.6
      vertex 22.81 0.913141 0
    endloop
  endfacet
  facet normal -0.946882 0.32158 0
    outer loop
      vertex 25.3858 -0.574024 0
      vertex 25.4489 -0.388228 1.6
      vertex 25.4489 -0.388228 0
    endloop
  endfacet
  facet normal -0.946882 0.32158 0
    outer loop
      vertex 25.4489 -0.388228 1.6
      vertex 25.3858 -0.574024 0
      vertex 25.3858 -0.574024 1.6
    endloop
  endfacet
  facet normal -0.321437 0.946931 0
    outer loop
      vertex 24.574 -1.38582 0
      vertex 24.3882 -1.44889 1.6
      vertex 24.574 -1.38582 1.6
    endloop
  endfacet
  facet normal -0.321437 0.946931 0
    outer loop
      vertex 24.3882 -1.44889 1.6
      vertex 24.574 -1.38582 0
      vertex 24.3882 -1.44889 0
    endloop
  endfacet
  facet normal -0.99787 0.0652376 0
    outer loop
      vertex 25.4872 -0.195788 0
      vertex 25.5 0 1.6
      vertex 25.5 0 0
    endloop
  endfacet
  facet normal -0.99787 0.0652376 0
    outer loop
      vertex 25.5 0 1.6
      vertex 25.4872 -0.195788 0
      vertex 25.4872 -0.195788 1.6
    endloop
  endfacet
  facet normal -0.195136 -0.980776 0
    outer loop
      vertex 24.1958 1.48717 0
      vertex 24.3882 1.44889 1.6
      vertex 24.1958 1.48717 1.6
    endloop
  endfacet
  facet normal -0.195136 -0.980776 -0
    outer loop
      vertex 24.3882 1.44889 1.6
      vertex 24.1958 1.48717 0
      vertex 24.3882 1.44889 0
    endloop
  endfacet
  facet normal -0.195136 0.980776 0
    outer loop
      vertex 24.3882 -1.44889 0
      vertex 24.1958 -1.48717 1.6
      vertex 24.3882 -1.44889 1.6
    endloop
  endfacet
  facet normal -0.195136 0.980776 0
    outer loop
      vertex 24.1958 -1.48717 1.6
      vertex 24.3882 -1.44889 0
      vertex 24.1958 -1.48717 0
    endloop
  endfacet
  facet normal -0.980764 0.195195 0
    outer loop
      vertex 25.4489 -0.388228 0
      vertex 25.4872 -0.195788 1.6
      vertex 25.4872 -0.195788 0
    endloop
  endfacet
  facet normal -0.980764 0.195195 0
    outer loop
      vertex 25.4872 -0.195788 1.6
      vertex 25.4489 -0.388228 0
      vertex 25.4489 -0.388228 1.6
    endloop
  endfacet
  facet normal -0.555676 -0.831399 0
    outer loop
      vertex 24.75 1.29904 0
      vertex 24.9131 1.19003 1.6
      vertex 24.75 1.29904 1.6
    endloop
  endfacet
  facet normal -0.555676 -0.831399 -0
    outer loop
      vertex 24.9131 1.19003 1.6
      vertex 24.75 1.29904 0
      vertex 24.9131 1.19003 0
    endloop
  endfacet
  facet normal 0.980764 0.195195 0
    outer loop
      vertex 22.5511 -0.388228 1.6
      vertex 22.5128 -0.195788 0
      vertex 22.5128 -0.195788 1.6
    endloop
  endfacet
  facet normal 0.980764 0.195195 0
    outer loop
      vertex 22.5128 -0.195788 0
      vertex 22.5511 -0.388228 1.6
      vertex 22.5511 -0.388228 0
    endloop
  endfacet
  facet normal -0.555676 0.831399 0
    outer loop
      vertex 24.9131 -1.19003 0
      vertex 24.75 -1.29904 1.6
      vertex 24.9131 -1.19003 1.6
    endloop
  endfacet
  facet normal -0.555676 0.831399 0
    outer loop
      vertex 24.75 -1.29904 1.6
      vertex 24.9131 -1.19003 0
      vertex 24.75 -1.29904 0
    endloop
  endfacet
  facet normal -0.0653858 -0.99786 0
    outer loop
      vertex 24 1.5 0
      vertex 24.1958 1.48717 1.6
      vertex 24 1.5 1.6
    endloop
  endfacet
  facet normal -0.0653858 -0.99786 -0
    outer loop
      vertex 24.1958 1.48717 1.6
      vertex 24 1.5 0
      vertex 24.1958 1.48717 0
    endloop
  endfacet
  facet normal -0.896836 0.442363 0
    outer loop
      vertex 25.299 -0.75 0
      vertex 25.3858 -0.574024 1.6
      vertex 25.3858 -0.574024 0
    endloop
  endfacet
  facet normal -0.896836 0.442363 0
    outer loop
      vertex 25.3858 -0.574024 1.6
      vertex 25.299 -0.75 0
      vertex 25.299 -0.75 1.6
    endloop
  endfacet
  facet normal 0.195136 -0.980776 0
    outer loop
      vertex 23.6118 1.44889 0
      vertex 23.8042 1.48717 1.6
      vertex 23.6118 1.44889 1.6
    endloop
  endfacet
  facet normal 0.195136 -0.980776 0
    outer loop
      vertex 23.8042 1.48717 1.6
      vertex 23.6118 1.44889 0
      vertex 23.8042 1.48717 0
    endloop
  endfacet
  facet normal 0.946882 0.32158 0
    outer loop
      vertex 22.6142 -0.574024 1.6
      vertex 22.5511 -0.388228 0
      vertex 22.5511 -0.388228 1.6
    endloop
  endfacet
  facet normal 0.946882 0.32158 0
    outer loop
      vertex 22.5511 -0.388228 0
      vertex 22.6142 -0.574024 1.6
      vertex 22.6142 -0.574024 0
    endloop
  endfacet
  facet normal -0.752018 0.659142 0
    outer loop
      vertex 25.0607 -1.06066 0
      vertex 25.19 -0.913141 1.6
      vertex 25.19 -0.913141 0
    endloop
  endfacet
  facet normal -0.752018 0.659142 0
    outer loop
      vertex 25.19 -0.913141 1.6
      vertex 25.0607 -1.06066 0
      vertex 25.0607 -1.06066 1.6
    endloop
  endfacet
  facet normal -0.442233 0.8969 0
    outer loop
      vertex 24.75 -1.29904 0
      vertex 24.574 -1.38582 1.6
      vertex 24.75 -1.29904 1.6
    endloop
  endfacet
  facet normal -0.442233 0.8969 0
    outer loop
      vertex 24.574 -1.38582 1.6
      vertex 24.75 -1.29904 0
      vertex 24.574 -1.38582 0
    endloop
  endfacet
  facet normal -0.0653858 0.99786 0
    outer loop
      vertex 24.1958 -1.48717 0
      vertex 24 -1.5 1.6
      vertex 24.1958 -1.48717 1.6
    endloop
  endfacet
  facet normal -0.0653858 0.99786 0
    outer loop
      vertex 24 -1.5 1.6
      vertex 24.1958 -1.48717 0
      vertex 24 -1.5 0
    endloop
  endfacet
  facet normal 0.980764 -0.195195 0
    outer loop
      vertex 22.5128 0.195788 1.6
      vertex 22.5511 0.388228 0
      vertex 22.5511 0.388228 1.6
    endloop
  endfacet
  facet normal 0.980764 -0.195195 0
    outer loop
      vertex 22.5511 0.388228 0
      vertex 22.5128 0.195788 1.6
      vertex 22.5128 0.195788 0
    endloop
  endfacet
  facet normal -0.946882 -0.32158 0
    outer loop
      vertex 25.4489 0.388228 0
      vertex 25.3858 0.574024 1.6
      vertex 25.3858 0.574024 0
    endloop
  endfacet
  facet normal -0.946882 -0.32158 0
    outer loop
      vertex 25.3858 0.574024 1.6
      vertex 25.4489 0.388228 0
      vertex 25.4489 0.388228 1.6
    endloop
  endfacet
  facet normal -0.659139 0.752021 0
    outer loop
      vertex 25.0607 -1.06066 0
      vertex 24.9131 -1.19003 1.6
      vertex 25.0607 -1.06066 1.6
    endloop
  endfacet
  facet normal -0.659139 0.752021 0
    outer loop
      vertex 24.9131 -1.19003 1.6
      vertex 25.0607 -1.06066 0
      vertex 24.9131 -1.19003 0
    endloop
  endfacet
  facet normal 0.0653858 0.99786 -0
    outer loop
      vertex 24 -1.5 0
      vertex 23.8042 -1.48717 1.6
      vertex 24 -1.5 1.6
    endloop
  endfacet
  facet normal 0.0653858 0.99786 0
    outer loop
      vertex 23.8042 -1.48717 1.6
      vertex 24 -1.5 0
      vertex 23.8042 -1.48717 0
    endloop
  endfacet
  facet normal -0.752018 -0.659142 0
    outer loop
      vertex 25.19 0.913141 0
      vertex 25.0607 1.06066 1.6
      vertex 25.0607 1.06066 0
    endloop
  endfacet
  facet normal -0.752018 -0.659142 0
    outer loop
      vertex 25.0607 1.06066 1.6
      vertex 25.19 0.913141 0
      vertex 25.19 0.913141 1.6
    endloop
  endfacet
  facet normal 0.831487 0.555544 0
    outer loop
      vertex 22.81 -0.913141 1.6
      vertex 22.701 -0.75 0
      vertex 22.701 -0.75 1.6
    endloop
  endfacet
  facet normal 0.831487 0.555544 0
    outer loop
      vertex 22.701 -0.75 0
      vertex 22.81 -0.913141 1.6
      vertex 22.81 -0.913141 0
    endloop
  endfacet
  facet normal 0.321437 -0.946931 0
    outer loop
      vertex 23.426 1.38582 0
      vertex 23.6118 1.44889 1.6
      vertex 23.426 1.38582 1.6
    endloop
  endfacet
  facet normal 0.321437 -0.946931 0
    outer loop
      vertex 23.6118 1.44889 1.6
      vertex 23.426 1.38582 0
      vertex 23.6118 1.44889 0
    endloop
  endfacet
  facet normal 0.555676 0.831399 -0
    outer loop
      vertex 23.25 -1.29904 0
      vertex 23.0869 -1.19003 1.6
      vertex 23.25 -1.29904 1.6
    endloop
  endfacet
  facet normal 0.555676 0.831399 0
    outer loop
      vertex 23.0869 -1.19003 1.6
      vertex 23.25 -1.29904 0
      vertex 23.0869 -1.19003 0
    endloop
  endfacet
  facet normal 0.442233 0.8969 -0
    outer loop
      vertex 23.426 -1.38582 0
      vertex 23.25 -1.29904 1.6
      vertex 23.426 -1.38582 1.6
    endloop
  endfacet
  facet normal 0.442233 0.8969 0
    outer loop
      vertex 23.25 -1.29904 1.6
      vertex 23.426 -1.38582 0
      vertex 23.25 -1.29904 0
    endloop
  endfacet
  facet normal 0.831487 -0.555544 0
    outer loop
      vertex 22.701 0.75 1.6
      vertex 22.81 0.913141 0
      vertex 22.81 0.913141 1.6
    endloop
  endfacet
  facet normal 0.831487 -0.555544 0
    outer loop
      vertex 22.81 0.913141 0
      vertex 22.701 0.75 1.6
      vertex 22.701 0.75 0
    endloop
  endfacet
  facet normal 0.321437 0.946931 -0
    outer loop
      vertex 23.6118 -1.44889 0
      vertex 23.426 -1.38582 1.6
      vertex 23.6118 -1.44889 1.6
    endloop
  endfacet
  facet normal 0.321437 0.946931 0
    outer loop
      vertex 23.426 -1.38582 1.6
      vertex 23.6118 -1.44889 0
      vertex 23.426 -1.38582 0
    endloop
  endfacet
  facet normal 0.659139 -0.752021 0
    outer loop
      vertex 22.9393 1.06066 0
      vertex 23.0869 1.19003 1.6
      vertex 22.9393 1.06066 1.6
    endloop
  endfacet
  facet normal 0.659139 -0.752021 0
    outer loop
      vertex 23.0869 1.19003 1.6
      vertex 22.9393 1.06066 0
      vertex 23.0869 1.19003 0
    endloop
  endfacet
  facet normal 0.896836 -0.442363 0
    outer loop
      vertex 22.6142 0.574024 1.6
      vertex 22.701 0.75 0
      vertex 22.701 0.75 1.6
    endloop
  endfacet
  facet normal 0.896836 -0.442363 0
    outer loop
      vertex 22.701 0.75 0
      vertex 22.6142 0.574024 1.6
      vertex 22.6142 0.574024 0
    endloop
  endfacet
  facet normal 0.195136 0.980776 -0
    outer loop
      vertex 23.8042 -1.48717 0
      vertex 23.6118 -1.44889 1.6
      vertex 23.8042 -1.48717 1.6
    endloop
  endfacet
  facet normal 0.195136 0.980776 0
    outer loop
      vertex 23.6118 -1.44889 1.6
      vertex 23.8042 -1.48717 0
      vertex 23.6118 -1.44889 0
    endloop
  endfacet
  facet normal 0.659139 0.752021 -0
    outer loop
      vertex 23.0869 -1.19003 0
      vertex 22.9393 -1.06066 1.6
      vertex 23.0869 -1.19003 1.6
    endloop
  endfacet
  facet normal 0.659139 0.752021 0
    outer loop
      vertex 22.9393 -1.06066 1.6
      vertex 23.0869 -1.19003 0
      vertex 22.9393 -1.06066 0
    endloop
  endfacet
  facet normal 0.321574 -0.946885 0
    outer loop
      vertex 30.2765 -10.8978 0
      vertex 30.6481 -10.7716 1.6
      vertex 30.2765 -10.8978 1.6
    endloop
  endfacet
  facet normal 0.321574 -0.946885 0
    outer loop
      vertex 30.6481 -10.7716 1.6
      vertex 30.2765 -10.8978 0
      vertex 30.6481 -10.7716 0
    endloop
  endfacet
  facet normal 0 -1 0
    outer loop
      vertex -29.5 -11 0
      vertex 29.5 -11 1.6
      vertex -29.5 -11 1.6
    endloop
  endfacet
  facet normal 0 -1 -0
    outer loop
      vertex 29.5 -11 1.6
      vertex -29.5 -11 0
      vertex 29.5 -11 0
    endloop
  endfacet
  facet normal 0.19494 -0.980815 0
    outer loop
      vertex 29.8916 -10.9743 0
      vertex 30.2765 -10.8978 1.6
      vertex 29.8916 -10.9743 1.6
    endloop
  endfacet
  facet normal 0.19494 -0.980815 0
    outer loop
      vertex 30.2765 -10.8978 1.6
      vertex 29.8916 -10.9743 0
      vertex 30.2765 -10.8978 0
    endloop
  endfacet
  facet normal -0.0654873 0.997853 0
    outer loop
      vertex -29.5 11 0
      vertex -29.8916 10.9743 1.6
      vertex -29.5 11 1.6
    endloop
  endfacet
  facet normal -0.0654873 0.997853 0
    outer loop
      vertex -29.8916 10.9743 1.6
      vertex -29.5 11 0
      vertex -29.8916 10.9743 0
    endloop
  endfacet
  facet normal -0.555523 0.831501 0
    outer loop
      vertex -31 10.5981 0
      vertex -31.3263 10.3801 1.6
      vertex -31 10.5981 1.6
    endloop
  endfacet
  facet normal -0.555523 0.831501 0
    outer loop
      vertex -31.3263 10.3801 1.6
      vertex -31 10.5981 0
      vertex -31.3263 10.3801 0
    endloop
  endfacet
  facet normal 0.0654873 -0.997853 0
    outer loop
      vertex 29.5 -11 0
      vertex 29.8916 -10.9743 1.6
      vertex 29.5 -11 1.6
    endloop
  endfacet
  facet normal 0.0654873 -0.997853 0
    outer loop
      vertex 29.8916 -10.9743 1.6
      vertex 29.5 -11 0
      vertex 29.8916 -10.9743 0
    endloop
  endfacet
  facet normal -0.555523 -0.831501 0
    outer loop
      vertex -31.3263 -10.3801 0
      vertex -31 -10.5981 1.6
      vertex -31.3263 -10.3801 1.6
    endloop
  endfacet
  facet normal -0.555523 -0.831501 -0
    outer loop
      vertex -31 -10.5981 1.6
      vertex -31.3263 -10.3801 0
      vertex -31 -10.5981 0
    endloop
  endfacet
  facet normal -0.751746 -0.659453 0
    outer loop
      vertex -31.6213 -10.1213 0
      vertex -31.8801 -9.82628 1.6
      vertex -31.8801 -9.82628 0
    endloop
  endfacet
  facet normal -0.751746 -0.659453 0
    outer loop
      vertex -31.8801 -9.82628 1.6
      vertex -31.6213 -10.1213 0
      vertex -31.6213 -10.1213 1.6
    endloop
  endfacet
  facet normal -0.442211 -0.896911 0
    outer loop
      vertex -31 -10.5981 0
      vertex -30.6481 -10.7716 1.6
      vertex -31 -10.5981 1.6
    endloop
  endfacet
  facet normal -0.442211 -0.896911 -0
    outer loop
      vertex -30.6481 -10.7716 1.6
      vertex -31 -10.5981 0
      vertex -30.6481 -10.7716 0
    endloop
  endfacet
  facet normal -0.896931 0.442171 0
    outer loop
      vertex -32.2716 9.14806 0
      vertex -32.0981 9.5 1.6
      vertex -32.0981 9.5 0
    endloop
  endfacet
  facet normal -0.896931 0.442171 0
    outer loop
      vertex -32.0981 9.5 1.6
      vertex -32.2716 9.14806 0
      vertex -32.2716 9.14806 1.6
    endloop
  endfacet
  facet normal -1 0 0
    outer loop
      vertex -32.5 -8 0
      vertex -32.5 8 1.6
      vertex -32.5 8 0
    endloop
  endfacet
  facet normal -1 -0 0
    outer loop
      vertex -32.5 8 1.6
      vertex -32.5 -8 0
      vertex -32.5 -8 1.6
    endloop
  endfacet
  facet normal 0.980814 -0.194945 0
    outer loop
      vertex 32.3978 -8.77646 1.6
      vertex 32.4743 -8.39157 0
      vertex 32.4743 -8.39157 1.6
    endloop
  endfacet
  facet normal 0.980814 -0.194945 0
    outer loop
      vertex 32.4743 -8.39157 0
      vertex 32.3978 -8.77646 1.6
      vertex 32.3978 -8.77646 0
    endloop
  endfacet
  facet normal -0.831485 -0.555547 0
    outer loop
      vertex -31.8801 -9.82628 0
      vertex -32.0981 -9.5 1.6
      vertex -32.0981 -9.5 0
    endloop
  endfacet
  facet normal -0.831485 -0.555547 0
    outer loop
      vertex -32.0981 -9.5 1.6
      vertex -31.8801 -9.82628 0
      vertex -31.8801 -9.82628 1.6
    endloop
  endfacet
  facet normal 0.659478 0.751724 -0
    outer loop
      vertex 31.6213 10.1213 0
      vertex 31.3263 10.3801 1.6
      vertex 31.6213 10.1213 1.6
    endloop
  endfacet
  facet normal 0.659478 0.751724 0
    outer loop
      vertex 31.3263 10.3801 1.6
      vertex 31.6213 10.1213 0
      vertex 31.3263 10.3801 0
    endloop
  endfacet
  facet normal -0.321574 -0.946885 0
    outer loop
      vertex -30.6481 -10.7716 0
      vertex -30.2765 -10.8978 1.6
      vertex -30.6481 -10.7716 1.6
    endloop
  endfacet
  facet normal -0.321574 -0.946885 -0
    outer loop
      vertex -30.2765 -10.8978 1.6
      vertex -30.6481 -10.7716 0
      vertex -30.2765 -10.8978 0
    endloop
  endfacet
  facet normal 0 1 -0
    outer loop
      vertex 29.5 11 0
      vertex -29.5 11 1.6
      vertex 29.5 11 1.6
    endloop
  endfacet
  facet normal 0 1 0
    outer loop
      vertex -29.5 11 1.6
      vertex 29.5 11 0
      vertex -29.5 11 0
    endloop
  endfacet
  facet normal -0.19494 0.980815 0
    outer loop
      vertex -29.8916 10.9743 0
      vertex -30.2765 10.8978 1.6
      vertex -29.8916 10.9743 1.6
    endloop
  endfacet
  facet normal -0.19494 0.980815 0
    outer loop
      vertex -30.2765 10.8978 1.6
      vertex -29.8916 10.9743 0
      vertex -30.2765 10.8978 0
    endloop
  endfacet
  facet normal -0.442211 0.896911 0
    outer loop
      vertex -30.6481 10.7716 0
      vertex -31 10.5981 1.6
      vertex -30.6481 10.7716 1.6
    endloop
  endfacet
  facet normal -0.442211 0.896911 0
    outer loop
      vertex -31 10.5981 1.6
      vertex -30.6481 10.7716 0
      vertex -31 10.5981 0
    endloop
  endfacet
  facet normal 0.997853 0.0654923 0
    outer loop
      vertex 32.5 8 1.6
      vertex 32.4743 8.39157 0
      vertex 32.4743 8.39157 1.6
    endloop
  endfacet
  facet normal 0.997853 0.0654923 0
    outer loop
      vertex 32.4743 8.39157 0
      vertex 32.5 8 1.6
      vertex 32.5 8 0
    endloop
  endfacet
  facet normal 1 -0 0
    outer loop
      vertex 32.5 -8 1.6
      vertex 32.5 8 0
      vertex 32.5 8 1.6
    endloop
  endfacet
  facet normal 1 0 0
    outer loop
      vertex 32.5 8 0
      vertex 32.5 -8 1.6
      vertex 32.5 -8 0
    endloop
  endfacet
  facet normal -0.321574 0.946885 0
    outer loop
      vertex -30.2765 10.8978 0
      vertex -30.6481 10.7716 1.6
      vertex -30.2765 10.8978 1.6
    endloop
  endfacet
  facet normal -0.321574 0.946885 0
    outer loop
      vertex -30.6481 10.7716 1.6
      vertex -30.2765 10.8978 0
      vertex -30.6481 10.7716 0
    endloop
  endfacet
  facet normal 0.751746 0.659453 0
    outer loop
      vertex 31.8801 9.82628 1.6
      vertex 31.6213 10.1213 0
      vertex 31.6213 10.1213 1.6
    endloop
  endfacet
  facet normal 0.751746 0.659453 0
    outer loop
      vertex 31.6213 10.1213 0
      vertex 31.8801 9.82628 1.6
      vertex 31.8801 9.82628 0
    endloop
  endfacet
  facet normal -0.997853 -0.0654923 0
    outer loop
      vertex -32.4743 -8.39157 0
      vertex -32.5 -8 1.6
      vertex -32.5 -8 0
    endloop
  endfacet
  facet normal -0.997853 -0.0654923 0
    outer loop
      vertex -32.5 -8 1.6
      vertex -32.4743 -8.39157 0
      vertex -32.4743 -8.39157 1.6
    endloop
  endfacet
  facet normal 0.19494 0.980815 -0
    outer loop
      vertex 30.2765 10.8978 0
      vertex 29.8916 10.9743 1.6
      vertex 30.2765 10.8978 1.6
    endloop
  endfacet
  facet normal 0.19494 0.980815 0
    outer loop
      vertex 29.8916 10.9743 1.6
      vertex 30.2765 10.8978 0
      vertex 29.8916 10.9743 0
    endloop
  endfacet
  facet normal -0.19494 -0.980815 0
    outer loop
      vertex -30.2765 -10.8978 0
      vertex -29.8916 -10.9743 1.6
      vertex -30.2765 -10.8978 1.6
    endloop
  endfacet
  facet normal -0.19494 -0.980815 -0
    outer loop
      vertex -29.8916 -10.9743 1.6
      vertex -30.2765 -10.8978 0
      vertex -29.8916 -10.9743 0
    endloop
  endfacet
  facet normal -0.0654873 -0.997853 0
    outer loop
      vertex -29.8916 -10.9743 0
      vertex -29.5 -11 1.6
      vertex -29.8916 -10.9743 1.6
    endloop
  endfacet
  facet normal -0.0654873 -0.997853 -0
    outer loop
      vertex -29.5 -11 1.6
      vertex -29.8916 -10.9743 0
      vertex -29.5 -11 0
    endloop
  endfacet
  facet normal 0.321574 0.946885 -0
    outer loop
      vertex 30.6481 10.7716 0
      vertex 30.2765 10.8978 1.6
      vertex 30.6481 10.7716 1.6
    endloop
  endfacet
  facet normal 0.321574 0.946885 0
    outer loop
      vertex 30.2765 10.8978 1.6
      vertex 30.6481 10.7716 0
      vertex 30.2765 10.8978 0
    endloop
  endfacet
  facet normal -0.751746 0.659453 0
    outer loop
      vertex -31.8801 9.82628 0
      vertex -31.6213 10.1213 1.6
      vertex -31.6213 10.1213 0
    endloop
  endfacet
  facet normal -0.751746 0.659453 0
    outer loop
      vertex -31.6213 10.1213 1.6
      vertex -31.8801 9.82628 0
      vertex -31.8801 9.82628 1.6
    endloop
  endfacet
  facet normal -0.831485 0.555547 0
    outer loop
      vertex -32.0981 9.5 0
      vertex -31.8801 9.82628 1.6
      vertex -31.8801 9.82628 0
    endloop
  endfacet
  facet normal -0.831485 0.555547 0
    outer loop
      vertex -31.8801 9.82628 1.6
      vertex -32.0981 9.5 0
      vertex -32.0981 9.5 1.6
    endloop
  endfacet
  facet normal -0.659478 -0.751724 0
    outer loop
      vertex -31.6213 -10.1213 0
      vertex -31.3263 -10.3801 1.6
      vertex -31.6213 -10.1213 1.6
    endloop
  endfacet
  facet normal -0.659478 -0.751724 -0
    outer loop
      vertex -31.3263 -10.3801 1.6
      vertex -31.6213 -10.1213 0
      vertex -31.3263 -10.3801 0
    endloop
  endfacet
  facet normal -0.946885 0.321574 0
    outer loop
      vertex -32.3978 8.77646 0
      vertex -32.2716 9.14806 1.6
      vertex -32.2716 9.14806 0
    endloop
  endfacet
  facet normal -0.946885 0.321574 0
    outer loop
      vertex -32.2716 9.14806 1.6
      vertex -32.3978 8.77646 0
      vertex -32.3978 8.77646 1.6
    endloop
  endfacet
  facet normal 0.0654873 0.997853 -0
    outer loop
      vertex 29.8916 10.9743 0
      vertex 29.5 11 1.6
      vertex 29.8916 10.9743 1.6
    endloop
  endfacet
  facet normal 0.0654873 0.997853 0
    outer loop
      vertex 29.5 11 1.6
      vertex 29.8916 10.9743 0
      vertex 29.5 11 0
    endloop
  endfacet
  facet normal -0.659478 0.751724 0
    outer loop
      vertex -31.3263 10.3801 0
      vertex -31.6213 10.1213 1.6
      vertex -31.3263 10.3801 1.6
    endloop
  endfacet
  facet normal -0.659478 0.751724 0
    outer loop
      vertex -31.6213 10.1213 1.6
      vertex -31.3263 10.3801 0
      vertex -31.6213 10.1213 0
    endloop
  endfacet
  facet normal 0.751746 -0.659453 0
    outer loop
      vertex 31.6213 -10.1213 1.6
      vertex 31.8801 -9.82628 0
      vertex 31.8801 -9.82628 1.6
    endloop
  endfacet
  facet normal 0.751746 -0.659453 0
    outer loop
      vertex 31.8801 -9.82628 0
      vertex 31.6213 -10.1213 1.6
      vertex 31.6213 -10.1213 0
    endloop
  endfacet
  facet normal 0.659478 -0.751724 0
    outer loop
      vertex 31.3263 -10.3801 0
      vertex 31.6213 -10.1213 1.6
      vertex 31.3263 -10.3801 1.6
    endloop
  endfacet
  facet normal 0.659478 -0.751724 0
    outer loop
      vertex 31.6213 -10.1213 1.6
      vertex 31.3263 -10.3801 0
      vertex 31.6213 -10.1213 0
    endloop
  endfacet
  facet normal -0.980814 0.194945 0
    outer loop
      vertex -32.4743 8.39157 0
      vertex -32.3978 8.77646 1.6
      vertex -32.3978 8.77646 0
    endloop
  endfacet
  facet normal -0.980814 0.194945 0
    outer loop
      vertex -32.3978 8.77646 1.6
      vertex -32.4743 8.39157 0
      vertex -32.4743 8.39157 1.6
    endloop
  endfacet
  facet normal -0.997853 0.0654923 0
    outer loop
      vertex -32.5 8 0
      vertex -32.4743 8.39157 1.6
      vertex -32.4743 8.39157 0
    endloop
  endfacet
  facet normal -0.997853 0.0654923 0
    outer loop
      vertex -32.4743 8.39157 1.6
      vertex -32.5 8 0
      vertex -32.5 8 1.6
    endloop
  endfacet
  facet normal 0.946885 0.321574 0
    outer loop
      vertex 32.3978 8.77646 1.6
      vertex 32.2716 9.14806 0
      vertex 32.2716 9.14806 1.6
    endloop
  endfacet
  facet normal 0.946885 0.321574 0
    outer loop
      vertex 32.2716 9.14806 0
      vertex 32.3978 8.77646 1.6
      vertex 32.3978 8.77646 0
    endloop
  endfacet
  facet normal 0.896931 -0.442171 0
    outer loop
      vertex 32.0981 -9.5 1.6
      vertex 32.2716 -9.14806 0
      vertex 32.2716 -9.14806 1.6
    endloop
  endfacet
  facet normal 0.896931 -0.442171 0
    outer loop
      vertex 32.2716 -9.14806 0
      vertex 32.0981 -9.5 1.6
      vertex 32.0981 -9.5 0
    endloop
  endfacet
  facet normal 0.831485 0.555547 0
    outer loop
      vertex 32.0981 9.5 1.6
      vertex 31.8801 9.82628 0
      vertex 31.8801 9.82628 1.6
    endloop
  endfacet
  facet normal 0.831485 0.555547 0
    outer loop
      vertex 31.8801 9.82628 0
      vertex 32.0981 9.5 1.6
      vertex 32.0981 9.5 0
    endloop
  endfacet
  facet normal 0 0 -1
    outer loop
      vertex 29.5 -11 0
      vertex 32.5 -8 0
      vertex 32.4743 -8.39157 0
    endloop
  endfacet
  facet normal 0 0 -1
    outer loop
      vertex 32.5 -8 0
      vertex 25.5 0 0
      vertex 32.5 8 0
    endloop
  endfacet
  facet normal 0 0 -1
    outer loop
      vertex 29.5 -11 0
      vertex 32.4743 -8.39157 0
      vertex 32.3978 -8.77646 0
    endloop
  endfacet
  facet normal 0 0 -1
    outer loop
      vertex 25.4872 0.195788 0
      vertex 32.5 8 0
      vertex 25.5 0 0
    endloop
  endfacet
  facet normal 0 0 -1
    outer loop
      vertex 29.5 -11 0
      vertex 32.3978 -8.77646 0
      vertex 32.2716 -9.14806 0
    endloop
  endfacet
  facet normal 0 0 -1
    outer loop
      vertex 25.4489 0.388228 0
      vertex 32.5 8 0
      vertex 25.4872 0.195788 0
    endloop
  endfacet
  facet normal 0 0 -1
    outer loop
      vertex 29.5 -11 0
      vertex 32.2716 -9.14806 0
      vertex 32.0981 -9.5 0
    endloop
  endfacet
  facet normal 0 0 -1
    outer loop
      vertex 25.3858 0.574024 0
      vertex 32.5 8 0
      vertex 25.4489 0.388228 0
    endloop
  endfacet
  facet normal 0 0 -1
    outer loop
      vertex 29.5 -11 0
      vertex 32.0981 -9.5 0
      vertex 31.8801 -9.82628 0
    endloop
  endfacet
  facet normal 0 0 -1
    outer loop
      vertex 25.299 0.75 0
      vertex 32.5 8 0
      vertex 25.3858 0.574024 0
    endloop
  endfacet
  facet normal 0 0 -1
    outer loop
      vertex 29.5 -11 0
      vertex 31.8801 -9.82628 0
      vertex 31.6213 -10.1213 0
    endloop
  endfacet
  facet normal 0 0 -1
    outer loop
      vertex 25.19 0.913141 0
      vertex 32.5 8 0
      vertex 25.299 0.75 0
    endloop
  endfacet
  facet normal 0 0 -1
    outer loop
      vertex 29.5 -11 0
      vertex 31.6213 -10.1213 0
      vertex 31.3263 -10.3801 0
    endloop
  endfacet
  facet normal 0 0 -1
    outer loop
      vertex 25.0607 1.06066 0
      vertex 32.5 8 0
      vertex 25.19 0.913141 0
    endloop
  endfacet
  facet normal 0 0 -1
    outer loop
      vertex 29.5 -11 0
      vertex 31.3263 -10.3801 0
      vertex 31 -10.5981 0
    endloop
  endfacet
  facet normal 0 0 -1
    outer loop
      vertex 24.9131 1.19003 0
      vertex 32.5 8 0
      vertex 25.0607 1.06066 0
    endloop
  endfacet
  facet normal 0 0 -1
    outer loop
      vertex 29.5 -11 0
      vertex 31 -10.5981 0
      vertex 30.6481 -10.7716 0
    endloop
  endfacet
  facet normal 0 0 -1
    outer loop
      vertex 24.75 1.29904 0
      vertex 32.5 8 0
      vertex 24.9131 1.19003 0
    endloop
  endfacet
  facet normal 0 0 -1
    outer loop
      vertex 29.5 -11 0
      vertex 30.6481 -10.7716 0
      vertex 30.2765 -10.8978 0
    endloop
  endfacet
  facet normal 0 -0 -1
    outer loop
      vertex 29.5 11 0
      vertex 32.5 8 0
      vertex 24.75 1.29904 0
    endloop
  endfacet
  facet normal 0 0 -1
    outer loop
      vertex 29.5 -11 0
      vertex 30.2765 -10.8978 0
      vertex 29.8916 -10.9743 0
    endloop
  endfacet
  facet normal 0 0 -1
    outer loop
      vertex 32.4743 8.39157 0
      vertex 29.5 11 0
      vertex 32.3978 8.77646 0
    endloop
  endfacet
  facet normal -0 0 -1
    outer loop
      vertex 32.5 -8 0
      vertex 29.5 -11 0
      vertex 24.75 -1.29904 0
    endloop
  endfacet
  facet normal 0 0 -1
    outer loop
      vertex 32.3978 8.77646 0
      vertex 29.5 11 0
      vertex 32.2716 9.14806 0
    endloop
  endfacet
  facet normal 0 0 -1
    outer loop
      vertex 32.2716 9.14806 0
      vertex 29.5 11 0
      vertex 32.0981 9.5 0
    endloop
  endfacet
  facet normal 0 0 -1
    outer loop
      vertex 32.5 -8 0
      vertex 25.4872 -0.195788 0
      vertex 25.5 0 0
    endloop
  endfacet
  facet normal 0 0 -1
    outer loop
      vertex 32.5 -8 0
      vertex 25.4489 -0.388228 0
      vertex 25.4872 -0.195788 0
    endloop
  endfacet
  facet normal 0 0 -1
    outer loop
      vertex 32.5 -8 0
      vertex 25.3858 -0.574024 0
      vertex 25.4489 -0.388228 0
    endloop
  endfacet
  facet normal 0 0 -1
    outer loop
      vertex 32.5 -8 0
      vertex 25.299 -0.75 0
      vertex 25.3858 -0.574024 0
    endloop
  endfacet
  facet normal 0 0 -1
    outer loop
      vertex 32.5 -8 0
      vertex 25.19 -0.913141 0
      vertex 25.299 -0.75 0
    endloop
  endfacet
  facet normal 0 0 -1
    outer loop
      vertex 32.5 -8 0
      vertex 25.0607 -1.06066 0
      vertex 25.19 -0.913141 0
    endloop
  endfacet
  facet normal 0 0 -1
    outer loop
      vertex 32.5 -8 0
      vertex 24.9131 -1.19003 0
      vertex 25.0607 -1.06066 0
    endloop
  endfacet
  facet normal 0 0 -1
    outer loop
      vertex 32.5 -8 0
      vertex 24.75 -1.29904 0
      vertex 24.9131 -1.19003 0
    endloop
  endfacet
  facet normal 0 0 -1
    outer loop
      vertex 29.5 -11 0
      vertex 24.574 -1.38582 0
      vertex 24.75 -1.29904 0
    endloop
  endfacet
  facet normal 0 0 -1
    outer loop
      vertex 29.5 -11 0
      vertex 24.3882 -1.44889 0
      vertex 24.574 -1.38582 0
    endloop
  endfacet
  facet normal 0 0 -1
    outer loop
      vertex 29.5 -11 0
      vertex 24.1958 -1.48717 0
      vertex 24.3882 -1.44889 0
    endloop
  endfacet
  facet normal 0 0 -1
    outer loop
      vertex 29.5 -11 0
      vertex 24 -1.5 0
      vertex 24.1958 -1.48717 0
    endloop
  endfacet
  facet normal 0 0 -1
    outer loop
      vertex 29.5 -11 0
      vertex 23.8042 -1.48717 0
      vertex 24 -1.5 0
    endloop
  endfacet
  facet normal 0 0 -1
    outer loop
      vertex 29.5 -11 0
      vertex 23.6118 -1.44889 0
      vertex 23.8042 -1.48717 0
    endloop
  endfacet
  facet normal 0 0 -1
    outer loop
      vertex 29.5 -11 0
      vertex 23.426 -1.38582 0
      vertex 23.6118 -1.44889 0
    endloop
  endfacet
  facet normal 0 0 -1
    outer loop
      vertex 29.5 -11 0
      vertex 23.25 -1.29904 0
      vertex 23.426 -1.38582 0
    endloop
  endfacet
  facet normal 0 0 -1
    outer loop
      vertex 12.75 -1.29904 0
      vertex 23.25 -1.29904 0
      vertex 29.5 -11 0
    endloop
  endfacet
  facet normal 0 0 -1
    outer loop
      vertex 23.25 -1.29904 0
      vertex 12.75 -1.29904 0
      vertex 23.0869 -1.19003 0
    endloop
  endfacet
  facet normal 0 -0 -1
    outer loop
      vertex 12.9131 -1.19003 0
      vertex 23.0869 -1.19003 0
      vertex 12.75 -1.29904 0
    endloop
  endfacet
  facet normal 0 0 -1
    outer loop
      vertex 23.0869 -1.19003 0
      vertex 12.9131 -1.19003 0
      vertex 22.9393 -1.06066 0
    endloop
  endfacet
  facet normal 0 0 -1
    outer loop
      vertex 22.5128 -0.195788 0
      vertex 13.5 0 0
      vertex 22.5 0 0
    endloop
  endfacet
  facet normal 0 0 -1
    outer loop
      vertex 13.4872 -0.195788 0
      vertex 22.5128 -0.195788 0
      vertex 22.5511 -0.388228 0
    endloop
  endfacet
  facet normal 0 0 -1
    outer loop
      vertex 13.4489 -0.388228 0
      vertex 22.5511 -0.388228 0
      vertex 22.6142 -0.574024 0
    endloop
  endfacet
  facet normal 0 0 -1
    outer loop
      vertex 13.3858 -0.574024 0
      vertex 22.6142 -0.574024 0
      vertex 22.701 -0.75 0
    endloop
  endfacet
  facet normal 0 -0 -1
    outer loop
      vertex 13.0607 -1.06066 0
      vertex 22.9393 -1.06066 0
      vertex 12.9131 -1.19003 0
    endloop
  endfacet
  facet normal 0 0 -1
    outer loop
      vertex 22.5128 -0.195788 0
      vertex 13.4872 -0.195788 0
      vertex 13.5 0 0
    endloop
  endfacet
  facet normal 0 0 -1
    outer loop
      vertex 22.5511 -0.388228 0
      vertex 13.4489 -0.388228 0
      vertex 13.4872 -0.195788 0
    endloop
  endfacet
  facet normal 0 0 -1
    outer loop
      vertex 22.6142 -0.574024 0
      vertex 13.3858 -0.574024 0
      vertex 13.4489 -0.388228 0
    endloop
  endfacet
  facet normal 0 0 -1
    outer loop
      vertex 22.701 -0.75 0
      vertex 13.299 -0.75 0
      vertex 13.3858 -0.574024 0
    endloop
  endfacet
  facet normal -0 0 -1
    outer loop
      vertex 22.701 -0.75 0
      vertex 13.19 -0.913141 0
      vertex 13.299 -0.75 0
    endloop
  endfacet
  facet normal 0 0 -1
    outer loop
      vertex 22.81 -0.913141 0
      vertex 13.19 -0.913141 0
      vertex 22.701 -0.75 0
    endloop
  endfacet
  facet normal 0 -0 -1
    outer loop
      vertex 13.19 -0.913141 0
      vertex 22.81 -0.913141 0
      vertex 13.0607 -1.06066 0
    endloop
  endfacet
  facet normal 0 0 -1
    outer loop
      vertex 22.9393 -1.06066 0
      vertex 13.0607 -1.06066 0
      vertex 22.81 -0.913141 0
    endloop
  endfacet
  facet normal 0 0 -1
    outer loop
      vertex 29.5 -11 0
      vertex 12.574 -1.38582 0
      vertex 12.75 -1.29904 0
    endloop
  endfacet
  facet normal 0 0 -1
    outer loop
      vertex 29.5 -11 0
      vertex 12.3882 -1.44889 0
      vertex 12.574 -1.38582 0
    endloop
  endfacet
  facet normal 0 0 -1
    outer loop
      vertex 29.5 -11 0
      vertex 12.1958 -1.48717 0
      vertex 12.3882 -1.44889 0
    endloop
  endfacet
  facet normal 0 0 -1
    outer loop
      vertex 29.5 -11 0
      vertex 12 -1.5 0
      vertex 12.1958 -1.48717 0
    endloop
  endfacet
  facet normal 0 0 -1
    outer loop
      vertex 29.5 -11 0
      vertex 11.8042 -1.48717 0
      vertex 12 -1.5 0
    endloop
  endfacet
  facet normal 0 0 -1
    outer loop
      vertex 0.179473 -1.36324 0
      vertex 11.8042 -1.48717 0
      vertex 29.5 -11 0
    endloop
  endfacet
  facet normal 0 0 -1
    outer loop
      vertex 11.8042 -1.48717 0
      vertex 0.179473 -1.36324 0
      vertex 11.6118 -1.44889 0
    endloop
  endfacet
  facet normal 0 -0 -1
    outer loop
      vertex 0.355876 -1.32815 0
      vertex 11.6118 -1.44889 0
      vertex 0.179473 -1.36324 0
    endloop
  endfacet
  facet normal 0 0 -1
    outer loop
      vertex 10.5128 -0.195788 0
      vertex 1.375 0 0
      vertex 10.5 0 0
    endloop
  endfacet
  facet normal 0 0 -1
    outer loop
      vertex 1.36324 -0.179473 0
      vertex 10.5128 -0.195788 0
      vertex 10.5511 -0.388228 0
    endloop
  endfacet
  facet normal 0 0 -1
    outer loop
      vertex 1.32815 -0.355876 0
      vertex 10.5511 -0.388228 0
      vertex 10.6142 -0.574024 0
    endloop
  endfacet
  facet normal 0 0 -1
    outer loop
      vertex 1.19078 -0.6875 0
      vertex 10.6142 -0.574024 0
      vertex 10.701 -0.75 0
    endloop
  endfacet
  facet normal 0 0 -1
    outer loop
      vertex 1.09086 -0.837047 0
      vertex 10.701 -0.75 0
      vertex 10.81 -0.913141 0
    endloop
  endfacet
  facet normal 0 0 -1
    outer loop
      vertex 0.972271 -0.972271 0
      vertex 10.81 -0.913141 0
      vertex 10.9393 -1.06066 0
    endloop
  endfacet
  facet normal 0 0 -1
    outer loop
      vertex 0.837047 -1.09086 0
      vertex 10.9393 -1.06066 0
      vertex 11.0869 -1.19003 0
    endloop
  endfacet
  facet normal 0 0 -1
    outer loop
      vertex 0.6875 -1.19078 0
      vertex 11.0869 -1.19003 0
      vertex 11.25 -1.29904 0
    endloop
  endfacet
  facet normal 0 0 -1
    outer loop
      vertex 11.6118 -1.44889 0
      vertex 0.355876 -1.32815 0
      vertex 11.426 -1.38582 0
    endloop
  endfacet
  facet normal 0 0 -1
    outer loop
      vertex 10.5128 -0.195788 0
      vertex 1.36324 -0.179473 0
      vertex 1.375 0 0
    endloop
  endfacet
  facet normal 0 0 -1
    outer loop
      vertex 10.5511 -0.388228 0
      vertex 1.32815 -0.355876 0
      vertex 1.36324 -0.179473 0
    endloop
  endfacet
  facet normal 0 0 -1
    outer loop
      vertex 10.6142 -0.574024 0
      vertex 1.27033 -0.526189 0
      vertex 1.32815 -0.355876 0
    endloop
  endfacet
  facet normal -0 0 -1
    outer loop
      vertex 10.6142 -0.574024 0
      vertex 1.19078 -0.6875 0
      vertex 1.27033 -0.526189 0
    endloop
  endfacet
  facet normal -0 0 -1
    outer loop
      vertex 10.701 -0.75 0
      vertex 1.09086 -0.837047 0
      vertex 1.19078 -0.6875 0
    endloop
  endfacet
  facet normal -0 0 -1
    outer loop
      vertex 10.81 -0.913141 0
      vertex 0.972271 -0.972271 0
      vertex 1.09086 -0.837047 0
    endloop
  endfacet
  facet normal -0 0 -1
    outer loop
      vertex 10.9393 -1.06066 0
      vertex 0.837047 -1.09086 0
      vertex 0.972271 -0.972271 0
    endloop
  endfacet
  facet normal -0 0 -1
    outer loop
      vertex 11.0869 -1.19003 0
      vertex 0.6875 -1.19078 0
      vertex 0.837047 -1.09086 0
    endloop
  endfacet
  facet normal 0 0 -1
    outer loop
      vertex 11.25 -1.29904 0
      vertex 0.526189 -1.27033 0
      vertex 0.6875 -1.19078 0
    endloop
  endfacet
  facet normal 0 0 -1
    outer loop
      vertex 11.426 -1.38582 0
      vertex 0.526189 -1.27033 0
      vertex 11.25 -1.29904 0
    endloop
  endfacet
  facet normal 0 -0 -1
    outer loop
      vertex 0.526189 -1.27033 0
      vertex 11.426 -1.38582 0
      vertex 0.355876 -1.32815 0
    endloop
  endfacet
  facet normal 0 0 -1
    outer loop
      vertex 29.5 -11 0
      vertex 0 -1.375 0
      vertex 0.179473 -1.36324 0
    endloop
  endfacet
  facet normal 0 0 -1
    outer loop
      vertex -29.5 -11 0
      vertex 0 -1.375 0
      vertex 29.5 -11 0
    endloop
  endfacet
  facet normal -0 0 -1
    outer loop
      vertex 0 -1.375 0
      vertex -29.5 -11 0
      vertex -0.179473 -1.36324 0
    endloop
  endfacet
  facet normal 0 0 -1
    outer loop
      vertex -1.36324 -0.179473 0
      vertex -10.625 0 0
      vertex -1.375 0 0
    endloop
  endfacet
  facet normal 0 0 -1
    outer loop
      vertex -10.6368 -0.179473 0
      vertex -1.36324 -0.179473 0
      vertex -1.32815 -0.355876 0
    endloop
  endfacet
  facet normal 0 0 -1
    outer loop
      vertex -10.6719 -0.355876 0
      vertex -1.32815 -0.355876 0
      vertex -1.27033 -0.526189 0
    endloop
  endfacet
  facet normal 0 0 -1
    outer loop
      vertex -10.7297 -0.526189 0
      vertex -1.27033 -0.526189 0
      vertex -1.19078 -0.6875 0
    endloop
  endfacet
  facet normal 0 0 -1
    outer loop
      vertex -10.8092 -0.6875 0
      vertex -1.19078 -0.6875 0
      vertex -1.09086 -0.837047 0
    endloop
  endfacet
  facet normal 0 0 -1
    outer loop
      vertex -10.9091 -0.837047 0
      vertex -1.09086 -0.837047 0
      vertex -0.972271 -0.972271 0
    endloop
  endfacet
  facet normal 0 0 -1
    outer loop
      vertex -11.0277 -0.972271 0
      vertex -0.972271 -0.972271 0
      vertex -0.837047 -1.09086 0
    endloop
  endfacet
  facet normal 0 0 -1
    outer loop
      vertex -11.163 -1.09086 0
      vertex -0.837047 -1.09086 0
      vertex -0.6875 -1.19078 0
    endloop
  endfacet
  facet normal 0 0 -1
    outer loop
      vertex -11.3125 -1.19078 0
      vertex -0.6875 -1.19078 0
      vertex -0.526189 -1.27033 0
    endloop
  endfacet
  facet normal 0 0 -1
    outer loop
      vertex -11.4738 -1.27033 0
      vertex -0.526189 -1.27033 0
      vertex -0.355876 -1.32815 0
    endloop
  endfacet
  facet normal 0 -0 -1
    outer loop
      vertex -11.8205 -1.36324 0
      vertex -0.179473 -1.36324 0
      vertex -29.5 -11 0
    endloop
  endfacet
  facet normal 0 0 -1
    outer loop
      vertex -1.36324 -0.179473 0
      vertex -10.6368 -0.179473 0
      vertex -10.625 0 0
    endloop
  endfacet
  facet normal 0 0 -1
    outer loop
      vertex -1.32815 -0.355876 0
      vertex -10.6719 -0.355876 0
      vertex -10.6368 -0.179473 0
    endloop
  endfacet
  facet normal 0 0 -1
    outer loop
      vertex -1.27033 -0.526189 0
      vertex -10.7297 -0.526189 0
      vertex -10.6719 -0.355876 0
    endloop
  endfacet
  facet normal 0 0 -1
    outer loop
      vertex -1.19078 -0.6875 0
      vertex -10.8092 -0.6875 0
      vertex -10.7297 -0.526189 0
    endloop
  endfacet
  facet normal 0 0 -1
    outer loop
      vertex -1.09086 -0.837047 0
      vertex -10.9091 -0.837047 0
      vertex -10.8092 -0.6875 0
    endloop
  endfacet
  facet normal 0 0 -1
    outer loop
      vertex -0.972271 -0.972271 0
      vertex -11.0277 -0.972271 0
      vertex -10.9091 -0.837047 0
    endloop
  endfacet
  facet normal 0 0 -1
    outer loop
      vertex -0.837047 -1.09086 0
      vertex -11.163 -1.09086 0
      vertex -11.0277 -0.972271 0
    endloop
  endfacet
  facet normal 0 0 -1
    outer loop
      vertex -0.6875 -1.19078 0
      vertex -11.3125 -1.19078 0
      vertex -11.163 -1.09086 0
    endloop
  endfacet
  facet normal 0 0 -1
    outer loop
      vertex -0.526189 -1.27033 0
      vertex -11.4738 -1.27033 0
      vertex -11.3125 -1.19078 0
    endloop
  endfacet
  facet normal 0 0 -1
    outer loop
      vertex -0.355876 -1.32815 0
      vertex -11.6441 -1.32815 0
      vertex -11.4738 -1.27033 0
    endloop
  endfacet
  facet normal 0 0 -1
    outer loop
      vertex -0.179473 -1.36324 0
      vertex -11.8205 -1.36324 0
      vertex -0.355876 -1.32815 0
    endloop
  endfacet
  facet normal -0 0 -1
    outer loop
      vertex -0.355876 -1.32815 0
      vertex -11.8205 -1.36324 0
      vertex -11.6441 -1.32815 0
    endloop
  endfacet
  facet normal 0 0 -1
    outer loop
      vertex -11.8205 -1.36324 0
      vertex -29.5 -11 0
      vertex -12 -1.375 0
    endloop
  endfacet
  facet normal -0 0 -1
    outer loop
      vertex -12 -1.375 0
      vertex -29.5 -11 0
      vertex -12.1795 -1.36324 0
    endloop
  endfacet
  facet normal 0 0 -1
    outer loop
      vertex -13.3632 -0.179473 0
      vertex -22.625 0 0
      vertex -13.375 0 0
    endloop
  endfacet
  facet normal 0 0 -1
    outer loop
      vertex -22.6368 -0.179473 0
      vertex -13.3632 -0.179473 0
      vertex -13.3281 -0.355876 0
    endloop
  endfacet
  facet normal 0 0 -1
    outer loop
      vertex -22.6719 -0.355876 0
      vertex -13.3281 -0.355876 0
      vertex -13.2703 -0.526189 0
    endloop
  endfacet
  facet normal 0 0 -1
    outer loop
      vertex -22.7297 -0.526189 0
      vertex -13.2703 -0.526189 0
      vertex -13.1908 -0.6875 0
    endloop
  endfacet
  facet normal 0 0 -1
    outer loop
      vertex -22.8092 -0.6875 0
      vertex -13.1908 -0.6875 0
      vertex -13.0909 -0.837047 0
    endloop
  endfacet
  facet normal 0 0 -1
    outer loop
      vertex -22.9091 -0.837047 0
      vertex -13.0909 -0.837047 0
      vertex -12.9723 -0.972271 0
    endloop
  endfacet
  facet normal 0 0 -1
    outer loop
      vertex -23.0277 -0.972271 0
      vertex -12.9723 -0.972271 0
      vertex -12.837 -1.09086 0
    endloop
  endfacet
  facet normal 0 0 -1
    outer loop
      vertex -23.163 -1.09086 0
      vertex -12.837 -1.09086 0
      vertex -12.6875 -1.19078 0
    endloop
  endfacet
  facet normal 0 0 -1
    outer loop
      vertex -29.5 -11 0
      vertex -12.6875 -1.19078 0
      vertex -12.5262 -1.27033 0
    endloop
  endfacet
  facet normal 0 0 -1
    outer loop
      vertex -29.5 -11 0
      vertex -12.5262 -1.27033 0
      vertex -12.3559 -1.32815 0
    endloop
  endfacet
  facet normal -0 0 -1
    outer loop
      vertex -12.1795 -1.36324 0
      vertex -29.5 -11 0
      vertex -12.3559 -1.32815 0
    endloop
  endfacet
  facet normal 0 0 -1
    outer loop
      vertex -13.3632 -0.179473 0
      vertex -22.6368 -0.179473 0
      vertex -22.625 0 0
    endloop
  endfacet
  facet normal 0 0 -1
    outer loop
      vertex -13.3281 -0.355876 0
      vertex -22.6719 -0.355876 0
      vertex -22.6368 -0.179473 0
    endloop
  endfacet
  facet normal 0 0 -1
    outer loop
      vertex -13.2703 -0.526189 0
      vertex -22.7297 -0.526189 0
      vertex -22.6719 -0.355876 0
    endloop
  endfacet
  facet normal 0 0 -1
    outer loop
      vertex -13.1908 -0.6875 0
      vertex -22.8092 -0.6875 0
      vertex -22.7297 -0.526189 0
    endloop
  endfacet
  facet normal 0 0 -1
    outer loop
      vertex -13.0909 -0.837047 0
      vertex -22.9091 -0.837047 0
      vertex -22.8092 -0.6875 0
    endloop
  endfacet
  facet normal 0 0 -1
    outer loop
      vertex -12.9723 -0.972271 0
      vertex -23.0277 -0.972271 0
      vertex -22.9091 -0.837047 0
    endloop
  endfacet
  facet normal -0 0 -1
    outer loop
      vertex -12.6875 -1.19078 0
      vertex -29.5 -11 0
      vertex -23.3125 -1.19078 0
    endloop
  endfacet
  facet normal 0 0 -1
    outer loop
      vertex -12.837 -1.09086 0
      vertex -23.163 -1.09086 0
      vertex -23.0277 -0.972271 0
    endloop
  endfacet
  facet normal 0 0 -1
    outer loop
      vertex -12.6875 -1.19078 0
      vertex -23.3125 -1.19078 0
      vertex -23.163 -1.09086 0
    endloop
  endfacet
  facet normal 0 0 -1
    outer loop
      vertex -23.3125 -1.19078 0
      vertex -29.5 -11 0
      vertex -23.4738 -1.27033 0
    endloop
  endfacet
  facet normal 0 0 -1
    outer loop
      vertex -23.4738 -1.27033 0
      vertex -29.5 -11 0
      vertex -23.6441 -1.32815 0
    endloop
  endfacet
  facet normal 0 0 -1
    outer loop
      vertex -23.6441 -1.32815 0
      vertex -29.5 -11 0
      vertex -23.8205 -1.36324 0
    endloop
  endfacet
  facet normal 0 0 -1
    outer loop
      vertex -23.8205 -1.36324 0
      vertex -29.5 -11 0
      vertex -24 -1.375 0
    endloop
  endfacet
  facet normal -0 0 -1
    outer loop
      vertex -25.3281 -0.355876 0
      vertex -32.5 -8 0
      vertex -25.3632 -0.179473 0
    endloop
  endfacet
  facet normal -0 0 -1
    outer loop
      vertex -25.2703 -0.526189 0
      vertex -32.5 -8 0
      vertex -25.3281 -0.355876 0
    endloop
  endfacet
  facet normal -0 0 -1
    outer loop
      vertex -25.1908 -0.6875 0
      vertex -32.5 -8 0
      vertex -25.2703 -0.526189 0
    endloop
  endfacet
  facet normal -0 0 -1
    outer loop
      vertex -25.0909 -0.837047 0
      vertex -32.5 -8 0
      vertex -25.1908 -0.6875 0
    endloop
  endfacet
  facet normal -0 0 -1
    outer loop
      vertex -24.9723 -0.972271 0
      vertex -32.5 -8 0
      vertex -25.0909 -0.837047 0
    endloop
  endfacet
  facet normal -0 0 -1
    outer loop
      vertex -24.837 -1.09086 0
      vertex -32.5 -8 0
      vertex -24.9723 -0.972271 0
    endloop
  endfacet
  facet normal -0 0 -1
    outer loop
      vertex -24.6875 -1.19078 0
      vertex -32.5 -8 0
      vertex -24.837 -1.09086 0
    endloop
  endfacet
  facet normal 0 0 -1
    outer loop
      vertex -32.5 -8 0
      vertex -24.6875 -1.19078 0
      vertex -29.5 -11 0
    endloop
  endfacet
  facet normal -0 0 -1
    outer loop
      vertex -24.5262 -1.27033 0
      vertex -29.5 -11 0
      vertex -24.6875 -1.19078 0
    endloop
  endfacet
  facet normal -0 0 -1
    outer loop
      vertex -24.3559 -1.32815 0
      vertex -29.5 -11 0
      vertex -24.5262 -1.27033 0
    endloop
  endfacet
  facet normal -0 0 -1
    outer loop
      vertex -24.1795 -1.36324 0
      vertex -29.5 -11 0
      vertex -24.3559 -1.32815 0
    endloop
  endfacet
  facet normal -0 0 -1
    outer loop
      vertex -24 -1.375 0
      vertex -29.5 -11 0
      vertex -24.1795 -1.36324 0
    endloop
  endfacet
  facet normal 0 0 -1
    outer loop
      vertex 32.0981 9.5 0
      vertex 29.5 11 0
      vertex 31.8801 9.82628 0
    endloop
  endfacet
  facet normal 0 0 -1
    outer loop
      vertex 31.8801 9.82628 0
      vertex 29.5 11 0
      vertex 31.6213 10.1213 0
    endloop
  endfacet
  facet normal 0 0 -1
    outer loop
      vertex 31.3263 10.3801 0
      vertex 29.5 11 0
      vertex 31 10.5981 0
    endloop
  endfacet
  facet normal 0 0 -1
    outer loop
      vertex 31 10.5981 0
      vertex 29.5 11 0
      vertex 30.6481 10.7716 0
    endloop
  endfacet
  facet normal 0 0 -1
    outer loop
      vertex 30.6481 10.7716 0
      vertex 29.5 11 0
      vertex 30.2765 10.8978 0
    endloop
  endfacet
  facet normal 0 0 -1
    outer loop
      vertex 30.2765 10.8978 0
      vertex 29.5 11 0
      vertex 29.8916 10.9743 0
    endloop
  endfacet
  facet normal 0 0 -1
    outer loop
      vertex 31.6213 10.1213 0
      vertex 29.5 11 0
      vertex 31.3263 10.3801 0
    endloop
  endfacet
  facet normal 0 0 -1
    outer loop
      vertex 32.5 8 0
      vertex 29.5 11 0
      vertex 32.4743 8.39157 0
    endloop
  endfacet
  facet normal 0 0 -1
    outer loop
      vertex 24.574 1.38582 0
      vertex 29.5 11 0
      vertex 24.75 1.29904 0
    endloop
  endfacet
  facet normal 0 0 -1
    outer loop
      vertex 24.3882 1.44889 0
      vertex 29.5 11 0
      vertex 24.574 1.38582 0
    endloop
  endfacet
  facet normal 0 0 -1
    outer loop
      vertex 24.1958 1.48717 0
      vertex 29.5 11 0
      vertex 24.3882 1.44889 0
    endloop
  endfacet
  facet normal 0 0 -1
    outer loop
      vertex 24 1.5 0
      vertex 29.5 11 0
      vertex 24.1958 1.48717 0
    endloop
  endfacet
  facet normal 0 0 -1
    outer loop
      vertex 23.8042 1.48717 0
      vertex 29.5 11 0
      vertex 24 1.5 0
    endloop
  endfacet
  facet normal 0 0 -1
    outer loop
      vertex 23.6118 1.44889 0
      vertex 29.5 11 0
      vertex 23.8042 1.48717 0
    endloop
  endfacet
  facet normal 0 0 -1
    outer loop
      vertex 23.426 1.38582 0
      vertex 29.5 11 0
      vertex 23.6118 1.44889 0
    endloop
  endfacet
  facet normal 0 0 -1
    outer loop
      vertex 23.25 1.29904 0
      vertex 29.5 11 0
      vertex 23.426 1.38582 0
    endloop
  endfacet
  facet normal 0 0 -1
    outer loop
      vertex 12.75 1.29904 0
      vertex 23.25 1.29904 0
      vertex 23.0869 1.19003 0
    endloop
  endfacet
  facet normal 0 0 -1
    outer loop
      vertex 12.9131 1.19003 0
      vertex 23.0869 1.19003 0
      vertex 22.9393 1.06066 0
    endloop
  endfacet
  facet normal 0 0 -1
    outer loop
      vertex 13.0607 1.06066 0
      vertex 22.9393 1.06066 0
      vertex 22.81 0.913141 0
    endloop
  endfacet
  facet normal 0 0 -1
    outer loop
      vertex 13.19 0.913141 0
      vertex 22.81 0.913141 0
      vertex 22.701 0.75 0
    endloop
  endfacet
  facet normal 0 0 -1
    outer loop
      vertex 13.5 0 0
      vertex 22.5128 0.195788 0
      vertex 22.5 0 0
    endloop
  endfacet
  facet normal 0 0 -1
    outer loop
      vertex 13.4872 0.195788 0
      vertex 22.5128 0.195788 0
      vertex 13.5 0 0
    endloop
  endfacet
  facet normal 0 0 -1
    outer loop
      vertex 22.5128 0.195788 0
      vertex 13.4872 0.195788 0
      vertex 22.5511 0.388228 0
    endloop
  endfacet
  facet normal 0 0 -1
    outer loop
      vertex 13.4489 0.388228 0
      vertex 22.5511 0.388228 0
      vertex 13.4872 0.195788 0
    endloop
  endfacet
  facet normal 0 0 -1
    outer loop
      vertex 22.5511 0.388228 0
      vertex 13.4489 0.388228 0
      vertex 22.6142 0.574024 0
    endloop
  endfacet
  facet normal 0 0 -1
    outer loop
      vertex 13.3858 0.574024 0
      vertex 22.6142 0.574024 0
      vertex 13.4489 0.388228 0
    endloop
  endfacet
  facet normal 0 0 -1
    outer loop
      vertex 22.6142 0.574024 0
      vertex 13.3858 0.574024 0
      vertex 22.701 0.75 0
    endloop
  endfacet
  facet normal 0 0 -1
    outer loop
      vertex 13.299 0.75 0
      vertex 22.701 0.75 0
      vertex 13.3858 0.574024 0
    endloop
  endfacet
  facet normal 0 0 -1
    outer loop
      vertex 13.19 0.913141 0
      vertex 22.701 0.75 0
      vertex 13.299 0.75 0
    endloop
  endfacet
  facet normal 0 0 -1
    outer loop
      vertex 22.81 0.913141 0
      vertex 13.19 0.913141 0
      vertex 13.0607 1.06066 0
    endloop
  endfacet
  facet normal 0 0 -1
    outer loop
      vertex 22.9393 1.06066 0
      vertex 13.0607 1.06066 0
      vertex 12.9131 1.19003 0
    endloop
  endfacet
  facet normal 0 0 -1
    outer loop
      vertex 23.0869 1.19003 0
      vertex 12.9131 1.19003 0
      vertex 12.75 1.29904 0
    endloop
  endfacet
  facet normal 0 0 -1
    outer loop
      vertex 23.25 1.29904 0
      vertex 12.75 1.29904 0
      vertex 29.5 11 0
    endloop
  endfacet
  facet normal 0 0 -1
    outer loop
      vertex 12.574 1.38582 0
      vertex 29.5 11 0
      vertex 12.75 1.29904 0
    endloop
  endfacet
  facet normal 0 0 -1
    outer loop
      vertex 12.3882 1.44889 0
      vertex 29.5 11 0
      vertex 12.574 1.38582 0
    endloop
  endfacet
  facet normal 0 0 -1
    outer loop
      vertex 12.1958 1.48717 0
      vertex 29.5 11 0
      vertex 12.3882 1.44889 0
    endloop
  endfacet
  facet normal 0 0 -1
    outer loop
      vertex 12 1.5 0
      vertex 29.5 11 0
      vertex 12.1958 1.48717 0
    endloop
  endfacet
  facet normal 0 0 -1
    outer loop
      vertex 11.8042 1.48717 0
      vertex 29.5 11 0
      vertex 12 1.5 0
    endloop
  endfacet
  facet normal 0 0 -1
    outer loop
      vertex 0.179473 1.36324 0
      vertex 11.8042 1.48717 0
      vertex 11.6118 1.44889 0
    endloop
  endfacet
  facet normal 0 0 -1
    outer loop
      vertex 0.355876 1.32815 0
      vertex 11.6118 1.44889 0
      vertex 11.426 1.38582 0
    endloop
  endfacet
  facet normal 0 0 -1
    outer loop
      vertex 0.526189 1.27033 0
      vertex 11.426 1.38582 0
      vertex 11.25 1.29904 0
    endloop
  endfacet
  facet normal 0 0 -1
    outer loop
      vertex 1.375 0 0
      vertex 10.5128 0.195788 0
      vertex 10.5 0 0
    endloop
  endfacet
  facet normal 0 0 -1
    outer loop
      vertex 1.36324 0.179473 0
      vertex 10.5128 0.195788 0
      vertex 1.375 0 0
    endloop
  endfacet
  facet normal -0 0 -1
    outer loop
      vertex 10.5128 0.195788 0
      vertex 1.36324 0.179473 0
      vertex 10.5511 0.388228 0
    endloop
  endfacet
  facet normal 0 0 -1
    outer loop
      vertex 1.32815 0.355876 0
      vertex 10.5511 0.388228 0
      vertex 1.36324 0.179473 0
    endloop
  endfacet
  facet normal -0 0 -1
    outer loop
      vertex 10.5511 0.388228 0
      vertex 1.32815 0.355876 0
      vertex 10.6142 0.574024 0
    endloop
  endfacet
  facet normal 0 0 -1
    outer loop
      vertex 1.27033 0.526189 0
      vertex 10.6142 0.574024 0
      vertex 1.32815 0.355876 0
    endloop
  endfacet
  facet normal 0 0 -1
    outer loop
      vertex 1.19078 0.6875 0
      vertex 10.6142 0.574024 0
      vertex 1.27033 0.526189 0
    endloop
  endfacet
  facet normal 0 0 -1
    outer loop
      vertex 10.6142 0.574024 0
      vertex 1.19078 0.6875 0
      vertex 10.701 0.75 0
    endloop
  endfacet
  facet normal 0 0 -1
    outer loop
      vertex 1.09086 0.837047 0
      vertex 10.701 0.75 0
      vertex 1.19078 0.6875 0
    endloop
  endfacet
  facet normal 0 0 -1
    outer loop
      vertex 10.701 0.75 0
      vertex 1.09086 0.837047 0
      vertex 10.81 0.913141 0
    endloop
  endfacet
  facet normal 0 0 -1
    outer loop
      vertex 0.972271 0.972271 0
      vertex 10.81 0.913141 0
      vertex 1.09086 0.837047 0
    endloop
  endfacet
  facet normal 0 0 -1
    outer loop
      vertex 10.81 0.913141 0
      vertex 0.972271 0.972271 0
      vertex 10.9393 1.06066 0
    endloop
  endfacet
  facet normal 0 0 -1
    outer loop
      vertex 0.837047 1.09086 0
      vertex 10.9393 1.06066 0
      vertex 0.972271 0.972271 0
    endloop
  endfacet
  facet normal 0 0 -1
    outer loop
      vertex 10.9393 1.06066 0
      vertex 0.837047 1.09086 0
      vertex 11.0869 1.19003 0
    endloop
  endfacet
  facet normal 0 0 -1
    outer loop
      vertex 0.6875 1.19078 0
      vertex 11.0869 1.19003 0
      vertex 0.837047 1.09086 0
    endloop
  endfacet
  facet normal 0 0 -1
    outer loop
      vertex 11.0869 1.19003 0
      vertex 0.6875 1.19078 0
      vertex 11.25 1.29904 0
    endloop
  endfacet
  facet normal 0 0 -1
    outer loop
      vertex 0.526189 1.27033 0
      vertex 11.25 1.29904 0
      vertex 0.6875 1.19078 0
    endloop
  endfacet
  facet normal 0 0 -1
    outer loop
      vertex 11.426 1.38582 0
      vertex 0.526189 1.27033 0
      vertex 0.355876 1.32815 0
    endloop
  endfacet
  facet normal 0 0 -1
    outer loop
      vertex 11.6118 1.44889 0
      vertex 0.355876 1.32815 0
      vertex 0.179473 1.36324 0
    endloop
  endfacet
  facet normal -0 0 -1
    outer loop
      vertex 11.8042 1.48717 0
      vertex 0.179473 1.36324 0
      vertex 29.5 11 0
    endloop
  endfacet
  facet normal 0 0 -1
    outer loop
      vertex 0 1.375 0
      vertex 29.5 11 0
      vertex 0.179473 1.36324 0
    endloop
  endfacet
  facet normal 0 0 -1
    outer loop
      vertex -29.5 11 0
      vertex 0 1.375 0
      vertex -0.179473 1.36324 0
    endloop
  endfacet
  facet normal 0 0 -1
    outer loop
      vertex -11.8205 1.36324 0
      vertex -0.179473 1.36324 0
      vertex -0.355876 1.32815 0
    endloop
  endfacet
  facet normal 0 0 -1
    outer loop
      vertex -10.625 0 0
      vertex -1.36324 0.179473 0
      vertex -1.375 0 0
    endloop
  endfacet
  facet normal 0 0 -1
    outer loop
      vertex -10.6368 0.179473 0
      vertex -1.36324 0.179473 0
      vertex -10.625 0 0
    endloop
  endfacet
  facet normal 0 0 -1
    outer loop
      vertex -1.36324 0.179473 0
      vertex -10.6368 0.179473 0
      vertex -1.32815 0.355876 0
    endloop
  endfacet
  facet normal 0 0 -1
    outer loop
      vertex -10.6719 0.355876 0
      vertex -1.32815 0.355876 0
      vertex -10.6368 0.179473 0
    endloop
  endfacet
  facet normal 0 0 -1
    outer loop
      vertex -1.32815 0.355876 0
      vertex -10.6719 0.355876 0
      vertex -1.27033 0.526189 0
    endloop
  endfacet
  facet normal 0 0 -1
    outer loop
      vertex -10.7297 0.526189 0
      vertex -1.27033 0.526189 0
      vertex -10.6719 0.355876 0
    endloop
  endfacet
  facet normal 0 0 -1
    outer loop
      vertex -1.27033 0.526189 0
      vertex -10.7297 0.526189 0
      vertex -1.19078 0.6875 0
    endloop
  endfacet
  facet normal 0 0 -1
    outer loop
      vertex -10.8092 0.6875 0
      vertex -1.19078 0.6875 0
      vertex -10.7297 0.526189 0
    endloop
  endfacet
  facet normal 0 0 -1
    outer loop
      vertex -1.19078 0.6875 0
      vertex -10.8092 0.6875 0
      vertex -1.09086 0.837047 0
    endloop
  endfacet
  facet normal 0 0 -1
    outer loop
      vertex -10.9091 0.837047 0
      vertex -1.09086 0.837047 0
      vertex -10.8092 0.6875 0
    endloop
  endfacet
  facet normal 0 0 -1
    outer loop
      vertex -1.09086 0.837047 0
      vertex -10.9091 0.837047 0
      vertex -0.972271 0.972271 0
    endloop
  endfacet
  facet normal 0 0 -1
    outer loop
      vertex -11.0277 0.972271 0
      vertex -0.972271 0.972271 0
      vertex -10.9091 0.837047 0
    endloop
  endfacet
  facet normal 0 0 -1
    outer loop
      vertex -0.972271 0.972271 0
      vertex -11.0277 0.972271 0
      vertex -0.837047 1.09086 0
    endloop
  endfacet
  facet normal 0 0 -1
    outer loop
      vertex -11.163 1.09086 0
      vertex -0.837047 1.09086 0
      vertex -11.0277 0.972271 0
    endloop
  endfacet
  facet normal 0 0 -1
    outer loop
      vertex -0.837047 1.09086 0
      vertex -11.163 1.09086 0
      vertex -0.6875 1.19078 0
    endloop
  endfacet
  facet normal 0 0 -1
    outer loop
      vertex -11.3125 1.19078 0
      vertex -0.6875 1.19078 0
      vertex -11.163 1.09086 0
    endloop
  endfacet
  facet normal 0 0 -1
    outer loop
      vertex -0.6875 1.19078 0
      vertex -11.3125 1.19078 0
      vertex -0.526189 1.27033 0
    endloop
  endfacet
  facet normal 0 0 -1
    outer loop
      vertex -11.4738 1.27033 0
      vertex -0.526189 1.27033 0
      vertex -11.3125 1.19078 0
    endloop
  endfacet
  facet normal 0 0 -1
    outer loop
      vertex -0.526189 1.27033 0
      vertex -11.4738 1.27033 0
      vertex -0.355876 1.32815 0
    endloop
  endfacet
  facet normal 0 0 -1
    outer loop
      vertex -11.6441 1.32815 0
      vertex -0.355876 1.32815 0
      vertex -11.4738 1.27033 0
    endloop
  endfacet
  facet normal 0 0 -1
    outer loop
      vertex -11.8205 1.36324 0
      vertex -0.355876 1.32815 0
      vertex -11.6441 1.32815 0
    endloop
  endfacet
  facet normal 0 0 -1
    outer loop
      vertex -0.179473 1.36324 0
      vertex -11.8205 1.36324 0
      vertex -29.5 11 0
    endloop
  endfacet
  facet normal 0 0 -1
    outer loop
      vertex -29.5 11 0
      vertex -11.8205 1.36324 0
      vertex -12 1.375 0
    endloop
  endfacet
  facet normal 0 0 -1
    outer loop
      vertex -29.5 11 0
      vertex -12 1.375 0
      vertex -12.1795 1.36324 0
    endloop
  endfacet
  facet normal 0 0 -1
    outer loop
      vertex -29.5 11 0
      vertex -12.1795 1.36324 0
      vertex -12.3559 1.32815 0
    endloop
  endfacet
  facet normal 0 0 -1
    outer loop
      vertex -22.625 0 0
      vertex -13.3632 0.179473 0
      vertex -13.375 0 0
    endloop
  endfacet
  facet normal 0 0 -1
    outer loop
      vertex -22.6368 0.179473 0
      vertex -13.3632 0.179473 0
      vertex -22.625 0 0
    endloop
  endfacet
  facet normal 0 0 -1
    outer loop
      vertex -13.3632 0.179473 0
      vertex -22.6368 0.179473 0
      vertex -13.3281 0.355876 0
    endloop
  endfacet
  facet normal 0 0 -1
    outer loop
      vertex -22.6719 0.355876 0
      vertex -13.3281 0.355876 0
      vertex -22.6368 0.179473 0
    endloop
  endfacet
  facet normal 0 0 -1
    outer loop
      vertex -13.3281 0.355876 0
      vertex -22.6719 0.355876 0
      vertex -13.2703 0.526189 0
    endloop
  endfacet
  facet normal 0 0 -1
    outer loop
      vertex -22.7297 0.526189 0
      vertex -13.2703 0.526189 0
      vertex -22.6719 0.355876 0
    endloop
  endfacet
  facet normal 0 0 -1
    outer loop
      vertex -13.2703 0.526189 0
      vertex -22.7297 0.526189 0
      vertex -13.1908 0.6875 0
    endloop
  endfacet
  facet normal 0 0 -1
    outer loop
      vertex -22.8092 0.6875 0
      vertex -13.1908 0.6875 0
      vertex -22.7297 0.526189 0
    endloop
  endfacet
  facet normal 0 0 -1
    outer loop
      vertex -13.1908 0.6875 0
      vertex -22.8092 0.6875 0
      vertex -13.0909 0.837047 0
    endloop
  endfacet
  facet normal 0 0 -1
    outer loop
      vertex -22.9091 0.837047 0
      vertex -13.0909 0.837047 0
      vertex -22.8092 0.6875 0
    endloop
  endfacet
  facet normal 0 0 -1
    outer loop
      vertex -13.0909 0.837047 0
      vertex -22.9091 0.837047 0
      vertex -12.9723 0.972271 0
    endloop
  endfacet
  facet normal 0 0 -1
    outer loop
      vertex -23.0277 0.972271 0
      vertex -12.9723 0.972271 0
      vertex -22.9091 0.837047 0
    endloop
  endfacet
  facet normal 0 0 -1
    outer loop
      vertex -12.9723 0.972271 0
      vertex -23.0277 0.972271 0
      vertex -12.837 1.09086 0
    endloop
  endfacet
  facet normal 0 0 -1
    outer loop
      vertex -23.163 1.09086 0
      vertex -12.837 1.09086 0
      vertex -23.0277 0.972271 0
    endloop
  endfacet
  facet normal 0 0 -1
    outer loop
      vertex -12.837 1.09086 0
      vertex -23.163 1.09086 0
      vertex -12.6875 1.19078 0
    endloop
  endfacet
  facet normal 0 0 -1
    outer loop
      vertex -23.3125 1.19078 0
      vertex -12.6875 1.19078 0
      vertex -23.163 1.09086 0
    endloop
  endfacet
  facet normal 0 0 -1
    outer loop
      vertex -29.5 11 0
      vertex -12.6875 1.19078 0
      vertex -23.3125 1.19078 0
    endloop
  endfacet
  facet normal 0 0 -1
    outer loop
      vertex -12.6875 1.19078 0
      vertex -29.5 11 0
      vertex -12.5262 1.27033 0
    endloop
  endfacet
  facet normal 0 0 -1
    outer loop
      vertex -12.5262 1.27033 0
      vertex -29.5 11 0
      vertex -12.3559 1.32815 0
    endloop
  endfacet
  facet normal 0 0 -1
    outer loop
      vertex -29.5 11 0
      vertex -23.3125 1.19078 0
      vertex -23.4738 1.27033 0
    endloop
  endfacet
  facet normal 0 0 -1
    outer loop
      vertex -29.5 11 0
      vertex -23.4738 1.27033 0
      vertex -23.6441 1.32815 0
    endloop
  endfacet
  facet normal 0 0 -1
    outer loop
      vertex -29.5 11 0
      vertex -23.6441 1.32815 0
      vertex -23.8205 1.36324 0
    endloop
  endfacet
  facet normal 0 0 -1
    outer loop
      vertex -29.5 11 0
      vertex -23.8205 1.36324 0
      vertex -24 1.375 0
    endloop
  endfacet
  facet normal 0 0 -1
    outer loop
      vertex -29.5 11 0
      vertex -24 1.375 0
      vertex -24.1795 1.36324 0
    endloop
  endfacet
  facet normal -0 0 -1
    outer loop
      vertex -25.3632 -0.179473 0
      vertex -32.5 -8 0
      vertex -25.375 0 0
    endloop
  endfacet
  facet normal 0 0 -1
    outer loop
      vertex -32.5 8 0
      vertex -25.375 0 0
      vertex -32.5 -8 0
    endloop
  endfacet
  facet normal 0 0 -1
    outer loop
      vertex -25.375 0 0
      vertex -32.5 8 0
      vertex -25.3632 0.179473 0
    endloop
  endfacet
  facet normal 0 0 -1
    outer loop
      vertex 0 1.375 0
      vertex -29.5 11 0
      vertex 29.5 11 0
    endloop
  endfacet
  facet normal 0 0 -1
    outer loop
      vertex -24.3559 1.32815 0
      vertex -29.5 11 0
      vertex -24.1795 1.36324 0
    endloop
  endfacet
  facet normal 0 0 -1
    outer loop
      vertex -24.5262 1.27033 0
      vertex -29.5 11 0
      vertex -24.3559 1.32815 0
    endloop
  endfacet
  facet normal 0 0 -1
    outer loop
      vertex -24.6875 1.19078 0
      vertex -29.5 11 0
      vertex -24.5262 1.27033 0
    endloop
  endfacet
  facet normal 0 0 -1
    outer loop
      vertex -32.5 8 0
      vertex -24.6875 1.19078 0
      vertex -24.837 1.09086 0
    endloop
  endfacet
  facet normal 0 0 -1
    outer loop
      vertex -32.5 8 0
      vertex -24.837 1.09086 0
      vertex -24.9723 0.972271 0
    endloop
  endfacet
  facet normal 0 0 -1
    outer loop
      vertex -32.5 8 0
      vertex -24.9723 0.972271 0
      vertex -25.0909 0.837047 0
    endloop
  endfacet
  facet normal 0 0 -1
    outer loop
      vertex -32.5 8 0
      vertex -25.0909 0.837047 0
      vertex -25.1908 0.6875 0
    endloop
  endfacet
  facet normal 0 0 -1
    outer loop
      vertex -32.5 8 0
      vertex -25.1908 0.6875 0
      vertex -25.2703 0.526189 0
    endloop
  endfacet
  facet normal 0 0 -1
    outer loop
      vertex -25.3632 0.179473 0
      vertex -32.5 8 0
      vertex -25.3281 0.355876 0
    endloop
  endfacet
  facet normal 0 0 -1
    outer loop
      vertex -32.5 -8 0
      vertex -29.5 -11 0
      vertex -29.8916 -10.9743 0
    endloop
  endfacet
  facet normal 0 0 -1
    outer loop
      vertex -25.3281 0.355876 0
      vertex -32.5 8 0
      vertex -25.2703 0.526189 0
    endloop
  endfacet
  facet normal 0 0 -1
    outer loop
      vertex -32.5 -8 0
      vertex -29.8916 -10.9743 0
      vertex -30.2765 -10.8978 0
    endloop
  endfacet
  facet normal 0 0 -1
    outer loop
      vertex -24.6875 1.19078 0
      vertex -32.5 8 0
      vertex -29.5 11 0
    endloop
  endfacet
  facet normal 0 0 -1
    outer loop
      vertex -32.5 -8 0
      vertex -30.2765 -10.8978 0
      vertex -30.6481 -10.7716 0
    endloop
  endfacet
  facet normal 0 0 -1
    outer loop
      vertex -29.5 11 0
      vertex -32.5 8 0
      vertex -29.8916 10.9743 0
    endloop
  endfacet
  facet normal 0 0 -1
    outer loop
      vertex -32.5 -8 0
      vertex -30.6481 -10.7716 0
      vertex -31 -10.5981 0
    endloop
  endfacet
  facet normal 0 0 -1
    outer loop
      vertex -29.8916 10.9743 0
      vertex -32.5 8 0
      vertex -30.2765 10.8978 0
    endloop
  endfacet
  facet normal 0 0 -1
    outer loop
      vertex -32.5 -8 0
      vertex -31 -10.5981 0
      vertex -31.3263 -10.3801 0
    endloop
  endfacet
  facet normal 0 0 -1
    outer loop
      vertex -30.2765 10.8978 0
      vertex -32.5 8 0
      vertex -30.6481 10.7716 0
    endloop
  endfacet
  facet normal 0 0 -1
    outer loop
      vertex -32.5 -8 0
      vertex -31.3263 -10.3801 0
      vertex -31.6213 -10.1213 0
    endloop
  endfacet
  facet normal 0 0 -1
    outer loop
      vertex -30.6481 10.7716 0
      vertex -32.5 8 0
      vertex -31 10.5981 0
    endloop
  endfacet
  facet normal 0 0 -1
    outer loop
      vertex -32.5 -8 0
      vertex -31.6213 -10.1213 0
      vertex -31.8801 -9.82628 0
    endloop
  endfacet
  facet normal 0 0 -1
    outer loop
      vertex -31 10.5981 0
      vertex -32.5 8 0
      vertex -31.3263 10.3801 0
    endloop
  endfacet
  facet normal 0 0 -1
    outer loop
      vertex -32.5 -8 0
      vertex -31.8801 -9.82628 0
      vertex -32.0981 -9.5 0
    endloop
  endfacet
  facet normal 0 0 -1
    outer loop
      vertex -31.3263 10.3801 0
      vertex -32.5 8 0
      vertex -31.6213 10.1213 0
    endloop
  endfacet
  facet normal 0 0 -1
    outer loop
      vertex -32.5 -8 0
      vertex -32.0981 -9.5 0
      vertex -32.2716 -9.14806 0
    endloop
  endfacet
  facet normal 0 0 -1
    outer loop
      vertex -31.6213 10.1213 0
      vertex -32.5 8 0
      vertex -31.8801 9.82628 0
    endloop
  endfacet
  facet normal 0 0 -1
    outer loop
      vertex -32.5 -8 0
      vertex -32.2716 -9.14806 0
      vertex -32.3978 -8.77646 0
    endloop
  endfacet
  facet normal 0 0 -1
    outer loop
      vertex -31.8801 9.82628 0
      vertex -32.5 8 0
      vertex -32.0981 9.5 0
    endloop
  endfacet
  facet normal 0 0 -1
    outer loop
      vertex -32.5 -8 0
      vertex -32.3978 -8.77646 0
      vertex -32.4743 -8.39157 0
    endloop
  endfacet
  facet normal 0 0 -1
    outer loop
      vertex -32.0981 9.5 0
      vertex -32.5 8 0
      vertex -32.2716 9.14806 0
    endloop
  endfacet
  facet normal 0 0 -1
    outer loop
      vertex -32.2716 9.14806 0
      vertex -32.5 8 0
      vertex -32.3978 8.77646 0
    endloop
  endfacet
  facet normal 0 0 -1
    outer loop
      vertex -32.3978 8.77646 0
      vertex -32.5 8 0
      vertex -32.4743 8.39157 0
    endloop
  endfacet
  facet normal 0 0 1
    outer loop
      vertex 29.5 11 1.6
      vertex 32.5 8 1.6
      vertex 32.4743 8.39157 1.6
    endloop
  endfacet
  facet normal 0 0 1
    outer loop
      vertex 32.5 8 1.6
      vertex 25.5 0 1.6
      vertex 32.5 -8 1.6
    endloop
  endfacet
  facet normal 0 0 1
    outer loop
      vertex 29.5 11 1.6
      vertex 32.4743 8.39157 1.6
      vertex 32.3978 8.77646 1.6
    endloop
  endfacet
  facet normal -0 0 1
    outer loop
      vertex 25.4872 -0.195788 1.6
      vertex 32.5 -8 1.6
      vertex 25.5 0 1.6
    endloop
  endfacet
  facet normal 0 0 1
    outer loop
      vertex 29.5 11 1.6
      vertex 32.3978 8.77646 1.6
      vertex 32.2716 9.14806 1.6
    endloop
  endfacet
  facet normal -0 0 1
    outer loop
      vertex 25.4489 -0.388228 1.6
      vertex 32.5 -8 1.6
      vertex 25.4872 -0.195788 1.6
    endloop
  endfacet
  facet normal 0 0 1
    outer loop
      vertex 29.5 11 1.6
      vertex 32.2716 9.14806 1.6
      vertex 32.0981 9.5 1.6
    endloop
  endfacet
  facet normal -0 0 1
    outer loop
      vertex 25.3858 -0.574024 1.6
      vertex 32.5 -8 1.6
      vertex 25.4489 -0.388228 1.6
    endloop
  endfacet
  facet normal 0 0 1
    outer loop
      vertex 29.5 11 1.6
      vertex 32.0981 9.5 1.6
      vertex 31.8801 9.82628 1.6
    endloop
  endfacet
  facet normal -0 0 1
    outer loop
      vertex 25.299 -0.75 1.6
      vertex 32.5 -8 1.6
      vertex 25.3858 -0.574024 1.6
    endloop
  endfacet
  facet normal 0 0 1
    outer loop
      vertex 29.5 11 1.6
      vertex 31.8801 9.82628 1.6
      vertex 31.6213 10.1213 1.6
    endloop
  endfacet
  facet normal -0 0 1
    outer loop
      vertex 25.19 -0.913141 1.6
      vertex 32.5 -8 1.6
      vertex 25.299 -0.75 1.6
    endloop
  endfacet
  facet normal 0 0 1
    outer loop
      vertex 29.5 11 1.6
      vertex 31.6213 10.1213 1.6
      vertex 31.3263 10.3801 1.6
    endloop
  endfacet
  facet normal -0 0 1
    outer loop
      vertex 25.0607 -1.06066 1.6
      vertex 32.5 -8 1.6
      vertex 25.19 -0.913141 1.6
    endloop
  endfacet
  facet normal 0 0 1
    outer loop
      vertex 29.5 11 1.6
      vertex 31.3263 10.3801 1.6
      vertex 31 10.5981 1.6
    endloop
  endfacet
  facet normal -0 0 1
    outer loop
      vertex 24.9131 -1.19003 1.6
      vertex 32.5 -8 1.6
      vertex 25.0607 -1.06066 1.6
    endloop
  endfacet
  facet normal 0 0 1
    outer loop
      vertex 29.5 11 1.6
      vertex 31 10.5981 1.6
      vertex 30.6481 10.7716 1.6
    endloop
  endfacet
  facet normal -0 0 1
    outer loop
      vertex 24.75 -1.29904 1.6
      vertex 32.5 -8 1.6
      vertex 24.9131 -1.19003 1.6
    endloop
  endfacet
  facet normal 0 0 1
    outer loop
      vertex 29.5 11 1.6
      vertex 30.6481 10.7716 1.6
      vertex 30.2765 10.8978 1.6
    endloop
  endfacet
  facet normal 0 -0 1
    outer loop
      vertex 29.5 -11 1.6
      vertex 32.5 -8 1.6
      vertex 24.75 -1.29904 1.6
    endloop
  endfacet
  facet normal 0 0 1
    outer loop
      vertex 29.5 11 1.6
      vertex 30.2765 10.8978 1.6
      vertex 29.8916 10.9743 1.6
    endloop
  endfacet
  facet normal 0 0 1
    outer loop
      vertex 32.4743 -8.39157 1.6
      vertex 29.5 -11 1.6
      vertex 32.3978 -8.77646 1.6
    endloop
  endfacet
  facet normal 0 0 1
    outer loop
      vertex 32.5 8 1.6
      vertex 29.5 11 1.6
      vertex 24.75 1.29904 1.6
    endloop
  endfacet
  facet normal 0 0 1
    outer loop
      vertex 32.3978 -8.77646 1.6
      vertex 29.5 -11 1.6
      vertex 32.2716 -9.14806 1.6
    endloop
  endfacet
  facet normal 0 0 1
    outer loop
      vertex 32.2716 -9.14806 1.6
      vertex 29.5 -11 1.6
      vertex 32.0981 -9.5 1.6
    endloop
  endfacet
  facet normal 0 0 1
    outer loop
      vertex 32.5 8 1.6
      vertex 25.4872 0.195788 1.6
      vertex 25.5 0 1.6
    endloop
  endfacet
  facet normal 0 0 1
    outer loop
      vertex 32.5 8 1.6
      vertex 25.4489 0.388228 1.6
      vertex 25.4872 0.195788 1.6
    endloop
  endfacet
  facet normal 0 0 1
    outer loop
      vertex 32.5 8 1.6
      vertex 25.3858 0.574024 1.6
      vertex 25.4489 0.388228 1.6
    endloop
  endfacet
  facet normal 0 0 1
    outer loop
      vertex 32.5 8 1.6
      vertex 25.299 0.75 1.6
      vertex 25.3858 0.574024 1.6
    endloop
  endfacet
  facet normal 0 0 1
    outer loop
      vertex 32.5 8 1.6
      vertex 25.19 0.913141 1.6
      vertex 25.299 0.75 1.6
    endloop
  endfacet
  facet normal 0 0 1
    outer loop
      vertex 32.5 8 1.6
      vertex 25.0607 1.06066 1.6
      vertex 25.19 0.913141 1.6
    endloop
  endfacet
  facet normal 0 0 1
    outer loop
      vertex 32.5 8 1.6
      vertex 24.9131 1.19003 1.6
      vertex 25.0607 1.06066 1.6
    endloop
  endfacet
  facet normal 0 0 1
    outer loop
      vertex 32.5 8 1.6
      vertex 24.75 1.29904 1.6
      vertex 24.9131 1.19003 1.6
    endloop
  endfacet
  facet normal 0 0 1
    outer loop
      vertex 29.5 11 1.6
      vertex 24.574 1.38582 1.6
      vertex 24.75 1.29904 1.6
    endloop
  endfacet
  facet normal 0 0 1
    outer loop
      vertex 29.5 11 1.6
      vertex 24.3882 1.44889 1.6
      vertex 24.574 1.38582 1.6
    endloop
  endfacet
  facet normal 0 0 1
    outer loop
      vertex 29.5 11 1.6
      vertex 24.1958 1.48717 1.6
      vertex 24.3882 1.44889 1.6
    endloop
  endfacet
  facet normal 0 0 1
    outer loop
      vertex 29.5 11 1.6
      vertex 24 1.5 1.6
      vertex 24.1958 1.48717 1.6
    endloop
  endfacet
  facet normal 0 0 1
    outer loop
      vertex 29.5 11 1.6
      vertex 23.8042 1.48717 1.6
      vertex 24 1.5 1.6
    endloop
  endfacet
  facet normal 0 0 1
    outer loop
      vertex 29.5 11 1.6
      vertex 23.6118 1.44889 1.6
      vertex 23.8042 1.48717 1.6
    endloop
  endfacet
  facet normal 0 0 1
    outer loop
      vertex 29.5 11 1.6
      vertex 23.426 1.38582 1.6
      vertex 23.6118 1.44889 1.6
    endloop
  endfacet
  facet normal 0 0 1
    outer loop
      vertex 29.5 11 1.6
      vertex 23.25 1.29904 1.6
      vertex 23.426 1.38582 1.6
    endloop
  endfacet
  facet normal 0 0 1
    outer loop
      vertex 12.75 1.29904 1.6
      vertex 23.25 1.29904 1.6
      vertex 29.5 11 1.6
    endloop
  endfacet
  facet normal 0 0 1
    outer loop
      vertex 23.25 1.29904 1.6
      vertex 12.75 1.29904 1.6
      vertex 23.0869 1.19003 1.6
    endloop
  endfacet
  facet normal 0 -0 1
    outer loop
      vertex 12.9131 1.19003 1.6
      vertex 23.0869 1.19003 1.6
      vertex 12.75 1.29904 1.6
    endloop
  endfacet
  facet normal 0 0 1
    outer loop
      vertex 23.0869 1.19003 1.6
      vertex 12.9131 1.19003 1.6
      vertex 22.9393 1.06066 1.6
    endloop
  endfacet
  facet normal 0 0 1
    outer loop
      vertex 22.5128 0.195788 1.6
      vertex 13.5 0 1.6
      vertex 22.5 0 1.6
    endloop
  endfacet
  facet normal 0 0 1
    outer loop
      vertex 13.4872 0.195788 1.6
      vertex 22.5128 0.195788 1.6
      vertex 22.5511 0.388228 1.6
    endloop
  endfacet
  facet normal 0 0 1
    outer loop
      vertex 13.4489 0.388228 1.6
      vertex 22.5511 0.388228 1.6
      vertex 22.6142 0.574024 1.6
    endloop
  endfacet
  facet normal 0 0 1
    outer loop
      vertex 13.3858 0.574024 1.6
      vertex 22.6142 0.574024 1.6
      vertex 22.701 0.75 1.6
    endloop
  endfacet
  facet normal 0 -0 1
    outer loop
      vertex 13.0607 1.06066 1.6
      vertex 22.9393 1.06066 1.6
      vertex 12.9131 1.19003 1.6
    endloop
  endfacet
  facet normal 0 0 1
    outer loop
      vertex 22.5128 0.195788 1.6
      vertex 13.4872 0.195788 1.6
      vertex 13.5 0 1.6
    endloop
  endfacet
  facet normal 0 0 1
    outer loop
      vertex 22.5511 0.388228 1.6
      vertex 13.4489 0.388228 1.6
      vertex 13.4872 0.195788 1.6
    endloop
  endfacet
  facet normal 0 0 1
    outer loop
      vertex 22.6142 0.574024 1.6
      vertex 13.3858 0.574024 1.6
      vertex 13.4489 0.388228 1.6
    endloop
  endfacet
  facet normal 0 0 1
    outer loop
      vertex 22.701 0.75 1.6
      vertex 13.299 0.75 1.6
      vertex 13.3858 0.574024 1.6
    endloop
  endfacet
  facet normal 0 0 1
    outer loop
      vertex 22.701 0.75 1.6
      vertex 13.19 0.913141 1.6
      vertex 13.299 0.75 1.6
    endloop
  endfacet
  facet normal 0 0 1
    outer loop
      vertex 22.81 0.913141 1.6
      vertex 13.19 0.913141 1.6
      vertex 22.701 0.75 1.6
    endloop
  endfacet
  facet normal 0 -0 1
    outer loop
      vertex 13.19 0.913141 1.6
      vertex 22.81 0.913141 1.6
      vertex 13.0607 1.06066 1.6
    endloop
  endfacet
  facet normal 0 0 1
    outer loop
      vertex 22.9393 1.06066 1.6
      vertex 13.0607 1.06066 1.6
      vertex 22.81 0.913141 1.6
    endloop
  endfacet
  facet normal 0 0 1
    outer loop
      vertex 29.5 11 1.6
      vertex 12.574 1.38582 1.6
      vertex 12.75 1.29904 1.6
    endloop
  endfacet
  facet normal 0 0 1
    outer loop
      vertex 29.5 11 1.6
      vertex 12.3882 1.44889 1.6
      vertex 12.574 1.38582 1.6
    endloop
  endfacet
  facet normal 0 0 1
    outer loop
      vertex 29.5 11 1.6
      vertex 12.1958 1.48717 1.6
      vertex 12.3882 1.44889 1.6
    endloop
  endfacet
  facet normal 0 0 1
    outer loop
      vertex 29.5 11 1.6
      vertex 12 1.5 1.6
      vertex 12.1958 1.48717 1.6
    endloop
  endfacet
  facet normal 0 0 1
    outer loop
      vertex 29.5 11 1.6
      vertex 11.8042 1.48717 1.6
      vertex 12 1.5 1.6
    endloop
  endfacet
  facet normal 0 0 1
    outer loop
      vertex 0.179473 1.36324 1.6
      vertex 11.8042 1.48717 1.6
      vertex 29.5 11 1.6
    endloop
  endfacet
  facet normal 0 0 1
    outer loop
      vertex 11.8042 1.48717 1.6
      vertex 0.179473 1.36324 1.6
      vertex 11.6118 1.44889 1.6
    endloop
  endfacet
  facet normal 0 -0 1
    outer loop
      vertex 0.355876 1.32815 1.6
      vertex 11.6118 1.44889 1.6
      vertex 0.179473 1.36324 1.6
    endloop
  endfacet
  facet normal 0 0 1
    outer loop
      vertex 10.5128 0.195788 1.6
      vertex 1.375 0 1.6
      vertex 10.5 0 1.6
    endloop
  endfacet
  facet normal 0 0 1
    outer loop
      vertex 1.36324 0.179473 1.6
      vertex 10.5128 0.195788 1.6
      vertex 10.5511 0.388228 1.6
    endloop
  endfacet
  facet normal 0 0 1
    outer loop
      vertex 1.32815 0.355876 1.6
      vertex 10.5511 0.388228 1.6
      vertex 10.6142 0.574024 1.6
    endloop
  endfacet
  facet normal -0 0 1
    outer loop
      vertex 1.19078 0.6875 1.6
      vertex 10.6142 0.574024 1.6
      vertex 10.701 0.75 1.6
    endloop
  endfacet
  facet normal -0 0 1
    outer loop
      vertex 1.09086 0.837047 1.6
      vertex 10.701 0.75 1.6
      vertex 10.81 0.913141 1.6
    endloop
  endfacet
  facet normal -0 0 1
    outer loop
      vertex 0.972271 0.972271 1.6
      vertex 10.81 0.913141 1.6
      vertex 10.9393 1.06066 1.6
    endloop
  endfacet
  facet normal -0 0 1
    outer loop
      vertex 0.837047 1.09086 1.6
      vertex 10.9393 1.06066 1.6
      vertex 11.0869 1.19003 1.6
    endloop
  endfacet
  facet normal -0 0 1
    outer loop
      vertex 0.6875 1.19078 1.6
      vertex 11.0869 1.19003 1.6
      vertex 11.25 1.29904 1.6
    endloop
  endfacet
  facet normal 0 0 1
    outer loop
      vertex 11.6118 1.44889 1.6
      vertex 0.355876 1.32815 1.6
      vertex 11.426 1.38582 1.6
    endloop
  endfacet
  facet normal 0 0 1
    outer loop
      vertex 10.5128 0.195788 1.6
      vertex 1.36324 0.179473 1.6
      vertex 1.375 0 1.6
    endloop
  endfacet
  facet normal 0 0 1
    outer loop
      vertex 10.5511 0.388228 1.6
      vertex 1.32815 0.355876 1.6
      vertex 1.36324 0.179473 1.6
    endloop
  endfacet
  facet normal 0 0 1
    outer loop
      vertex 10.6142 0.574024 1.6
      vertex 1.27033 0.526189 1.6
      vertex 1.32815 0.355876 1.6
    endloop
  endfacet
  facet normal 0 0 1
    outer loop
      vertex 10.6142 0.574024 1.6
      vertex 1.19078 0.6875 1.6
      vertex 1.27033 0.526189 1.6
    endloop
  endfacet
  facet normal 0 0 1
    outer loop
      vertex 10.701 0.75 1.6
      vertex 1.09086 0.837047 1.6
      vertex 1.19078 0.6875 1.6
    endloop
  endfacet
  facet normal 0 0 1
    outer loop
      vertex 10.81 0.913141 1.6
      vertex 0.972271 0.972271 1.6
      vertex 1.09086 0.837047 1.6
    endloop
  endfacet
  facet normal 0 0 1
    outer loop
      vertex 10.9393 1.06066 1.6
      vertex 0.837047 1.09086 1.6
      vertex 0.972271 0.972271 1.6
    endloop
  endfacet
  facet normal 0 0 1
    outer loop
      vertex 11.0869 1.19003 1.6
      vertex 0.6875 1.19078 1.6
      vertex 0.837047 1.09086 1.6
    endloop
  endfacet
  facet normal 0 0 1
    outer loop
      vertex 11.25 1.29904 1.6
      vertex 0.526189 1.27033 1.6
      vertex 0.6875 1.19078 1.6
    endloop
  endfacet
  facet normal 0 0 1
    outer loop
      vertex 11.426 1.38582 1.6
      vertex 0.526189 1.27033 1.6
      vertex 11.25 1.29904 1.6
    endloop
  endfacet
  facet normal 0 -0 1
    outer loop
      vertex 0.526189 1.27033 1.6
      vertex 11.426 1.38582 1.6
      vertex 0.355876 1.32815 1.6
    endloop
  endfacet
  facet normal 0 0 1
    outer loop
      vertex 29.5 11 1.6
      vertex 0 1.375 1.6
      vertex 0.179473 1.36324 1.6
    endloop
  endfacet
  facet normal -0 0 1
    outer loop
      vertex -29.5 11 1.6
      vertex 0 1.375 1.6
      vertex 29.5 11 1.6
    endloop
  endfacet
  facet normal 0 0 1
    outer loop
      vertex 0 1.375 1.6
      vertex -29.5 11 1.6
      vertex -0.179473 1.36324 1.6
    endloop
  endfacet
  facet normal 0 0 1
    outer loop
      vertex -1.36324 0.179473 1.6
      vertex -10.625 0 1.6
      vertex -1.375 0 1.6
    endloop
  endfacet
  facet normal 0 0 1
    outer loop
      vertex -10.6368 0.179473 1.6
      vertex -1.36324 0.179473 1.6
      vertex -1.32815 0.355876 1.6
    endloop
  endfacet
  facet normal 0 0 1
    outer loop
      vertex -10.6719 0.355876 1.6
      vertex -1.32815 0.355876 1.6
      vertex -1.27033 0.526189 1.6
    endloop
  endfacet
  facet normal 0 0 1
    outer loop
      vertex -10.7297 0.526189 1.6
      vertex -1.27033 0.526189 1.6
      vertex -1.19078 0.6875 1.6
    endloop
  endfacet
  facet normal 0 0 1
    outer loop
      vertex -10.8092 0.6875 1.6
      vertex -1.19078 0.6875 1.6
      vertex -1.09086 0.837047 1.6
    endloop
  endfacet
  facet normal 0 0 1
    outer loop
      vertex -10.9091 0.837047 1.6
      vertex -1.09086 0.837047 1.6
      vertex -0.972271 0.972271 1.6
    endloop
  endfacet
  facet normal 0 0 1
    outer loop
      vertex -11.0277 0.972271 1.6
      vertex -0.972271 0.972271 1.6
      vertex -0.837047 1.09086 1.6
    endloop
  endfacet
  facet normal 0 0 1
    outer loop
      vertex -11.163 1.09086 1.6
      vertex -0.837047 1.09086 1.6
      vertex -0.6875 1.19078 1.6
    endloop
  endfacet
  facet normal 0 0 1
    outer loop
      vertex -11.3125 1.19078 1.6
      vertex -0.6875 1.19078 1.6
      vertex -0.526189 1.27033 1.6
    endloop
  endfacet
  facet normal 0 0 1
    outer loop
      vertex -11.4738 1.27033 1.6
      vertex -0.526189 1.27033 1.6
      vertex -0.355876 1.32815 1.6
    endloop
  endfacet
  facet normal 0 -0 1
    outer loop
      vertex -11.8205 1.36324 1.6
      vertex -0.179473 1.36324 1.6
      vertex -29.5 11 1.6
    endloop
  endfacet
  facet normal 0 0 1
    outer loop
      vertex -1.36324 0.179473 1.6
      vertex -10.6368 0.179473 1.6
      vertex -10.625 0 1.6
    endloop
  endfacet
  facet normal 0 0 1
    outer loop
      vertex -1.32815 0.355876 1.6
      vertex -10.6719 0.355876 1.6
      vertex -10.6368 0.179473 1.6
    endloop
  endfacet
  facet normal 0 0 1
    outer loop
      vertex -1.27033 0.526189 1.6
      vertex -10.7297 0.526189 1.6
      vertex -10.6719 0.355876 1.6
    endloop
  endfacet
  facet normal 0 0 1
    outer loop
      vertex -1.19078 0.6875 1.6
      vertex -10.8092 0.6875 1.6
      vertex -10.7297 0.526189 1.6
    endloop
  endfacet
  facet normal 0 0 1
    outer loop
      vertex -1.09086 0.837047 1.6
      vertex -10.9091 0.837047 1.6
      vertex -10.8092 0.6875 1.6
    endloop
  endfacet
  facet normal 0 0 1
    outer loop
      vertex -0.972271 0.972271 1.6
      vertex -11.0277 0.972271 1.6
      vertex -10.9091 0.837047 1.6
    endloop
  endfacet
  facet normal 0 0 1
    outer loop
      vertex -0.837047 1.09086 1.6
      vertex -11.163 1.09086 1.6
      vertex -11.0277 0.972271 1.6
    endloop
  endfacet
  facet normal 0 0 1
    outer loop
      vertex -0.6875 1.19078 1.6
      vertex -11.3125 1.19078 1.6
      vertex -11.163 1.09086 1.6
    endloop
  endfacet
  facet normal 0 0 1
    outer loop
      vertex -0.526189 1.27033 1.6
      vertex -11.4738 1.27033 1.6
      vertex -11.3125 1.19078 1.6
    endloop
  endfacet
  facet normal 0 0 1
    outer loop
      vertex -0.355876 1.32815 1.6
      vertex -11.6441 1.32815 1.6
      vertex -11.4738 1.27033 1.6
    endloop
  endfacet
  facet normal 0 0 1
    outer loop
      vertex -0.179473 1.36324 1.6
      vertex -11.8205 1.36324 1.6
      vertex -0.355876 1.32815 1.6
    endloop
  endfacet
  facet normal 0 0 1
    outer loop
      vertex -0.355876 1.32815 1.6
      vertex -11.8205 1.36324 1.6
      vertex -11.6441 1.32815 1.6
    endloop
  endfacet
  facet normal 0 0 1
    outer loop
      vertex -11.8205 1.36324 1.6
      vertex -29.5 11 1.6
      vertex -12 1.375 1.6
    endloop
  endfacet
  facet normal 0 0 1
    outer loop
      vertex -12 1.375 1.6
      vertex -29.5 11 1.6
      vertex -12.1795 1.36324 1.6
    endloop
  endfacet
  facet normal 0 0 1
    outer loop
      vertex -13.3632 0.179473 1.6
      vertex -22.625 0 1.6
      vertex -13.375 0 1.6
    endloop
  endfacet
  facet normal 0 0 1
    outer loop
      vertex -22.6368 0.179473 1.6
      vertex -13.3632 0.179473 1.6
      vertex -13.3281 0.355876 1.6
    endloop
  endfacet
  facet normal 0 0 1
    outer loop
      vertex -22.6719 0.355876 1.6
      vertex -13.3281 0.355876 1.6
      vertex -13.2703 0.526189 1.6
    endloop
  endfacet
  facet normal 0 0 1
    outer loop
      vertex -22.7297 0.526189 1.6
      vertex -13.2703 0.526189 1.6
      vertex -13.1908 0.6875 1.6
    endloop
  endfacet
  facet normal 0 0 1
    outer loop
      vertex -22.8092 0.6875 1.6
      vertex -13.1908 0.6875 1.6
      vertex -13.0909 0.837047 1.6
    endloop
  endfacet
  facet normal 0 0 1
    outer loop
      vertex -22.9091 0.837047 1.6
      vertex -13.0909 0.837047 1.6
      vertex -12.9723 0.972271 1.6
    endloop
  endfacet
  facet normal 0 0 1
    outer loop
      vertex -23.0277 0.972271 1.6
      vertex -12.9723 0.972271 1.6
      vertex -12.837 1.09086 1.6
    endloop
  endfacet
  facet normal 0 0 1
    outer loop
      vertex -23.163 1.09086 1.6
      vertex -12.837 1.09086 1.6
      vertex -12.6875 1.19078 1.6
    endloop
  endfacet
  facet normal 0 0 1
    outer loop
      vertex -29.5 11 1.6
      vertex -12.6875 1.19078 1.6
      vertex -12.5262 1.27033 1.6
    endloop
  endfacet
  facet normal 0 0 1
    outer loop
      vertex -29.5 11 1.6
      vertex -12.5262 1.27033 1.6
      vertex -12.3559 1.32815 1.6
    endloop
  endfacet
  facet normal 0 0 1
    outer loop
      vertex -12.1795 1.36324 1.6
      vertex -29.5 11 1.6
      vertex -12.3559 1.32815 1.6
    endloop
  endfacet
  facet normal 0 0 1
    outer loop
      vertex -13.3632 0.179473 1.6
      vertex -22.6368 0.179473 1.6
      vertex -22.625 0 1.6
    endloop
  endfacet
  facet normal 0 0 1
    outer loop
      vertex -13.3281 0.355876 1.6
      vertex -22.6719 0.355876 1.6
      vertex -22.6368 0.179473 1.6
    endloop
  endfacet
  facet normal 0 0 1
    outer loop
      vertex -13.2703 0.526189 1.6
      vertex -22.7297 0.526189 1.6
      vertex -22.6719 0.355876 1.6
    endloop
  endfacet
  facet normal 0 0 1
    outer loop
      vertex -13.1908 0.6875 1.6
      vertex -22.8092 0.6875 1.6
      vertex -22.7297 0.526189 1.6
    endloop
  endfacet
  facet normal 0 0 1
    outer loop
      vertex -13.0909 0.837047 1.6
      vertex -22.9091 0.837047 1.6
      vertex -22.8092 0.6875 1.6
    endloop
  endfacet
  facet normal 0 0 1
    outer loop
      vertex -12.9723 0.972271 1.6
      vertex -23.0277 0.972271 1.6
      vertex -22.9091 0.837047 1.6
    endloop
  endfacet
  facet normal 0 0 1
    outer loop
      vertex -12.6875 1.19078 1.6
      vertex -29.5 11 1.6
      vertex -23.3125 1.19078 1.6
    endloop
  endfacet
  facet normal 0 0 1
    outer loop
      vertex -12.837 1.09086 1.6
      vertex -23.163 1.09086 1.6
      vertex -23.0277 0.972271 1.6
    endloop
  endfacet
  facet normal 0 0 1
    outer loop
      vertex -12.6875 1.19078 1.6
      vertex -23.3125 1.19078 1.6
      vertex -23.163 1.09086 1.6
    endloop
  endfacet
  facet normal 0 0 1
    outer loop
      vertex -23.3125 1.19078 1.6
      vertex -29.5 11 1.6
      vertex -23.4738 1.27033 1.6
    endloop
  endfacet
  facet normal 0 0 1
    outer loop
      vertex -23.4738 1.27033 1.6
      vertex -29.5 11 1.6
      vertex -23.6441 1.32815 1.6
    endloop
  endfacet
  facet normal 0 0 1
    outer loop
      vertex -23.6441 1.32815 1.6
      vertex -29.5 11 1.6
      vertex -23.8205 1.36324 1.6
    endloop
  endfacet
  facet normal 0 0 1
    outer loop
      vertex -23.8205 1.36324 1.6
      vertex -29.5 11 1.6
      vertex -24 1.375 1.6
    endloop
  endfacet
  facet normal 0 0 1
    outer loop
      vertex -25.3281 0.355876 1.6
      vertex -32.5 8 1.6
      vertex -25.3632 0.179473 1.6
    endloop
  endfacet
  facet normal 0 0 1
    outer loop
      vertex -25.2703 0.526189 1.6
      vertex -32.5 8 1.6
      vertex -25.3281 0.355876 1.6
    endloop
  endfacet
  facet normal 0 0 1
    outer loop
      vertex -25.1908 0.6875 1.6
      vertex -32.5 8 1.6
      vertex -25.2703 0.526189 1.6
    endloop
  endfacet
  facet normal 0 0 1
    outer loop
      vertex -25.0909 0.837047 1.6
      vertex -32.5 8 1.6
      vertex -25.1908 0.6875 1.6
    endloop
  endfacet
  facet normal 0 0 1
    outer loop
      vertex -24.9723 0.972271 1.6
      vertex -32.5 8 1.6
      vertex -25.0909 0.837047 1.6
    endloop
  endfacet
  facet normal 0 0 1
    outer loop
      vertex -24.837 1.09086 1.6
      vertex -32.5 8 1.6
      vertex -24.9723 0.972271 1.6
    endloop
  endfacet
  facet normal 0 0 1
    outer loop
      vertex -24.6875 1.19078 1.6
      vertex -32.5 8 1.6
      vertex -24.837 1.09086 1.6
    endloop
  endfacet
  facet normal -0 0 1
    outer loop
      vertex -32.5 8 1.6
      vertex -24.6875 1.19078 1.6
      vertex -29.5 11 1.6
    endloop
  endfacet
  facet normal 0 0 1
    outer loop
      vertex -24.5262 1.27033 1.6
      vertex -29.5 11 1.6
      vertex -24.6875 1.19078 1.6
    endloop
  endfacet
  facet normal 0 0 1
    outer loop
      vertex -24.3559 1.32815 1.6
      vertex -29.5 11 1.6
      vertex -24.5262 1.27033 1.6
    endloop
  endfacet
  facet normal 0 0 1
    outer loop
      vertex -24.1795 1.36324 1.6
      vertex -29.5 11 1.6
      vertex -24.3559 1.32815 1.6
    endloop
  endfacet
  facet normal 0 0 1
    outer loop
      vertex -24 1.375 1.6
      vertex -29.5 11 1.6
      vertex -24.1795 1.36324 1.6
    endloop
  endfacet
  facet normal 0 0 1
    outer loop
      vertex 32.0981 -9.5 1.6
      vertex 29.5 -11 1.6
      vertex 31.8801 -9.82628 1.6
    endloop
  endfacet
  facet normal 0 0 1
    outer loop
      vertex 31.8801 -9.82628 1.6
      vertex 29.5 -11 1.6
      vertex 31.6213 -10.1213 1.6
    endloop
  endfacet
  facet normal 0 0 1
    outer loop
      vertex 31.3263 -10.3801 1.6
      vertex 29.5 -11 1.6
      vertex 31 -10.5981 1.6
    endloop
  endfacet
  facet normal 0 0 1
    outer loop
      vertex 31 -10.5981 1.6
      vertex 29.5 -11 1.6
      vertex 30.6481 -10.7716 1.6
    endloop
  endfacet
  facet normal 0 0 1
    outer loop
      vertex 30.6481 -10.7716 1.6
      vertex 29.5 -11 1.6
      vertex 30.2765 -10.8978 1.6
    endloop
  endfacet
  facet normal 0 0 1
    outer loop
      vertex 30.2765 -10.8978 1.6
      vertex 29.5 -11 1.6
      vertex 29.8916 -10.9743 1.6
    endloop
  endfacet
  facet normal 0 0 1
    outer loop
      vertex 31.6213 -10.1213 1.6
      vertex 29.5 -11 1.6
      vertex 31.3263 -10.3801 1.6
    endloop
  endfacet
  facet normal 0 0 1
    outer loop
      vertex 32.5 -8 1.6
      vertex 29.5 -11 1.6
      vertex 32.4743 -8.39157 1.6
    endloop
  endfacet
  facet normal -0 0 1
    outer loop
      vertex 24.574 -1.38582 1.6
      vertex 29.5 -11 1.6
      vertex 24.75 -1.29904 1.6
    endloop
  endfacet
  facet normal -0 0 1
    outer loop
      vertex 24.3882 -1.44889 1.6
      vertex 29.5 -11 1.6
      vertex 24.574 -1.38582 1.6
    endloop
  endfacet
  facet normal -0 0 1
    outer loop
      vertex 24.1958 -1.48717 1.6
      vertex 29.5 -11 1.6
      vertex 24.3882 -1.44889 1.6
    endloop
  endfacet
  facet normal -0 0 1
    outer loop
      vertex 24 -1.5 1.6
      vertex 29.5 -11 1.6
      vertex 24.1958 -1.48717 1.6
    endloop
  endfacet
  facet normal 0 0 1
    outer loop
      vertex 23.8042 -1.48717 1.6
      vertex 29.5 -11 1.6
      vertex 24 -1.5 1.6
    endloop
  endfacet
  facet normal 0 0 1
    outer loop
      vertex 23.6118 -1.44889 1.6
      vertex 29.5 -11 1.6
      vertex 23.8042 -1.48717 1.6
    endloop
  endfacet
  facet normal 0 0 1
    outer loop
      vertex 23.426 -1.38582 1.6
      vertex 29.5 -11 1.6
      vertex 23.6118 -1.44889 1.6
    endloop
  endfacet
  facet normal 0 0 1
    outer loop
      vertex 23.25 -1.29904 1.6
      vertex 29.5 -11 1.6
      vertex 23.426 -1.38582 1.6
    endloop
  endfacet
  facet normal 0 0 1
    outer loop
      vertex 12.75 -1.29904 1.6
      vertex 23.25 -1.29904 1.6
      vertex 23.0869 -1.19003 1.6
    endloop
  endfacet
  facet normal 0 0 1
    outer loop
      vertex 12.9131 -1.19003 1.6
      vertex 23.0869 -1.19003 1.6
      vertex 22.9393 -1.06066 1.6
    endloop
  endfacet
  facet normal 0 0 1
    outer loop
      vertex 13.0607 -1.06066 1.6
      vertex 22.9393 -1.06066 1.6
      vertex 22.81 -0.913141 1.6
    endloop
  endfacet
  facet normal 0 0 1
    outer loop
      vertex 13.19 -0.913141 1.6
      vertex 22.81 -0.913141 1.6
      vertex 22.701 -0.75 1.6
    endloop
  endfacet
  facet normal -0 0 1
    outer loop
      vertex 13.5 0 1.6
      vertex 22.5128 -0.195788 1.6
      vertex 22.5 0 1.6
    endloop
  endfacet
  facet normal 0 0 1
    outer loop
      vertex 13.4872 -0.195788 1.6
      vertex 22.5128 -0.195788 1.6
      vertex 13.5 0 1.6
    endloop
  endfacet
  facet normal 0 0 1
    outer loop
      vertex 22.5128 -0.195788 1.6
      vertex 13.4872 -0.195788 1.6
      vertex 22.5511 -0.388228 1.6
    endloop
  endfacet
  facet normal 0 0 1
    outer loop
      vertex 13.4489 -0.388228 1.6
      vertex 22.5511 -0.388228 1.6
      vertex 13.4872 -0.195788 1.6
    endloop
  endfacet
  facet normal 0 0 1
    outer loop
      vertex 22.5511 -0.388228 1.6
      vertex 13.4489 -0.388228 1.6
      vertex 22.6142 -0.574024 1.6
    endloop
  endfacet
  facet normal 0 0 1
    outer loop
      vertex 13.3858 -0.574024 1.6
      vertex 22.6142 -0.574024 1.6
      vertex 13.4489 -0.388228 1.6
    endloop
  endfacet
  facet normal 0 0 1
    outer loop
      vertex 22.6142 -0.574024 1.6
      vertex 13.3858 -0.574024 1.6
      vertex 22.701 -0.75 1.6
    endloop
  endfacet
  facet normal 0 0 1
    outer loop
      vertex 13.299 -0.75 1.6
      vertex 22.701 -0.75 1.6
      vertex 13.3858 -0.574024 1.6
    endloop
  endfacet
  facet normal 0 0 1
    outer loop
      vertex 13.19 -0.913141 1.6
      vertex 22.701 -0.75 1.6
      vertex 13.299 -0.75 1.6
    endloop
  endfacet
  facet normal 0 0 1
    outer loop
      vertex 22.81 -0.913141 1.6
      vertex 13.19 -0.913141 1.6
      vertex 13.0607 -1.06066 1.6
    endloop
  endfacet
  facet normal 0 0 1
    outer loop
      vertex 22.9393 -1.06066 1.6
      vertex 13.0607 -1.06066 1.6
      vertex 12.9131 -1.19003 1.6
    endloop
  endfacet
  facet normal 0 0 1
    outer loop
      vertex 23.0869 -1.19003 1.6
      vertex 12.9131 -1.19003 1.6
      vertex 12.75 -1.29904 1.6
    endloop
  endfacet
  facet normal 0 0 1
    outer loop
      vertex 23.25 -1.29904 1.6
      vertex 12.75 -1.29904 1.6
      vertex 29.5 -11 1.6
    endloop
  endfacet
  facet normal -0 0 1
    outer loop
      vertex 12.574 -1.38582 1.6
      vertex 29.5 -11 1.6
      vertex 12.75 -1.29904 1.6
    endloop
  endfacet
  facet normal -0 0 1
    outer loop
      vertex 12.3882 -1.44889 1.6
      vertex 29.5 -11 1.6
      vertex 12.574 -1.38582 1.6
    endloop
  endfacet
  facet normal -0 0 1
    outer loop
      vertex 12.1958 -1.48717 1.6
      vertex 29.5 -11 1.6
      vertex 12.3882 -1.44889 1.6
    endloop
  endfacet
  facet normal -0 0 1
    outer loop
      vertex 12 -1.5 1.6
      vertex 29.5 -11 1.6
      vertex 12.1958 -1.48717 1.6
    endloop
  endfacet
  facet normal 0 0 1
    outer loop
      vertex 11.8042 -1.48717 1.6
      vertex 29.5 -11 1.6
      vertex 12 -1.5 1.6
    endloop
  endfacet
  facet normal 0 0 1
    outer loop
      vertex 0.179473 -1.36324 1.6
      vertex 11.8042 -1.48717 1.6
      vertex 11.6118 -1.44889 1.6
    endloop
  endfacet
  facet normal 0 0 1
    outer loop
      vertex 0.355876 -1.32815 1.6
      vertex 11.6118 -1.44889 1.6
      vertex 11.426 -1.38582 1.6
    endloop
  endfacet
  facet normal 0 0 1
    outer loop
      vertex 0.526189 -1.27033 1.6
      vertex 11.426 -1.38582 1.6
      vertex 11.25 -1.29904 1.6
    endloop
  endfacet
  facet normal -0 0 1
    outer loop
      vertex 1.375 0 1.6
      vertex 10.5128 -0.195788 1.6
      vertex 10.5 0 1.6
    endloop
  endfacet
  facet normal -0 0 1
    outer loop
      vertex 1.36324 -0.179473 1.6
      vertex 10.5128 -0.195788 1.6
      vertex 1.375 0 1.6
    endloop
  endfacet
  facet normal 0 0 1
    outer loop
      vertex 10.5128 -0.195788 1.6
      vertex 1.36324 -0.179473 1.6
      vertex 10.5511 -0.388228 1.6
    endloop
  endfacet
  facet normal -0 0 1
    outer loop
      vertex 1.32815 -0.355876 1.6
      vertex 10.5511 -0.388228 1.6
      vertex 1.36324 -0.179473 1.6
    endloop
  endfacet
  facet normal 0 0 1
    outer loop
      vertex 10.5511 -0.388228 1.6
      vertex 1.32815 -0.355876 1.6
      vertex 10.6142 -0.574024 1.6
    endloop
  endfacet
  facet normal -0 0 1
    outer loop
      vertex 1.27033 -0.526189 1.6
      vertex 10.6142 -0.574024 1.6
      vertex 1.32815 -0.355876 1.6
    endloop
  endfacet
  facet normal 0 0 1
    outer loop
      vertex 1.19078 -0.6875 1.6
      vertex 10.6142 -0.574024 1.6
      vertex 1.27033 -0.526189 1.6
    endloop
  endfacet
  facet normal 0 0 1
    outer loop
      vertex 10.6142 -0.574024 1.6
      vertex 1.19078 -0.6875 1.6
      vertex 10.701 -0.75 1.6
    endloop
  endfacet
  facet normal 0 0 1
    outer loop
      vertex 1.09086 -0.837047 1.6
      vertex 10.701 -0.75 1.6
      vertex 1.19078 -0.6875 1.6
    endloop
  endfacet
  facet normal 0 0 1
    outer loop
      vertex 10.701 -0.75 1.6
      vertex 1.09086 -0.837047 1.6
      vertex 10.81 -0.913141 1.6
    endloop
  endfacet
  facet normal 0 0 1
    outer loop
      vertex 0.972271 -0.972271 1.6
      vertex 10.81 -0.913141 1.6
      vertex 1.09086 -0.837047 1.6
    endloop
  endfacet
  facet normal 0 0 1
    outer loop
      vertex 10.81 -0.913141 1.6
      vertex 0.972271 -0.972271 1.6
      vertex 10.9393 -1.06066 1.6
    endloop
  endfacet
  facet normal 0 0 1
    outer loop
      vertex 0.837047 -1.09086 1.6
      vertex 10.9393 -1.06066 1.6
      vertex 0.972271 -0.972271 1.6
    endloop
  endfacet
  facet normal 0 0 1
    outer loop
      vertex 10.9393 -1.06066 1.6
      vertex 0.837047 -1.09086 1.6
      vertex 11.0869 -1.19003 1.6
    endloop
  endfacet
  facet normal 0 0 1
    outer loop
      vertex 0.6875 -1.19078 1.6
      vertex 11.0869 -1.19003 1.6
      vertex 0.837047 -1.09086 1.6
    endloop
  endfacet
  facet normal 0 0 1
    outer loop
      vertex 11.0869 -1.19003 1.6
      vertex 0.6875 -1.19078 1.6
      vertex 11.25 -1.29904 1.6
    endloop
  endfacet
  facet normal -0 0 1
    outer loop
      vertex 0.526189 -1.27033 1.6
      vertex 11.25 -1.29904 1.6
      vertex 0.6875 -1.19078 1.6
    endloop
  endfacet
  facet normal 0 0 1
    outer loop
      vertex 11.426 -1.38582 1.6
      vertex 0.526189 -1.27033 1.6
      vertex 0.355876 -1.32815 1.6
    endloop
  endfacet
  facet normal 0 0 1
    outer loop
      vertex 11.6118 -1.44889 1.6
      vertex 0.355876 -1.32815 1.6
      vertex 0.179473 -1.36324 1.6
    endloop
  endfacet
  facet normal 0 0 1
    outer loop
      vertex 11.8042 -1.48717 1.6
      vertex 0.179473 -1.36324 1.6
      vertex 29.5 -11 1.6
    endloop
  endfacet
  facet normal -0 0 1
    outer loop
      vertex 0 -1.375 1.6
      vertex 29.5 -11 1.6
      vertex 0.179473 -1.36324 1.6
    endloop
  endfacet
  facet normal 0 0 1
    outer loop
      vertex -29.5 -11 1.6
      vertex 0 -1.375 1.6
      vertex -0.179473 -1.36324 1.6
    endloop
  endfacet
  facet normal 0 0 1
    outer loop
      vertex -11.8205 -1.36324 1.6
      vertex -0.179473 -1.36324 1.6
      vertex -0.355876 -1.32815 1.6
    endloop
  endfacet
  facet normal -0 0 1
    outer loop
      vertex -10.625 0 1.6
      vertex -1.36324 -0.179473 1.6
      vertex -1.375 0 1.6
    endloop
  endfacet
  facet normal 0 0 1
    outer loop
      vertex -10.6368 -0.179473 1.6
      vertex -1.36324 -0.179473 1.6
      vertex -10.625 0 1.6
    endloop
  endfacet
  facet normal 0 0 1
    outer loop
      vertex -1.36324 -0.179473 1.6
      vertex -10.6368 -0.179473 1.6
      vertex -1.32815 -0.355876 1.6
    endloop
  endfacet
  facet normal 0 0 1
    outer loop
      vertex -10.6719 -0.355876 1.6
      vertex -1.32815 -0.355876 1.6
      vertex -10.6368 -0.179473 1.6
    endloop
  endfacet
  facet normal 0 0 1
    outer loop
      vertex -1.32815 -0.355876 1.6
      vertex -10.6719 -0.355876 1.6
      vertex -1.27033 -0.526189 1.6
    endloop
  endfacet
  facet normal 0 0 1
    outer loop
      vertex -10.7297 -0.526189 1.6
      vertex -1.27033 -0.526189 1.6
      vertex -10.6719 -0.355876 1.6
    endloop
  endfacet
  facet normal 0 0 1
    outer loop
      vertex -1.27033 -0.526189 1.6
      vertex -10.7297 -0.526189 1.6
      vertex -1.19078 -0.6875 1.6
    endloop
  endfacet
  facet normal 0 0 1
    outer loop
      vertex -10.8092 -0.6875 1.6
      vertex -1.19078 -0.6875 1.6
      vertex -10.7297 -0.526189 1.6
    endloop
  endfacet
  facet normal 0 0 1
    outer loop
      vertex -1.19078 -0.6875 1.6
      vertex -10.8092 -0.6875 1.6
      vertex -1.09086 -0.837047 1.6
    endloop
  endfacet
  facet normal 0 0 1
    outer loop
      vertex -10.9091 -0.837047 1.6
      vertex -1.09086 -0.837047 1.6
      vertex -10.8092 -0.6875 1.6
    endloop
  endfacet
  facet normal 0 0 1
    outer loop
      vertex -1.09086 -0.837047 1.6
      vertex -10.9091 -0.837047 1.6
      vertex -0.972271 -0.972271 1.6
    endloop
  endfacet
  facet normal 0 0 1
    outer loop
      vertex -11.0277 -0.972271 1.6
      vertex -0.972271 -0.972271 1.6
      vertex -10.9091 -0.837047 1.6
    endloop
  endfacet
  facet normal 0 0 1
    outer loop
      vertex -0.972271 -0.972271 1.6
      vertex -11.0277 -0.972271 1.6
      vertex -0.837047 -1.09086 1.6
    endloop
  endfacet
  facet normal 0 0 1
    outer loop
      vertex -11.163 -1.09086 1.6
      vertex -0.837047 -1.09086 1.6
      vertex -11.0277 -0.972271 1.6
    endloop
  endfacet
  facet normal 0 0 1
    outer loop
      vertex -0.837047 -1.09086 1.6
      vertex -11.163 -1.09086 1.6
      vertex -0.6875 -1.19078 1.6
    endloop
  endfacet
  facet normal 0 0 1
    outer loop
      vertex -11.3125 -1.19078 1.6
      vertex -0.6875 -1.19078 1.6
      vertex -11.163 -1.09086 1.6
    endloop
  endfacet
  facet normal 0 0 1
    outer loop
      vertex -0.6875 -1.19078 1.6
      vertex -11.3125 -1.19078 1.6
      vertex -0.526189 -1.27033 1.6
    endloop
  endfacet
  facet normal 0 0 1
    outer loop
      vertex -11.4738 -1.27033 1.6
      vertex -0.526189 -1.27033 1.6
      vertex -11.3125 -1.19078 1.6
    endloop
  endfacet
  facet normal 0 0 1
    outer loop
      vertex -0.526189 -1.27033 1.6
      vertex -11.4738 -1.27033 1.6
      vertex -0.355876 -1.32815 1.6
    endloop
  endfacet
  facet normal 0 0 1
    outer loop
      vertex -11.6441 -1.32815 1.6
      vertex -0.355876 -1.32815 1.6
      vertex -11.4738 -1.27033 1.6
    endloop
  endfacet
  facet normal 0 0 1
    outer loop
      vertex -11.8205 -1.36324 1.6
      vertex -0.355876 -1.32815 1.6
      vertex -11.6441 -1.32815 1.6
    endloop
  endfacet
  facet normal 0 0 1
    outer loop
      vertex -0.179473 -1.36324 1.6
      vertex -11.8205 -1.36324 1.6
      vertex -29.5 -11 1.6
    endloop
  endfacet
  facet normal 0 0 1
    outer loop
      vertex -29.5 -11 1.6
      vertex -11.8205 -1.36324 1.6
      vertex -12 -1.375 1.6
    endloop
  endfacet
  facet normal 0 0 1
    outer loop
      vertex -29.5 -11 1.6
      vertex -12 -1.375 1.6
      vertex -12.1795 -1.36324 1.6
    endloop
  endfacet
  facet normal 0 0 1
    outer loop
      vertex -29.5 -11 1.6
      vertex -12.1795 -1.36324 1.6
      vertex -12.3559 -1.32815 1.6
    endloop
  endfacet
  facet normal -0 0 1
    outer loop
      vertex -22.625 0 1.6
      vertex -13.3632 -0.179473 1.6
      vertex -13.375 0 1.6
    endloop
  endfacet
  facet normal 0 0 1
    outer loop
      vertex -22.6368 -0.179473 1.6
      vertex -13.3632 -0.179473 1.6
      vertex -22.625 0 1.6
    endloop
  endfacet
  facet normal 0 0 1
    outer loop
      vertex -13.3632 -0.179473 1.6
      vertex -22.6368 -0.179473 1.6
      vertex -13.3281 -0.355876 1.6
    endloop
  endfacet
  facet normal 0 0 1
    outer loop
      vertex -22.6719 -0.355876 1.6
      vertex -13.3281 -0.355876 1.6
      vertex -22.6368 -0.179473 1.6
    endloop
  endfacet
  facet normal 0 0 1
    outer loop
      vertex -13.3281 -0.355876 1.6
      vertex -22.6719 -0.355876 1.6
      vertex -13.2703 -0.526189 1.6
    endloop
  endfacet
  facet normal 0 0 1
    outer loop
      vertex -22.7297 -0.526189 1.6
      vertex -13.2703 -0.526189 1.6
      vertex -22.6719 -0.355876 1.6
    endloop
  endfacet
  facet normal 0 0 1
    outer loop
      vertex -13.2703 -0.526189 1.6
      vertex -22.7297 -0.526189 1.6
      vertex -13.1908 -0.6875 1.6
    endloop
  endfacet
  facet normal 0 0 1
    outer loop
      vertex -22.8092 -0.6875 1.6
      vertex -13.1908 -0.6875 1.6
      vertex -22.7297 -0.526189 1.6
    endloop
  endfacet
  facet normal 0 0 1
    outer loop
      vertex -13.1908 -0.6875 1.6
      vertex -22.8092 -0.6875 1.6
      vertex -13.0909 -0.837047 1.6
    endloop
  endfacet
  facet normal 0 0 1
    outer loop
      vertex -22.9091 -0.837047 1.6
      vertex -13.0909 -0.837047 1.6
      vertex -22.8092 -0.6875 1.6
    endloop
  endfacet
  facet normal 0 0 1
    outer loop
      vertex -13.0909 -0.837047 1.6
      vertex -22.9091 -0.837047 1.6
      vertex -12.9723 -0.972271 1.6
    endloop
  endfacet
  facet normal 0 0 1
    outer loop
      vertex -23.0277 -0.972271 1.6
      vertex -12.9723 -0.972271 1.6
      vertex -22.9091 -0.837047 1.6
    endloop
  endfacet
  facet normal 0 0 1
    outer loop
      vertex -12.9723 -0.972271 1.6
      vertex -23.0277 -0.972271 1.6
      vertex -12.837 -1.09086 1.6
    endloop
  endfacet
  facet normal 0 0 1
    outer loop
      vertex -23.163 -1.09086 1.6
      vertex -12.837 -1.09086 1.6
      vertex -23.0277 -0.972271 1.6
    endloop
  endfacet
  facet normal 0 0 1
    outer loop
      vertex -12.837 -1.09086 1.6
      vertex -23.163 -1.09086 1.6
      vertex -12.6875 -1.19078 1.6
    endloop
  endfacet
  facet normal 0 0 1
    outer loop
      vertex -23.3125 -1.19078 1.6
      vertex -12.6875 -1.19078 1.6
      vertex -23.163 -1.09086 1.6
    endloop
  endfacet
  facet normal 0 0 1
    outer loop
      vertex -29.5 -11 1.6
      vertex -12.6875 -1.19078 1.6
      vertex -23.3125 -1.19078 1.6
    endloop
  endfacet
  facet normal 0 0 1
    outer loop
      vertex -12.6875 -1.19078 1.6
      vertex -29.5 -11 1.6
      vertex -12.5262 -1.27033 1.6
    endloop
  endfacet
  facet normal 0 0 1
    outer loop
      vertex -12.5262 -1.27033 1.6
      vertex -29.5 -11 1.6
      vertex -12.3559 -1.32815 1.6
    endloop
  endfacet
  facet normal 0 0 1
    outer loop
      vertex -29.5 -11 1.6
      vertex -23.3125 -1.19078 1.6
      vertex -23.4738 -1.27033 1.6
    endloop
  endfacet
  facet normal 0 0 1
    outer loop
      vertex -29.5 -11 1.6
      vertex -23.4738 -1.27033 1.6
      vertex -23.6441 -1.32815 1.6
    endloop
  endfacet
  facet normal 0 0 1
    outer loop
      vertex -29.5 -11 1.6
      vertex -23.6441 -1.32815 1.6
      vertex -23.8205 -1.36324 1.6
    endloop
  endfacet
  facet normal 0 0 1
    outer loop
      vertex -29.5 -11 1.6
      vertex -23.8205 -1.36324 1.6
      vertex -24 -1.375 1.6
    endloop
  endfacet
  facet normal 0 0 1
    outer loop
      vertex -29.5 -11 1.6
      vertex -24 -1.375 1.6
      vertex -24.1795 -1.36324 1.6
    endloop
  endfacet
  facet normal 0 0 1
    outer loop
      vertex -25.3632 0.179473 1.6
      vertex -32.5 8 1.6
      vertex -25.375 0 1.6
    endloop
  endfacet
  facet normal 0 0 1
    outer loop
      vertex -32.5 -8 1.6
      vertex -25.375 0 1.6
      vertex -32.5 8 1.6
    endloop
  endfacet
  facet normal 0 0 1
    outer loop
      vertex -25.375 0 1.6
      vertex -32.5 -8 1.6
      vertex -25.3632 -0.179473 1.6
    endloop
  endfacet
  facet normal 0 0 1
    outer loop
      vertex 0 -1.375 1.6
      vertex -29.5 -11 1.6
      vertex 29.5 -11 1.6
    endloop
  endfacet
  facet normal 0 0 1
    outer loop
      vertex -24.3559 -1.32815 1.6
      vertex -29.5 -11 1.6
      vertex -24.1795 -1.36324 1.6
    endloop
  endfacet
  facet normal 0 0 1
    outer loop
      vertex -24.5262 -1.27033 1.6
      vertex -29.5 -11 1.6
      vertex -24.3559 -1.32815 1.6
    endloop
  endfacet
  facet normal 0 0 1
    outer loop
      vertex -24.6875 -1.19078 1.6
      vertex -29.5 -11 1.6
      vertex -24.5262 -1.27033 1.6
    endloop
  endfacet
  facet normal 0 0 1
    outer loop
      vertex -32.5 -8 1.6
      vertex -24.6875 -1.19078 1.6
      vertex -24.837 -1.09086 1.6
    endloop
  endfacet
  facet normal 0 0 1
    outer loop
      vertex -32.5 -8 1.6
      vertex -24.837 -1.09086 1.6
      vertex -24.9723 -0.972271 1.6
    endloop
  endfacet
  facet normal 0 0 1
    outer loop
      vertex -32.5 -8 1.6
      vertex -24.9723 -0.972271 1.6
      vertex -25.0909 -0.837047 1.6
    endloop
  endfacet
  facet normal 0 0 1
    outer loop
      vertex -32.5 -8 1.6
      vertex -25.0909 -0.837047 1.6
      vertex -25.1908 -0.6875 1.6
    endloop
  endfacet
  facet normal 0 0 1
    outer loop
      vertex -32.5 -8 1.6
      vertex -25.1908 -0.6875 1.6
      vertex -25.2703 -0.526189 1.6
    endloop
  endfacet
  facet normal 0 0 1
    outer loop
      vertex -25.3632 -0.179473 1.6
      vertex -32.5 -8 1.6
      vertex -25.3281 -0.355876 1.6
    endloop
  endfacet
  facet normal 0 0 1
    outer loop
      vertex -32.5 8 1.6
      vertex -29.5 11 1.6
      vertex -29.8916 10.9743 1.6
    endloop
  endfacet
  facet normal 0 0 1
    outer loop
      vertex -25.3281 -0.355876 1.6
      vertex -32.5 -8 1.6
      vertex -25.2703 -0.526189 1.6
    endloop
  endfacet
  facet normal 0 0 1
    outer loop
      vertex -32.5 8 1.6
      vertex -29.8916 10.9743 1.6
      vertex -30.2765 10.8978 1.6
    endloop
  endfacet
  facet normal 0 0 1
    outer loop
      vertex -24.6875 -1.19078 1.6
      vertex -32.5 -8 1.6
      vertex -29.5 -11 1.6
    endloop
  endfacet
  facet normal 0 0 1
    outer loop
      vertex -32.5 8 1.6
      vertex -30.2765 10.8978 1.6
      vertex -30.6481 10.7716 1.6
    endloop
  endfacet
  facet normal 0 0 1
    outer loop
      vertex -29.5 -11 1.6
      vertex -32.5 -8 1.6
      vertex -29.8916 -10.9743 1.6
    endloop
  endfacet
  facet normal 0 0 1
    outer loop
      vertex -32.5 8 1.6
      vertex -30.6481 10.7716 1.6
      vertex -31 10.5981 1.6
    endloop
  endfacet
  facet normal 0 0 1
    outer loop
      vertex -29.8916 -10.9743 1.6
      vertex -32.5 -8 1.6
      vertex -30.2765 -10.8978 1.6
    endloop
  endfacet
  facet normal 0 0 1
    outer loop
      vertex -32.5 8 1.6
      vertex -31 10.5981 1.6
      vertex -31.3263 10.3801 1.6
    endloop
  endfacet
  facet normal 0 0 1
    outer loop
      vertex -30.2765 -10.8978 1.6
      vertex -32.5 -8 1.6
      vertex -30.6481 -10.7716 1.6
    endloop
  endfacet
  facet normal 0 0 1
    outer loop
      vertex -32.5 8 1.6
      vertex -31.3263 10.3801 1.6
      vertex -31.6213 10.1213 1.6
    endloop
  endfacet
  facet normal 0 0 1
    outer loop
      vertex -30.6481 -10.7716 1.6
      vertex -32.5 -8 1.6
      vertex -31 -10.5981 1.6
    endloop
  endfacet
  facet normal 0 0 1
    outer loop
      vertex -32.5 8 1.6
      vertex -31.6213 10.1213 1.6
      vertex -31.8801 9.82628 1.6
    endloop
  endfacet
  facet normal 0 0 1
    outer loop
      vertex -31 -10.5981 1.6
      vertex -32.5 -8 1.6
      vertex -31.3263 -10.3801 1.6
    endloop
  endfacet
  facet normal 0 0 1
    outer loop
      vertex -32.5 8 1.6
      vertex -31.8801 9.82628 1.6
      vertex -32.0981 9.5 1.6
    endloop
  endfacet
  facet normal 0 0 1
    outer loop
      vertex -31.3263 -10.3801 1.6
      vertex -32.5 -8 1.6
      vertex -31.6213 -10.1213 1.6
    endloop
  endfacet
  facet normal 0 0 1
    outer loop
      vertex -32.5 8 1.6
      vertex -32.0981 9.5 1.6
      vertex -32.2716 9.14806 1.6
    endloop
  endfacet
  facet normal 0 0 1
    outer loop
      vertex -31.6213 -10.1213 1.6
      vertex -32.5 -8 1.6
      vertex -31.8801 -9.82628 1.6
    endloop
  endfacet
  facet normal 0 0 1
    outer loop
      vertex -32.5 8 1.6
      vertex -32.2716 9.14806 1.6
      vertex -32.3978 8.77646 1.6
    endloop
  endfacet
  facet normal 0 0 1
    outer loop
      vertex -31.8801 -9.82628 1.6
      vertex -32.5 -8 1.6
      vertex -32.0981 -9.5 1.6
    endloop
  endfacet
  facet normal 0 0 1
    outer loop
      vertex -32.5 8 1.6
      vertex -32.3978 8.77646 1.6
      vertex -32.4743 8.39157 1.6
    endloop
  endfacet
  facet normal 0 0 1
    outer loop
      vertex -32.0981 -9.5 1.6
      vertex -32.5 -8 1.6
      vertex -32.2716 -9.14806 1.6
    endloop
  endfacet
  facet normal 0 0 1
    outer loop
      vertex -32.2716 -9.14806 1.6
      vertex -32.5 -8 1.6
      vertex -32.3978 -8.77646 1.6
    endloop
  endfacet
  facet normal 0 0 1
    outer loop
      vertex -32.3978 -8.77646 1.6
      vertex -32.5 -8 1.6
      vertex -32.4743 -8.39157 1.6
    endloop
  endfacet
  facet normal 0.896931 0.442171 0
    outer loop
      vertex 32.2716 9.14806 1.6
      vertex 32.0981 9.5 0
      vertex 32.0981 9.5 1.6
    endloop
  endfacet
  facet normal 0.896931 0.442171 0
    outer loop
      vertex 32.0981 9.5 0
      vertex 32.2716 9.14806 1.6
      vertex 32.2716 9.14806 0
    endloop
  endfacet
  facet normal 0.946885 -0.321574 0
    outer loop
      vertex 32.2716 -9.14806 1.6
      vertex 32.3978 -8.77646 0
      vertex 32.3978 -8.77646 1.6
    endloop
  endfacet
  facet normal 0.946885 -0.321574 0
    outer loop
      vertex 32.3978 -8.77646 0
      vertex 32.2716 -9.14806 1.6
      vertex 32.2716 -9.14806 0
    endloop
  endfacet
  facet normal 0.980814 0.194945 0
    outer loop
      vertex 32.4743 8.39157 1.6
      vertex 32.3978 8.77646 0
      vertex 32.3978 8.77646 1.6
    endloop
  endfacet
  facet normal 0.980814 0.194945 0
    outer loop
      vertex 32.3978 8.77646 0
      vertex 32.4743 8.39157 1.6
      vertex 32.4743 8.39157 0
    endloop
  endfacet
  facet normal -0.946885 -0.321574 0
    outer loop
      vertex -32.2716 -9.14806 0
      vertex -32.3978 -8.77646 1.6
      vertex -32.3978 -8.77646 0
    endloop
  endfacet
  facet normal -0.946885 -0.321574 0
    outer loop
      vertex -32.3978 -8.77646 1.6
      vertex -32.2716 -9.14806 0
      vertex -32.2716 -9.14806 1.6
    endloop
  endfacet
  facet normal 0.555523 0.831501 -0
    outer loop
      vertex 31.3263 10.3801 0
      vertex 31 10.5981 1.6
      vertex 31.3263 10.3801 1.6
    endloop
  endfacet
  facet normal 0.555523 0.831501 0
    outer loop
      vertex 31 10.5981 1.6
      vertex 31.3263 10.3801 0
      vertex 31 10.5981 0
    endloop
  endfacet
  facet normal 0.442211 0.896911 -0
    outer loop
      vertex 31 10.5981 0
      vertex 30.6481 10.7716 1.6
      vertex 31 10.5981 1.6
    endloop
  endfacet
  facet normal 0.442211 0.896911 0
    outer loop
      vertex 30.6481 10.7716 1.6
      vertex 31 10.5981 0
      vertex 30.6481 10.7716 0
    endloop
  endfacet
  facet normal 0.831485 -0.555547 0
    outer loop
      vertex 31.8801 -9.82628 1.6
      vertex 32.0981 -9.5 0
      vertex 32.0981 -9.5 1.6
    endloop
  endfacet
  facet normal 0.831485 -0.555547 0
    outer loop
      vertex 32.0981 -9.5 0
      vertex 31.8801 -9.82628 1.6
      vertex 31.8801 -9.82628 0
    endloop
  endfacet
  facet normal -0.896931 -0.442171 0
    outer loop
      vertex -32.0981 -9.5 0
      vertex -32.2716 -9.14806 1.6
      vertex -32.2716 -9.14806 0
    endloop
  endfacet
  facet normal -0.896931 -0.442171 0
    outer loop
      vertex -32.2716 -9.14806 1.6
      vertex -32.0981 -9.5 0
      vertex -32.0981 -9.5 1.6
    endloop
  endfacet
  facet normal -0.980814 -0.194945 0
    outer loop
      vertex -32.3978 -8.77646 0
      vertex -32.4743 -8.39157 1.6
      vertex -32.4743 -8.39157 0
    endloop
  endfacet
  facet normal -0.980814 -0.194945 0
    outer loop
      vertex -32.4743 -8.39157 1.6
      vertex -32.3978 -8.77646 0
      vertex -32.3978 -8.77646 1.6
    endloop
  endfacet
  facet normal 0.997853 -0.0654923 0
    outer loop
      vertex 32.4743 -8.39157 1.6
      vertex 32.5 -8 0
      vertex 32.5 -8 1.6
    endloop
  endfacet
  facet normal 0.997853 -0.0654923 0
    outer loop
      vertex 32.5 -8 0
      vertex 32.4743 -8.39157 1.6
      vertex 32.4743 -8.39157 0
    endloop
  endfacet
  facet normal 0.442211 -0.896911 0
    outer loop
      vertex 30.6481 -10.7716 0
      vertex 31 -10.5981 1.6
      vertex 30.6481 -10.7716 1.6
    endloop
  endfacet
  facet normal 0.442211 -0.896911 0
    outer loop
      vertex 31 -10.5981 1.6
      vertex 30.6481 -10.7716 0
      vertex 31 -10.5981 0
    endloop
  endfacet
  facet normal 0.555523 -0.831501 0
    outer loop
      vertex 31 -10.5981 0
      vertex 31.3263 -10.3801 1.6
      vertex 31 -10.5981 1.6
    endloop
  endfacet
  facet normal 0.555523 -0.831501 0
    outer loop
      vertex 31.3263 -10.3801 1.6
      vertex 31 -10.5981 0
      vertex 31.3263 -10.3801 0
    endloop
  endfacet
endsolid OpenSCAD_Model
