solid OpenSCAD_Model
  facet normal 0.980757 0.195233 0
    outer loop
      vertex -21.4222 0.339368 5
      vertex -21.4886 0.672929 2
      vertex -21.4886 0.672929 5
    endloop
  endfacet
  facet normal 0.980757 0.195233 0
    outer loop
      vertex -21.4886 0.672929 2
      vertex -21.4222 0.339368 5
      vertex -21.4222 0.339368 2
    endloop
  endfacet
  facet normal 0.997867 0.0652762 0
    outer loop
      vertex -21.4 0 5
      vertex -21.4222 0.339368 2
      vertex -21.4222 0.339368 5
    endloop
  endfacet
  facet normal 0.997867 0.0652762 0
    outer loop
      vertex -21.4222 0.339368 2
      vertex -21.4 0 5
      vertex -21.4 0 2
    endloop
  endfacet
  facet normal 0.946948 0.321386 0
    outer loop
      vertex -21.4886 0.672929 5
      vertex -21.5979 0.994976 2
      vertex -21.5979 0.994976 5
    endloop
  endfacet
  facet normal 0.946948 0.321386 0
    outer loop
      vertex -21.5979 0.994976 2
      vertex -21.4886 0.672929 5
      vertex -21.4886 0.672929 2
    endloop
  endfacet
  facet normal -0.659341 0.751844 0
    outer loop
      vertex -25.5828 2.06272 2
      vertex -25.8385 1.83848 5
      vertex -25.5828 2.06272 5
    endloop
  endfacet
  facet normal -0.659341 0.751844 0
    outer loop
      vertex -25.8385 1.83848 5
      vertex -25.5828 2.06272 2
      vertex -25.8385 1.83848 2
    endloop
  endfacet
  facet normal 0.0653872 0.99786 -0
    outer loop
      vertex -23.6606 2.57776 2
      vertex -24 2.6 5
      vertex -23.6606 2.57776 5
    endloop
  endfacet
  facet normal 0.0653872 0.99786 0
    outer loop
      vertex -24 2.6 5
      vertex -23.6606 2.57776 2
      vertex -24 2.6 2
    endloop
  endfacet
  facet normal -0.946948 0.321386 0
    outer loop
      vertex -26.5114 0.672929 2
      vertex -26.4021 0.994976 5
      vertex -26.4021 0.994976 2
    endloop
  endfacet
  facet normal -0.946948 0.321386 0
    outer loop
      vertex -26.4021 0.994976 5
      vertex -26.5114 0.672929 2
      vertex -26.5114 0.672929 5
    endloop
  endfacet
  facet normal 0.980757 -0.195233 0
    outer loop
      vertex -21.4886 -0.672929 5
      vertex -21.4222 -0.339368 2
      vertex -21.4222 -0.339368 5
    endloop
  endfacet
  facet normal 0.980757 -0.195233 0
    outer loop
      vertex -21.4222 -0.339368 2
      vertex -21.4886 -0.672929 5
      vertex -21.4886 -0.672929 2
    endloop
  endfacet
  facet normal -0.831398 -0.555677 0
    outer loop
      vertex -26.0627 -1.58278 2
      vertex -26.2517 -1.3 5
      vertex -26.2517 -1.3 2
    endloop
  endfacet
  facet normal -0.831398 -0.555677 0
    outer loop
      vertex -26.2517 -1.3 5
      vertex -26.0627 -1.58278 2
      vertex -26.0627 -1.58278 5
    endloop
  endfacet
  facet normal -0.980757 0.195233 0
    outer loop
      vertex -26.5778 0.339368 2
      vertex -26.5114 0.672929 5
      vertex -26.5114 0.672929 2
    endloop
  endfacet
  facet normal -0.980757 0.195233 0
    outer loop
      vertex -26.5114 0.672929 5
      vertex -26.5778 0.339368 2
      vertex -26.5778 0.339368 5
    endloop
  endfacet
  facet normal -0.555548 0.831484 0
    outer loop
      vertex -25.3 2.25167 2
      vertex -25.5828 2.06272 5
      vertex -25.3 2.25167 5
    endloop
  endfacet
  facet normal -0.555548 0.831484 0
    outer loop
      vertex -25.5828 2.06272 5
      vertex -25.3 2.25167 2
      vertex -25.5828 2.06272 2
    endloop
  endfacet
  facet normal -0.946948 -0.321386 0
    outer loop
      vertex -26.4021 -0.994976 2
      vertex -26.5114 -0.672929 5
      vertex -26.5114 -0.672929 2
    endloop
  endfacet
  facet normal -0.946948 -0.321386 0
    outer loop
      vertex -26.5114 -0.672929 5
      vertex -26.4021 -0.994976 2
      vertex -26.4021 -0.994976 5
    endloop
  endfacet
  facet normal -0.980757 -0.195233 0
    outer loop
      vertex -26.5114 -0.672929 2
      vertex -26.5778 -0.339368 5
      vertex -26.5778 -0.339368 2
    endloop
  endfacet
  facet normal -0.980757 -0.195233 0
    outer loop
      vertex -26.5778 -0.339368 5
      vertex -26.5114 -0.672929 2
      vertex -26.5114 -0.672929 5
    endloop
  endfacet
  facet normal 0.321391 -0.946946 0
    outer loop
      vertex -23.3271 -2.51141 2
      vertex -23.005 -2.40209 5
      vertex -23.3271 -2.51141 5
    endloop
  endfacet
  facet normal 0.321391 -0.946946 0
    outer loop
      vertex -23.005 -2.40209 5
      vertex -23.3271 -2.51141 2
      vertex -23.005 -2.40209 2
    endloop
  endfacet
  facet normal -0.751902 0.659275 0
    outer loop
      vertex -26.0627 1.58278 2
      vertex -25.8385 1.83848 5
      vertex -25.8385 1.83848 2
    endloop
  endfacet
  facet normal -0.751902 0.659275 0
    outer loop
      vertex -25.8385 1.83848 5
      vertex -26.0627 1.58278 2
      vertex -26.0627 1.58278 5
    endloop
  endfacet
  facet normal 0.195126 -0.980778 0
    outer loop
      vertex -23.6606 -2.57776 2
      vertex -23.3271 -2.51141 5
      vertex -23.6606 -2.57776 5
    endloop
  endfacet
  facet normal 0.195126 -0.980778 0
    outer loop
      vertex -23.3271 -2.51141 5
      vertex -23.6606 -2.57776 2
      vertex -23.3271 -2.51141 2
    endloop
  endfacet
  facet normal -0.321391 0.946946 0
    outer loop
      vertex -24.6729 2.51141 2
      vertex -24.995 2.40209 5
      vertex -24.6729 2.51141 5
    endloop
  endfacet
  facet normal -0.321391 0.946946 0
    outer loop
      vertex -24.995 2.40209 5
      vertex -24.6729 2.51141 2
      vertex -24.995 2.40209 2
    endloop
  endfacet
  facet normal 0.896897 0.442239 0
    outer loop
      vertex -21.5979 0.994976 5
      vertex -21.7483 1.3 2
      vertex -21.7483 1.3 5
    endloop
  endfacet
  facet normal 0.896897 0.442239 0
    outer loop
      vertex -21.7483 1.3 2
      vertex -21.5979 0.994976 5
      vertex -21.5979 0.994976 2
    endloop
  endfacet
  facet normal -0.997867 -0.0652762 0
    outer loop
      vertex -26.5778 -0.339368 2
      vertex -26.6 0 5
      vertex -26.6 0 2
    endloop
  endfacet
  facet normal -0.997867 -0.0652762 0
    outer loop
      vertex -26.6 0 5
      vertex -26.5778 -0.339368 2
      vertex -26.5778 -0.339368 5
    endloop
  endfacet
  facet normal -0.0653872 -0.99786 0
    outer loop
      vertex -24.3394 -2.57776 2
      vertex -24 -2.6 5
      vertex -24.3394 -2.57776 5
    endloop
  endfacet
  facet normal -0.0653872 -0.99786 -0
    outer loop
      vertex -24 -2.6 5
      vertex -24.3394 -2.57776 2
      vertex -24 -2.6 2
    endloop
  endfacet
  facet normal 0.195126 0.980778 -0
    outer loop
      vertex -23.3271 2.51141 2
      vertex -23.6606 2.57776 5
      vertex -23.3271 2.51141 5
    endloop
  endfacet
  facet normal 0.195126 0.980778 0
    outer loop
      vertex -23.6606 2.57776 5
      vertex -23.3271 2.51141 2
      vertex -23.6606 2.57776 2
    endloop
  endfacet
  facet normal 0.831398 -0.555677 0
    outer loop
      vertex -21.9373 -1.58278 5
      vertex -21.7483 -1.3 2
      vertex -21.7483 -1.3 5
    endloop
  endfacet
  facet normal 0.831398 -0.555677 0
    outer loop
      vertex -21.7483 -1.3 2
      vertex -21.9373 -1.58278 5
      vertex -21.9373 -1.58278 2
    endloop
  endfacet
  facet normal -0.751902 -0.659275 0
    outer loop
      vertex -25.8385 -1.83848 2
      vertex -26.0627 -1.58278 5
      vertex -26.0627 -1.58278 2
    endloop
  endfacet
  facet normal -0.751902 -0.659275 0
    outer loop
      vertex -26.0627 -1.58278 5
      vertex -25.8385 -1.83848 2
      vertex -25.8385 -1.83848 5
    endloop
  endfacet
  facet normal -0.195126 -0.980778 0
    outer loop
      vertex -24.6729 -2.51141 2
      vertex -24.3394 -2.57776 5
      vertex -24.6729 -2.51141 5
    endloop
  endfacet
  facet normal -0.195126 -0.980778 -0
    outer loop
      vertex -24.3394 -2.57776 5
      vertex -24.6729 -2.51141 2
      vertex -24.3394 -2.57776 2
    endloop
  endfacet
  facet normal 0.555548 0.831484 -0
    outer loop
      vertex -22.4172 2.06272 2
      vertex -22.7 2.25167 5
      vertex -22.4172 2.06272 5
    endloop
  endfacet
  facet normal 0.555548 0.831484 0
    outer loop
      vertex -22.7 2.25167 5
      vertex -22.4172 2.06272 2
      vertex -22.7 2.25167 2
    endloop
  endfacet
  facet normal 0.997867 -0.0652762 0
    outer loop
      vertex -21.4222 -0.339368 5
      vertex -21.4 0 2
      vertex -21.4 0 5
    endloop
  endfacet
  facet normal 0.997867 -0.0652762 0
    outer loop
      vertex -21.4 0 2
      vertex -21.4222 -0.339368 5
      vertex -21.4222 -0.339368 2
    endloop
  endfacet
  facet normal -0.195126 0.980778 0
    outer loop
      vertex -24.3394 2.57776 2
      vertex -24.6729 2.51141 5
      vertex -24.3394 2.57776 5
    endloop
  endfacet
  facet normal -0.195126 0.980778 0
    outer loop
      vertex -24.6729 2.51141 5
      vertex -24.3394 2.57776 2
      vertex -24.6729 2.51141 2
    endloop
  endfacet
  facet normal 0.659341 0.751844 -0
    outer loop
      vertex -22.1615 1.83848 2
      vertex -22.4172 2.06272 5
      vertex -22.1615 1.83848 5
    endloop
  endfacet
  facet normal 0.659341 0.751844 0
    outer loop
      vertex -22.4172 2.06272 5
      vertex -22.1615 1.83848 2
      vertex -22.4172 2.06272 2
    endloop
  endfacet
  facet normal 0.751902 0.659275 0
    outer loop
      vertex -21.9373 1.58278 5
      vertex -22.1615 1.83848 2
      vertex -22.1615 1.83848 5
    endloop
  endfacet
  facet normal 0.751902 0.659275 0
    outer loop
      vertex -22.1615 1.83848 2
      vertex -21.9373 1.58278 5
      vertex -21.9373 1.58278 2
    endloop
  endfacet
  facet normal -0.321391 -0.946946 0
    outer loop
      vertex -24.995 -2.40209 2
      vertex -24.6729 -2.51141 5
      vertex -24.995 -2.40209 5
    endloop
  endfacet
  facet normal -0.321391 -0.946946 -0
    outer loop
      vertex -24.6729 -2.51141 5
      vertex -24.995 -2.40209 2
      vertex -24.6729 -2.51141 2
    endloop
  endfacet
  facet normal 0.0653872 -0.99786 0
    outer loop
      vertex -24 -2.6 2
      vertex -23.6606 -2.57776 5
      vertex -24 -2.6 5
    endloop
  endfacet
  facet normal 0.0653872 -0.99786 0
    outer loop
      vertex -23.6606 -2.57776 5
      vertex -24 -2.6 2
      vertex -23.6606 -2.57776 2
    endloop
  endfacet
  facet normal 0.555548 -0.831484 0
    outer loop
      vertex -22.7 -2.25167 2
      vertex -22.4172 -2.06272 5
      vertex -22.7 -2.25167 5
    endloop
  endfacet
  facet normal 0.555548 -0.831484 0
    outer loop
      vertex -22.4172 -2.06272 5
      vertex -22.7 -2.25167 2
      vertex -22.4172 -2.06272 2
    endloop
  endfacet
  facet normal 0.946948 -0.321386 0
    outer loop
      vertex -21.5979 -0.994976 5
      vertex -21.4886 -0.672929 2
      vertex -21.4886 -0.672929 5
    endloop
  endfacet
  facet normal 0.946948 -0.321386 0
    outer loop
      vertex -21.4886 -0.672929 2
      vertex -21.5979 -0.994976 5
      vertex -21.5979 -0.994976 2
    endloop
  endfacet
  facet normal 0.442314 0.89686 -0
    outer loop
      vertex -22.7 2.25167 2
      vertex -23.005 2.40209 5
      vertex -22.7 2.25167 5
    endloop
  endfacet
  facet normal 0.442314 0.89686 0
    outer loop
      vertex -23.005 2.40209 5
      vertex -22.7 2.25167 2
      vertex -23.005 2.40209 2
    endloop
  endfacet
  facet normal 0.831398 0.555677 0
    outer loop
      vertex -21.7483 1.3 5
      vertex -21.9373 1.58278 2
      vertex -21.9373 1.58278 5
    endloop
  endfacet
  facet normal 0.831398 0.555677 0
    outer loop
      vertex -21.9373 1.58278 2
      vertex -21.7483 1.3 5
      vertex -21.7483 1.3 2
    endloop
  endfacet
  facet normal 0.659341 -0.751844 0
    outer loop
      vertex -22.4172 -2.06272 2
      vertex -22.1615 -1.83848 5
      vertex -22.4172 -2.06272 5
    endloop
  endfacet
  facet normal 0.659341 -0.751844 0
    outer loop
      vertex -22.1615 -1.83848 5
      vertex -22.4172 -2.06272 2
      vertex -22.1615 -1.83848 2
    endloop
  endfacet
  facet normal 0.751902 -0.659275 0
    outer loop
      vertex -22.1615 -1.83848 5
      vertex -21.9373 -1.58278 2
      vertex -21.9373 -1.58278 5
    endloop
  endfacet
  facet normal 0.751902 -0.659275 0
    outer loop
      vertex -21.9373 -1.58278 2
      vertex -22.1615 -1.83848 5
      vertex -22.1615 -1.83848 2
    endloop
  endfacet
  facet normal 0.321391 0.946946 -0
    outer loop
      vertex -23.005 2.40209 2
      vertex -23.3271 2.51141 5
      vertex -23.005 2.40209 5
    endloop
  endfacet
  facet normal 0.321391 0.946946 0
    outer loop
      vertex -23.3271 2.51141 5
      vertex -23.005 2.40209 2
      vertex -23.3271 2.51141 2
    endloop
  endfacet
  facet normal -0.0653872 0.99786 0
    outer loop
      vertex -24 2.6 2
      vertex -24.3394 2.57776 5
      vertex -24 2.6 5
    endloop
  endfacet
  facet normal -0.0653872 0.99786 0
    outer loop
      vertex -24.3394 2.57776 5
      vertex -24 2.6 2
      vertex -24.3394 2.57776 2
    endloop
  endfacet
  facet normal -0.659341 -0.751844 0
    outer loop
      vertex -25.8385 -1.83848 2
      vertex -25.5828 -2.06272 5
      vertex -25.8385 -1.83848 5
    endloop
  endfacet
  facet normal -0.659341 -0.751844 -0
    outer loop
      vertex -25.5828 -2.06272 5
      vertex -25.8385 -1.83848 2
      vertex -25.5828 -2.06272 2
    endloop
  endfacet
  facet normal 0.896897 -0.442239 0
    outer loop
      vertex -21.7483 -1.3 5
      vertex -21.5979 -0.994976 2
      vertex -21.5979 -0.994976 5
    endloop
  endfacet
  facet normal 0.896897 -0.442239 0
    outer loop
      vertex -21.5979 -0.994976 2
      vertex -21.7483 -1.3 5
      vertex -21.7483 -1.3 2
    endloop
  endfacet
  facet normal -0.997867 0.0652762 0
    outer loop
      vertex -26.6 0 2
      vertex -26.5778 0.339368 5
      vertex -26.5778 0.339368 2
    endloop
  endfacet
  facet normal -0.997867 0.0652762 0
    outer loop
      vertex -26.5778 0.339368 5
      vertex -26.6 0 2
      vertex -26.6 0 5
    endloop
  endfacet
  facet normal 0.442314 -0.89686 0
    outer loop
      vertex -23.005 -2.40209 2
      vertex -22.7 -2.25167 5
      vertex -23.005 -2.40209 5
    endloop
  endfacet
  facet normal 0.442314 -0.89686 0
    outer loop
      vertex -22.7 -2.25167 5
      vertex -23.005 -2.40209 2
      vertex -22.7 -2.25167 2
    endloop
  endfacet
  facet normal -0.442314 -0.89686 0
    outer loop
      vertex -25.3 -2.25167 2
      vertex -24.995 -2.40209 5
      vertex -25.3 -2.25167 5
    endloop
  endfacet
  facet normal -0.442314 -0.89686 -0
    outer loop
      vertex -24.995 -2.40209 5
      vertex -25.3 -2.25167 2
      vertex -24.995 -2.40209 2
    endloop
  endfacet
  facet normal -0.442314 0.89686 0
    outer loop
      vertex -24.995 2.40209 2
      vertex -25.3 2.25167 5
      vertex -24.995 2.40209 5
    endloop
  endfacet
  facet normal -0.442314 0.89686 0
    outer loop
      vertex -25.3 2.25167 5
      vertex -24.995 2.40209 2
      vertex -25.3 2.25167 2
    endloop
  endfacet
  facet normal -0.896897 -0.442239 0
    outer loop
      vertex -26.2517 -1.3 2
      vertex -26.4021 -0.994976 5
      vertex -26.4021 -0.994976 2
    endloop
  endfacet
  facet normal -0.896897 -0.442239 0
    outer loop
      vertex -26.4021 -0.994976 5
      vertex -26.2517 -1.3 2
      vertex -26.2517 -1.3 5
    endloop
  endfacet
  facet normal 0 0 1
    outer loop
      vertex 29.5 11 2
      vertex 32.5 8 2
      vertex 32.4743 8.39157 2
    endloop
  endfacet
  facet normal 0 0 1
    outer loop
      vertex 32.5 8 2
      vertex 26.6 0 2
      vertex 32.5 -8 2
    endloop
  endfacet
  facet normal 0 0 1
    outer loop
      vertex 29.5 11 2
      vertex 32.4743 8.39157 2
      vertex 32.3978 8.77646 2
    endloop
  endfacet
  facet normal -0 0 1
    outer loop
      vertex 26.5778 -0.339368 2
      vertex 32.5 -8 2
      vertex 26.6 0 2
    endloop
  endfacet
  facet normal 0 0 1
    outer loop
      vertex 29.5 11 2
      vertex 32.3978 8.77646 2
      vertex 32.2716 9.14806 2
    endloop
  endfacet
  facet normal -0 0 1
    outer loop
      vertex 26.5114 -0.672929 2
      vertex 32.5 -8 2
      vertex 26.5778 -0.339368 2
    endloop
  endfacet
  facet normal 0 0 1
    outer loop
      vertex 29.5 11 2
      vertex 32.2716 9.14806 2
      vertex 32.0981 9.5 2
    endloop
  endfacet
  facet normal -0 0 1
    outer loop
      vertex 26.4021 -0.994976 2
      vertex 32.5 -8 2
      vertex 26.5114 -0.672929 2
    endloop
  endfacet
  facet normal 0 0 1
    outer loop
      vertex 29.5 11 2
      vertex 32.0981 9.5 2
      vertex 31.8801 9.82628 2
    endloop
  endfacet
  facet normal -0 0 1
    outer loop
      vertex 26.2517 -1.3 2
      vertex 32.5 -8 2
      vertex 26.4021 -0.994976 2
    endloop
  endfacet
  facet normal 0 0 1
    outer loop
      vertex 29.5 11 2
      vertex 31.8801 9.82628 2
      vertex 31.6213 10.1213 2
    endloop
  endfacet
  facet normal -0 0 1
    outer loop
      vertex 26.0627 -1.58278 2
      vertex 32.5 -8 2
      vertex 26.2517 -1.3 2
    endloop
  endfacet
  facet normal 0 0 1
    outer loop
      vertex 29.5 11 2
      vertex 31.6213 10.1213 2
      vertex 31.3263 10.3801 2
    endloop
  endfacet
  facet normal -0 0 1
    outer loop
      vertex 25.8385 -1.83848 2
      vertex 32.5 -8 2
      vertex 26.0627 -1.58278 2
    endloop
  endfacet
  facet normal 0 0 1
    outer loop
      vertex 29.5 11 2
      vertex 31.3263 10.3801 2
      vertex 31 10.5981 2
    endloop
  endfacet
  facet normal -0 0 1
    outer loop
      vertex 25.5828 -2.06272 2
      vertex 32.5 -8 2
      vertex 25.8385 -1.83848 2
    endloop
  endfacet
  facet normal 0 0 1
    outer loop
      vertex 29.5 11 2
      vertex 31 10.5981 2
      vertex 30.6481 10.7716 2
    endloop
  endfacet
  facet normal -0 0 1
    outer loop
      vertex 25.3 -2.25167 2
      vertex 32.5 -8 2
      vertex 25.5828 -2.06272 2
    endloop
  endfacet
  facet normal 0 0 1
    outer loop
      vertex 29.5 11 2
      vertex 30.6481 10.7716 2
      vertex 30.2765 10.8978 2
    endloop
  endfacet
  facet normal 0 -0 1
    outer loop
      vertex 29.5 -11 2
      vertex 32.5 -8 2
      vertex 25.3 -2.25167 2
    endloop
  endfacet
  facet normal 0 0 1
    outer loop
      vertex 29.5 11 2
      vertex 30.2765 10.8978 2
      vertex 29.8916 10.9743 2
    endloop
  endfacet
  facet normal 0 0 1
    outer loop
      vertex 32.4743 -8.39157 2
      vertex 29.5 -11 2
      vertex 32.3978 -8.77646 2
    endloop
  endfacet
  facet normal 0 0 1
    outer loop
      vertex 32.5 8 2
      vertex 29.5 11 2
      vertex 25.3 2.25167 2
    endloop
  endfacet
  facet normal 0 0 1
    outer loop
      vertex 32.3978 -8.77646 2
      vertex 29.5 -11 2
      vertex 32.2716 -9.14806 2
    endloop
  endfacet
  facet normal 0 0 1
    outer loop
      vertex 32.2716 -9.14806 2
      vertex 29.5 -11 2
      vertex 32.0981 -9.5 2
    endloop
  endfacet
  facet normal 0 0 1
    outer loop
      vertex 32.5 8 2
      vertex 26.5778 0.339368 2
      vertex 26.6 0 2
    endloop
  endfacet
  facet normal 0 0 1
    outer loop
      vertex 32.5 8 2
      vertex 26.5114 0.672929 2
      vertex 26.5778 0.339368 2
    endloop
  endfacet
  facet normal 0 0 1
    outer loop
      vertex 32.5 8 2
      vertex 26.4021 0.994976 2
      vertex 26.5114 0.672929 2
    endloop
  endfacet
  facet normal 0 0 1
    outer loop
      vertex 32.5 8 2
      vertex 26.2517 1.3 2
      vertex 26.4021 0.994976 2
    endloop
  endfacet
  facet normal 0 0 1
    outer loop
      vertex 32.5 8 2
      vertex 26.0627 1.58278 2
      vertex 26.2517 1.3 2
    endloop
  endfacet
  facet normal 0 0 1
    outer loop
      vertex 32.5 8 2
      vertex 25.8385 1.83848 2
      vertex 26.0627 1.58278 2
    endloop
  endfacet
  facet normal 0 0 1
    outer loop
      vertex 32.5 8 2
      vertex 25.5828 2.06272 2
      vertex 25.8385 1.83848 2
    endloop
  endfacet
  facet normal 0 0 1
    outer loop
      vertex 32.5 8 2
      vertex 25.3 2.25167 2
      vertex 25.5828 2.06272 2
    endloop
  endfacet
  facet normal 0 0 1
    outer loop
      vertex 29.5 11 2
      vertex 24.995 2.40209 2
      vertex 25.3 2.25167 2
    endloop
  endfacet
  facet normal 0 0 1
    outer loop
      vertex 29.5 11 2
      vertex 24.6729 2.51141 2
      vertex 24.995 2.40209 2
    endloop
  endfacet
  facet normal 0 0 1
    outer loop
      vertex 29.5 11 2
      vertex 24.3394 2.57776 2
      vertex 24.6729 2.51141 2
    endloop
  endfacet
  facet normal 0 0 1
    outer loop
      vertex 29.5 11 2
      vertex 24 2.6 2
      vertex 24.3394 2.57776 2
    endloop
  endfacet
  facet normal 0 0 1
    outer loop
      vertex 29.5 11 2
      vertex 23.6606 2.57776 2
      vertex 24 2.6 2
    endloop
  endfacet
  facet normal 0 0 1
    outer loop
      vertex 29.5 11 2
      vertex 23.3271 2.51141 2
      vertex 23.6606 2.57776 2
    endloop
  endfacet
  facet normal 0 0 1
    outer loop
      vertex 29.5 11 2
      vertex 23.005 2.40209 2
      vertex 23.3271 2.51141 2
    endloop
  endfacet
  facet normal 0 0 1
    outer loop
      vertex 12.995 2.40209 2
      vertex 23.005 2.40209 2
      vertex 29.5 11 2
    endloop
  endfacet
  facet normal 0 0 1
    outer loop
      vertex 23.005 2.40209 2
      vertex 12.995 2.40209 2
      vertex 22.7 2.25167 2
    endloop
  endfacet
  facet normal 0 -0 1
    outer loop
      vertex 13.3 2.25167 2
      vertex 22.7 2.25167 2
      vertex 12.995 2.40209 2
    endloop
  endfacet
  facet normal 0 -0 1
    outer loop
      vertex 13.5828 2.06272 2
      vertex 22.4172 2.06272 2
      vertex 13.3 2.25167 2
    endloop
  endfacet
  facet normal 0 0 1
    outer loop
      vertex 21.4222 0.339368 2
      vertex 14.6 0 2
      vertex 21.4 0 2
    endloop
  endfacet
  facet normal 0 0 1
    outer loop
      vertex 14.5778 0.339368 2
      vertex 21.4222 0.339368 2
      vertex 21.4886 0.672929 2
    endloop
  endfacet
  facet normal 0 0 1
    outer loop
      vertex 14.5114 0.672929 2
      vertex 21.4886 0.672929 2
      vertex 21.5979 0.994976 2
    endloop
  endfacet
  facet normal 0 0 1
    outer loop
      vertex 14.4021 0.994976 2
      vertex 21.5979 0.994976 2
      vertex 21.7483 1.3 2
    endloop
  endfacet
  facet normal 0 0 1
    outer loop
      vertex 14.2517 1.3 2
      vertex 21.7483 1.3 2
      vertex 21.9373 1.58278 2
    endloop
  endfacet
  facet normal 0 0 1
    outer loop
      vertex 22.4172 2.06272 2
      vertex 13.5828 2.06272 2
      vertex 22.1615 1.83848 2
    endloop
  endfacet
  facet normal 0 0 1
    outer loop
      vertex 21.4222 0.339368 2
      vertex 14.5778 0.339368 2
      vertex 14.6 0 2
    endloop
  endfacet
  facet normal 0 0 1
    outer loop
      vertex 21.4886 0.672929 2
      vertex 14.5114 0.672929 2
      vertex 14.5778 0.339368 2
    endloop
  endfacet
  facet normal 0 0 1
    outer loop
      vertex 21.5979 0.994976 2
      vertex 14.4021 0.994976 2
      vertex 14.5114 0.672929 2
    endloop
  endfacet
  facet normal 0 0 1
    outer loop
      vertex 21.7483 1.3 2
      vertex 14.2517 1.3 2
      vertex 14.4021 0.994976 2
    endloop
  endfacet
  facet normal 0 0 1
    outer loop
      vertex 21.9373 1.58278 2
      vertex 14.0627 1.58278 2
      vertex 14.2517 1.3 2
    endloop
  endfacet
  facet normal 0 0 1
    outer loop
      vertex 21.9373 1.58278 2
      vertex 13.8385 1.83848 2
      vertex 14.0627 1.58278 2
    endloop
  endfacet
  facet normal 0 0 1
    outer loop
      vertex 22.1615 1.83848 2
      vertex 13.8385 1.83848 2
      vertex 21.9373 1.58278 2
    endloop
  endfacet
  facet normal 0 -0 1
    outer loop
      vertex 13.8385 1.83848 2
      vertex 22.1615 1.83848 2
      vertex 13.5828 2.06272 2
    endloop
  endfacet
  facet normal 0 0 1
    outer loop
      vertex 22.7 2.25167 2
      vertex 13.3 2.25167 2
      vertex 22.4172 2.06272 2
    endloop
  endfacet
  facet normal 0 0 1
    outer loop
      vertex 29.5 11 2
      vertex 12.6729 2.51141 2
      vertex 12.995 2.40209 2
    endloop
  endfacet
  facet normal 0 0 1
    outer loop
      vertex 29.5 11 2
      vertex 12.3394 2.57776 2
      vertex 12.6729 2.51141 2
    endloop
  endfacet
  facet normal 0 0 1
    outer loop
      vertex 29.5 11 2
      vertex 12 2.6 2
      vertex 12.3394 2.57776 2
    endloop
  endfacet
  facet normal 0 0 1
    outer loop
      vertex 29.5 11 2
      vertex 11.6606 2.57776 2
      vertex 12 2.6 2
    endloop
  endfacet
  facet normal 0 0 1
    outer loop
      vertex 0.339368 2.57776 2
      vertex 11.6606 2.57776 2
      vertex 29.5 11 2
    endloop
  endfacet
  facet normal 0 0 1
    outer loop
      vertex 11.6606 2.57776 2
      vertex 0.339368 2.57776 2
      vertex 11.3271 2.51141 2
    endloop
  endfacet
  facet normal 0 0 1
    outer loop
      vertex 9.42224 0.339368 2
      vertex 2.6 0 2
      vertex 9.4 0 2
    endloop
  endfacet
  facet normal 0 0 1
    outer loop
      vertex 2.57776 0.339368 2
      vertex 9.42224 0.339368 2
      vertex 9.48859 0.672929 2
    endloop
  endfacet
  facet normal 0 0 1
    outer loop
      vertex 2.51141 0.672929 2
      vertex 9.48859 0.672929 2
      vertex 9.59791 0.994976 2
    endloop
  endfacet
  facet normal 0 0 1
    outer loop
      vertex 2.40209 0.994976 2
      vertex 9.59791 0.994976 2
      vertex 9.74833 1.3 2
    endloop
  endfacet
  facet normal 0 0 1
    outer loop
      vertex 2.25167 1.3 2
      vertex 9.74833 1.3 2
      vertex 9.93728 1.58278 2
    endloop
  endfacet
  facet normal 0 0 1
    outer loop
      vertex 2.06272 1.58278 2
      vertex 9.93728 1.58278 2
      vertex 10.1615 1.83848 2
    endloop
  endfacet
  facet normal 0 0 1
    outer loop
      vertex 1.83848 1.83848 2
      vertex 10.1615 1.83848 2
      vertex 10.4172 2.06272 2
    endloop
  endfacet
  facet normal 0 0 1
    outer loop
      vertex 1.58278 2.06272 2
      vertex 10.4172 2.06272 2
      vertex 10.7 2.25167 2
    endloop
  endfacet
  facet normal 0 0 1
    outer loop
      vertex 1.3 2.25167 2
      vertex 10.7 2.25167 2
      vertex 11.005 2.40209 2
    endloop
  endfacet
  facet normal 0 -0 1
    outer loop
      vertex 0.672929 2.51141 2
      vertex 11.3271 2.51141 2
      vertex 0.339368 2.57776 2
    endloop
  endfacet
  facet normal 0 0 1
    outer loop
      vertex 9.42224 0.339368 2
      vertex 2.57776 0.339368 2
      vertex 2.6 0 2
    endloop
  endfacet
  facet normal 0 0 1
    outer loop
      vertex 9.48859 0.672929 2
      vertex 2.51141 0.672929 2
      vertex 2.57776 0.339368 2
    endloop
  endfacet
  facet normal 0 0 1
    outer loop
      vertex 9.59791 0.994976 2
      vertex 2.40209 0.994976 2
      vertex 2.51141 0.672929 2
    endloop
  endfacet
  facet normal 0 0 1
    outer loop
      vertex 9.74833 1.3 2
      vertex 2.25167 1.3 2
      vertex 2.40209 0.994976 2
    endloop
  endfacet
  facet normal 0 0 1
    outer loop
      vertex 9.93728 1.58278 2
      vertex 2.06272 1.58278 2
      vertex 2.25167 1.3 2
    endloop
  endfacet
  facet normal 0 0 1
    outer loop
      vertex 10.1615 1.83848 2
      vertex 1.83848 1.83848 2
      vertex 2.06272 1.58278 2
    endloop
  endfacet
  facet normal 0 0 1
    outer loop
      vertex 10.4172 2.06272 2
      vertex 1.58278 2.06272 2
      vertex 1.83848 1.83848 2
    endloop
  endfacet
  facet normal 0 0 1
    outer loop
      vertex 10.7 2.25167 2
      vertex 1.3 2.25167 2
      vertex 1.58278 2.06272 2
    endloop
  endfacet
  facet normal 0 0 1
    outer loop
      vertex 11.005 2.40209 2
      vertex 0.994976 2.40209 2
      vertex 1.3 2.25167 2
    endloop
  endfacet
  facet normal 0 0 1
    outer loop
      vertex 11.005 2.40209 2
      vertex 0.672929 2.51141 2
      vertex 0.994976 2.40209 2
    endloop
  endfacet
  facet normal 0 0 1
    outer loop
      vertex 11.3271 2.51141 2
      vertex 0.672929 2.51141 2
      vertex 11.005 2.40209 2
    endloop
  endfacet
  facet normal 0 0 1
    outer loop
      vertex 29.5 11 2
      vertex 0 2.6 2
      vertex 0.339368 2.57776 2
    endloop
  endfacet
  facet normal -0 0 1
    outer loop
      vertex -29.5 11 2
      vertex 0 2.6 2
      vertex 29.5 11 2
    endloop
  endfacet
  facet normal 0 0 1
    outer loop
      vertex 0 2.6 2
      vertex -29.5 11 2
      vertex -0.339368 2.57776 2
    endloop
  endfacet
  facet normal 0 0 1
    outer loop
      vertex -2.57776 0.339368 2
      vertex -9.4 0 2
      vertex -2.6 0 2
    endloop
  endfacet
  facet normal 0 0 1
    outer loop
      vertex -9.42224 0.339368 2
      vertex -2.57776 0.339368 2
      vertex -2.51141 0.672929 2
    endloop
  endfacet
  facet normal 0 0 1
    outer loop
      vertex -9.48859 0.672929 2
      vertex -2.51141 0.672929 2
      vertex -2.40209 0.994976 2
    endloop
  endfacet
  facet normal 0 0 1
    outer loop
      vertex -9.59791 0.994976 2
      vertex -2.40209 0.994976 2
      vertex -2.25167 1.3 2
    endloop
  endfacet
  facet normal 0 0 1
    outer loop
      vertex -9.74833 1.3 2
      vertex -2.25167 1.3 2
      vertex -2.06272 1.58278 2
    endloop
  endfacet
  facet normal 0 0 1
    outer loop
      vertex -9.93728 1.58278 2
      vertex -2.06272 1.58278 2
      vertex -1.83848 1.83848 2
    endloop
  endfacet
  facet normal 0 0 1
    outer loop
      vertex -10.1615 1.83848 2
      vertex -1.83848 1.83848 2
      vertex -1.58278 2.06272 2
    endloop
  endfacet
  facet normal 0 0 1
    outer loop
      vertex -10.4172 2.06272 2
      vertex -1.58278 2.06272 2
      vertex -1.3 2.25167 2
    endloop
  endfacet
  facet normal 0 0 1
    outer loop
      vertex -10.7 2.25167 2
      vertex -1.3 2.25167 2
      vertex -0.994976 2.40209 2
    endloop
  endfacet
  facet normal 0 0 1
    outer loop
      vertex -11.005 2.40209 2
      vertex -0.994976 2.40209 2
      vertex -0.672929 2.51141 2
    endloop
  endfacet
  facet normal 0 0 1
    outer loop
      vertex -2.57776 0.339368 2
      vertex -9.42224 0.339368 2
      vertex -9.4 0 2
    endloop
  endfacet
  facet normal 0 -0 1
    outer loop
      vertex -11.6606 2.57776 2
      vertex -0.339368 2.57776 2
      vertex -29.5 11 2
    endloop
  endfacet
  facet normal 0 0 1
    outer loop
      vertex -2.51141 0.672929 2
      vertex -9.48859 0.672929 2
      vertex -9.42224 0.339368 2
    endloop
  endfacet
  facet normal 0 0 1
    outer loop
      vertex -2.40209 0.994976 2
      vertex -9.59791 0.994976 2
      vertex -9.48859 0.672929 2
    endloop
  endfacet
  facet normal 0 0 1
    outer loop
      vertex -2.25167 1.3 2
      vertex -9.74833 1.3 2
      vertex -9.59791 0.994976 2
    endloop
  endfacet
  facet normal 0 0 1
    outer loop
      vertex -2.06272 1.58278 2
      vertex -9.93728 1.58278 2
      vertex -9.74833 1.3 2
    endloop
  endfacet
  facet normal 0 0 1
    outer loop
      vertex -1.83848 1.83848 2
      vertex -10.1615 1.83848 2
      vertex -9.93728 1.58278 2
    endloop
  endfacet
  facet normal 0 0 1
    outer loop
      vertex -1.58278 2.06272 2
      vertex -10.4172 2.06272 2
      vertex -10.1615 1.83848 2
    endloop
  endfacet
  facet normal 0 0 1
    outer loop
      vertex -1.3 2.25167 2
      vertex -10.7 2.25167 2
      vertex -10.4172 2.06272 2
    endloop
  endfacet
  facet normal 0 0 1
    outer loop
      vertex -0.994976 2.40209 2
      vertex -11.005 2.40209 2
      vertex -10.7 2.25167 2
    endloop
  endfacet
  facet normal 0 0 1
    outer loop
      vertex -0.672929 2.51141 2
      vertex -11.3271 2.51141 2
      vertex -11.005 2.40209 2
    endloop
  endfacet
  facet normal 0 0 1
    outer loop
      vertex -0.339368 2.57776 2
      vertex -11.6606 2.57776 2
      vertex -0.672929 2.51141 2
    endloop
  endfacet
  facet normal 0 0 1
    outer loop
      vertex -0.672929 2.51141 2
      vertex -11.6606 2.57776 2
      vertex -11.3271 2.51141 2
    endloop
  endfacet
  facet normal 0 0 1
    outer loop
      vertex -11.6606 2.57776 2
      vertex -29.5 11 2
      vertex -12 2.6 2
    endloop
  endfacet
  facet normal 0 0 1
    outer loop
      vertex -12 2.6 2
      vertex -29.5 11 2
      vertex -12.3394 2.57776 2
    endloop
  endfacet
  facet normal 0 0 1
    outer loop
      vertex -14.5778 0.339368 2
      vertex -21.4 0 2
      vertex -14.6 0 2
    endloop
  endfacet
  facet normal 0 0 1
    outer loop
      vertex -21.4222 0.339368 2
      vertex -14.5778 0.339368 2
      vertex -14.5114 0.672929 2
    endloop
  endfacet
  facet normal 0 0 1
    outer loop
      vertex -21.4886 0.672929 2
      vertex -14.5114 0.672929 2
      vertex -14.4021 0.994976 2
    endloop
  endfacet
  facet normal 0 0 1
    outer loop
      vertex -21.5979 0.994976 2
      vertex -14.4021 0.994976 2
      vertex -14.2517 1.3 2
    endloop
  endfacet
  facet normal 0 0 1
    outer loop
      vertex -21.7483 1.3 2
      vertex -14.2517 1.3 2
      vertex -14.0627 1.58278 2
    endloop
  endfacet
  facet normal 0 0 1
    outer loop
      vertex -21.9373 1.58278 2
      vertex -14.0627 1.58278 2
      vertex -13.8385 1.83848 2
    endloop
  endfacet
  facet normal 0 0 1
    outer loop
      vertex -22.1615 1.83848 2
      vertex -13.8385 1.83848 2
      vertex -13.5828 2.06272 2
    endloop
  endfacet
  facet normal 0 0 1
    outer loop
      vertex -22.4172 2.06272 2
      vertex -13.5828 2.06272 2
      vertex -13.3 2.25167 2
    endloop
  endfacet
  facet normal 0 0 1
    outer loop
      vertex -22.7 2.25167 2
      vertex -13.3 2.25167 2
      vertex -12.995 2.40209 2
    endloop
  endfacet
  facet normal 0 0 1
    outer loop
      vertex -29.5 11 2
      vertex -12.995 2.40209 2
      vertex -12.6729 2.51141 2
    endloop
  endfacet
  facet normal 0 0 1
    outer loop
      vertex -14.5778 0.339368 2
      vertex -21.4222 0.339368 2
      vertex -21.4 0 2
    endloop
  endfacet
  facet normal 0 0 1
    outer loop
      vertex -14.5114 0.672929 2
      vertex -21.4886 0.672929 2
      vertex -21.4222 0.339368 2
    endloop
  endfacet
  facet normal 0 0 1
    outer loop
      vertex -14.4021 0.994976 2
      vertex -21.5979 0.994976 2
      vertex -21.4886 0.672929 2
    endloop
  endfacet
  facet normal 0 0 1
    outer loop
      vertex -12.3394 2.57776 2
      vertex -29.5 11 2
      vertex -12.6729 2.51141 2
    endloop
  endfacet
  facet normal 0 0 1
    outer loop
      vertex -14.2517 1.3 2
      vertex -21.7483 1.3 2
      vertex -21.5979 0.994976 2
    endloop
  endfacet
  facet normal 0 0 1
    outer loop
      vertex -14.0627 1.58278 2
      vertex -21.9373 1.58278 2
      vertex -21.7483 1.3 2
    endloop
  endfacet
  facet normal 0 0 1
    outer loop
      vertex -13.8385 1.83848 2
      vertex -22.1615 1.83848 2
      vertex -21.9373 1.58278 2
    endloop
  endfacet
  facet normal 0 0 1
    outer loop
      vertex -13.5828 2.06272 2
      vertex -22.4172 2.06272 2
      vertex -22.1615 1.83848 2
    endloop
  endfacet
  facet normal 0 0 1
    outer loop
      vertex -12.995 2.40209 2
      vertex -29.5 11 2
      vertex -23.005 2.40209 2
    endloop
  endfacet
  facet normal 0 0 1
    outer loop
      vertex -13.3 2.25167 2
      vertex -22.7 2.25167 2
      vertex -22.4172 2.06272 2
    endloop
  endfacet
  facet normal 0 0 1
    outer loop
      vertex -12.995 2.40209 2
      vertex -23.005 2.40209 2
      vertex -22.7 2.25167 2
    endloop
  endfacet
  facet normal 0 0 1
    outer loop
      vertex -23.005 2.40209 2
      vertex -29.5 11 2
      vertex -23.3271 2.51141 2
    endloop
  endfacet
  facet normal 0 0 1
    outer loop
      vertex -23.3271 2.51141 2
      vertex -29.5 11 2
      vertex -23.6606 2.57776 2
    endloop
  endfacet
  facet normal 0 0 1
    outer loop
      vertex -23.6606 2.57776 2
      vertex -29.5 11 2
      vertex -24 2.6 2
    endloop
  endfacet
  facet normal 0 0 1
    outer loop
      vertex -26.5114 0.672929 2
      vertex -32.5 8 2
      vertex -26.5778 0.339368 2
    endloop
  endfacet
  facet normal 0 0 1
    outer loop
      vertex -26.4021 0.994976 2
      vertex -32.5 8 2
      vertex -26.5114 0.672929 2
    endloop
  endfacet
  facet normal 0 0 1
    outer loop
      vertex -26.2517 1.3 2
      vertex -32.5 8 2
      vertex -26.4021 0.994976 2
    endloop
  endfacet
  facet normal 0 0 1
    outer loop
      vertex -26.0627 1.58278 2
      vertex -32.5 8 2
      vertex -26.2517 1.3 2
    endloop
  endfacet
  facet normal 0 0 1
    outer loop
      vertex -25.8385 1.83848 2
      vertex -32.5 8 2
      vertex -26.0627 1.58278 2
    endloop
  endfacet
  facet normal 0 0 1
    outer loop
      vertex -25.5828 2.06272 2
      vertex -32.5 8 2
      vertex -25.8385 1.83848 2
    endloop
  endfacet
  facet normal 0 0 1
    outer loop
      vertex -25.3 2.25167 2
      vertex -32.5 8 2
      vertex -25.5828 2.06272 2
    endloop
  endfacet
  facet normal -0 0 1
    outer loop
      vertex -32.5 8 2
      vertex -25.3 2.25167 2
      vertex -29.5 11 2
    endloop
  endfacet
  facet normal 0 0 1
    outer loop
      vertex -24.995 2.40209 2
      vertex -29.5 11 2
      vertex -25.3 2.25167 2
    endloop
  endfacet
  facet normal 0 0 1
    outer loop
      vertex -24.6729 2.51141 2
      vertex -29.5 11 2
      vertex -24.995 2.40209 2
    endloop
  endfacet
  facet normal 0 0 1
    outer loop
      vertex -24.3394 2.57776 2
      vertex -29.5 11 2
      vertex -24.6729 2.51141 2
    endloop
  endfacet
  facet normal 0 0 1
    outer loop
      vertex -24 2.6 2
      vertex -29.5 11 2
      vertex -24.3394 2.57776 2
    endloop
  endfacet
  facet normal 0 0 1
    outer loop
      vertex 32.0981 -9.5 2
      vertex 29.5 -11 2
      vertex 31.8801 -9.82628 2
    endloop
  endfacet
  facet normal 0 0 1
    outer loop
      vertex 31.8801 -9.82628 2
      vertex 29.5 -11 2
      vertex 31.6213 -10.1213 2
    endloop
  endfacet
  facet normal 0 0 1
    outer loop
      vertex 31.6213 -10.1213 2
      vertex 29.5 -11 2
      vertex 31.3263 -10.3801 2
    endloop
  endfacet
  facet normal 0 0 1
    outer loop
      vertex 31 -10.5981 2
      vertex 29.5 -11 2
      vertex 30.6481 -10.7716 2
    endloop
  endfacet
  facet normal 0 0 1
    outer loop
      vertex 30.6481 -10.7716 2
      vertex 29.5 -11 2
      vertex 30.2765 -10.8978 2
    endloop
  endfacet
  facet normal 0 0 1
    outer loop
      vertex 30.2765 -10.8978 2
      vertex 29.5 -11 2
      vertex 29.8916 -10.9743 2
    endloop
  endfacet
  facet normal 0 0 1
    outer loop
      vertex 31.3263 -10.3801 2
      vertex 29.5 -11 2
      vertex 31 -10.5981 2
    endloop
  endfacet
  facet normal 0 0 1
    outer loop
      vertex 32.5 -8 2
      vertex 29.5 -11 2
      vertex 32.4743 -8.39157 2
    endloop
  endfacet
  facet normal -0 0 1
    outer loop
      vertex 24.995 -2.40209 2
      vertex 29.5 -11 2
      vertex 25.3 -2.25167 2
    endloop
  endfacet
  facet normal -0 0 1
    outer loop
      vertex 24.6729 -2.51141 2
      vertex 29.5 -11 2
      vertex 24.995 -2.40209 2
    endloop
  endfacet
  facet normal -0 0 1
    outer loop
      vertex 24.3394 -2.57776 2
      vertex 29.5 -11 2
      vertex 24.6729 -2.51141 2
    endloop
  endfacet
  facet normal -0 0 1
    outer loop
      vertex 24 -2.6 2
      vertex 29.5 -11 2
      vertex 24.3394 -2.57776 2
    endloop
  endfacet
  facet normal 0 0 1
    outer loop
      vertex 23.6606 -2.57776 2
      vertex 29.5 -11 2
      vertex 24 -2.6 2
    endloop
  endfacet
  facet normal 0 0 1
    outer loop
      vertex 23.3271 -2.51141 2
      vertex 29.5 -11 2
      vertex 23.6606 -2.57776 2
    endloop
  endfacet
  facet normal 0 0 1
    outer loop
      vertex 23.005 -2.40209 2
      vertex 29.5 -11 2
      vertex 23.3271 -2.51141 2
    endloop
  endfacet
  facet normal 0 0 1
    outer loop
      vertex 12.995 -2.40209 2
      vertex 23.005 -2.40209 2
      vertex 22.7 -2.25167 2
    endloop
  endfacet
  facet normal 0 0 1
    outer loop
      vertex 13.3 -2.25167 2
      vertex 22.7 -2.25167 2
      vertex 22.4172 -2.06272 2
    endloop
  endfacet
  facet normal 0 0 1
    outer loop
      vertex 13.5828 -2.06272 2
      vertex 22.4172 -2.06272 2
      vertex 22.1615 -1.83848 2
    endloop
  endfacet
  facet normal 0 0 1
    outer loop
      vertex 13.8385 -1.83848 2
      vertex 22.1615 -1.83848 2
      vertex 21.9373 -1.58278 2
    endloop
  endfacet
  facet normal -0 0 1
    outer loop
      vertex 14.6 0 2
      vertex 21.4222 -0.339368 2
      vertex 21.4 0 2
    endloop
  endfacet
  facet normal 0 0 1
    outer loop
      vertex 14.5778 -0.339368 2
      vertex 21.4222 -0.339368 2
      vertex 14.6 0 2
    endloop
  endfacet
  facet normal 0 0 1
    outer loop
      vertex 21.4222 -0.339368 2
      vertex 14.5778 -0.339368 2
      vertex 21.4886 -0.672929 2
    endloop
  endfacet
  facet normal 0 0 1
    outer loop
      vertex 14.5114 -0.672929 2
      vertex 21.4886 -0.672929 2
      vertex 14.5778 -0.339368 2
    endloop
  endfacet
  facet normal 0 0 1
    outer loop
      vertex 21.4886 -0.672929 2
      vertex 14.5114 -0.672929 2
      vertex 21.5979 -0.994976 2
    endloop
  endfacet
  facet normal 0 0 1
    outer loop
      vertex 14.4021 -0.994976 2
      vertex 21.5979 -0.994976 2
      vertex 14.5114 -0.672929 2
    endloop
  endfacet
  facet normal 0 0 1
    outer loop
      vertex 21.5979 -0.994976 2
      vertex 14.4021 -0.994976 2
      vertex 21.7483 -1.3 2
    endloop
  endfacet
  facet normal 0 0 1
    outer loop
      vertex 14.2517 -1.3 2
      vertex 21.7483 -1.3 2
      vertex 14.4021 -0.994976 2
    endloop
  endfacet
  facet normal 0 0 1
    outer loop
      vertex 21.7483 -1.3 2
      vertex 14.2517 -1.3 2
      vertex 21.9373 -1.58278 2
    endloop
  endfacet
  facet normal 0 0 1
    outer loop
      vertex 14.0627 -1.58278 2
      vertex 21.9373 -1.58278 2
      vertex 14.2517 -1.3 2
    endloop
  endfacet
  facet normal 0 0 1
    outer loop
      vertex 13.8385 -1.83848 2
      vertex 21.9373 -1.58278 2
      vertex 14.0627 -1.58278 2
    endloop
  endfacet
  facet normal 0 0 1
    outer loop
      vertex 22.1615 -1.83848 2
      vertex 13.8385 -1.83848 2
      vertex 13.5828 -2.06272 2
    endloop
  endfacet
  facet normal 0 0 1
    outer loop
      vertex 22.4172 -2.06272 2
      vertex 13.5828 -2.06272 2
      vertex 13.3 -2.25167 2
    endloop
  endfacet
  facet normal 0 0 1
    outer loop
      vertex 22.7 -2.25167 2
      vertex 13.3 -2.25167 2
      vertex 12.995 -2.40209 2
    endloop
  endfacet
  facet normal 0 0 1
    outer loop
      vertex 23.005 -2.40209 2
      vertex 12.995 -2.40209 2
      vertex 29.5 -11 2
    endloop
  endfacet
  facet normal -0 0 1
    outer loop
      vertex 12.6729 -2.51141 2
      vertex 29.5 -11 2
      vertex 12.995 -2.40209 2
    endloop
  endfacet
  facet normal -0 0 1
    outer loop
      vertex 12.3394 -2.57776 2
      vertex 29.5 -11 2
      vertex 12.6729 -2.51141 2
    endloop
  endfacet
  facet normal -0 0 1
    outer loop
      vertex 12 -2.6 2
      vertex 29.5 -11 2
      vertex 12.3394 -2.57776 2
    endloop
  endfacet
  facet normal 0 0 1
    outer loop
      vertex 11.6606 -2.57776 2
      vertex 29.5 -11 2
      vertex 12 -2.6 2
    endloop
  endfacet
  facet normal 0 0 1
    outer loop
      vertex 0.339368 -2.57776 2
      vertex 11.6606 -2.57776 2
      vertex 11.3271 -2.51141 2
    endloop
  endfacet
  facet normal 0 0 1
    outer loop
      vertex 0.672929 -2.51141 2
      vertex 11.3271 -2.51141 2
      vertex 11.005 -2.40209 2
    endloop
  endfacet
  facet normal -0 0 1
    outer loop
      vertex 2.6 0 2
      vertex 9.42224 -0.339368 2
      vertex 9.4 0 2
    endloop
  endfacet
  facet normal 0 0 1
    outer loop
      vertex 2.57776 -0.339368 2
      vertex 9.42224 -0.339368 2
      vertex 2.6 0 2
    endloop
  endfacet
  facet normal 0 0 1
    outer loop
      vertex 9.42224 -0.339368 2
      vertex 2.57776 -0.339368 2
      vertex 9.48859 -0.672929 2
    endloop
  endfacet
  facet normal 0 0 1
    outer loop
      vertex 2.51141 -0.672929 2
      vertex 9.48859 -0.672929 2
      vertex 2.57776 -0.339368 2
    endloop
  endfacet
  facet normal 0 0 1
    outer loop
      vertex 9.48859 -0.672929 2
      vertex 2.51141 -0.672929 2
      vertex 9.59791 -0.994976 2
    endloop
  endfacet
  facet normal 0 0 1
    outer loop
      vertex 2.40209 -0.994976 2
      vertex 9.59791 -0.994976 2
      vertex 2.51141 -0.672929 2
    endloop
  endfacet
  facet normal 0 0 1
    outer loop
      vertex 9.59791 -0.994976 2
      vertex 2.40209 -0.994976 2
      vertex 9.74833 -1.3 2
    endloop
  endfacet
  facet normal 0 0 1
    outer loop
      vertex 2.25167 -1.3 2
      vertex 9.74833 -1.3 2
      vertex 2.40209 -0.994976 2
    endloop
  endfacet
  facet normal 0 0 1
    outer loop
      vertex 9.74833 -1.3 2
      vertex 2.25167 -1.3 2
      vertex 9.93728 -1.58278 2
    endloop
  endfacet
  facet normal 0 0 1
    outer loop
      vertex 2.06272 -1.58278 2
      vertex 9.93728 -1.58278 2
      vertex 2.25167 -1.3 2
    endloop
  endfacet
  facet normal 0 0 1
    outer loop
      vertex 9.93728 -1.58278 2
      vertex 2.06272 -1.58278 2
      vertex 10.1615 -1.83848 2
    endloop
  endfacet
  facet normal 0 0 1
    outer loop
      vertex 1.83848 -1.83848 2
      vertex 10.1615 -1.83848 2
      vertex 2.06272 -1.58278 2
    endloop
  endfacet
  facet normal 0 0 1
    outer loop
      vertex 10.1615 -1.83848 2
      vertex 1.83848 -1.83848 2
      vertex 10.4172 -2.06272 2
    endloop
  endfacet
  facet normal 0 0 1
    outer loop
      vertex 1.58278 -2.06272 2
      vertex 10.4172 -2.06272 2
      vertex 1.83848 -1.83848 2
    endloop
  endfacet
  facet normal 0 0 1
    outer loop
      vertex 10.4172 -2.06272 2
      vertex 1.58278 -2.06272 2
      vertex 10.7 -2.25167 2
    endloop
  endfacet
  facet normal 0 0 1
    outer loop
      vertex 1.3 -2.25167 2
      vertex 10.7 -2.25167 2
      vertex 1.58278 -2.06272 2
    endloop
  endfacet
  facet normal 0 0 1
    outer loop
      vertex 10.7 -2.25167 2
      vertex 1.3 -2.25167 2
      vertex 11.005 -2.40209 2
    endloop
  endfacet
  facet normal 0 0 1
    outer loop
      vertex 0.994976 -2.40209 2
      vertex 11.005 -2.40209 2
      vertex 1.3 -2.25167 2
    endloop
  endfacet
  facet normal 0 0 1
    outer loop
      vertex 0.672929 -2.51141 2
      vertex 11.005 -2.40209 2
      vertex 0.994976 -2.40209 2
    endloop
  endfacet
  facet normal 0 0 1
    outer loop
      vertex 11.3271 -2.51141 2
      vertex 0.672929 -2.51141 2
      vertex 0.339368 -2.57776 2
    endloop
  endfacet
  facet normal 0 0 1
    outer loop
      vertex 11.6606 -2.57776 2
      vertex 0.339368 -2.57776 2
      vertex 29.5 -11 2
    endloop
  endfacet
  facet normal -0 0 1
    outer loop
      vertex 0 -2.6 2
      vertex 29.5 -11 2
      vertex 0.339368 -2.57776 2
    endloop
  endfacet
  facet normal 0 0 1
    outer loop
      vertex -29.5 -11 2
      vertex 0 -2.6 2
      vertex -0.339368 -2.57776 2
    endloop
  endfacet
  facet normal 0 0 1
    outer loop
      vertex -11.6606 -2.57776 2
      vertex -0.339368 -2.57776 2
      vertex -0.672929 -2.51141 2
    endloop
  endfacet
  facet normal -0 0 1
    outer loop
      vertex -9.4 0 2
      vertex -2.57776 -0.339368 2
      vertex -2.6 0 2
    endloop
  endfacet
  facet normal 0 0 1
    outer loop
      vertex -9.42224 -0.339368 2
      vertex -2.57776 -0.339368 2
      vertex -9.4 0 2
    endloop
  endfacet
  facet normal 0 0 1
    outer loop
      vertex -2.57776 -0.339368 2
      vertex -9.42224 -0.339368 2
      vertex -2.51141 -0.672929 2
    endloop
  endfacet
  facet normal 0 0 1
    outer loop
      vertex -9.48859 -0.672929 2
      vertex -2.51141 -0.672929 2
      vertex -9.42224 -0.339368 2
    endloop
  endfacet
  facet normal 0 0 1
    outer loop
      vertex -2.51141 -0.672929 2
      vertex -9.48859 -0.672929 2
      vertex -2.40209 -0.994976 2
    endloop
  endfacet
  facet normal 0 0 1
    outer loop
      vertex -9.59791 -0.994976 2
      vertex -2.40209 -0.994976 2
      vertex -9.48859 -0.672929 2
    endloop
  endfacet
  facet normal 0 0 1
    outer loop
      vertex -2.40209 -0.994976 2
      vertex -9.59791 -0.994976 2
      vertex -2.25167 -1.3 2
    endloop
  endfacet
  facet normal 0 0 1
    outer loop
      vertex -9.74833 -1.3 2
      vertex -2.25167 -1.3 2
      vertex -9.59791 -0.994976 2
    endloop
  endfacet
  facet normal 0 0 1
    outer loop
      vertex -2.25167 -1.3 2
      vertex -9.74833 -1.3 2
      vertex -2.06272 -1.58278 2
    endloop
  endfacet
  facet normal 0 0 1
    outer loop
      vertex -9.93728 -1.58278 2
      vertex -2.06272 -1.58278 2
      vertex -9.74833 -1.3 2
    endloop
  endfacet
  facet normal 0 0 1
    outer loop
      vertex -2.06272 -1.58278 2
      vertex -9.93728 -1.58278 2
      vertex -1.83848 -1.83848 2
    endloop
  endfacet
  facet normal 0 0 1
    outer loop
      vertex -10.1615 -1.83848 2
      vertex -1.83848 -1.83848 2
      vertex -9.93728 -1.58278 2
    endloop
  endfacet
  facet normal 0 0 1
    outer loop
      vertex -1.83848 -1.83848 2
      vertex -10.1615 -1.83848 2
      vertex -1.58278 -2.06272 2
    endloop
  endfacet
  facet normal 0 0 1
    outer loop
      vertex -10.4172 -2.06272 2
      vertex -1.58278 -2.06272 2
      vertex -10.1615 -1.83848 2
    endloop
  endfacet
  facet normal 0 0 1
    outer loop
      vertex -1.58278 -2.06272 2
      vertex -10.4172 -2.06272 2
      vertex -1.3 -2.25167 2
    endloop
  endfacet
  facet normal 0 0 1
    outer loop
      vertex -10.7 -2.25167 2
      vertex -1.3 -2.25167 2
      vertex -10.4172 -2.06272 2
    endloop
  endfacet
  facet normal 0 0 1
    outer loop
      vertex -1.3 -2.25167 2
      vertex -10.7 -2.25167 2
      vertex -0.994976 -2.40209 2
    endloop
  endfacet
  facet normal 0 0 1
    outer loop
      vertex -11.005 -2.40209 2
      vertex -0.994976 -2.40209 2
      vertex -10.7 -2.25167 2
    endloop
  endfacet
  facet normal 0 0 1
    outer loop
      vertex -0.994976 -2.40209 2
      vertex -11.005 -2.40209 2
      vertex -0.672929 -2.51141 2
    endloop
  endfacet
  facet normal 0 0 1
    outer loop
      vertex -11.3271 -2.51141 2
      vertex -0.672929 -2.51141 2
      vertex -11.005 -2.40209 2
    endloop
  endfacet
  facet normal 0 0 1
    outer loop
      vertex -11.6606 -2.57776 2
      vertex -0.672929 -2.51141 2
      vertex -11.3271 -2.51141 2
    endloop
  endfacet
  facet normal 0 0 1
    outer loop
      vertex -0.339368 -2.57776 2
      vertex -11.6606 -2.57776 2
      vertex -29.5 -11 2
    endloop
  endfacet
  facet normal 0 0 1
    outer loop
      vertex -29.5 -11 2
      vertex -11.6606 -2.57776 2
      vertex -12 -2.6 2
    endloop
  endfacet
  facet normal 0 0 1
    outer loop
      vertex -29.5 -11 2
      vertex -12 -2.6 2
      vertex -12.3394 -2.57776 2
    endloop
  endfacet
  facet normal 0 0 1
    outer loop
      vertex -29.5 -11 2
      vertex -12.3394 -2.57776 2
      vertex -12.6729 -2.51141 2
    endloop
  endfacet
  facet normal -0 0 1
    outer loop
      vertex -21.4 0 2
      vertex -14.5778 -0.339368 2
      vertex -14.6 0 2
    endloop
  endfacet
  facet normal 0 0 1
    outer loop
      vertex -21.4222 -0.339368 2
      vertex -14.5778 -0.339368 2
      vertex -21.4 0 2
    endloop
  endfacet
  facet normal 0 0 1
    outer loop
      vertex -14.5778 -0.339368 2
      vertex -21.4222 -0.339368 2
      vertex -14.5114 -0.672929 2
    endloop
  endfacet
  facet normal 0 0 1
    outer loop
      vertex -21.4886 -0.672929 2
      vertex -14.5114 -0.672929 2
      vertex -21.4222 -0.339368 2
    endloop
  endfacet
  facet normal 0 0 1
    outer loop
      vertex -14.5114 -0.672929 2
      vertex -21.4886 -0.672929 2
      vertex -14.4021 -0.994976 2
    endloop
  endfacet
  facet normal 0 0 1
    outer loop
      vertex -21.5979 -0.994976 2
      vertex -14.4021 -0.994976 2
      vertex -21.4886 -0.672929 2
    endloop
  endfacet
  facet normal 0 0 1
    outer loop
      vertex -14.4021 -0.994976 2
      vertex -21.5979 -0.994976 2
      vertex -14.2517 -1.3 2
    endloop
  endfacet
  facet normal 0 0 1
    outer loop
      vertex -21.7483 -1.3 2
      vertex -14.2517 -1.3 2
      vertex -21.5979 -0.994976 2
    endloop
  endfacet
  facet normal 0 0 1
    outer loop
      vertex -14.2517 -1.3 2
      vertex -21.7483 -1.3 2
      vertex -14.0627 -1.58278 2
    endloop
  endfacet
  facet normal 0 0 1
    outer loop
      vertex -21.9373 -1.58278 2
      vertex -14.0627 -1.58278 2
      vertex -21.7483 -1.3 2
    endloop
  endfacet
  facet normal 0 0 1
    outer loop
      vertex -14.0627 -1.58278 2
      vertex -21.9373 -1.58278 2
      vertex -13.8385 -1.83848 2
    endloop
  endfacet
  facet normal 0 0 1
    outer loop
      vertex -22.1615 -1.83848 2
      vertex -13.8385 -1.83848 2
      vertex -21.9373 -1.58278 2
    endloop
  endfacet
  facet normal 0 0 1
    outer loop
      vertex -13.8385 -1.83848 2
      vertex -22.1615 -1.83848 2
      vertex -13.5828 -2.06272 2
    endloop
  endfacet
  facet normal 0 0 1
    outer loop
      vertex -22.4172 -2.06272 2
      vertex -13.5828 -2.06272 2
      vertex -22.1615 -1.83848 2
    endloop
  endfacet
  facet normal 0 0 1
    outer loop
      vertex -13.5828 -2.06272 2
      vertex -22.4172 -2.06272 2
      vertex -13.3 -2.25167 2
    endloop
  endfacet
  facet normal 0 0 1
    outer loop
      vertex -22.7 -2.25167 2
      vertex -13.3 -2.25167 2
      vertex -22.4172 -2.06272 2
    endloop
  endfacet
  facet normal 0 0 1
    outer loop
      vertex -13.3 -2.25167 2
      vertex -22.7 -2.25167 2
      vertex -12.995 -2.40209 2
    endloop
  endfacet
  facet normal 0 0 1
    outer loop
      vertex -23.005 -2.40209 2
      vertex -12.995 -2.40209 2
      vertex -22.7 -2.25167 2
    endloop
  endfacet
  facet normal 0 0 1
    outer loop
      vertex -29.5 -11 2
      vertex -12.995 -2.40209 2
      vertex -23.005 -2.40209 2
    endloop
  endfacet
  facet normal 0 0 1
    outer loop
      vertex -12.995 -2.40209 2
      vertex -29.5 -11 2
      vertex -12.6729 -2.51141 2
    endloop
  endfacet
  facet normal 0 0 1
    outer loop
      vertex -29.5 -11 2
      vertex -23.005 -2.40209 2
      vertex -23.3271 -2.51141 2
    endloop
  endfacet
  facet normal 0 0 1
    outer loop
      vertex -29.5 -11 2
      vertex -23.3271 -2.51141 2
      vertex -23.6606 -2.57776 2
    endloop
  endfacet
  facet normal 0 0 1
    outer loop
      vertex -29.5 -11 2
      vertex -23.6606 -2.57776 2
      vertex -24 -2.6 2
    endloop
  endfacet
  facet normal 0 0 1
    outer loop
      vertex -29.5 -11 2
      vertex -24 -2.6 2
      vertex -24.3394 -2.57776 2
    endloop
  endfacet
  facet normal 0 0 1
    outer loop
      vertex -26.5778 0.339368 2
      vertex -32.5 8 2
      vertex -26.6 0 2
    endloop
  endfacet
  facet normal 0 0 1
    outer loop
      vertex -32.5 -8 2
      vertex -26.6 0 2
      vertex -32.5 8 2
    endloop
  endfacet
  facet normal 0 0 1
    outer loop
      vertex 0 -2.6 2
      vertex -29.5 -11 2
      vertex 29.5 -11 2
    endloop
  endfacet
  facet normal 0 0 1
    outer loop
      vertex -24.6729 -2.51141 2
      vertex -29.5 -11 2
      vertex -24.3394 -2.57776 2
    endloop
  endfacet
  facet normal 0 0 1
    outer loop
      vertex -24.995 -2.40209 2
      vertex -29.5 -11 2
      vertex -24.6729 -2.51141 2
    endloop
  endfacet
  facet normal 0 0 1
    outer loop
      vertex -25.3 -2.25167 2
      vertex -29.5 -11 2
      vertex -24.995 -2.40209 2
    endloop
  endfacet
  facet normal 0 0 1
    outer loop
      vertex -32.5 -8 2
      vertex -25.3 -2.25167 2
      vertex -25.5828 -2.06272 2
    endloop
  endfacet
  facet normal 0 0 1
    outer loop
      vertex -32.5 -8 2
      vertex -25.5828 -2.06272 2
      vertex -25.8385 -1.83848 2
    endloop
  endfacet
  facet normal 0 0 1
    outer loop
      vertex -32.5 -8 2
      vertex -25.8385 -1.83848 2
      vertex -26.0627 -1.58278 2
    endloop
  endfacet
  facet normal 0 0 1
    outer loop
      vertex -32.5 -8 2
      vertex -26.0627 -1.58278 2
      vertex -26.2517 -1.3 2
    endloop
  endfacet
  facet normal 0 0 1
    outer loop
      vertex -32.5 -8 2
      vertex -26.2517 -1.3 2
      vertex -26.4021 -0.994976 2
    endloop
  endfacet
  facet normal 0 0 1
    outer loop
      vertex -32.5 -8 2
      vertex -26.4021 -0.994976 2
      vertex -26.5114 -0.672929 2
    endloop
  endfacet
  facet normal 0 0 1
    outer loop
      vertex -26.6 0 2
      vertex -32.5 -8 2
      vertex -26.5778 -0.339368 2
    endloop
  endfacet
  facet normal 0 0 1
    outer loop
      vertex -32.5 8 2
      vertex -29.5 11 2
      vertex -29.8916 10.9743 2
    endloop
  endfacet
  facet normal 0 0 1
    outer loop
      vertex -26.5778 -0.339368 2
      vertex -32.5 -8 2
      vertex -26.5114 -0.672929 2
    endloop
  endfacet
  facet normal 0 0 1
    outer loop
      vertex -32.5 8 2
      vertex -29.8916 10.9743 2
      vertex -30.2765 10.8978 2
    endloop
  endfacet
  facet normal 0 0 1
    outer loop
      vertex -25.3 -2.25167 2
      vertex -32.5 -8 2
      vertex -29.5 -11 2
    endloop
  endfacet
  facet normal 0 0 1
    outer loop
      vertex -32.5 8 2
      vertex -30.2765 10.8978 2
      vertex -30.6481 10.7716 2
    endloop
  endfacet
  facet normal 0 0 1
    outer loop
      vertex -29.5 -11 2
      vertex -32.5 -8 2
      vertex -29.8916 -10.9743 2
    endloop
  endfacet
  facet normal 0 0 1
    outer loop
      vertex -32.5 8 2
      vertex -30.6481 10.7716 2
      vertex -31 10.5981 2
    endloop
  endfacet
  facet normal 0 0 1
    outer loop
      vertex -29.8916 -10.9743 2
      vertex -32.5 -8 2
      vertex -30.2765 -10.8978 2
    endloop
  endfacet
  facet normal 0 0 1
    outer loop
      vertex -32.5 8 2
      vertex -31 10.5981 2
      vertex -31.3263 10.3801 2
    endloop
  endfacet
  facet normal 0 0 1
    outer loop
      vertex -30.2765 -10.8978 2
      vertex -32.5 -8 2
      vertex -30.6481 -10.7716 2
    endloop
  endfacet
  facet normal 0 0 1
    outer loop
      vertex -32.5 8 2
      vertex -31.3263 10.3801 2
      vertex -31.6213 10.1213 2
    endloop
  endfacet
  facet normal 0 0 1
    outer loop
      vertex -30.6481 -10.7716 2
      vertex -32.5 -8 2
      vertex -31 -10.5981 2
    endloop
  endfacet
  facet normal 0 0 1
    outer loop
      vertex -32.5 8 2
      vertex -31.6213 10.1213 2
      vertex -31.8801 9.82628 2
    endloop
  endfacet
  facet normal 0 0 1
    outer loop
      vertex -31 -10.5981 2
      vertex -32.5 -8 2
      vertex -31.3263 -10.3801 2
    endloop
  endfacet
  facet normal 0 0 1
    outer loop
      vertex -32.5 8 2
      vertex -31.8801 9.82628 2
      vertex -32.0981 9.5 2
    endloop
  endfacet
  facet normal 0 0 1
    outer loop
      vertex -31.3263 -10.3801 2
      vertex -32.5 -8 2
      vertex -31.6213 -10.1213 2
    endloop
  endfacet
  facet normal 0 0 1
    outer loop
      vertex -32.5 8 2
      vertex -32.0981 9.5 2
      vertex -32.2716 9.14806 2
    endloop
  endfacet
  facet normal 0 0 1
    outer loop
      vertex -31.6213 -10.1213 2
      vertex -32.5 -8 2
      vertex -31.8801 -9.82628 2
    endloop
  endfacet
  facet normal 0 0 1
    outer loop
      vertex -32.5 8 2
      vertex -32.2716 9.14806 2
      vertex -32.3978 8.77646 2
    endloop
  endfacet
  facet normal 0 0 1
    outer loop
      vertex -31.8801 -9.82628 2
      vertex -32.5 -8 2
      vertex -32.0981 -9.5 2
    endloop
  endfacet
  facet normal 0 0 1
    outer loop
      vertex -32.5 8 2
      vertex -32.3978 8.77646 2
      vertex -32.4743 8.39157 2
    endloop
  endfacet
  facet normal 0 0 1
    outer loop
      vertex -32.0981 -9.5 2
      vertex -32.5 -8 2
      vertex -32.2716 -9.14806 2
    endloop
  endfacet
  facet normal 0 0 1
    outer loop
      vertex -32.2716 -9.14806 2
      vertex -32.5 -8 2
      vertex -32.3978 -8.77646 2
    endloop
  endfacet
  facet normal 0 0 1
    outer loop
      vertex -32.3978 -8.77646 2
      vertex -32.5 -8 2
      vertex -32.4743 -8.39157 2
    endloop
  endfacet
  facet normal -0.896897 0.442239 0
    outer loop
      vertex -26.4021 0.994976 2
      vertex -26.2517 1.3 5
      vertex -26.2517 1.3 2
    endloop
  endfacet
  facet normal -0.896897 0.442239 0
    outer loop
      vertex -26.2517 1.3 5
      vertex -26.4021 0.994976 2
      vertex -26.4021 0.994976 5
    endloop
  endfacet
  facet normal -0.831398 0.555677 0
    outer loop
      vertex -26.2517 1.3 2
      vertex -26.0627 1.58278 5
      vertex -26.0627 1.58278 2
    endloop
  endfacet
  facet normal -0.831398 0.555677 0
    outer loop
      vertex -26.0627 1.58278 5
      vertex -26.2517 1.3 2
      vertex -26.2517 1.3 5
    endloop
  endfacet
  facet normal -0.555548 -0.831484 0
    outer loop
      vertex -25.5828 -2.06272 2
      vertex -25.3 -2.25167 5
      vertex -25.5828 -2.06272 5
    endloop
  endfacet
  facet normal -0.555548 -0.831484 -0
    outer loop
      vertex -25.3 -2.25167 5
      vertex -25.5828 -2.06272 2
      vertex -25.3 -2.25167 2
    endloop
  endfacet
  facet normal 0 0 1
    outer loop
      vertex -22.8 0 5
      vertex -21.4 0 5
      vertex -21.4222 0.339368 5
    endloop
  endfacet
  facet normal 0 0 1
    outer loop
      vertex -22.8103 0.156631 5
      vertex -21.4222 0.339368 5
      vertex -21.4886 0.672929 5
    endloop
  endfacet
  facet normal 0 0 1
    outer loop
      vertex -21.4 0 5
      vertex -22.8 0 5
      vertex -21.4222 -0.339368 5
    endloop
  endfacet
  facet normal 0 0 1
    outer loop
      vertex -22.8409 0.310582 5
      vertex -21.4886 0.672929 5
      vertex -21.5979 0.994976 5
    endloop
  endfacet
  facet normal -0 0 1
    outer loop
      vertex -22.8103 -0.156631 5
      vertex -21.4222 -0.339368 5
      vertex -22.8 0 5
    endloop
  endfacet
  facet normal 0 0 1
    outer loop
      vertex -22.8913 0.45922 5
      vertex -21.5979 0.994976 5
      vertex -21.7483 1.3 5
    endloop
  endfacet
  facet normal 0 0 1
    outer loop
      vertex -21.4222 -0.339368 5
      vertex -22.8103 -0.156631 5
      vertex -21.4886 -0.672929 5
    endloop
  endfacet
  facet normal 0 0 1
    outer loop
      vertex -22.9608 0.599999 5
      vertex -21.7483 1.3 5
      vertex -21.9373 1.58278 5
    endloop
  endfacet
  facet normal -0 0 1
    outer loop
      vertex -22.8409 -0.310582 5
      vertex -21.4886 -0.672929 5
      vertex -22.8103 -0.156631 5
    endloop
  endfacet
  facet normal 0 0 1
    outer loop
      vertex -23.048 0.730514 5
      vertex -21.9373 1.58278 5
      vertex -22.1615 1.83848 5
    endloop
  endfacet
  facet normal 0 0 1
    outer loop
      vertex -21.4886 -0.672929 5
      vertex -22.8409 -0.310582 5
      vertex -21.5979 -0.994976 5
    endloop
  endfacet
  facet normal 0 0 1
    outer loop
      vertex -23.1515 0.848528 5
      vertex -22.1615 1.83848 5
      vertex -22.4172 2.06272 5
    endloop
  endfacet
  facet normal -0 0 1
    outer loop
      vertex -22.8913 -0.45922 5
      vertex -21.5979 -0.994976 5
      vertex -22.8409 -0.310582 5
    endloop
  endfacet
  facet normal 0 0 1
    outer loop
      vertex -23.2695 0.952024 5
      vertex -22.4172 2.06272 5
      vertex -22.7 2.25167 5
    endloop
  endfacet
  facet normal 0 0 1
    outer loop
      vertex -21.5979 -0.994976 5
      vertex -22.8913 -0.45922 5
      vertex -21.7483 -1.3 5
    endloop
  endfacet
  facet normal -0 0 1
    outer loop
      vertex -22.9608 -0.599999 5
      vertex -21.7483 -1.3 5
      vertex -22.8913 -0.45922 5
    endloop
  endfacet
  facet normal 0 0 1
    outer loop
      vertex -21.4222 0.339368 5
      vertex -22.8103 0.156631 5
      vertex -22.8 0 5
    endloop
  endfacet
  facet normal 0 0 1
    outer loop
      vertex -21.4886 0.672929 5
      vertex -22.8409 0.310582 5
      vertex -22.8103 0.156631 5
    endloop
  endfacet
  facet normal 0 0 1
    outer loop
      vertex -21.5979 0.994976 5
      vertex -22.8913 0.45922 5
      vertex -22.8409 0.310582 5
    endloop
  endfacet
  facet normal 0 0 1
    outer loop
      vertex -21.7483 1.3 5
      vertex -22.9608 0.599999 5
      vertex -22.8913 0.45922 5
    endloop
  endfacet
  facet normal 0 0 1
    outer loop
      vertex -23.4 1.03923 5
      vertex -22.7 2.25167 5
      vertex -23.005 2.40209 5
    endloop
  endfacet
  facet normal 0 0 1
    outer loop
      vertex -21.9373 1.58278 5
      vertex -23.048 0.730514 5
      vertex -22.9608 0.599999 5
    endloop
  endfacet
  facet normal 0 0 1
    outer loop
      vertex -22.1615 1.83848 5
      vertex -23.1515 0.848528 5
      vertex -23.048 0.730514 5
    endloop
  endfacet
  facet normal 0 0 1
    outer loop
      vertex -22.4172 2.06272 5
      vertex -23.2695 0.952024 5
      vertex -23.1515 0.848528 5
    endloop
  endfacet
  facet normal 0 0 1
    outer loop
      vertex -23.5408 1.10865 5
      vertex -23.005 2.40209 5
      vertex -23.3271 2.51141 5
    endloop
  endfacet
  facet normal 0 0 1
    outer loop
      vertex -22.7 2.25167 5
      vertex -23.4 1.03923 5
      vertex -23.2695 0.952024 5
    endloop
  endfacet
  facet normal 0 0 1
    outer loop
      vertex -23.005 2.40209 5
      vertex -23.5408 1.10865 5
      vertex -23.4 1.03923 5
    endloop
  endfacet
  facet normal 0 0 1
    outer loop
      vertex -23.6894 1.15911 5
      vertex -23.3271 2.51141 5
      vertex -23.6606 2.57776 5
    endloop
  endfacet
  facet normal 0 0 1
    outer loop
      vertex -23.3271 2.51141 5
      vertex -23.6894 1.15911 5
      vertex -23.5408 1.10865 5
    endloop
  endfacet
  facet normal 0 0 1
    outer loop
      vertex -23.6606 2.57776 5
      vertex -23.8434 1.18973 5
      vertex -23.6894 1.15911 5
    endloop
  endfacet
  facet normal 0 0 1
    outer loop
      vertex -24 2.6 5
      vertex -23.8434 1.18973 5
      vertex -23.6606 2.57776 5
    endloop
  endfacet
  facet normal 0 0 1
    outer loop
      vertex -24 2.6 5
      vertex -24 1.2 5
      vertex -23.8434 1.18973 5
    endloop
  endfacet
  facet normal 0 0 1
    outer loop
      vertex -24 2.6 5
      vertex -24.1566 1.18973 5
      vertex -24 1.2 5
    endloop
  endfacet
  facet normal -0 0 1
    outer loop
      vertex -24.3394 2.57776 5
      vertex -24.1566 1.18973 5
      vertex -24 2.6 5
    endloop
  endfacet
  facet normal 0 0 1
    outer loop
      vertex -24.1566 1.18973 5
      vertex -24.3394 2.57776 5
      vertex -24.3106 1.15911 5
    endloop
  endfacet
  facet normal -0 0 1
    outer loop
      vertex -24.6729 2.51141 5
      vertex -24.3106 1.15911 5
      vertex -24.3394 2.57776 5
    endloop
  endfacet
  facet normal 0 0 1
    outer loop
      vertex -24.3106 1.15911 5
      vertex -24.6729 2.51141 5
      vertex -24.4592 1.10865 5
    endloop
  endfacet
  facet normal -0 0 1
    outer loop
      vertex -24.995 2.40209 5
      vertex -24.4592 1.10865 5
      vertex -24.6729 2.51141 5
    endloop
  endfacet
  facet normal 0 0 1
    outer loop
      vertex -24.4592 1.10865 5
      vertex -24.995 2.40209 5
      vertex -24.6 1.03923 5
    endloop
  endfacet
  facet normal -0 0 1
    outer loop
      vertex -25.3 2.25167 5
      vertex -24.6 1.03923 5
      vertex -24.995 2.40209 5
    endloop
  endfacet
  facet normal 0 0 1
    outer loop
      vertex -24.6 1.03923 5
      vertex -25.3 2.25167 5
      vertex -24.7305 0.952024 5
    endloop
  endfacet
  facet normal -0 0 1
    outer loop
      vertex -25.5828 2.06272 5
      vertex -24.7305 0.952024 5
      vertex -25.3 2.25167 5
    endloop
  endfacet
  facet normal 0 0 1
    outer loop
      vertex -24.7305 0.952024 5
      vertex -25.5828 2.06272 5
      vertex -24.8485 0.848528 5
    endloop
  endfacet
  facet normal -0 0 1
    outer loop
      vertex -25.8385 1.83848 5
      vertex -24.8485 0.848528 5
      vertex -25.5828 2.06272 5
    endloop
  endfacet
  facet normal 0 0 1
    outer loop
      vertex -24.8485 0.848528 5
      vertex -25.8385 1.83848 5
      vertex -24.952 0.730514 5
    endloop
  endfacet
  facet normal -0 0 1
    outer loop
      vertex -26.0627 1.58278 5
      vertex -24.952 0.730514 5
      vertex -25.8385 1.83848 5
    endloop
  endfacet
  facet normal -0 0 1
    outer loop
      vertex -26.2517 1.3 5
      vertex -25.0392 0.599999 5
      vertex -26.0627 1.58278 5
    endloop
  endfacet
  facet normal 0 0 1
    outer loop
      vertex -24.952 0.730514 5
      vertex -26.0627 1.58278 5
      vertex -25.0392 0.599999 5
    endloop
  endfacet
  facet normal 0 0 1
    outer loop
      vertex -21.7483 -1.3 5
      vertex -22.9608 -0.599999 5
      vertex -21.9373 -1.58278 5
    endloop
  endfacet
  facet normal -0 0 1
    outer loop
      vertex -23.048 -0.730514 5
      vertex -21.9373 -1.58278 5
      vertex -22.9608 -0.599999 5
    endloop
  endfacet
  facet normal 0 0 1
    outer loop
      vertex -21.9373 -1.58278 5
      vertex -23.048 -0.730514 5
      vertex -22.1615 -1.83848 5
    endloop
  endfacet
  facet normal -0 0 1
    outer loop
      vertex -23.1515 -0.848528 5
      vertex -22.1615 -1.83848 5
      vertex -23.048 -0.730514 5
    endloop
  endfacet
  facet normal 0 0 1
    outer loop
      vertex -22.1615 -1.83848 5
      vertex -23.1515 -0.848528 5
      vertex -22.4172 -2.06272 5
    endloop
  endfacet
  facet normal -0 0 1
    outer loop
      vertex -23.2695 -0.952024 5
      vertex -22.4172 -2.06272 5
      vertex -23.1515 -0.848528 5
    endloop
  endfacet
  facet normal 0 0 1
    outer loop
      vertex -22.4172 -2.06272 5
      vertex -23.2695 -0.952024 5
      vertex -22.7 -2.25167 5
    endloop
  endfacet
  facet normal -0 0 1
    outer loop
      vertex -23.4 -1.03923 5
      vertex -22.7 -2.25167 5
      vertex -23.2695 -0.952024 5
    endloop
  endfacet
  facet normal 0 0 1
    outer loop
      vertex -22.7 -2.25167 5
      vertex -23.4 -1.03923 5
      vertex -23.005 -2.40209 5
    endloop
  endfacet
  facet normal -0 0 1
    outer loop
      vertex -23.5408 -1.10865 5
      vertex -23.005 -2.40209 5
      vertex -23.4 -1.03923 5
    endloop
  endfacet
  facet normal 0 0 1
    outer loop
      vertex -23.005 -2.40209 5
      vertex -23.5408 -1.10865 5
      vertex -23.3271 -2.51141 5
    endloop
  endfacet
  facet normal -0 0 1
    outer loop
      vertex -23.6894 -1.15911 5
      vertex -23.3271 -2.51141 5
      vertex -23.5408 -1.10865 5
    endloop
  endfacet
  facet normal 0 0 1
    outer loop
      vertex -23.3271 -2.51141 5
      vertex -23.6894 -1.15911 5
      vertex -23.6606 -2.57776 5
    endloop
  endfacet
  facet normal -0 0 1
    outer loop
      vertex -23.8434 -1.18973 5
      vertex -23.6606 -2.57776 5
      vertex -23.6894 -1.15911 5
    endloop
  endfacet
  facet normal -0 0 1
    outer loop
      vertex -24 -1.2 5
      vertex -23.6606 -2.57776 5
      vertex -23.8434 -1.18973 5
    endloop
  endfacet
  facet normal 0 0 1
    outer loop
      vertex -24 -1.2 5
      vertex -24 -2.6 5
      vertex -23.6606 -2.57776 5
    endloop
  endfacet
  facet normal 0 0 1
    outer loop
      vertex -24.1566 -1.18973 5
      vertex -24 -2.6 5
      vertex -24 -1.2 5
    endloop
  endfacet
  facet normal 0 0 1
    outer loop
      vertex -24.3394 -2.57776 5
      vertex -24.1566 -1.18973 5
      vertex -24.3106 -1.15911 5
    endloop
  endfacet
  facet normal 0 0 1
    outer loop
      vertex -24.1566 -1.18973 5
      vertex -24.3394 -2.57776 5
      vertex -24 -2.6 5
    endloop
  endfacet
  facet normal 0 0 1
    outer loop
      vertex -24.6729 -2.51141 5
      vertex -24.3106 -1.15911 5
      vertex -24.4592 -1.10865 5
    endloop
  endfacet
  facet normal 0 0 1
    outer loop
      vertex -24.995 -2.40209 5
      vertex -24.4592 -1.10865 5
      vertex -24.6 -1.03923 5
    endloop
  endfacet
  facet normal 0 0 1
    outer loop
      vertex -24.3106 -1.15911 5
      vertex -24.6729 -2.51141 5
      vertex -24.3394 -2.57776 5
    endloop
  endfacet
  facet normal 0 0 1
    outer loop
      vertex -25.3 -2.25167 5
      vertex -24.6 -1.03923 5
      vertex -24.7305 -0.952024 5
    endloop
  endfacet
  facet normal 0 0 1
    outer loop
      vertex -25.5828 -2.06272 5
      vertex -24.7305 -0.952024 5
      vertex -24.8485 -0.848528 5
    endloop
  endfacet
  facet normal 0 0 1
    outer loop
      vertex -25.8385 -1.83848 5
      vertex -24.8485 -0.848528 5
      vertex -24.952 -0.730514 5
    endloop
  endfacet
  facet normal 0 0 1
    outer loop
      vertex -24.4592 -1.10865 5
      vertex -24.995 -2.40209 5
      vertex -24.6729 -2.51141 5
    endloop
  endfacet
  facet normal 0 0 1
    outer loop
      vertex -26.0627 -1.58278 5
      vertex -24.952 -0.730514 5
      vertex -25.0392 -0.599999 5
    endloop
  endfacet
  facet normal 0 0 1
    outer loop
      vertex -26.2517 -1.3 5
      vertex -25.0392 -0.599999 5
      vertex -25.1087 -0.45922 5
    endloop
  endfacet
  facet normal 0 0 1
    outer loop
      vertex -26.4021 -0.994976 5
      vertex -25.1087 -0.45922 5
      vertex -25.1591 -0.310582 5
    endloop
  endfacet
  facet normal 0 0 1
    outer loop
      vertex -26.5114 -0.672929 5
      vertex -25.1591 -0.310582 5
      vertex -25.1897 -0.156631 5
    endloop
  endfacet
  facet normal 0 0 1
    outer loop
      vertex -24.6 -1.03923 5
      vertex -25.3 -2.25167 5
      vertex -24.995 -2.40209 5
    endloop
  endfacet
  facet normal 0 0 1
    outer loop
      vertex -26.5778 -0.339368 5
      vertex -25.1897 -0.156631 5
      vertex -25.2 0 5
    endloop
  endfacet
  facet normal 0 0 1
    outer loop
      vertex -25.0392 0.599999 5
      vertex -26.2517 1.3 5
      vertex -25.1087 0.45922 5
    endloop
  endfacet
  facet normal -0 0 1
    outer loop
      vertex -26.4021 0.994976 5
      vertex -25.1087 0.45922 5
      vertex -26.2517 1.3 5
    endloop
  endfacet
  facet normal 0 0 1
    outer loop
      vertex -24.7305 -0.952024 5
      vertex -25.5828 -2.06272 5
      vertex -25.3 -2.25167 5
    endloop
  endfacet
  facet normal 0 0 1
    outer loop
      vertex -25.1087 0.45922 5
      vertex -26.4021 0.994976 5
      vertex -25.1591 0.310582 5
    endloop
  endfacet
  facet normal 0 0 1
    outer loop
      vertex -24.8485 -0.848528 5
      vertex -25.8385 -1.83848 5
      vertex -25.5828 -2.06272 5
    endloop
  endfacet
  facet normal -0 0 1
    outer loop
      vertex -26.5114 0.672929 5
      vertex -25.1591 0.310582 5
      vertex -26.4021 0.994976 5
    endloop
  endfacet
  facet normal 0 0 1
    outer loop
      vertex -24.952 -0.730514 5
      vertex -26.0627 -1.58278 5
      vertex -25.8385 -1.83848 5
    endloop
  endfacet
  facet normal 0 0 1
    outer loop
      vertex -25.1591 0.310582 5
      vertex -26.5114 0.672929 5
      vertex -25.1897 0.156631 5
    endloop
  endfacet
  facet normal 0 0 1
    outer loop
      vertex -25.0392 -0.599999 5
      vertex -26.2517 -1.3 5
      vertex -26.0627 -1.58278 5
    endloop
  endfacet
  facet normal -0 0 1
    outer loop
      vertex -26.5778 0.339368 5
      vertex -25.1897 0.156631 5
      vertex -26.5114 0.672929 5
    endloop
  endfacet
  facet normal 0 0 1
    outer loop
      vertex -25.1087 -0.45922 5
      vertex -26.4021 -0.994976 5
      vertex -26.2517 -1.3 5
    endloop
  endfacet
  facet normal 0 0 1
    outer loop
      vertex -25.1897 0.156631 5
      vertex -26.5778 0.339368 5
      vertex -25.2 0 5
    endloop
  endfacet
  facet normal 0 0 1
    outer loop
      vertex -25.1591 -0.310582 5
      vertex -26.5114 -0.672929 5
      vertex -26.4021 -0.994976 5
    endloop
  endfacet
  facet normal 0 0 1
    outer loop
      vertex -26.6 0 5
      vertex -25.2 0 5
      vertex -26.5778 0.339368 5
    endloop
  endfacet
  facet normal 0 0 1
    outer loop
      vertex -25.1897 -0.156631 5
      vertex -26.5778 -0.339368 5
      vertex -26.5114 -0.672929 5
    endloop
  endfacet
  facet normal 0 0 1
    outer loop
      vertex -25.2 0 5
      vertex -26.6 0 5
      vertex -26.5778 -0.339368 5
    endloop
  endfacet
  facet normal 0.0654405 -0.997856 0
    outer loop
      vertex -24 -1.2 5
      vertex -23.8434 -1.18973 7
      vertex -24 -1.2 7
    endloop
  endfacet
  facet normal 0.0654405 -0.997856 0
    outer loop
      vertex -23.8434 -1.18973 7
      vertex -24 -1.2 5
      vertex -23.8434 -1.18973 5
    endloop
  endfacet
  facet normal 0.980813 0.194951 0
    outer loop
      vertex -22.8103 0.156631 7
      vertex -22.8409 0.310582 5
      vertex -22.8409 0.310582 7
    endloop
  endfacet
  facet normal 0.980813 0.194951 0
    outer loop
      vertex -22.8409 0.310582 5
      vertex -22.8103 0.156631 7
      vertex -22.8103 0.156631 5
    endloop
  endfacet
  facet normal 0.997845 0.0656179 0
    outer loop
      vertex -22.8 0 7
      vertex -22.8103 0.156631 5
      vertex -22.8103 0.156631 7
    endloop
  endfacet
  facet normal 0.997845 0.0656179 0
    outer loop
      vertex -22.8103 0.156631 5
      vertex -22.8 0 7
      vertex -22.8 0 5
    endloop
  endfacet
  facet normal 0.947038 0.321121 0
    outer loop
      vertex -22.8409 0.310582 7
      vertex -22.8913 0.45922 5
      vertex -22.8913 0.45922 7
    endloop
  endfacet
  facet normal 0.947038 0.321121 0
    outer loop
      vertex -22.8913 0.45922 5
      vertex -22.8409 0.310582 7
      vertex -22.8409 0.310582 5
    endloop
  endfacet
  facet normal 0.0654405 0.997856 -0
    outer loop
      vertex -23.8434 1.18973 5
      vertex -24 1.2 7
      vertex -23.8434 1.18973 7
    endloop
  endfacet
  facet normal 0.0654405 0.997856 0
    outer loop
      vertex -24 1.2 7
      vertex -23.8434 1.18973 5
      vertex -24 1.2 5
    endloop
  endfacet
  facet normal -0.659392 -0.751799 0
    outer loop
      vertex -24.8485 -0.848528 5
      vertex -24.7305 -0.952024 7
      vertex -24.8485 -0.848528 7
    endloop
  endfacet
  facet normal -0.659392 -0.751799 -0
    outer loop
      vertex -24.7305 -0.952024 7
      vertex -24.8485 -0.848528 5
      vertex -24.7305 -0.952024 5
    endloop
  endfacet
  facet normal -0.997845 -0.0656179 0
    outer loop
      vertex -25.1897 -0.156631 5
      vertex -25.2 0 7
      vertex -25.2 0 5
    endloop
  endfacet
  facet normal -0.997845 -0.0656179 0
    outer loop
      vertex -25.2 0 7
      vertex -25.1897 -0.156631 5
      vertex -25.1897 -0.156631 7
    endloop
  endfacet
  facet normal -0.659392 0.751799 0
    outer loop
      vertex -24.7305 0.952024 5
      vertex -24.8485 0.848528 7
      vertex -24.7305 0.952024 7
    endloop
  endfacet
  facet normal -0.659392 0.751799 0
    outer loop
      vertex -24.8485 0.848528 7
      vertex -24.7305 0.952024 5
      vertex -24.8485 0.848528 5
    endloop
  endfacet
  facet normal 0.751826 0.659362 0
    outer loop
      vertex -23.048 0.730514 7
      vertex -23.1515 0.848528 5
      vertex -23.1515 0.848528 7
    endloop
  endfacet
  facet normal 0.751826 0.659362 0
    outer loop
      vertex -23.1515 0.848528 5
      vertex -23.048 0.730514 7
      vertex -23.048 0.730514 5
    endloop
  endfacet
  facet normal 0.997845 -0.0656179 0
    outer loop
      vertex -22.8103 -0.156631 7
      vertex -22.8 0 5
      vertex -22.8 0 7
    endloop
  endfacet
  facet normal 0.997845 -0.0656179 0
    outer loop
      vertex -22.8 0 5
      vertex -22.8103 -0.156631 7
      vertex -22.8103 -0.156631 5
    endloop
  endfacet
  facet normal 0.442212 0.89691 -0
    outer loop
      vertex -23.4 1.03923 5
      vertex -23.5408 1.10865 7
      vertex -23.4 1.03923 7
    endloop
  endfacet
  facet normal 0.442212 0.89691 0
    outer loop
      vertex -23.5408 1.10865 7
      vertex -23.4 1.03923 5
      vertex -23.5408 1.10865 5
    endloop
  endfacet
  facet normal 0.896682 -0.442675 0
    outer loop
      vertex -22.9608 -0.599999 7
      vertex -22.8913 -0.45922 5
      vertex -22.8913 -0.45922 7
    endloop
  endfacet
  facet normal 0.896682 -0.442675 0
    outer loop
      vertex -22.8913 -0.45922 5
      vertex -22.9608 -0.599999 7
      vertex -22.9608 -0.599999 5
    endloop
  endfacet
  facet normal -0.321537 -0.946897 0
    outer loop
      vertex -24.4592 -1.10865 5
      vertex -24.3106 -1.15911 7
      vertex -24.4592 -1.10865 7
    endloop
  endfacet
  facet normal -0.321537 -0.946897 -0
    outer loop
      vertex -24.3106 -1.15911 7
      vertex -24.4592 -1.10865 5
      vertex -24.3106 -1.15911 5
    endloop
  endfacet
  facet normal 0.831491 0.555538 0
    outer loop
      vertex -22.9608 0.599999 7
      vertex -23.048 0.730514 5
      vertex -23.048 0.730514 7
    endloop
  endfacet
  facet normal 0.831491 0.555538 0
    outer loop
      vertex -23.048 0.730514 5
      vertex -22.9608 0.599999 7
      vertex -22.9608 0.599999 5
    endloop
  endfacet
  facet normal 0.896682 0.442675 0
    outer loop
      vertex -22.8913 0.45922 7
      vertex -22.9608 0.599999 5
      vertex -22.9608 0.599999 7
    endloop
  endfacet
  facet normal 0.896682 0.442675 0
    outer loop
      vertex -22.9608 0.599999 5
      vertex -22.8913 0.45922 7
      vertex -22.8913 0.45922 5
    endloop
  endfacet
  facet normal -0.831491 -0.555538 0
    outer loop
      vertex -24.952 -0.730514 5
      vertex -25.0392 -0.599999 7
      vertex -25.0392 -0.599999 5
    endloop
  endfacet
  facet normal -0.831491 -0.555538 0
    outer loop
      vertex -25.0392 -0.599999 7
      vertex -24.952 -0.730514 5
      vertex -24.952 -0.730514 7
    endloop
  endfacet
  facet normal 0.442212 -0.89691 0
    outer loop
      vertex -23.5408 -1.10865 5
      vertex -23.4 -1.03923 7
      vertex -23.5408 -1.10865 7
    endloop
  endfacet
  facet normal 0.442212 -0.89691 0
    outer loop
      vertex -23.4 -1.03923 7
      vertex -23.5408 -1.10865 5
      vertex -23.4 -1.03923 5
    endloop
  endfacet
  facet normal -0.442212 0.89691 0
    outer loop
      vertex -24.4592 1.10865 5
      vertex -24.6 1.03923 7
      vertex -24.4592 1.10865 7
    endloop
  endfacet
  facet normal -0.442212 0.89691 0
    outer loop
      vertex -24.6 1.03923 7
      vertex -24.4592 1.10865 5
      vertex -24.6 1.03923 5
    endloop
  endfacet
  facet normal -0.997845 0.0656179 0
    outer loop
      vertex -25.2 0 5
      vertex -25.1897 0.156631 7
      vertex -25.1897 0.156631 5
    endloop
  endfacet
  facet normal -0.997845 0.0656179 0
    outer loop
      vertex -25.1897 0.156631 7
      vertex -25.2 0 5
      vertex -25.2 0 7
    endloop
  endfacet
  facet normal 0.195014 0.980801 -0
    outer loop
      vertex -23.6894 1.15911 5
      vertex -23.8434 1.18973 7
      vertex -23.6894 1.15911 7
    endloop
  endfacet
  facet normal 0.195014 0.980801 0
    outer loop
      vertex -23.8434 1.18973 7
      vertex -23.6894 1.15911 5
      vertex -23.8434 1.18973 5
    endloop
  endfacet
  facet normal -0.751826 0.659362 0
    outer loop
      vertex -24.952 0.730514 5
      vertex -24.8485 0.848528 7
      vertex -24.8485 0.848528 5
    endloop
  endfacet
  facet normal -0.751826 0.659362 0
    outer loop
      vertex -24.8485 0.848528 7
      vertex -24.952 0.730514 5
      vertex -24.952 0.730514 7
    endloop
  endfacet
  facet normal -0.947038 -0.321121 0
    outer loop
      vertex -25.1087 -0.45922 5
      vertex -25.1591 -0.310582 7
      vertex -25.1591 -0.310582 5
    endloop
  endfacet
  facet normal -0.947038 -0.321121 0
    outer loop
      vertex -25.1591 -0.310582 7
      vertex -25.1087 -0.45922 5
      vertex -25.1087 -0.45922 7
    endloop
  endfacet
  facet normal 0.947038 -0.321121 0
    outer loop
      vertex -22.8913 -0.45922 7
      vertex -22.8409 -0.310582 5
      vertex -22.8409 -0.310582 7
    endloop
  endfacet
  facet normal 0.947038 -0.321121 0
    outer loop
      vertex -22.8409 -0.310582 5
      vertex -22.8913 -0.45922 7
      vertex -22.8913 -0.45922 5
    endloop
  endfacet
  facet normal -0.980813 0.194951 0
    outer loop
      vertex -25.1897 0.156631 5
      vertex -25.1591 0.310582 7
      vertex -25.1591 0.310582 5
    endloop
  endfacet
  facet normal -0.980813 0.194951 0
    outer loop
      vertex -25.1591 0.310582 7
      vertex -25.1897 0.156631 5
      vertex -25.1897 0.156631 7
    endloop
  endfacet
  facet normal -0.442212 -0.89691 0
    outer loop
      vertex -24.6 -1.03923 5
      vertex -24.4592 -1.10865 7
      vertex -24.6 -1.03923 7
    endloop
  endfacet
  facet normal -0.442212 -0.89691 -0
    outer loop
      vertex -24.4592 -1.10865 7
      vertex -24.6 -1.03923 5
      vertex -24.4592 -1.10865 5
    endloop
  endfacet
  facet normal -0.555608 0.831444 0
    outer loop
      vertex -24.6 1.03923 5
      vertex -24.7305 0.952024 7
      vertex -24.6 1.03923 7
    endloop
  endfacet
  facet normal -0.555608 0.831444 0
    outer loop
      vertex -24.7305 0.952024 7
      vertex -24.6 1.03923 5
      vertex -24.7305 0.952024 5
    endloop
  endfacet
  facet normal 0.659392 -0.751799 0
    outer loop
      vertex -23.2695 -0.952024 5
      vertex -23.1515 -0.848528 7
      vertex -23.2695 -0.952024 7
    endloop
  endfacet
  facet normal 0.659392 -0.751799 0
    outer loop
      vertex -23.1515 -0.848528 7
      vertex -23.2695 -0.952024 5
      vertex -23.1515 -0.848528 5
    endloop
  endfacet
  facet normal -0.321537 0.946897 0
    outer loop
      vertex -24.3106 1.15911 5
      vertex -24.4592 1.10865 7
      vertex -24.3106 1.15911 7
    endloop
  endfacet
  facet normal -0.321537 0.946897 0
    outer loop
      vertex -24.4592 1.10865 7
      vertex -24.3106 1.15911 5
      vertex -24.4592 1.10865 5
    endloop
  endfacet
  facet normal 0.831491 -0.555538 0
    outer loop
      vertex -23.048 -0.730514 7
      vertex -22.9608 -0.599999 5
      vertex -22.9608 -0.599999 7
    endloop
  endfacet
  facet normal 0.831491 -0.555538 0
    outer loop
      vertex -22.9608 -0.599999 5
      vertex -23.048 -0.730514 7
      vertex -23.048 -0.730514 5
    endloop
  endfacet
  facet normal 0.555608 -0.831444 0
    outer loop
      vertex -23.4 -1.03923 5
      vertex -23.2695 -0.952024 7
      vertex -23.4 -1.03923 7
    endloop
  endfacet
  facet normal 0.555608 -0.831444 0
    outer loop
      vertex -23.2695 -0.952024 7
      vertex -23.4 -1.03923 5
      vertex -23.2695 -0.952024 5
    endloop
  endfacet
  facet normal 0.751826 -0.659362 0
    outer loop
      vertex -23.1515 -0.848528 7
      vertex -23.048 -0.730514 5
      vertex -23.048 -0.730514 7
    endloop
  endfacet
  facet normal 0.751826 -0.659362 0
    outer loop
      vertex -23.048 -0.730514 5
      vertex -23.1515 -0.848528 7
      vertex -23.1515 -0.848528 5
    endloop
  endfacet
  facet normal 0.980813 -0.194951 0
    outer loop
      vertex -22.8409 -0.310582 7
      vertex -22.8103 -0.156631 5
      vertex -22.8103 -0.156631 7
    endloop
  endfacet
  facet normal 0.980813 -0.194951 0
    outer loop
      vertex -22.8103 -0.156631 5
      vertex -22.8409 -0.310582 7
      vertex -22.8409 -0.310582 5
    endloop
  endfacet
  facet normal -0.0654405 0.997856 0
    outer loop
      vertex -24 1.2 5
      vertex -24.1566 1.18973 7
      vertex -24 1.2 7
    endloop
  endfacet
  facet normal -0.0654405 0.997856 0
    outer loop
      vertex -24.1566 1.18973 7
      vertex -24 1.2 5
      vertex -24.1566 1.18973 5
    endloop
  endfacet
  facet normal -0.896682 -0.442675 0
    outer loop
      vertex -25.0392 -0.599999 5
      vertex -25.1087 -0.45922 7
      vertex -25.1087 -0.45922 5
    endloop
  endfacet
  facet normal -0.896682 -0.442675 0
    outer loop
      vertex -25.1087 -0.45922 7
      vertex -25.0392 -0.599999 5
      vertex -25.0392 -0.599999 7
    endloop
  endfacet
  facet normal -0.555608 -0.831444 0
    outer loop
      vertex -24.7305 -0.952024 5
      vertex -24.6 -1.03923 7
      vertex -24.7305 -0.952024 7
    endloop
  endfacet
  facet normal -0.555608 -0.831444 -0
    outer loop
      vertex -24.6 -1.03923 7
      vertex -24.7305 -0.952024 5
      vertex -24.6 -1.03923 5
    endloop
  endfacet
  facet normal -0.896682 0.442675 0
    outer loop
      vertex -25.1087 0.45922 5
      vertex -25.0392 0.599999 7
      vertex -25.0392 0.599999 5
    endloop
  endfacet
  facet normal -0.896682 0.442675 0
    outer loop
      vertex -25.0392 0.599999 7
      vertex -25.1087 0.45922 5
      vertex -25.1087 0.45922 7
    endloop
  endfacet
  facet normal 0.555608 0.831444 -0
    outer loop
      vertex -23.2695 0.952024 5
      vertex -23.4 1.03923 7
      vertex -23.2695 0.952024 7
    endloop
  endfacet
  facet normal 0.555608 0.831444 0
    outer loop
      vertex -23.4 1.03923 7
      vertex -23.2695 0.952024 5
      vertex -23.4 1.03923 5
    endloop
  endfacet
  facet normal -0.980813 -0.194951 0
    outer loop
      vertex -25.1591 -0.310582 5
      vertex -25.1897 -0.156631 7
      vertex -25.1897 -0.156631 5
    endloop
  endfacet
  facet normal -0.980813 -0.194951 0
    outer loop
      vertex -25.1897 -0.156631 7
      vertex -25.1591 -0.310582 5
      vertex -25.1591 -0.310582 7
    endloop
  endfacet
  facet normal 0.321537 -0.946897 0
    outer loop
      vertex -23.6894 -1.15911 5
      vertex -23.5408 -1.10865 7
      vertex -23.6894 -1.15911 7
    endloop
  endfacet
  facet normal 0.321537 -0.946897 0
    outer loop
      vertex -23.5408 -1.10865 7
      vertex -23.6894 -1.15911 5
      vertex -23.5408 -1.10865 5
    endloop
  endfacet
  facet normal 0.659392 0.751799 -0
    outer loop
      vertex -23.1515 0.848528 5
      vertex -23.2695 0.952024 7
      vertex -23.1515 0.848528 7
    endloop
  endfacet
  facet normal 0.659392 0.751799 0
    outer loop
      vertex -23.2695 0.952024 7
      vertex -23.1515 0.848528 5
      vertex -23.2695 0.952024 5
    endloop
  endfacet
  facet normal 0.195014 -0.980801 0
    outer loop
      vertex -23.8434 -1.18973 5
      vertex -23.6894 -1.15911 7
      vertex -23.8434 -1.18973 7
    endloop
  endfacet
  facet normal 0.195014 -0.980801 0
    outer loop
      vertex -23.6894 -1.15911 7
      vertex -23.8434 -1.18973 5
      vertex -23.6894 -1.15911 5
    endloop
  endfacet
  facet normal -0.947038 0.321121 0
    outer loop
      vertex -25.1591 0.310582 5
      vertex -25.1087 0.45922 7
      vertex -25.1087 0.45922 5
    endloop
  endfacet
  facet normal -0.947038 0.321121 0
    outer loop
      vertex -25.1087 0.45922 7
      vertex -25.1591 0.310582 5
      vertex -25.1591 0.310582 7
    endloop
  endfacet
  facet normal -0.195014 0.980801 0
    outer loop
      vertex -24.1566 1.18973 5
      vertex -24.3106 1.15911 7
      vertex -24.1566 1.18973 7
    endloop
  endfacet
  facet normal -0.195014 0.980801 0
    outer loop
      vertex -24.3106 1.15911 7
      vertex -24.1566 1.18973 5
      vertex -24.3106 1.15911 5
    endloop
  endfacet
  facet normal -0.0654405 -0.997856 0
    outer loop
      vertex -24.1566 -1.18973 5
      vertex -24 -1.2 7
      vertex -24.1566 -1.18973 7
    endloop
  endfacet
  facet normal -0.0654405 -0.997856 -0
    outer loop
      vertex -24 -1.2 7
      vertex -24.1566 -1.18973 5
      vertex -24 -1.2 5
    endloop
  endfacet
  facet normal -0.751826 -0.659362 0
    outer loop
      vertex -24.8485 -0.848528 5
      vertex -24.952 -0.730514 7
      vertex -24.952 -0.730514 5
    endloop
  endfacet
  facet normal -0.751826 -0.659362 0
    outer loop
      vertex -24.952 -0.730514 7
      vertex -24.8485 -0.848528 5
      vertex -24.8485 -0.848528 7
    endloop
  endfacet
  facet normal -0.195014 -0.980801 0
    outer loop
      vertex -24.3106 -1.15911 5
      vertex -24.1566 -1.18973 7
      vertex -24.3106 -1.15911 7
    endloop
  endfacet
  facet normal -0.195014 -0.980801 -0
    outer loop
      vertex -24.1566 -1.18973 7
      vertex -24.3106 -1.15911 5
      vertex -24.1566 -1.18973 5
    endloop
  endfacet
  facet normal 0.321537 0.946897 -0
    outer loop
      vertex -23.5408 1.10865 5
      vertex -23.6894 1.15911 7
      vertex -23.5408 1.10865 7
    endloop
  endfacet
  facet normal 0.321537 0.946897 0
    outer loop
      vertex -23.6894 1.15911 7
      vertex -23.5408 1.10865 5
      vertex -23.6894 1.15911 5
    endloop
  endfacet
  facet normal -0.831491 0.555538 0
    outer loop
      vertex -25.0392 0.599999 5
      vertex -24.952 0.730514 7
      vertex -24.952 0.730514 5
    endloop
  endfacet
  facet normal -0.831491 0.555538 0
    outer loop
      vertex -24.952 0.730514 7
      vertex -25.0392 0.599999 5
      vertex -25.0392 0.599999 7
    endloop
  endfacet
  facet normal 0.934559 0.0614563 0.35046
    outer loop
      vertex -22.8103 0.156631 7
      vertex -23.1 0 7.8
      vertex -22.8 0 7
    endloop
  endfacet
  facet normal 0.61758 0.704119 0.350444
    outer loop
      vertex -23.1515 0.848528 7
      vertex -23.4521 0.714018 7.8
      vertex -23.3636 0.636395 7.8
    endloop
  endfacet
  facet normal -0.301145 0.886843 0.35046
    outer loop
      vertex -24.3106 1.15911 7
      vertex -24.4592 1.10865 7
      vertex -24.3444 0.831491 7.8
    endloop
  endfacet
  facet normal -0.918599 0.182585 0.350483
    outer loop
      vertex -25.1591 0.310582 7
      vertex -25.1897 0.156631 7
      vertex -24.8693 0.232937 7.8
    endloop
  endfacet
  facet normal 0.414185 0.840016 0.350462
    outer loop
      vertex -23.4 1.03923 7
      vertex -23.6556 0.831491 7.8
      vertex -23.55 0.779423 7.8
    endloop
  endfacet
  facet normal 0.61758 -0.704119 0.350444
    outer loop
      vertex -23.3636 -0.636395 7.8
      vertex -23.4521 -0.714018 7.8
      vertex -23.1515 -0.848528 7
    endloop
  endfacet
  facet normal -0.934559 0.0614563 0.35046
    outer loop
      vertex -25.1897 0.156631 7
      vertex -25.2 0 7
      vertex -24.9 0 7.8
    endloop
  endfacet
  facet normal 0.778757 0.520305 0.350458
    outer loop
      vertex -23.048 0.730514 7
      vertex -23.2206 0.45 7.8
      vertex -22.9608 0.599999 7
    endloop
  endfacet
  facet normal 0.778757 -0.520305 0.350458
    outer loop
      vertex -22.9608 -0.599999 7
      vertex -23.2206 -0.45 7.8
      vertex -23.048 -0.730514 7
    endloop
  endfacet
  facet normal 0.886963 -0.300751 0.350492
    outer loop
      vertex -22.8409 -0.310582 7
      vertex -23.1685 -0.344415 7.8
      vertex -22.8913 -0.45922 7
    endloop
  endfacet
  facet normal -0.52037 -0.778711 0.350463
    outer loop
      vertex -24.45 -0.779423 7.8
      vertex -24.7305 -0.952024 7
      vertex -24.6 -1.03923 7
    endloop
  endfacet
  facet normal 0.414166 -0.840027 0.350459
    outer loop
      vertex -23.4 -1.03923 7
      vertex -23.6556 -0.831491 7.8
      vertex -23.5408 -1.10865 7
    endloop
  endfacet
  facet normal 0.0612445 0.934574 0.350456
    outer loop
      vertex -23.8434 1.18973 7
      vertex -24 0.9 7.8
      vertex -23.8825 0.8923 7.8
    endloop
  endfacet
  facet normal -0.0612445 0.934574 0.350456
    outer loop
      vertex -24 0.9 7.8
      vertex -24.1566 1.18973 7
      vertex -24.1175 0.8923 7.8
    endloop
  endfacet
  facet normal 0.182822 -0.918566 0.350447
    outer loop
      vertex -23.7671 -0.869332 7.8
      vertex -23.8825 -0.8923 7.8
      vertex -23.8434 -1.18973 7
    endloop
  endfacet
  facet normal -0.182644 -0.918591 0.350474
    outer loop
      vertex -24.2329 -0.869332 7.8
      vertex -24.3106 -1.15911 7
      vertex -24.1566 -1.18973 7
    endloop
  endfacet
  facet normal 0.0612901 -0.934569 0.350463
    outer loop
      vertex -24 -0.9 7.8
      vertex -24 -1.2 7
      vertex -23.8434 -1.18973 7
    endloop
  endfacet
  facet normal -0.778757 -0.520305 0.350458
    outer loop
      vertex -24.7794 -0.45 7.8
      vertex -25.0392 -0.599999 7
      vertex -24.952 -0.730514 7
    endloop
  endfacet
  facet normal 0.704143 0.617544 0.350459
    outer loop
      vertex -23.1515 0.848528 7
      vertex -23.286 0.547885 7.8
      vertex -23.048 0.730514 7
    endloop
  endfacet
  facet normal 0.0612901 0.934569 0.350463
    outer loop
      vertex -24 1.2 7
      vertex -24 0.9 7.8
      vertex -23.8434 1.18973 7
    endloop
  endfacet
  facet normal -0.839803 -0.414595 0.350489
    outer loop
      vertex -24.8315 -0.344415 7.8
      vertex -25.1087 -0.45922 7
      vertex -25.0392 -0.599999 7
    endloop
  endfacet
  facet normal 0.934559 -0.0614563 0.35046
    outer loop
      vertex -22.8 0 7
      vertex -23.1 0 7.8
      vertex -22.8103 -0.156631 7
    endloop
  endfacet
  facet normal -0.414185 -0.840016 0.350462
    outer loop
      vertex -24.45 -0.779423 7.8
      vertex -24.6 -1.03923 7
      vertex -24.3444 -0.831491 7.8
    endloop
  endfacet
  facet normal -0.918599 -0.182585 0.350483
    outer loop
      vertex -24.8693 -0.232937 7.8
      vertex -25.1897 -0.156631 7
      vertex -25.1591 -0.310582 7
    endloop
  endfacet
  facet normal 0.839803 0.414595 0.350489
    outer loop
      vertex -22.9608 0.599999 7
      vertex -23.1685 0.344415 7.8
      vertex -22.8913 0.45922 7
    endloop
  endfacet
  facet normal -0.886963 -0.300752 0.350492
    outer loop
      vertex -24.8693 -0.232937 7.8
      vertex -25.1591 -0.310582 7
      vertex -24.8315 -0.344415 7.8
    endloop
  endfacet
  facet normal -0.182822 -0.918566 0.350447
    outer loop
      vertex -24.1175 -0.8923 7.8
      vertex -24.2329 -0.869332 7.8
      vertex -24.1566 -1.18973 7
    endloop
  endfacet
  facet normal 0.839892 -0.414437 0.350461
    outer loop
      vertex -23.1685 -0.344415 7.8
      vertex -23.2206 -0.45 7.8
      vertex -22.9608 -0.599999 7
    endloop
  endfacet
  facet normal 0.520284 0.778776 0.350446
    outer loop
      vertex -23.2695 0.952024 7
      vertex -23.55 0.779423 7.8
      vertex -23.4521 0.714018 7.8
    endloop
  endfacet
  facet normal 0.704143 -0.617544 0.350459
    outer loop
      vertex -23.048 -0.730514 7
      vertex -23.286 -0.547885 7.8
      vertex -23.1515 -0.848528 7
    endloop
  endfacet
  facet normal -0.839803 0.414595 0.350489
    outer loop
      vertex -25.0392 0.599999 7
      vertex -25.1087 0.45922 7
      vertex -24.8315 0.344415 7.8
    endloop
  endfacet
  facet normal 0.414166 0.840027 0.350459
    outer loop
      vertex -23.5408 1.10865 7
      vertex -23.6556 0.831491 7.8
      vertex -23.4 1.03923 7
    endloop
  endfacet
  facet normal -0.934583 0.0612591 0.35043
    outer loop
      vertex -24.8923 0.117473 7.8
      vertex -25.1897 0.156631 7
      vertex -24.9 0 7.8
    endloop
  endfacet
  facet normal -0.934583 -0.0612591 0.35043
    outer loop
      vertex -24.9 0 7.8
      vertex -25.1897 -0.156631 7
      vertex -24.8923 -0.117473 7.8
    endloop
  endfacet
  facet normal -0.617576 -0.704123 0.350444
    outer loop
      vertex -24.5479 -0.714018 7.8
      vertex -24.8485 -0.848528 7
      vertex -24.7305 -0.952024 7
    endloop
  endfacet
  facet normal -0.918545 -0.182971 0.350425
    outer loop
      vertex -24.8923 -0.117473 7.8
      vertex -25.1897 -0.156631 7
      vertex -24.8693 -0.232937 7.8
    endloop
  endfacet
  facet normal 0.300992 0.886885 0.350484
    outer loop
      vertex -23.6894 1.15911 7
      vertex -23.7671 0.869332 7.8
      vertex -23.6556 0.831491 7.8
    endloop
  endfacet
  facet normal 0.918599 -0.182585 0.350483
    outer loop
      vertex -22.8103 -0.156631 7
      vertex -23.1307 -0.232937 7.8
      vertex -22.8409 -0.310582 7
    endloop
  endfacet
  facet normal -0.61758 0.704119 0.350444
    outer loop
      vertex -24.5479 0.714018 7.8
      vertex -24.8485 0.848528 7
      vertex -24.6364 0.636395 7.8
    endloop
  endfacet
  facet normal 0.617576 0.704123 0.350444
    outer loop
      vertex -23.2695 0.952024 7
      vertex -23.4521 0.714018 7.8
      vertex -23.1515 0.848528 7
    endloop
  endfacet
  facet normal 0.0612445 -0.934574 0.350456
    outer loop
      vertex -23.8825 -0.8923 7.8
      vertex -24 -0.9 7.8
      vertex -23.8434 -1.18973 7
    endloop
  endfacet
  facet normal 0.182644 0.918591 0.350474
    outer loop
      vertex -23.6894 1.15911 7
      vertex -23.8434 1.18973 7
      vertex -23.7671 0.869332 7.8
    endloop
  endfacet
  facet normal -0.520284 -0.778776 0.350446
    outer loop
      vertex -24.5479 -0.714018 7.8
      vertex -24.7305 -0.952024 7
      vertex -24.45 -0.779423 7.8
    endloop
  endfacet
  facet normal -0.300992 -0.886885 0.350484
    outer loop
      vertex -24.2329 -0.869332 7.8
      vertex -24.3444 -0.831491 7.8
      vertex -24.3106 -1.15911 7
    endloop
  endfacet
  facet normal 0.918599 0.182585 0.350483
    outer loop
      vertex -22.8409 0.310582 7
      vertex -23.1307 0.232937 7.8
      vertex -22.8103 0.156631 7
    endloop
  endfacet
  facet normal -0.778757 0.520305 0.350458
    outer loop
      vertex -24.952 0.730514 7
      vertex -25.0392 0.599999 7
      vertex -24.7794 0.45 7.8
    endloop
  endfacet
  facet normal 0.182644 -0.918591 0.350474
    outer loop
      vertex -23.7671 -0.869332 7.8
      vertex -23.8434 -1.18973 7
      vertex -23.6894 -1.15911 7
    endloop
  endfacet
  facet normal 0.301145 0.886843 0.35046
    outer loop
      vertex -23.5408 1.10865 7
      vertex -23.6894 1.15911 7
      vertex -23.6556 0.831491 7.8
    endloop
  endfacet
  facet normal -0.520284 0.778776 0.350446
    outer loop
      vertex -24.45 0.779423 7.8
      vertex -24.7305 0.952024 7
      vertex -24.5479 0.714018 7.8
    endloop
  endfacet
  facet normal 0.704246 0.617439 0.350437
    outer loop
      vertex -23.1515 0.848528 7
      vertex -23.3636 0.636395 7.8
      vertex -23.286 0.547885 7.8
    endloop
  endfacet
  facet normal 0.839892 0.414437 0.350461
    outer loop
      vertex -22.9608 0.599999 7
      vertex -23.2206 0.45 7.8
      vertex -23.1685 0.344415 7.8
    endloop
  endfacet
  facet normal 0.300992 -0.886885 0.350484
    outer loop
      vertex -23.6556 -0.831491 7.8
      vertex -23.7671 -0.869332 7.8
      vertex -23.6894 -1.15911 7
    endloop
  endfacet
  facet normal -0.886963 -0.300751 0.350492
    outer loop
      vertex -24.8315 -0.344415 7.8
      vertex -25.1591 -0.310582 7
      vertex -25.1087 -0.45922 7
    endloop
  endfacet
  facet normal 0.301145 -0.886843 0.35046
    outer loop
      vertex -23.6556 -0.831491 7.8
      vertex -23.6894 -1.15911 7
      vertex -23.5408 -1.10865 7
    endloop
  endfacet
  facet normal -0.0612901 -0.934569 0.350463
    outer loop
      vertex -24 -0.9 7.8
      vertex -24.1566 -1.18973 7
      vertex -24 -1.2 7
    endloop
  endfacet
  facet normal 0.886963 -0.300752 0.350492
    outer loop
      vertex -23.1307 -0.232937 7.8
      vertex -23.1685 -0.344415 7.8
      vertex -22.8409 -0.310582 7
    endloop
  endfacet
  facet normal 0.778753 0.520309 0.350459
    outer loop
      vertex -23.048 0.730514 7
      vertex -23.286 0.547885 7.8
      vertex -23.2206 0.45 7.8
    endloop
  endfacet
  facet normal 0.839803 -0.414595 0.350489
    outer loop
      vertex -22.8913 -0.45922 7
      vertex -23.1685 -0.344415 7.8
      vertex -22.9608 -0.599999 7
    endloop
  endfacet
  facet normal 0.52037 0.778711 0.350463
    outer loop
      vertex -23.4 1.03923 7
      vertex -23.55 0.779423 7.8
      vertex -23.2695 0.952024 7
    endloop
  endfacet
  facet normal 0.52037 -0.778711 0.350463
    outer loop
      vertex -23.2695 -0.952024 7
      vertex -23.55 -0.779423 7.8
      vertex -23.4 -1.03923 7
    endloop
  endfacet
  facet normal -0.778753 -0.520309 0.350459
    outer loop
      vertex -24.7794 -0.45 7.8
      vertex -24.952 -0.730514 7
      vertex -24.714 -0.547885 7.8
    endloop
  endfacet
  facet normal 0.182822 0.918566 0.350447
    outer loop
      vertex -23.8434 1.18973 7
      vertex -23.8825 0.8923 7.8
      vertex -23.7671 0.869332 7.8
    endloop
  endfacet
  facet normal 0.886963 0.300751 0.350492
    outer loop
      vertex -22.8913 0.45922 7
      vertex -23.1685 0.344415 7.8
      vertex -22.8409 0.310582 7
    endloop
  endfacet
  facet normal 0.886963 0.300752 0.350492
    outer loop
      vertex -22.8409 0.310582 7
      vertex -23.1685 0.344415 7.8
      vertex -23.1307 0.232937 7.8
    endloop
  endfacet
  facet normal 0.934583 0.0612591 0.35043
    outer loop
      vertex -22.8103 0.156631 7
      vertex -23.1077 0.117473 7.8
      vertex -23.1 0 7.8
    endloop
  endfacet
  facet normal -0.617576 0.704123 0.350444
    outer loop
      vertex -24.7305 0.952024 7
      vertex -24.8485 0.848528 7
      vertex -24.5479 0.714018 7.8
    endloop
  endfacet
  facet normal -0.182822 0.918566 0.350447
    outer loop
      vertex -24.1566 1.18973 7
      vertex -24.2329 0.869332 7.8
      vertex -24.1175 0.8923 7.8
    endloop
  endfacet
  facet normal 0 0 1
    outer loop
      vertex -23.1077 0.117473 7.8
      vertex -23.1077 -0.117473 7.8
      vertex -23.1 0 7.8
    endloop
  endfacet
  facet normal 0 0 1
    outer loop
      vertex -23.1307 0.232937 7.8
      vertex -23.1077 -0.117473 7.8
      vertex -23.1077 0.117473 7.8
    endloop
  endfacet
  facet normal 0 0 1
    outer loop
      vertex -23.1307 0.232937 7.8
      vertex -23.1307 -0.232937 7.8
      vertex -23.1077 -0.117473 7.8
    endloop
  endfacet
  facet normal 0 0 1
    outer loop
      vertex -23.1685 0.344415 7.8
      vertex -23.1307 -0.232937 7.8
      vertex -23.1307 0.232937 7.8
    endloop
  endfacet
  facet normal 0 0 1
    outer loop
      vertex -23.1685 0.344415 7.8
      vertex -23.1685 -0.344415 7.8
      vertex -23.1307 -0.232937 7.8
    endloop
  endfacet
  facet normal 0 0 1
    outer loop
      vertex -23.2206 0.45 7.8
      vertex -23.1685 -0.344415 7.8
      vertex -23.1685 0.344415 7.8
    endloop
  endfacet
  facet normal 0 0 1
    outer loop
      vertex -23.2206 0.45 7.8
      vertex -23.2206 -0.45 7.8
      vertex -23.1685 -0.344415 7.8
    endloop
  endfacet
  facet normal 0 0 1
    outer loop
      vertex -23.286 0.547885 7.8
      vertex -23.2206 -0.45 7.8
      vertex -23.2206 0.45 7.8
    endloop
  endfacet
  facet normal 0 0 1
    outer loop
      vertex -23.286 0.547885 7.8
      vertex -23.286 -0.547885 7.8
      vertex -23.2206 -0.45 7.8
    endloop
  endfacet
  facet normal 0 0 1
    outer loop
      vertex -23.3636 0.636395 7.8
      vertex -23.286 -0.547885 7.8
      vertex -23.286 0.547885 7.8
    endloop
  endfacet
  facet normal 0 0 1
    outer loop
      vertex -23.3636 0.636395 7.8
      vertex -23.3636 -0.636395 7.8
      vertex -23.286 -0.547885 7.8
    endloop
  endfacet
  facet normal 0 0 1
    outer loop
      vertex -23.4521 0.714018 7.8
      vertex -23.3636 -0.636395 7.8
      vertex -23.3636 0.636395 7.8
    endloop
  endfacet
  facet normal 0 0 1
    outer loop
      vertex -23.4521 0.714018 7.8
      vertex -23.4521 -0.714018 7.8
      vertex -23.3636 -0.636395 7.8
    endloop
  endfacet
  facet normal 0 0 1
    outer loop
      vertex -23.55 0.779423 7.8
      vertex -23.4521 -0.714018 7.8
      vertex -23.4521 0.714018 7.8
    endloop
  endfacet
  facet normal 0 0 1
    outer loop
      vertex -23.55 0.779423 7.8
      vertex -23.55 -0.779423 7.8
      vertex -23.4521 -0.714018 7.8
    endloop
  endfacet
  facet normal 0 0 1
    outer loop
      vertex -23.6556 0.831491 7.8
      vertex -23.55 -0.779423 7.8
      vertex -23.55 0.779423 7.8
    endloop
  endfacet
  facet normal 0 0 1
    outer loop
      vertex -23.6556 0.831491 7.8
      vertex -23.6556 -0.831491 7.8
      vertex -23.55 -0.779423 7.8
    endloop
  endfacet
  facet normal 0 0 1
    outer loop
      vertex -23.7671 0.869332 7.8
      vertex -23.6556 -0.831491 7.8
      vertex -23.6556 0.831491 7.8
    endloop
  endfacet
  facet normal 0 0 1
    outer loop
      vertex -23.7671 0.869332 7.8
      vertex -23.7671 -0.869332 7.8
      vertex -23.6556 -0.831491 7.8
    endloop
  endfacet
  facet normal 0 0 1
    outer loop
      vertex -23.8825 0.8923 7.8
      vertex -23.7671 -0.869332 7.8
      vertex -23.7671 0.869332 7.8
    endloop
  endfacet
  facet normal 0 0 1
    outer loop
      vertex -23.8825 0.8923 7.8
      vertex -23.8825 -0.8923 7.8
      vertex -23.7671 -0.869332 7.8
    endloop
  endfacet
  facet normal 0 0 1
    outer loop
      vertex -24 0.9 7.8
      vertex -23.8825 -0.8923 7.8
      vertex -23.8825 0.8923 7.8
    endloop
  endfacet
  facet normal 0 0 1
    outer loop
      vertex -24 0.9 7.8
      vertex -24 -0.9 7.8
      vertex -23.8825 -0.8923 7.8
    endloop
  endfacet
  facet normal -0 0 1
    outer loop
      vertex -24.1175 0.8923 7.8
      vertex -24 -0.9 7.8
      vertex -24 0.9 7.8
    endloop
  endfacet
  facet normal 0 0 1
    outer loop
      vertex -24.1175 0.8923 7.8
      vertex -24.1175 -0.8923 7.8
      vertex -24 -0.9 7.8
    endloop
  endfacet
  facet normal -0 0 1
    outer loop
      vertex -24.2329 0.869332 7.8
      vertex -24.1175 -0.8923 7.8
      vertex -24.1175 0.8923 7.8
    endloop
  endfacet
  facet normal 0 0 1
    outer loop
      vertex -24.2329 0.869332 7.8
      vertex -24.2329 -0.869332 7.8
      vertex -24.1175 -0.8923 7.8
    endloop
  endfacet
  facet normal -0 0 1
    outer loop
      vertex -24.3444 0.831491 7.8
      vertex -24.2329 -0.869332 7.8
      vertex -24.2329 0.869332 7.8
    endloop
  endfacet
  facet normal 0 0 1
    outer loop
      vertex -24.3444 0.831491 7.8
      vertex -24.3444 -0.831491 7.8
      vertex -24.2329 -0.869332 7.8
    endloop
  endfacet
  facet normal -0 0 1
    outer loop
      vertex -24.45 0.779423 7.8
      vertex -24.3444 -0.831491 7.8
      vertex -24.3444 0.831491 7.8
    endloop
  endfacet
  facet normal 0 0 1
    outer loop
      vertex -24.45 0.779423 7.8
      vertex -24.45 -0.779423 7.8
      vertex -24.3444 -0.831491 7.8
    endloop
  endfacet
  facet normal -0 0 1
    outer loop
      vertex -24.5479 0.714018 7.8
      vertex -24.45 -0.779423 7.8
      vertex -24.45 0.779423 7.8
    endloop
  endfacet
  facet normal 0 0 1
    outer loop
      vertex -24.5479 0.714018 7.8
      vertex -24.5479 -0.714018 7.8
      vertex -24.45 -0.779423 7.8
    endloop
  endfacet
  facet normal -0 0 1
    outer loop
      vertex -24.6364 0.636395 7.8
      vertex -24.5479 -0.714018 7.8
      vertex -24.5479 0.714018 7.8
    endloop
  endfacet
  facet normal 0 0 1
    outer loop
      vertex -24.6364 0.636395 7.8
      vertex -24.6364 -0.636395 7.8
      vertex -24.5479 -0.714018 7.8
    endloop
  endfacet
  facet normal -0 0 1
    outer loop
      vertex -24.714 0.547885 7.8
      vertex -24.6364 -0.636395 7.8
      vertex -24.6364 0.636395 7.8
    endloop
  endfacet
  facet normal 0 0 1
    outer loop
      vertex -24.714 0.547885 7.8
      vertex -24.714 -0.547885 7.8
      vertex -24.6364 -0.636395 7.8
    endloop
  endfacet
  facet normal -0 0 1
    outer loop
      vertex -24.7794 0.45 7.8
      vertex -24.714 -0.547885 7.8
      vertex -24.714 0.547885 7.8
    endloop
  endfacet
  facet normal 0 0 1
    outer loop
      vertex -24.7794 0.45 7.8
      vertex -24.7794 -0.45 7.8
      vertex -24.714 -0.547885 7.8
    endloop
  endfacet
  facet normal -0 0 1
    outer loop
      vertex -24.8315 0.344415 7.8
      vertex -24.7794 -0.45 7.8
      vertex -24.7794 0.45 7.8
    endloop
  endfacet
  facet normal 0 0 1
    outer loop
      vertex -24.8315 0.344415 7.8
      vertex -24.8315 -0.344415 7.8
      vertex -24.7794 -0.45 7.8
    endloop
  endfacet
  facet normal -0 0 1
    outer loop
      vertex -24.8693 0.232937 7.8
      vertex -24.8315 -0.344415 7.8
      vertex -24.8315 0.344415 7.8
    endloop
  endfacet
  facet normal 0 0 1
    outer loop
      vertex -24.8693 0.232937 7.8
      vertex -24.8693 -0.232937 7.8
      vertex -24.8315 -0.344415 7.8
    endloop
  endfacet
  facet normal -0 0 1
    outer loop
      vertex -24.8923 0.117473 7.8
      vertex -24.8693 -0.232937 7.8
      vertex -24.8693 0.232937 7.8
    endloop
  endfacet
  facet normal 0 0 1
    outer loop
      vertex -24.8923 0.117473 7.8
      vertex -24.8923 -0.117473 7.8
      vertex -24.8693 -0.232937 7.8
    endloop
  endfacet
  facet normal 0 -0 1
    outer loop
      vertex -24.8923 -0.117473 7.8
      vertex -24.8923 0.117473 7.8
      vertex -24.9 0 7.8
    endloop
  endfacet
  facet normal -0.886963 0.300751 0.350492
    outer loop
      vertex -25.1087 0.45922 7
      vertex -25.1591 0.310582 7
      vertex -24.8315 0.344415 7.8
    endloop
  endfacet
  facet normal 0.918545 -0.182971 0.350425
    outer loop
      vertex -23.1077 -0.117473 7.8
      vertex -23.1307 -0.232937 7.8
      vertex -22.8103 -0.156631 7
    endloop
  endfacet
  facet normal 0.934583 -0.0612591 0.35043
    outer loop
      vertex -23.1 0 7.8
      vertex -23.1077 -0.117473 7.8
      vertex -22.8103 -0.156631 7
    endloop
  endfacet
  facet normal -0.0612901 0.934569 0.350463
    outer loop
      vertex -24 1.2 7
      vertex -24.1566 1.18973 7
      vertex -24 0.9 7.8
    endloop
  endfacet
  facet normal -0.301145 -0.886843 0.35046
    outer loop
      vertex -24.3444 -0.831491 7.8
      vertex -24.4592 -1.10865 7
      vertex -24.3106 -1.15911 7
    endloop
  endfacet
  facet normal -0.704143 0.617544 0.350459
    outer loop
      vertex -24.8485 0.848528 7
      vertex -24.952 0.730514 7
      vertex -24.714 0.547885 7.8
    endloop
  endfacet
  facet normal -0.414166 0.840027 0.350459
    outer loop
      vertex -24.4592 1.10865 7
      vertex -24.6 1.03923 7
      vertex -24.3444 0.831491 7.8
    endloop
  endfacet
  facet normal -0.52037 0.778711 0.350463
    outer loop
      vertex -24.6 1.03923 7
      vertex -24.7305 0.952024 7
      vertex -24.45 0.779423 7.8
    endloop
  endfacet
  facet normal 0.617576 -0.704123 0.350444
    outer loop
      vertex -23.1515 -0.848528 7
      vertex -23.4521 -0.714018 7.8
      vertex -23.2695 -0.952024 7
    endloop
  endfacet
  facet normal -0.934559 -0.0614563 0.35046
    outer loop
      vertex -24.9 0 7.8
      vertex -25.2 0 7
      vertex -25.1897 -0.156631 7
    endloop
  endfacet
  facet normal -0.0612445 -0.934574 0.350456
    outer loop
      vertex -24.1175 -0.8923 7.8
      vertex -24.1566 -1.18973 7
      vertex -24 -0.9 7.8
    endloop
  endfacet
  facet normal -0.839892 0.414437 0.350461
    outer loop
      vertex -24.7794 0.45 7.8
      vertex -25.0392 0.599999 7
      vertex -24.8315 0.344415 7.8
    endloop
  endfacet
  facet normal 0.704246 -0.617439 0.350437
    outer loop
      vertex -23.286 -0.547885 7.8
      vertex -23.3636 -0.636395 7.8
      vertex -23.1515 -0.848528 7
    endloop
  endfacet
  facet normal -0.704246 0.617439 0.350437
    outer loop
      vertex -24.6364 0.636395 7.8
      vertex -24.8485 0.848528 7
      vertex -24.714 0.547885 7.8
    endloop
  endfacet
  facet normal -0.414166 -0.840027 0.350459
    outer loop
      vertex -24.3444 -0.831491 7.8
      vertex -24.6 -1.03923 7
      vertex -24.4592 -1.10865 7
    endloop
  endfacet
  facet normal 0.778753 -0.520309 0.350459
    outer loop
      vertex -23.2206 -0.45 7.8
      vertex -23.286 -0.547885 7.8
      vertex -23.048 -0.730514 7
    endloop
  endfacet
  facet normal -0.182644 0.918591 0.350474
    outer loop
      vertex -24.1566 1.18973 7
      vertex -24.3106 1.15911 7
      vertex -24.2329 0.869332 7.8
    endloop
  endfacet
  facet normal 0.414185 -0.840016 0.350462
    outer loop
      vertex -23.55 -0.779423 7.8
      vertex -23.6556 -0.831491 7.8
      vertex -23.4 -1.03923 7
    endloop
  endfacet
  facet normal 0.520284 -0.778776 0.350446
    outer loop
      vertex -23.4521 -0.714018 7.8
      vertex -23.55 -0.779423 7.8
      vertex -23.2695 -0.952024 7
    endloop
  endfacet
  facet normal -0.886963 0.300752 0.350492
    outer loop
      vertex -24.8315 0.344415 7.8
      vertex -25.1591 0.310582 7
      vertex -24.8693 0.232937 7.8
    endloop
  endfacet
  facet normal 0.918545 0.182971 0.350425
    outer loop
      vertex -22.8103 0.156631 7
      vertex -23.1307 0.232937 7.8
      vertex -23.1077 0.117473 7.8
    endloop
  endfacet
  facet normal -0.300992 0.886885 0.350484
    outer loop
      vertex -24.3106 1.15911 7
      vertex -24.3444 0.831491 7.8
      vertex -24.2329 0.869332 7.8
    endloop
  endfacet
  facet normal -0.778753 0.520309 0.350459
    outer loop
      vertex -24.714 0.547885 7.8
      vertex -24.952 0.730514 7
      vertex -24.7794 0.45 7.8
    endloop
  endfacet
  facet normal -0.704143 -0.617544 0.350459
    outer loop
      vertex -24.714 -0.547885 7.8
      vertex -24.952 -0.730514 7
      vertex -24.8485 -0.848528 7
    endloop
  endfacet
  facet normal -0.61758 -0.704119 0.350444
    outer loop
      vertex -24.6364 -0.636395 7.8
      vertex -24.8485 -0.848528 7
      vertex -24.5479 -0.714018 7.8
    endloop
  endfacet
  facet normal -0.704246 -0.617439 0.350437
    outer loop
      vertex -24.714 -0.547885 7.8
      vertex -24.8485 -0.848528 7
      vertex -24.6364 -0.636395 7.8
    endloop
  endfacet
  facet normal -0.839892 -0.414437 0.350461
    outer loop
      vertex -24.8315 -0.344415 7.8
      vertex -25.0392 -0.599999 7
      vertex -24.7794 -0.45 7.8
    endloop
  endfacet
  facet normal -0.918545 0.182971 0.350425
    outer loop
      vertex -24.8693 0.232937 7.8
      vertex -25.1897 0.156631 7
      vertex -24.8923 0.117473 7.8
    endloop
  endfacet
  facet normal -0.414185 0.840016 0.350462
    outer loop
      vertex -24.3444 0.831491 7.8
      vertex -24.6 1.03923 7
      vertex -24.45 0.779423 7.8
    endloop
  endfacet
  facet normal 0.980785 0.195092 0
    outer loop
      vertex -9.42224 0.339368 5
      vertex -9.48859 0.672929 2
      vertex -9.48859 0.672929 5
    endloop
  endfacet
  facet normal 0.980785 0.195092 0
    outer loop
      vertex -9.48859 0.672929 2
      vertex -9.42224 0.339368 5
      vertex -9.42224 0.339368 2
    endloop
  endfacet
  facet normal 0.99786 0.0653933 0
    outer loop
      vertex -9.4 0 5
      vertex -9.42224 0.339368 2
      vertex -9.42224 0.339368 5
    endloop
  endfacet
  facet normal 0.99786 0.0653933 0
    outer loop
      vertex -9.42224 0.339368 2
      vertex -9.4 0 5
      vertex -9.4 0 2
    endloop
  endfacet
  facet normal 0.94693 0.321439 0
    outer loop
      vertex -9.48859 0.672929 5
      vertex -9.59791 0.994976 2
      vertex -9.59791 0.994976 5
    endloop
  endfacet
  facet normal 0.94693 0.321439 0
    outer loop
      vertex -9.59791 0.994976 2
      vertex -9.48859 0.672929 5
      vertex -9.48859 0.672929 2
    endloop
  endfacet
  facet normal -0.659341 0.751844 0
    outer loop
      vertex -13.5828 2.06272 2
      vertex -13.8385 1.83848 5
      vertex -13.5828 2.06272 5
    endloop
  endfacet
  facet normal -0.659341 0.751844 0
    outer loop
      vertex -13.8385 1.83848 5
      vertex -13.5828 2.06272 2
      vertex -13.8385 1.83848 2
    endloop
  endfacet
  facet normal 0.0653872 0.99786 -0
    outer loop
      vertex -11.6606 2.57776 2
      vertex -12 2.6 5
      vertex -11.6606 2.57776 5
    endloop
  endfacet
  facet normal 0.0653872 0.99786 0
    outer loop
      vertex -12 2.6 5
      vertex -11.6606 2.57776 2
      vertex -12 2.6 2
    endloop
  endfacet
  facet normal -0.946948 0.321386 0
    outer loop
      vertex -14.5114 0.672929 2
      vertex -14.4021 0.994976 5
      vertex -14.4021 0.994976 2
    endloop
  endfacet
  facet normal -0.946948 0.321386 0
    outer loop
      vertex -14.4021 0.994976 5
      vertex -14.5114 0.672929 2
      vertex -14.5114 0.672929 5
    endloop
  endfacet
  facet normal 0.980785 -0.195092 0
    outer loop
      vertex -9.48859 -0.672929 5
      vertex -9.42224 -0.339368 2
      vertex -9.42224 -0.339368 5
    endloop
  endfacet
  facet normal 0.980785 -0.195092 0
    outer loop
      vertex -9.42224 -0.339368 2
      vertex -9.48859 -0.672929 5
      vertex -9.48859 -0.672929 2
    endloop
  endfacet
  facet normal -0.831398 -0.555677 0
    outer loop
      vertex -14.0627 -1.58278 2
      vertex -14.2517 -1.3 5
      vertex -14.2517 -1.3 2
    endloop
  endfacet
  facet normal -0.831398 -0.555677 0
    outer loop
      vertex -14.2517 -1.3 5
      vertex -14.0627 -1.58278 2
      vertex -14.0627 -1.58278 5
    endloop
  endfacet
  facet normal -0.980757 0.195233 0
    outer loop
      vertex -14.5778 0.339368 2
      vertex -14.5114 0.672929 5
      vertex -14.5114 0.672929 2
    endloop
  endfacet
  facet normal -0.980757 0.195233 0
    outer loop
      vertex -14.5114 0.672929 5
      vertex -14.5778 0.339368 2
      vertex -14.5778 0.339368 5
    endloop
  endfacet
  facet normal -0.555548 0.831484 0
    outer loop
      vertex -13.3 2.25167 2
      vertex -13.5828 2.06272 5
      vertex -13.3 2.25167 5
    endloop
  endfacet
  facet normal -0.555548 0.831484 0
    outer loop
      vertex -13.5828 2.06272 5
      vertex -13.3 2.25167 2
      vertex -13.5828 2.06272 2
    endloop
  endfacet
  facet normal -0.946948 -0.321386 0
    outer loop
      vertex -14.4021 -0.994976 2
      vertex -14.5114 -0.672929 5
      vertex -14.5114 -0.672929 2
    endloop
  endfacet
  facet normal -0.946948 -0.321386 0
    outer loop
      vertex -14.5114 -0.672929 5
      vertex -14.4021 -0.994976 2
      vertex -14.4021 -0.994976 5
    endloop
  endfacet
  facet normal -0.980757 -0.195233 0
    outer loop
      vertex -14.5114 -0.672929 2
      vertex -14.5778 -0.339368 5
      vertex -14.5778 -0.339368 2
    endloop
  endfacet
  facet normal -0.980757 -0.195233 0
    outer loop
      vertex -14.5778 -0.339368 5
      vertex -14.5114 -0.672929 2
      vertex -14.5114 -0.672929 5
    endloop
  endfacet
  facet normal 0.321391 -0.946946 0
    outer loop
      vertex -11.3271 -2.51141 2
      vertex -11.005 -2.40209 5
      vertex -11.3271 -2.51141 5
    endloop
  endfacet
  facet normal 0.321391 -0.946946 0
    outer loop
      vertex -11.005 -2.40209 5
      vertex -11.3271 -2.51141 2
      vertex -11.005 -2.40209 2
    endloop
  endfacet
  facet normal -0.751902 0.659275 0
    outer loop
      vertex -14.0627 1.58278 2
      vertex -13.8385 1.83848 5
      vertex -13.8385 1.83848 2
    endloop
  endfacet
  facet normal -0.751902 0.659275 0
    outer loop
      vertex -13.8385 1.83848 5
      vertex -14.0627 1.58278 2
      vertex -14.0627 1.58278 5
    endloop
  endfacet
  facet normal 0.195126 -0.980778 0
    outer loop
      vertex -11.6606 -2.57776 2
      vertex -11.3271 -2.51141 5
      vertex -11.6606 -2.57776 5
    endloop
  endfacet
  facet normal 0.195126 -0.980778 0
    outer loop
      vertex -11.3271 -2.51141 5
      vertex -11.6606 -2.57776 2
      vertex -11.3271 -2.51141 2
    endloop
  endfacet
  facet normal -0.321391 0.946946 0
    outer loop
      vertex -12.6729 2.51141 2
      vertex -12.995 2.40209 5
      vertex -12.6729 2.51141 5
    endloop
  endfacet
  facet normal -0.321391 0.946946 0
    outer loop
      vertex -12.995 2.40209 5
      vertex -12.6729 2.51141 2
      vertex -12.995 2.40209 2
    endloop
  endfacet
  facet normal 0.896874 0.442286 0
    outer loop
      vertex -9.59791 0.994976 5
      vertex -9.74833 1.3 2
      vertex -9.74833 1.3 5
    endloop
  endfacet
  facet normal 0.896874 0.442286 0
    outer loop
      vertex -9.74833 1.3 2
      vertex -9.59791 0.994976 5
      vertex -9.59791 0.994976 2
    endloop
  endfacet
  facet normal -0.997867 -0.0652762 0
    outer loop
      vertex -14.5778 -0.339368 2
      vertex -14.6 0 5
      vertex -14.6 0 2
    endloop
  endfacet
  facet normal -0.997867 -0.0652762 0
    outer loop
      vertex -14.6 0 5
      vertex -14.5778 -0.339368 2
      vertex -14.5778 -0.339368 5
    endloop
  endfacet
  facet normal -0.0653872 -0.99786 0
    outer loop
      vertex -12.3394 -2.57776 2
      vertex -12 -2.6 5
      vertex -12.3394 -2.57776 5
    endloop
  endfacet
  facet normal -0.0653872 -0.99786 -0
    outer loop
      vertex -12 -2.6 5
      vertex -12.3394 -2.57776 2
      vertex -12 -2.6 2
    endloop
  endfacet
  facet normal 0.195126 0.980778 -0
    outer loop
      vertex -11.3271 2.51141 2
      vertex -11.6606 2.57776 5
      vertex -11.3271 2.51141 5
    endloop
  endfacet
  facet normal 0.195126 0.980778 0
    outer loop
      vertex -11.6606 2.57776 5
      vertex -11.3271 2.51141 2
      vertex -11.6606 2.57776 2
    endloop
  endfacet
  facet normal 0.831466 -0.555575 0
    outer loop
      vertex -9.93728 -1.58278 5
      vertex -9.74833 -1.3 2
      vertex -9.74833 -1.3 5
    endloop
  endfacet
  facet normal 0.831466 -0.555575 0
    outer loop
      vertex -9.74833 -1.3 2
      vertex -9.93728 -1.58278 5
      vertex -9.93728 -1.58278 2
    endloop
  endfacet
  facet normal -0.751902 -0.659275 0
    outer loop
      vertex -13.8385 -1.83848 2
      vertex -14.0627 -1.58278 5
      vertex -14.0627 -1.58278 2
    endloop
  endfacet
  facet normal -0.751902 -0.659275 0
    outer loop
      vertex -14.0627 -1.58278 5
      vertex -13.8385 -1.83848 2
      vertex -13.8385 -1.83848 5
    endloop
  endfacet
  facet normal -0.195126 -0.980778 0
    outer loop
      vertex -12.6729 -2.51141 2
      vertex -12.3394 -2.57776 5
      vertex -12.6729 -2.51141 5
    endloop
  endfacet
  facet normal -0.195126 -0.980778 -0
    outer loop
      vertex -12.3394 -2.57776 5
      vertex -12.6729 -2.51141 2
      vertex -12.3394 -2.57776 2
    endloop
  endfacet
  facet normal 0.555548 0.831484 -0
    outer loop
      vertex -10.4172 2.06272 2
      vertex -10.7 2.25167 5
      vertex -10.4172 2.06272 5
    endloop
  endfacet
  facet normal 0.555548 0.831484 0
    outer loop
      vertex -10.7 2.25167 5
      vertex -10.4172 2.06272 2
      vertex -10.7 2.25167 2
    endloop
  endfacet
  facet normal 0.99786 -0.0653933 0
    outer loop
      vertex -9.42224 -0.339368 5
      vertex -9.4 0 2
      vertex -9.4 0 5
    endloop
  endfacet
  facet normal 0.99786 -0.0653933 0
    outer loop
      vertex -9.4 0 2
      vertex -9.42224 -0.339368 5
      vertex -9.42224 -0.339368 2
    endloop
  endfacet
  facet normal -0.195126 0.980778 0
    outer loop
      vertex -12.3394 2.57776 2
      vertex -12.6729 2.51141 5
      vertex -12.3394 2.57776 5
    endloop
  endfacet
  facet normal -0.195126 0.980778 0
    outer loop
      vertex -12.6729 2.51141 5
      vertex -12.3394 2.57776 2
      vertex -12.6729 2.51141 2
    endloop
  endfacet
  facet normal 0.659341 0.751844 -0
    outer loop
      vertex -10.1615 1.83848 2
      vertex -10.4172 2.06272 5
      vertex -10.1615 1.83848 5
    endloop
  endfacet
  facet normal 0.659341 0.751844 0
    outer loop
      vertex -10.4172 2.06272 5
      vertex -10.1615 1.83848 2
      vertex -10.4172 2.06272 2
    endloop
  endfacet
  facet normal 0.751873 0.659308 0
    outer loop
      vertex -9.93728 1.58278 5
      vertex -10.1615 1.83848 2
      vertex -10.1615 1.83848 5
    endloop
  endfacet
  facet normal 0.751873 0.659308 0
    outer loop
      vertex -10.1615 1.83848 2
      vertex -9.93728 1.58278 5
      vertex -9.93728 1.58278 2
    endloop
  endfacet
  facet normal -0.896897 -0.442239 0
    outer loop
      vertex -14.2517 -1.3 2
      vertex -14.4021 -0.994976 5
      vertex -14.4021 -0.994976 2
    endloop
  endfacet
  facet normal -0.896897 -0.442239 0
    outer loop
      vertex -14.4021 -0.994976 5
      vertex -14.2517 -1.3 2
      vertex -14.2517 -1.3 5
    endloop
  endfacet
  facet normal -0.321391 -0.946946 0
    outer loop
      vertex -12.995 -2.40209 2
      vertex -12.6729 -2.51141 5
      vertex -12.995 -2.40209 5
    endloop
  endfacet
  facet normal -0.321391 -0.946946 -0
    outer loop
      vertex -12.6729 -2.51141 5
      vertex -12.995 -2.40209 2
      vertex -12.6729 -2.51141 2
    endloop
  endfacet
  facet normal 0.0653872 -0.99786 0
    outer loop
      vertex -12 -2.6 2
      vertex -11.6606 -2.57776 5
      vertex -12 -2.6 5
    endloop
  endfacet
  facet normal 0.0653872 -0.99786 0
    outer loop
      vertex -11.6606 -2.57776 5
      vertex -12 -2.6 2
      vertex -11.6606 -2.57776 2
    endloop
  endfacet
  facet normal 0.555548 -0.831484 0
    outer loop
      vertex -10.7 -2.25167 2
      vertex -10.4172 -2.06272 5
      vertex -10.7 -2.25167 5
    endloop
  endfacet
  facet normal 0.555548 -0.831484 0
    outer loop
      vertex -10.4172 -2.06272 5
      vertex -10.7 -2.25167 2
      vertex -10.4172 -2.06272 2
    endloop
  endfacet
  facet normal 0.94693 -0.321439 0
    outer loop
      vertex -9.59791 -0.994976 5
      vertex -9.48859 -0.672929 2
      vertex -9.48859 -0.672929 5
    endloop
  endfacet
  facet normal 0.94693 -0.321439 0
    outer loop
      vertex -9.48859 -0.672929 2
      vertex -9.59791 -0.994976 5
      vertex -9.59791 -0.994976 2
    endloop
  endfacet
  facet normal 0.442314 0.89686 -0
    outer loop
      vertex -10.7 2.25167 2
      vertex -11.005 2.40209 5
      vertex -10.7 2.25167 5
    endloop
  endfacet
  facet normal 0.442314 0.89686 0
    outer loop
      vertex -11.005 2.40209 5
      vertex -10.7 2.25167 2
      vertex -11.005 2.40209 2
    endloop
  endfacet
  facet normal 0.831466 0.555575 0
    outer loop
      vertex -9.74833 1.3 5
      vertex -9.93728 1.58278 2
      vertex -9.93728 1.58278 5
    endloop
  endfacet
  facet normal 0.831466 0.555575 0
    outer loop
      vertex -9.93728 1.58278 2
      vertex -9.74833 1.3 5
      vertex -9.74833 1.3 2
    endloop
  endfacet
  facet normal 0.659341 -0.751844 0
    outer loop
      vertex -10.4172 -2.06272 2
      vertex -10.1615 -1.83848 5
      vertex -10.4172 -2.06272 5
    endloop
  endfacet
  facet normal 0.659341 -0.751844 0
    outer loop
      vertex -10.1615 -1.83848 5
      vertex -10.4172 -2.06272 2
      vertex -10.1615 -1.83848 2
    endloop
  endfacet
  facet normal 0.751873 -0.659308 0
    outer loop
      vertex -10.1615 -1.83848 5
      vertex -9.93728 -1.58278 2
      vertex -9.93728 -1.58278 5
    endloop
  endfacet
  facet normal 0.751873 -0.659308 0
    outer loop
      vertex -9.93728 -1.58278 2
      vertex -10.1615 -1.83848 5
      vertex -10.1615 -1.83848 2
    endloop
  endfacet
  facet normal 0.321391 0.946946 -0
    outer loop
      vertex -11.005 2.40209 2
      vertex -11.3271 2.51141 5
      vertex -11.005 2.40209 5
    endloop
  endfacet
  facet normal 0.321391 0.946946 0
    outer loop
      vertex -11.3271 2.51141 5
      vertex -11.005 2.40209 2
      vertex -11.3271 2.51141 2
    endloop
  endfacet
  facet normal -0.0653872 0.99786 0
    outer loop
      vertex -12 2.6 2
      vertex -12.3394 2.57776 5
      vertex -12 2.6 5
    endloop
  endfacet
  facet normal -0.0653872 0.99786 0
    outer loop
      vertex -12.3394 2.57776 5
      vertex -12 2.6 2
      vertex -12.3394 2.57776 2
    endloop
  endfacet
  facet normal -0.659341 -0.751844 0
    outer loop
      vertex -13.8385 -1.83848 2
      vertex -13.5828 -2.06272 5
      vertex -13.8385 -1.83848 5
    endloop
  endfacet
  facet normal -0.659341 -0.751844 -0
    outer loop
      vertex -13.5828 -2.06272 5
      vertex -13.8385 -1.83848 2
      vertex -13.5828 -2.06272 2
    endloop
  endfacet
  facet normal 0.896874 -0.442286 0
    outer loop
      vertex -9.74833 -1.3 5
      vertex -9.59791 -0.994976 2
      vertex -9.59791 -0.994976 5
    endloop
  endfacet
  facet normal 0.896874 -0.442286 0
    outer loop
      vertex -9.59791 -0.994976 2
      vertex -9.74833 -1.3 5
      vertex -9.74833 -1.3 2
    endloop
  endfacet
  facet normal -0.997867 0.0652762 0
    outer loop
      vertex -14.6 0 2
      vertex -14.5778 0.339368 5
      vertex -14.5778 0.339368 2
    endloop
  endfacet
  facet normal -0.997867 0.0652762 0
    outer loop
      vertex -14.5778 0.339368 5
      vertex -14.6 0 2
      vertex -14.6 0 5
    endloop
  endfacet
  facet normal 0.442314 -0.89686 0
    outer loop
      vertex -11.005 -2.40209 2
      vertex -10.7 -2.25167 5
      vertex -11.005 -2.40209 5
    endloop
  endfacet
  facet normal 0.442314 -0.89686 0
    outer loop
      vertex -10.7 -2.25167 5
      vertex -11.005 -2.40209 2
      vertex -10.7 -2.25167 2
    endloop
  endfacet
  facet normal -0.442314 -0.89686 0
    outer loop
      vertex -13.3 -2.25167 2
      vertex -12.995 -2.40209 5
      vertex -13.3 -2.25167 5
    endloop
  endfacet
  facet normal -0.442314 -0.89686 -0
    outer loop
      vertex -12.995 -2.40209 5
      vertex -13.3 -2.25167 2
      vertex -12.995 -2.40209 2
    endloop
  endfacet
  facet normal -0.442314 0.89686 0
    outer loop
      vertex -12.995 2.40209 2
      vertex -13.3 2.25167 5
      vertex -12.995 2.40209 5
    endloop
  endfacet
  facet normal -0.442314 0.89686 0
    outer loop
      vertex -13.3 2.25167 5
      vertex -12.995 2.40209 2
      vertex -13.3 2.25167 2
    endloop
  endfacet
  facet normal -0.896897 0.442239 0
    outer loop
      vertex -14.4021 0.994976 2
      vertex -14.2517 1.3 5
      vertex -14.2517 1.3 2
    endloop
  endfacet
  facet normal -0.896897 0.442239 0
    outer loop
      vertex -14.2517 1.3 5
      vertex -14.4021 0.994976 2
      vertex -14.4021 0.994976 5
    endloop
  endfacet
  facet normal -0.831398 0.555677 0
    outer loop
      vertex -14.2517 1.3 2
      vertex -14.0627 1.58278 5
      vertex -14.0627 1.58278 2
    endloop
  endfacet
  facet normal -0.831398 0.555677 0
    outer loop
      vertex -14.0627 1.58278 5
      vertex -14.2517 1.3 2
      vertex -14.2517 1.3 5
    endloop
  endfacet
  facet normal -0.555548 -0.831484 0
    outer loop
      vertex -13.5828 -2.06272 2
      vertex -13.3 -2.25167 5
      vertex -13.5828 -2.06272 5
    endloop
  endfacet
  facet normal -0.555548 -0.831484 -0
    outer loop
      vertex -13.3 -2.25167 5
      vertex -13.5828 -2.06272 2
      vertex -13.3 -2.25167 2
    endloop
  endfacet
  facet normal 0 0 1
    outer loop
      vertex -10.75 0 5
      vertex -9.4 0 5
      vertex -9.42224 0.339368 5
    endloop
  endfacet
  facet normal 0 0 1
    outer loop
      vertex -10.7607 0.163157 5
      vertex -9.42224 0.339368 5
      vertex -9.48859 0.672929 5
    endloop
  endfacet
  facet normal 0 0 1
    outer loop
      vertex -9.4 0 5
      vertex -10.75 0 5
      vertex -9.42224 -0.339368 5
    endloop
  endfacet
  facet normal 0 0 1
    outer loop
      vertex -10.7926 0.323524 5
      vertex -9.48859 0.672929 5
      vertex -9.59791 0.994976 5
    endloop
  endfacet
  facet normal -0 0 1
    outer loop
      vertex -10.7607 -0.163157 5
      vertex -9.42224 -0.339368 5
      vertex -10.75 0 5
    endloop
  endfacet
  facet normal 0 0 1
    outer loop
      vertex -10.8452 0.478354 5
      vertex -9.59791 0.994976 5
      vertex -9.74833 1.3 5
    endloop
  endfacet
  facet normal 0 0 1
    outer loop
      vertex -9.42224 -0.339368 5
      vertex -10.7607 -0.163157 5
      vertex -9.48859 -0.672929 5
    endloop
  endfacet
  facet normal 0 0 1
    outer loop
      vertex -10.9175 0.625 5
      vertex -9.74833 1.3 5
      vertex -9.93728 1.58278 5
    endloop
  endfacet
  facet normal -0 0 1
    outer loop
      vertex -10.7926 -0.323524 5
      vertex -9.48859 -0.672929 5
      vertex -10.7607 -0.163157 5
    endloop
  endfacet
  facet normal 0 0 1
    outer loop
      vertex -11.0083 0.760951 5
      vertex -9.93728 1.58278 5
      vertex -10.1615 1.83848 5
    endloop
  endfacet
  facet normal 0 0 1
    outer loop
      vertex -9.48859 -0.672929 5
      vertex -10.7926 -0.323524 5
      vertex -9.59791 -0.994976 5
    endloop
  endfacet
  facet normal 0 0 1
    outer loop
      vertex -11.1161 0.883883 5
      vertex -10.1615 1.83848 5
      vertex -10.4172 2.06272 5
    endloop
  endfacet
  facet normal -0 0 1
    outer loop
      vertex -10.8452 -0.478354 5
      vertex -9.59791 -0.994976 5
      vertex -10.7926 -0.323524 5
    endloop
  endfacet
  facet normal 0 0 1
    outer loop
      vertex -11.239 0.991692 5
      vertex -10.4172 2.06272 5
      vertex -10.7 2.25167 5
    endloop
  endfacet
  facet normal 0 0 1
    outer loop
      vertex -9.59791 -0.994976 5
      vertex -10.8452 -0.478354 5
      vertex -9.74833 -1.3 5
    endloop
  endfacet
  facet normal -0 0 1
    outer loop
      vertex -10.9175 -0.625 5
      vertex -9.74833 -1.3 5
      vertex -10.8452 -0.478354 5
    endloop
  endfacet
  facet normal 0 0 1
    outer loop
      vertex -9.42224 0.339368 5
      vertex -10.7607 0.163157 5
      vertex -10.75 0 5
    endloop
  endfacet
  facet normal 0 0 1
    outer loop
      vertex -9.48859 0.672929 5
      vertex -10.7926 0.323524 5
      vertex -10.7607 0.163157 5
    endloop
  endfacet
  facet normal 0 0 1
    outer loop
      vertex -9.59791 0.994976 5
      vertex -10.8452 0.478354 5
      vertex -10.7926 0.323524 5
    endloop
  endfacet
  facet normal 0 0 1
    outer loop
      vertex -9.74833 1.3 5
      vertex -10.9175 0.625 5
      vertex -10.8452 0.478354 5
    endloop
  endfacet
  facet normal 0 0 1
    outer loop
      vertex -11.375 1.08253 5
      vertex -10.7 2.25167 5
      vertex -11.005 2.40209 5
    endloop
  endfacet
  facet normal 0 0 1
    outer loop
      vertex -9.93728 1.58278 5
      vertex -11.0083 0.760951 5
      vertex -10.9175 0.625 5
    endloop
  endfacet
  facet normal 0 0 1
    outer loop
      vertex -10.1615 1.83848 5
      vertex -11.1161 0.883883 5
      vertex -11.0083 0.760951 5
    endloop
  endfacet
  facet normal 0 0 1
    outer loop
      vertex -10.4172 2.06272 5
      vertex -11.239 0.991692 5
      vertex -11.1161 0.883883 5
    endloop
  endfacet
  facet normal 0 0 1
    outer loop
      vertex -11.5216 1.15485 5
      vertex -11.005 2.40209 5
      vertex -11.3271 2.51141 5
    endloop
  endfacet
  facet normal 0 0 1
    outer loop
      vertex -10.7 2.25167 5
      vertex -11.375 1.08253 5
      vertex -11.239 0.991692 5
    endloop
  endfacet
  facet normal 0 0 1
    outer loop
      vertex -11.005 2.40209 5
      vertex -11.5216 1.15485 5
      vertex -11.375 1.08253 5
    endloop
  endfacet
  facet normal 0 0 1
    outer loop
      vertex -11.6765 1.20741 5
      vertex -11.3271 2.51141 5
      vertex -11.6606 2.57776 5
    endloop
  endfacet
  facet normal 0 0 1
    outer loop
      vertex -11.3271 2.51141 5
      vertex -11.6765 1.20741 5
      vertex -11.5216 1.15485 5
    endloop
  endfacet
  facet normal 0 0 1
    outer loop
      vertex -11.6606 2.57776 5
      vertex -11.8368 1.23931 5
      vertex -11.6765 1.20741 5
    endloop
  endfacet
  facet normal 0 0 1
    outer loop
      vertex -12 2.6 5
      vertex -11.8368 1.23931 5
      vertex -11.6606 2.57776 5
    endloop
  endfacet
  facet normal 0 0 1
    outer loop
      vertex -12 2.6 5
      vertex -12 1.25 5
      vertex -11.8368 1.23931 5
    endloop
  endfacet
  facet normal 0 0 1
    outer loop
      vertex -12 2.6 5
      vertex -12.1632 1.23931 5
      vertex -12 1.25 5
    endloop
  endfacet
  facet normal -0 0 1
    outer loop
      vertex -12.3394 2.57776 5
      vertex -12.1632 1.23931 5
      vertex -12 2.6 5
    endloop
  endfacet
  facet normal 0 0 1
    outer loop
      vertex -12.1632 1.23931 5
      vertex -12.3394 2.57776 5
      vertex -12.3235 1.20741 5
    endloop
  endfacet
  facet normal -0 0 1
    outer loop
      vertex -12.6729 2.51141 5
      vertex -12.3235 1.20741 5
      vertex -12.3394 2.57776 5
    endloop
  endfacet
  facet normal 0 0 1
    outer loop
      vertex -12.3235 1.20741 5
      vertex -12.6729 2.51141 5
      vertex -12.4784 1.15485 5
    endloop
  endfacet
  facet normal -0 0 1
    outer loop
      vertex -12.995 2.40209 5
      vertex -12.4784 1.15485 5
      vertex -12.6729 2.51141 5
    endloop
  endfacet
  facet normal 0 0 1
    outer loop
      vertex -12.4784 1.15485 5
      vertex -12.995 2.40209 5
      vertex -12.625 1.08253 5
    endloop
  endfacet
  facet normal -0 0 1
    outer loop
      vertex -13.3 2.25167 5
      vertex -12.625 1.08253 5
      vertex -12.995 2.40209 5
    endloop
  endfacet
  facet normal 0 0 1
    outer loop
      vertex -12.625 1.08253 5
      vertex -13.3 2.25167 5
      vertex -12.761 0.991692 5
    endloop
  endfacet
  facet normal -0 0 1
    outer loop
      vertex -13.5828 2.06272 5
      vertex -12.761 0.991692 5
      vertex -13.3 2.25167 5
    endloop
  endfacet
  facet normal 0 0 1
    outer loop
      vertex -12.761 0.991692 5
      vertex -13.5828 2.06272 5
      vertex -12.8839 0.883883 5
    endloop
  endfacet
  facet normal -0 0 1
    outer loop
      vertex -13.8385 1.83848 5
      vertex -12.8839 0.883883 5
      vertex -13.5828 2.06272 5
    endloop
  endfacet
  facet normal 0 0 1
    outer loop
      vertex -12.8839 0.883883 5
      vertex -13.8385 1.83848 5
      vertex -12.9917 0.760951 5
    endloop
  endfacet
  facet normal -0 0 1
    outer loop
      vertex -14.0627 1.58278 5
      vertex -12.9917 0.760951 5
      vertex -13.8385 1.83848 5
    endloop
  endfacet
  facet normal -0 0 1
    outer loop
      vertex -14.2517 1.3 5
      vertex -13.0825 0.625 5
      vertex -14.0627 1.58278 5
    endloop
  endfacet
  facet normal 0 0 1
    outer loop
      vertex -12.9917 0.760951 5
      vertex -14.0627 1.58278 5
      vertex -13.0825 0.625 5
    endloop
  endfacet
  facet normal 0 0 1
    outer loop
      vertex -9.74833 -1.3 5
      vertex -10.9175 -0.625 5
      vertex -9.93728 -1.58278 5
    endloop
  endfacet
  facet normal -0 0 1
    outer loop
      vertex -11.0083 -0.760951 5
      vertex -9.93728 -1.58278 5
      vertex -10.9175 -0.625 5
    endloop
  endfacet
  facet normal 0 0 1
    outer loop
      vertex -9.93728 -1.58278 5
      vertex -11.0083 -0.760951 5
      vertex -10.1615 -1.83848 5
    endloop
  endfacet
  facet normal -0 0 1
    outer loop
      vertex -11.1161 -0.883883 5
      vertex -10.1615 -1.83848 5
      vertex -11.0083 -0.760951 5
    endloop
  endfacet
  facet normal 0 0 1
    outer loop
      vertex -10.1615 -1.83848 5
      vertex -11.1161 -0.883883 5
      vertex -10.4172 -2.06272 5
    endloop
  endfacet
  facet normal -0 0 1
    outer loop
      vertex -11.239 -0.991692 5
      vertex -10.4172 -2.06272 5
      vertex -11.1161 -0.883883 5
    endloop
  endfacet
  facet normal 0 0 1
    outer loop
      vertex -10.4172 -2.06272 5
      vertex -11.239 -0.991692 5
      vertex -10.7 -2.25167 5
    endloop
  endfacet
  facet normal -0 0 1
    outer loop
      vertex -11.375 -1.08253 5
      vertex -10.7 -2.25167 5
      vertex -11.239 -0.991692 5
    endloop
  endfacet
  facet normal 0 0 1
    outer loop
      vertex -10.7 -2.25167 5
      vertex -11.375 -1.08253 5
      vertex -11.005 -2.40209 5
    endloop
  endfacet
  facet normal -0 0 1
    outer loop
      vertex -11.5216 -1.15485 5
      vertex -11.005 -2.40209 5
      vertex -11.375 -1.08253 5
    endloop
  endfacet
  facet normal 0 0 1
    outer loop
      vertex -11.005 -2.40209 5
      vertex -11.5216 -1.15485 5
      vertex -11.3271 -2.51141 5
    endloop
  endfacet
  facet normal -0 0 1
    outer loop
      vertex -11.6765 -1.20741 5
      vertex -11.3271 -2.51141 5
      vertex -11.5216 -1.15485 5
    endloop
  endfacet
  facet normal 0 0 1
    outer loop
      vertex -11.3271 -2.51141 5
      vertex -11.6765 -1.20741 5
      vertex -11.6606 -2.57776 5
    endloop
  endfacet
  facet normal -0 0 1
    outer loop
      vertex -11.8368 -1.23931 5
      vertex -11.6606 -2.57776 5
      vertex -11.6765 -1.20741 5
    endloop
  endfacet
  facet normal -0 0 1
    outer loop
      vertex -12 -1.25 5
      vertex -11.6606 -2.57776 5
      vertex -11.8368 -1.23931 5
    endloop
  endfacet
  facet normal 0 0 1
    outer loop
      vertex -12 -1.25 5
      vertex -12 -2.6 5
      vertex -11.6606 -2.57776 5
    endloop
  endfacet
  facet normal 0 0 1
    outer loop
      vertex -12.1632 -1.23931 5
      vertex -12 -2.6 5
      vertex -12 -1.25 5
    endloop
  endfacet
  facet normal 0 0 1
    outer loop
      vertex -12.3394 -2.57776 5
      vertex -12.1632 -1.23931 5
      vertex -12.3235 -1.20741 5
    endloop
  endfacet
  facet normal 0 0 1
    outer loop
      vertex -12.1632 -1.23931 5
      vertex -12.3394 -2.57776 5
      vertex -12 -2.6 5
    endloop
  endfacet
  facet normal 0 0 1
    outer loop
      vertex -12.6729 -2.51141 5
      vertex -12.3235 -1.20741 5
      vertex -12.4784 -1.15485 5
    endloop
  endfacet
  facet normal 0 0 1
    outer loop
      vertex -12.995 -2.40209 5
      vertex -12.4784 -1.15485 5
      vertex -12.625 -1.08253 5
    endloop
  endfacet
  facet normal 0 0 1
    outer loop
      vertex -12.3235 -1.20741 5
      vertex -12.6729 -2.51141 5
      vertex -12.3394 -2.57776 5
    endloop
  endfacet
  facet normal 0 0 1
    outer loop
      vertex -13.3 -2.25167 5
      vertex -12.625 -1.08253 5
      vertex -12.761 -0.991692 5
    endloop
  endfacet
  facet normal 0 0 1
    outer loop
      vertex -13.5828 -2.06272 5
      vertex -12.761 -0.991692 5
      vertex -12.8839 -0.883883 5
    endloop
  endfacet
  facet normal 0 0 1
    outer loop
      vertex -13.8385 -1.83848 5
      vertex -12.8839 -0.883883 5
      vertex -12.9917 -0.760951 5
    endloop
  endfacet
  facet normal 0 0 1
    outer loop
      vertex -12.4784 -1.15485 5
      vertex -12.995 -2.40209 5
      vertex -12.6729 -2.51141 5
    endloop
  endfacet
  facet normal 0 0 1
    outer loop
      vertex -14.0627 -1.58278 5
      vertex -12.9917 -0.760951 5
      vertex -13.0825 -0.625 5
    endloop
  endfacet
  facet normal 0 0 1
    outer loop
      vertex -14.2517 -1.3 5
      vertex -13.0825 -0.625 5
      vertex -13.1548 -0.478354 5
    endloop
  endfacet
  facet normal 0 0 1
    outer loop
      vertex -14.4021 -0.994976 5
      vertex -13.1548 -0.478354 5
      vertex -13.2074 -0.323524 5
    endloop
  endfacet
  facet normal 0 0 1
    outer loop
      vertex -14.5114 -0.672929 5
      vertex -13.2074 -0.323524 5
      vertex -13.2393 -0.163157 5
    endloop
  endfacet
  facet normal 0 0 1
    outer loop
      vertex -12.625 -1.08253 5
      vertex -13.3 -2.25167 5
      vertex -12.995 -2.40209 5
    endloop
  endfacet
  facet normal 0 0 1
    outer loop
      vertex -14.5778 -0.339368 5
      vertex -13.2393 -0.163157 5
      vertex -13.25 0 5
    endloop
  endfacet
  facet normal 0 0 1
    outer loop
      vertex -13.0825 0.625 5
      vertex -14.2517 1.3 5
      vertex -13.1548 0.478354 5
    endloop
  endfacet
  facet normal -0 0 1
    outer loop
      vertex -14.4021 0.994976 5
      vertex -13.1548 0.478354 5
      vertex -14.2517 1.3 5
    endloop
  endfacet
  facet normal 0 0 1
    outer loop
      vertex -12.761 -0.991692 5
      vertex -13.5828 -2.06272 5
      vertex -13.3 -2.25167 5
    endloop
  endfacet
  facet normal 0 0 1
    outer loop
      vertex -13.1548 0.478354 5
      vertex -14.4021 0.994976 5
      vertex -13.2074 0.323524 5
    endloop
  endfacet
  facet normal 0 0 1
    outer loop
      vertex -12.8839 -0.883883 5
      vertex -13.8385 -1.83848 5
      vertex -13.5828 -2.06272 5
    endloop
  endfacet
  facet normal -0 0 1
    outer loop
      vertex -14.5114 0.672929 5
      vertex -13.2074 0.323524 5
      vertex -14.4021 0.994976 5
    endloop
  endfacet
  facet normal 0 0 1
    outer loop
      vertex -12.9917 -0.760951 5
      vertex -14.0627 -1.58278 5
      vertex -13.8385 -1.83848 5
    endloop
  endfacet
  facet normal 0 0 1
    outer loop
      vertex -13.2074 0.323524 5
      vertex -14.5114 0.672929 5
      vertex -13.2393 0.163157 5
    endloop
  endfacet
  facet normal 0 0 1
    outer loop
      vertex -13.0825 -0.625 5
      vertex -14.2517 -1.3 5
      vertex -14.0627 -1.58278 5
    endloop
  endfacet
  facet normal -0 0 1
    outer loop
      vertex -14.5778 0.339368 5
      vertex -13.2393 0.163157 5
      vertex -14.5114 0.672929 5
    endloop
  endfacet
  facet normal 0 0 1
    outer loop
      vertex -13.1548 -0.478354 5
      vertex -14.4021 -0.994976 5
      vertex -14.2517 -1.3 5
    endloop
  endfacet
  facet normal 0 0 1
    outer loop
      vertex -13.2393 0.163157 5
      vertex -14.5778 0.339368 5
      vertex -13.25 0 5
    endloop
  endfacet
  facet normal 0 0 1
    outer loop
      vertex -13.2074 -0.323524 5
      vertex -14.5114 -0.672929 5
      vertex -14.4021 -0.994976 5
    endloop
  endfacet
  facet normal 0 0 1
    outer loop
      vertex -14.6 0 5
      vertex -13.25 0 5
      vertex -14.5778 0.339368 5
    endloop
  endfacet
  facet normal 0 0 1
    outer loop
      vertex -13.2393 -0.163157 5
      vertex -14.5778 -0.339368 5
      vertex -14.5114 -0.672929 5
    endloop
  endfacet
  facet normal 0 0 1
    outer loop
      vertex -13.25 0 5
      vertex -14.6 0 5
      vertex -14.5778 -0.339368 5
    endloop
  endfacet
  facet normal 0.980784 -0.195096 0
    outer loop
      vertex -10.7926 -0.323524 7
      vertex -10.7607 -0.163157 5
      vertex -10.7607 -0.163157 7
    endloop
  endfacet
  facet normal 0.980784 -0.195096 0
    outer loop
      vertex -10.7607 -0.163157 5
      vertex -10.7926 -0.323524 7
      vertex -10.7926 -0.323524 5
    endloop
  endfacet
  facet normal 0.980784 0.195096 0
    outer loop
      vertex -10.7607 0.163157 7
      vertex -10.7926 0.323524 5
      vertex -10.7926 0.323524 7
    endloop
  endfacet
  facet normal 0.980784 0.195096 0
    outer loop
      vertex -10.7926 0.323524 5
      vertex -10.7607 0.163157 7
      vertex -10.7607 0.163157 5
    endloop
  endfacet
  facet normal 0.997856 0.0654404 0
    outer loop
      vertex -10.75 0 7
      vertex -10.7607 0.163157 5
      vertex -10.7607 0.163157 7
    endloop
  endfacet
  facet normal 0.997856 0.0654404 0
    outer loop
      vertex -10.7607 0.163157 5
      vertex -10.75 0 7
      vertex -10.75 0 5
    endloop
  endfacet
  facet normal 0.946851 0.321671 0
    outer loop
      vertex -10.7926 0.323524 7
      vertex -10.8452 0.478354 5
      vertex -10.8452 0.478354 7
    endloop
  endfacet
  facet normal 0.946851 0.321671 0
    outer loop
      vertex -10.8452 0.478354 5
      vertex -10.7926 0.323524 7
      vertex -10.7926 0.323524 5
    endloop
  endfacet
  facet normal -0.997856 0.0654404 0
    outer loop
      vertex -13.25 0 5
      vertex -13.2393 0.163157 7
      vertex -13.2393 0.163157 5
    endloop
  endfacet
  facet normal -0.997856 0.0654404 0
    outer loop
      vertex -13.2393 0.163157 7
      vertex -13.25 0 5
      vertex -13.25 0 7
    endloop
  endfacet
  facet normal 0.442411 -0.896812 0
    outer loop
      vertex -11.5216 -1.15485 5
      vertex -11.375 -1.08253 7
      vertex -11.5216 -1.15485 7
    endloop
  endfacet
  facet normal 0.442411 -0.896812 0
    outer loop
      vertex -11.375 -1.08253 7
      vertex -11.5216 -1.15485 5
      vertex -11.375 -1.08253 5
    endloop
  endfacet
  facet normal 0.195175 0.980768 -0
    outer loop
      vertex -11.6765 1.20741 5
      vertex -11.8368 1.23931 7
      vertex -11.6765 1.20741 7
    endloop
  endfacet
  facet normal 0.195175 0.980768 0
    outer loop
      vertex -11.8368 1.23931 7
      vertex -11.6765 1.20741 5
      vertex -11.8368 1.23931 5
    endloop
  endfacet
  facet normal 0.195175 -0.980768 0
    outer loop
      vertex -11.8368 -1.23931 5
      vertex -11.6765 -1.20741 7
      vertex -11.8368 -1.23931 7
    endloop
  endfacet
  facet normal 0.195175 -0.980768 0
    outer loop
      vertex -11.6765 -1.20741 7
      vertex -11.8368 -1.23931 5
      vertex -11.6765 -1.20741 5
    endloop
  endfacet
  facet normal 0.0653624 -0.997862 0
    outer loop
      vertex -12 -1.25 5
      vertex -11.8368 -1.23931 7
      vertex -12 -1.25 7
    endloop
  endfacet
  facet normal 0.0653624 -0.997862 0
    outer loop
      vertex -11.8368 -1.23931 7
      vertex -12 -1.25 5
      vertex -11.8368 -1.23931 5
    endloop
  endfacet
  facet normal -0.659445 0.751753 0
    outer loop
      vertex -12.761 0.991692 5
      vertex -12.8839 0.883883 7
      vertex -12.761 0.991692 7
    endloop
  endfacet
  facet normal -0.659445 0.751753 0
    outer loop
      vertex -12.8839 0.883883 7
      vertex -12.761 0.991692 5
      vertex -12.8839 0.883883 5
    endloop
  endfacet
  facet normal -0.831581 0.555403 0
    outer loop
      vertex -13.0825 0.625 5
      vertex -12.9917 0.760951 7
      vertex -12.9917 0.760951 5
    endloop
  endfacet
  facet normal -0.831581 0.555403 0
    outer loop
      vertex -12.9917 0.760951 7
      vertex -13.0825 0.625 5
      vertex -13.0825 0.625 7
    endloop
  endfacet
  facet normal 0.321322 0.94697 -0
    outer loop
      vertex -11.5216 1.15485 5
      vertex -11.6765 1.20741 7
      vertex -11.5216 1.15485 7
    endloop
  endfacet
  facet normal 0.321322 0.94697 0
    outer loop
      vertex -11.6765 1.20741 7
      vertex -11.5216 1.15485 5
      vertex -11.6765 1.20741 5
    endloop
  endfacet
  facet normal 0.659445 -0.751753 0
    outer loop
      vertex -11.239 -0.991692 5
      vertex -11.1161 -0.883883 7
      vertex -11.239 -0.991692 7
    endloop
  endfacet
  facet normal 0.659445 -0.751753 0
    outer loop
      vertex -11.1161 -0.883883 7
      vertex -11.239 -0.991692 5
      vertex -11.1161 -0.883883 5
    endloop
  endfacet
  facet normal -0.442411 0.896812 0
    outer loop
      vertex -12.4784 1.15485 5
      vertex -12.625 1.08253 7
      vertex -12.4784 1.15485 7
    endloop
  endfacet
  facet normal -0.442411 0.896812 0
    outer loop
      vertex -12.625 1.08253 7
      vertex -12.4784 1.15485 5
      vertex -12.625 1.08253 5
    endloop
  endfacet
  facet normal -0.0653624 -0.997862 0
    outer loop
      vertex -12.1632 -1.23931 5
      vertex -12 -1.25 7
      vertex -12.1632 -1.23931 7
    endloop
  endfacet
  facet normal -0.0653624 -0.997862 -0
    outer loop
      vertex -12 -1.25 7
      vertex -12.1632 -1.23931 5
      vertex -12 -1.25 5
    endloop
  endfacet
  facet normal 0.751865 -0.659317 0
    outer loop
      vertex -11.1161 -0.883883 7
      vertex -11.0083 -0.760951 5
      vertex -11.0083 -0.760951 7
    endloop
  endfacet
  facet normal 0.751865 -0.659317 0
    outer loop
      vertex -11.0083 -0.760951 5
      vertex -11.1161 -0.883883 7
      vertex -11.1161 -0.883883 5
    endloop
  endfacet
  facet normal -0.946851 -0.321671 0
    outer loop
      vertex -13.1548 -0.478354 5
      vertex -13.2074 -0.323524 7
      vertex -13.2074 -0.323524 5
    endloop
  endfacet
  facet normal -0.946851 -0.321671 0
    outer loop
      vertex -13.2074 -0.323524 7
      vertex -13.1548 -0.478354 5
      vertex -13.1548 -0.478354 7
    endloop
  endfacet
  facet normal 0.321322 -0.94697 0
    outer loop
      vertex -11.6765 -1.20741 5
      vertex -11.5216 -1.15485 7
      vertex -11.6765 -1.20741 7
    endloop
  endfacet
  facet normal 0.321322 -0.94697 0
    outer loop
      vertex -11.5216 -1.15485 7
      vertex -11.6765 -1.20741 5
      vertex -11.5216 -1.15485 5
    endloop
  endfacet
  facet normal -0.321322 0.94697 0
    outer loop
      vertex -12.3235 1.20741 5
      vertex -12.4784 1.15485 7
      vertex -12.3235 1.20741 7
    endloop
  endfacet
  facet normal -0.321322 0.94697 0
    outer loop
      vertex -12.4784 1.15485 7
      vertex -12.3235 1.20741 5
      vertex -12.4784 1.15485 5
    endloop
  endfacet
  facet normal -0.555425 0.831566 0
    outer loop
      vertex -12.625 1.08253 5
      vertex -12.761 0.991692 7
      vertex -12.625 1.08253 7
    endloop
  endfacet
  facet normal -0.555425 0.831566 0
    outer loop
      vertex -12.761 0.991692 7
      vertex -12.625 1.08253 5
      vertex -12.761 0.991692 5
    endloop
  endfacet
  facet normal -0.946851 0.321671 0
    outer loop
      vertex -13.2074 0.323524 5
      vertex -13.1548 0.478354 7
      vertex -13.1548 0.478354 5
    endloop
  endfacet
  facet normal -0.946851 0.321671 0
    outer loop
      vertex -13.1548 0.478354 7
      vertex -13.2074 0.323524 5
      vertex -13.2074 0.323524 7
    endloop
  endfacet
  facet normal 0.896916 0.442201 0
    outer loop
      vertex -10.8452 0.478354 7
      vertex -10.9175 0.625 5
      vertex -10.9175 0.625 7
    endloop
  endfacet
  facet normal 0.896916 0.442201 0
    outer loop
      vertex -10.9175 0.625 5
      vertex -10.8452 0.478354 7
      vertex -10.8452 0.478354 5
    endloop
  endfacet
  facet normal -0.195175 0.980768 0
    outer loop
      vertex -12.1632 1.23931 5
      vertex -12.3235 1.20741 7
      vertex -12.1632 1.23931 7
    endloop
  endfacet
  facet normal -0.195175 0.980768 0
    outer loop
      vertex -12.3235 1.20741 7
      vertex -12.1632 1.23931 5
      vertex -12.3235 1.20741 5
    endloop
  endfacet
  facet normal 0.659445 0.751753 -0
    outer loop
      vertex -11.1161 0.883883 5
      vertex -11.239 0.991692 7
      vertex -11.1161 0.883883 7
    endloop
  endfacet
  facet normal 0.659445 0.751753 0
    outer loop
      vertex -11.239 0.991692 7
      vertex -11.1161 0.883883 5
      vertex -11.239 0.991692 5
    endloop
  endfacet
  facet normal 0.997856 -0.0654404 0
    outer loop
      vertex -10.7607 -0.163157 7
      vertex -10.75 0 5
      vertex -10.75 0 7
    endloop
  endfacet
  facet normal 0.997856 -0.0654404 0
    outer loop
      vertex -10.75 0 5
      vertex -10.7607 -0.163157 7
      vertex -10.7607 -0.163157 5
    endloop
  endfacet
  facet normal 0.442411 0.896812 -0
    outer loop
      vertex -11.375 1.08253 5
      vertex -11.5216 1.15485 7
      vertex -11.375 1.08253 7
    endloop
  endfacet
  facet normal 0.442411 0.896812 0
    outer loop
      vertex -11.5216 1.15485 7
      vertex -11.375 1.08253 5
      vertex -11.5216 1.15485 5
    endloop
  endfacet
  facet normal -0.321322 -0.94697 0
    outer loop
      vertex -12.4784 -1.15485 5
      vertex -12.3235 -1.20741 7
      vertex -12.4784 -1.15485 7
    endloop
  endfacet
  facet normal -0.321322 -0.94697 -0
    outer loop
      vertex -12.3235 -1.20741 7
      vertex -12.4784 -1.15485 5
      vertex -12.3235 -1.20741 5
    endloop
  endfacet
  facet normal -0.980784 0.195096 0
    outer loop
      vertex -13.2393 0.163157 5
      vertex -13.2074 0.323524 7
      vertex -13.2074 0.323524 5
    endloop
  endfacet
  facet normal -0.980784 0.195096 0
    outer loop
      vertex -13.2074 0.323524 7
      vertex -13.2393 0.163157 5
      vertex -13.2393 0.163157 7
    endloop
  endfacet
  facet normal -0.0653624 0.997862 0
    outer loop
      vertex -12 1.25 5
      vertex -12.1632 1.23931 7
      vertex -12 1.25 7
    endloop
  endfacet
  facet normal -0.0653624 0.997862 0
    outer loop
      vertex -12.1632 1.23931 7
      vertex -12 1.25 5
      vertex -12.1632 1.23931 5
    endloop
  endfacet
  facet normal -0.195175 -0.980768 0
    outer loop
      vertex -12.3235 -1.20741 5
      vertex -12.1632 -1.23931 7
      vertex -12.3235 -1.20741 7
    endloop
  endfacet
  facet normal -0.195175 -0.980768 -0
    outer loop
      vertex -12.1632 -1.23931 7
      vertex -12.3235 -1.20741 5
      vertex -12.1632 -1.23931 5
    endloop
  endfacet
  facet normal 0.946851 -0.321671 0
    outer loop
      vertex -10.8452 -0.478354 7
      vertex -10.7926 -0.323524 5
      vertex -10.7926 -0.323524 7
    endloop
  endfacet
  facet normal 0.946851 -0.321671 0
    outer loop
      vertex -10.7926 -0.323524 5
      vertex -10.8452 -0.478354 7
      vertex -10.8452 -0.478354 5
    endloop
  endfacet
  facet normal 0.831581 0.555403 0
    outer loop
      vertex -10.9175 0.625 7
      vertex -11.0083 0.760951 5
      vertex -11.0083 0.760951 7
    endloop
  endfacet
  facet normal 0.831581 0.555403 0
    outer loop
      vertex -11.0083 0.760951 5
      vertex -10.9175 0.625 7
      vertex -10.9175 0.625 5
    endloop
  endfacet
  facet normal 0.751865 0.659317 0
    outer loop
      vertex -11.0083 0.760951 7
      vertex -11.1161 0.883883 5
      vertex -11.1161 0.883883 7
    endloop
  endfacet
  facet normal 0.751865 0.659317 0
    outer loop
      vertex -11.1161 0.883883 5
      vertex -11.0083 0.760951 7
      vertex -11.0083 0.760951 5
    endloop
  endfacet
  facet normal -0.896916 -0.442201 0
    outer loop
      vertex -13.0825 -0.625 5
      vertex -13.1548 -0.478354 7
      vertex -13.1548 -0.478354 5
    endloop
  endfacet
  facet normal -0.896916 -0.442201 0
    outer loop
      vertex -13.1548 -0.478354 7
      vertex -13.0825 -0.625 5
      vertex -13.0825 -0.625 7
    endloop
  endfacet
  facet normal 0.896916 -0.442201 0
    outer loop
      vertex -10.9175 -0.625 7
      vertex -10.8452 -0.478354 5
      vertex -10.8452 -0.478354 7
    endloop
  endfacet
  facet normal 0.896916 -0.442201 0
    outer loop
      vertex -10.8452 -0.478354 5
      vertex -10.9175 -0.625 7
      vertex -10.9175 -0.625 5
    endloop
  endfacet
  facet normal -0.751865 -0.659317 0
    outer loop
      vertex -12.8839 -0.883883 5
      vertex -12.9917 -0.760951 7
      vertex -12.9917 -0.760951 5
    endloop
  endfacet
  facet normal -0.751865 -0.659317 0
    outer loop
      vertex -12.9917 -0.760951 7
      vertex -12.8839 -0.883883 5
      vertex -12.8839 -0.883883 7
    endloop
  endfacet
  facet normal 0.831581 -0.555403 0
    outer loop
      vertex -11.0083 -0.760951 7
      vertex -10.9175 -0.625 5
      vertex -10.9175 -0.625 7
    endloop
  endfacet
  facet normal 0.831581 -0.555403 0
    outer loop
      vertex -10.9175 -0.625 5
      vertex -11.0083 -0.760951 7
      vertex -11.0083 -0.760951 5
    endloop
  endfacet
  facet normal -0.751865 0.659317 0
    outer loop
      vertex -12.9917 0.760951 5
      vertex -12.8839 0.883883 7
      vertex -12.8839 0.883883 5
    endloop
  endfacet
  facet normal -0.751865 0.659317 0
    outer loop
      vertex -12.8839 0.883883 7
      vertex -12.9917 0.760951 5
      vertex -12.9917 0.760951 7
    endloop
  endfacet
  facet normal 0.0653624 0.997862 -0
    outer loop
      vertex -11.8368 1.23931 5
      vertex -12 1.25 7
      vertex -11.8368 1.23931 7
    endloop
  endfacet
  facet normal 0.0653624 0.997862 0
    outer loop
      vertex -12 1.25 7
      vertex -11.8368 1.23931 5
      vertex -12 1.25 5
    endloop
  endfacet
  facet normal 0.555425 0.831566 -0
    outer loop
      vertex -11.239 0.991692 5
      vertex -11.375 1.08253 7
      vertex -11.239 0.991692 7
    endloop
  endfacet
  facet normal 0.555425 0.831566 0
    outer loop
      vertex -11.375 1.08253 7
      vertex -11.239 0.991692 5
      vertex -11.375 1.08253 5
    endloop
  endfacet
  facet normal -0.442411 -0.896812 0
    outer loop
      vertex -12.625 -1.08253 5
      vertex -12.4784 -1.15485 7
      vertex -12.625 -1.08253 7
    endloop
  endfacet
  facet normal -0.442411 -0.896812 -0
    outer loop
      vertex -12.4784 -1.15485 7
      vertex -12.625 -1.08253 5
      vertex -12.4784 -1.15485 5
    endloop
  endfacet
  facet normal -0.831581 -0.555403 0
    outer loop
      vertex -12.9917 -0.760951 5
      vertex -13.0825 -0.625 7
      vertex -13.0825 -0.625 5
    endloop
  endfacet
  facet normal -0.831581 -0.555403 0
    outer loop
      vertex -13.0825 -0.625 7
      vertex -12.9917 -0.760951 5
      vertex -12.9917 -0.760951 7
    endloop
  endfacet
  facet normal -0.980784 -0.195096 0
    outer loop
      vertex -13.2074 -0.323524 5
      vertex -13.2393 -0.163157 7
      vertex -13.2393 -0.163157 5
    endloop
  endfacet
  facet normal -0.980784 -0.195096 0
    outer loop
      vertex -13.2393 -0.163157 7
      vertex -13.2074 -0.323524 5
      vertex -13.2074 -0.323524 7
    endloop
  endfacet
  facet normal -0.659445 -0.751753 0
    outer loop
      vertex -12.8839 -0.883883 5
      vertex -12.761 -0.991692 7
      vertex -12.8839 -0.883883 7
    endloop
  endfacet
  facet normal -0.659445 -0.751753 -0
    outer loop
      vertex -12.761 -0.991692 7
      vertex -12.8839 -0.883883 5
      vertex -12.761 -0.991692 5
    endloop
  endfacet
  facet normal -0.896916 0.442201 0
    outer loop
      vertex -13.1548 0.478354 5
      vertex -13.0825 0.625 7
      vertex -13.0825 0.625 5
    endloop
  endfacet
  facet normal -0.896916 0.442201 0
    outer loop
      vertex -13.0825 0.625 7
      vertex -13.1548 0.478354 5
      vertex -13.1548 0.478354 7
    endloop
  endfacet
  facet normal -0.997856 -0.0654404 0
    outer loop
      vertex -13.2393 -0.163157 5
      vertex -13.25 0 7
      vertex -13.25 0 5
    endloop
  endfacet
  facet normal -0.997856 -0.0654404 0
    outer loop
      vertex -13.25 0 7
      vertex -13.2393 -0.163157 5
      vertex -13.2393 -0.163157 7
    endloop
  endfacet
  facet normal 0.555425 -0.831566 0
    outer loop
      vertex -11.375 -1.08253 5
      vertex -11.239 -0.991692 7
      vertex -11.375 -1.08253 7
    endloop
  endfacet
  facet normal 0.555425 -0.831566 0
    outer loop
      vertex -11.239 -0.991692 7
      vertex -11.375 -1.08253 5
      vertex -11.239 -0.991692 5
    endloop
  endfacet
  facet normal -0.555425 -0.831566 0
    outer loop
      vertex -12.761 -0.991692 5
      vertex -12.625 -1.08253 7
      vertex -12.761 -0.991692 7
    endloop
  endfacet
  facet normal -0.555425 -0.831566 -0
    outer loop
      vertex -12.625 -1.08253 7
      vertex -12.761 -0.991692 5
      vertex -12.625 -1.08253 5
    endloop
  endfacet
  facet normal 0.414345 0.839919 0.350505
    outer loop
      vertex -11.5216 1.15485 7
      vertex -11.6365 0.877686 7.8
      vertex -11.375 1.08253 7
    endloop
  endfacet
  facet normal 0.0612167 -0.934571 0.35047
    outer loop
      vertex -11.876 -0.941873 7.8
      vertex -12 -1.25 7
      vertex -11.8368 -1.23931 7
    endloop
  endfacet
  facet normal 0.934583 0.0610494 0.350469
    outer loop
      vertex -10.75 0 7
      vertex -11.0581 0.124 7.8
      vertex -11.05 0 7.8
    endloop
  endfacet
  facet normal 0.934581 0.0612908 0.35043
    outer loop
      vertex -10.7607 0.163157 7
      vertex -11.0581 0.124 7.8
      vertex -10.75 0 7
    endloop
  endfacet
  facet normal 0.704186 -0.617506 0.350439
    outer loop
      vertex -11.0083 -0.760951 7
      vertex -11.3282 -0.671751 7.8
      vertex -11.1161 -0.883883 7
    endloop
  endfacet
  facet normal -0.182795 0.918561 0.350474
    outer loop
      vertex -12.1632 1.23931 7
      vertex -12.3235 1.20741 7
      vertex -12.124 0.941873 7.8
    endloop
  endfacet
  facet normal -0.520197 -0.778824 0.350467
    outer loop
      vertex -12.475 -0.822723 7.8
      vertex -12.761 -0.991692 7
      vertex -12.625 -1.08253 7
    endloop
  endfacet
  facet normal 0.300939 -0.886899 0.350493
    outer loop
      vertex -11.6365 -0.877686 7.8
      vertex -11.6765 -1.20741 7
      vertex -11.5216 -1.15485 7
    endloop
  endfacet
  facet normal -0.0612521 0.934571 0.350464
    outer loop
      vertex -12 1.25 7
      vertex -12.124 0.941873 7.8
      vertex -12 0.95 7.8
    endloop
  endfacet
  facet normal -0.414345 -0.839919 0.350505
    outer loop
      vertex -12.3635 -0.877686 7.8
      vertex -12.625 -1.08253 7
      vertex -12.4784 -1.15485 7
    endloop
  endfacet
  facet normal 0.301211 0.886824 0.350449
    outer loop
      vertex -11.6765 1.20741 7
      vertex -11.7541 0.917629 7.8
      vertex -11.6365 0.877686 7.8
    endloop
  endfacet
  facet normal 0.0612521 0.934571 0.350464
    outer loop
      vertex -12 1.25 7
      vertex -12 0.95 7.8
      vertex -11.876 0.941873 7.8
    endloop
  endfacet
  facet normal 0.300939 0.886899 0.350493
    outer loop
      vertex -11.5216 1.15485 7
      vertex -11.6765 1.20741 7
      vertex -11.6365 0.877686 7.8
    endloop
  endfacet
  facet normal 0 0 1
    outer loop
      vertex -11.0581 0.124 7.8
      vertex -11.0581 -0.124 7.8
      vertex -11.05 0 7.8
    endloop
  endfacet
  facet normal 0 0 1
    outer loop
      vertex -11.0824 0.245877 7.8
      vertex -11.0581 -0.124 7.8
      vertex -11.0581 0.124 7.8
    endloop
  endfacet
  facet normal 0 0 1
    outer loop
      vertex -11.0824 0.245877 7.8
      vertex -11.0824 -0.245877 7.8
      vertex -11.0581 -0.124 7.8
    endloop
  endfacet
  facet normal 0 0 1
    outer loop
      vertex -11.1223 0.363549 7.8
      vertex -11.0824 -0.245877 7.8
      vertex -11.0824 0.245877 7.8
    endloop
  endfacet
  facet normal 0 0 1
    outer loop
      vertex -11.1223 0.363549 7.8
      vertex -11.1223 -0.363549 7.8
      vertex -11.0824 -0.245877 7.8
    endloop
  endfacet
  facet normal 0 0 1
    outer loop
      vertex -11.1773 0.474999 7.8
      vertex -11.1223 -0.363549 7.8
      vertex -11.1223 0.363549 7.8
    endloop
  endfacet
  facet normal 0 0 1
    outer loop
      vertex -11.1773 0.474999 7.8
      vertex -11.1773 -0.474999 7.8
      vertex -11.1223 -0.363549 7.8
    endloop
  endfacet
  facet normal 0 0 1
    outer loop
      vertex -11.2463 0.578322 7.8
      vertex -11.1773 -0.474999 7.8
      vertex -11.1773 0.474999 7.8
    endloop
  endfacet
  facet normal 0 0 1
    outer loop
      vertex -11.2463 0.578322 7.8
      vertex -11.2463 -0.578322 7.8
      vertex -11.1773 -0.474999 7.8
    endloop
  endfacet
  facet normal 0 0 1
    outer loop
      vertex -11.3282 0.671751 7.8
      vertex -11.2463 -0.578322 7.8
      vertex -11.2463 0.578322 7.8
    endloop
  endfacet
  facet normal 0 0 1
    outer loop
      vertex -11.3282 0.671751 7.8
      vertex -11.3282 -0.671751 7.8
      vertex -11.2463 -0.578322 7.8
    endloop
  endfacet
  facet normal 0 0 1
    outer loop
      vertex -11.4217 0.753685 7.8
      vertex -11.3282 -0.671751 7.8
      vertex -11.3282 0.671751 7.8
    endloop
  endfacet
  facet normal 0 0 1
    outer loop
      vertex -11.4217 0.753685 7.8
      vertex -11.4217 -0.753685 7.8
      vertex -11.3282 -0.671751 7.8
    endloop
  endfacet
  facet normal 0 0 1
    outer loop
      vertex -11.525 0.822723 7.8
      vertex -11.4217 -0.753685 7.8
      vertex -11.4217 0.753685 7.8
    endloop
  endfacet
  facet normal 0 0 1
    outer loop
      vertex -11.525 0.822723 7.8
      vertex -11.525 -0.822723 7.8
      vertex -11.4217 -0.753685 7.8
    endloop
  endfacet
  facet normal 0 0 1
    outer loop
      vertex -11.6365 0.877686 7.8
      vertex -11.525 -0.822723 7.8
      vertex -11.525 0.822723 7.8
    endloop
  endfacet
  facet normal 0 0 1
    outer loop
      vertex -11.6365 0.877686 7.8
      vertex -11.6365 -0.877686 7.8
      vertex -11.525 -0.822723 7.8
    endloop
  endfacet
  facet normal 0 0 1
    outer loop
      vertex -11.7541 0.917629 7.8
      vertex -11.6365 -0.877686 7.8
      vertex -11.6365 0.877686 7.8
    endloop
  endfacet
  facet normal 0 0 1
    outer loop
      vertex -11.7541 0.917629 7.8
      vertex -11.7541 -0.917629 7.8
      vertex -11.6365 -0.877686 7.8
    endloop
  endfacet
  facet normal 0 0 1
    outer loop
      vertex -11.876 0.941873 7.8
      vertex -11.7541 -0.917629 7.8
      vertex -11.7541 0.917629 7.8
    endloop
  endfacet
  facet normal 0 0 1
    outer loop
      vertex -11.876 0.941873 7.8
      vertex -11.876 -0.941873 7.8
      vertex -11.7541 -0.917629 7.8
    endloop
  endfacet
  facet normal 0 0 1
    outer loop
      vertex -12 0.95 7.8
      vertex -11.876 -0.941873 7.8
      vertex -11.876 0.941873 7.8
    endloop
  endfacet
  facet normal 0 0 1
    outer loop
      vertex -12 0.95 7.8
      vertex -12 -0.95 7.8
      vertex -11.876 -0.941873 7.8
    endloop
  endfacet
  facet normal -0 0 1
    outer loop
      vertex -12.124 0.941873 7.8
      vertex -12 -0.95 7.8
      vertex -12 0.95 7.8
    endloop
  endfacet
  facet normal 0 0 1
    outer loop
      vertex -12.124 0.941873 7.8
      vertex -12.124 -0.941873 7.8
      vertex -12 -0.95 7.8
    endloop
  endfacet
  facet normal -0 0 1
    outer loop
      vertex -12.2459 0.917629 7.8
      vertex -12.124 -0.941873 7.8
      vertex -12.124 0.941873 7.8
    endloop
  endfacet
  facet normal 0 0 1
    outer loop
      vertex -12.2459 0.917629 7.8
      vertex -12.2459 -0.917629 7.8
      vertex -12.124 -0.941873 7.8
    endloop
  endfacet
  facet normal -0 0 1
    outer loop
      vertex -12.3635 0.877686 7.8
      vertex -12.2459 -0.917629 7.8
      vertex -12.2459 0.917629 7.8
    endloop
  endfacet
  facet normal 0 0 1
    outer loop
      vertex -12.3635 0.877686 7.8
      vertex -12.3635 -0.877686 7.8
      vertex -12.2459 -0.917629 7.8
    endloop
  endfacet
  facet normal -0 0 1
    outer loop
      vertex -12.475 0.822723 7.8
      vertex -12.3635 -0.877686 7.8
      vertex -12.3635 0.877686 7.8
    endloop
  endfacet
  facet normal 0 0 1
    outer loop
      vertex -12.475 0.822723 7.8
      vertex -12.475 -0.822723 7.8
      vertex -12.3635 -0.877686 7.8
    endloop
  endfacet
  facet normal -0 0 1
    outer loop
      vertex -12.5783 0.753685 7.8
      vertex -12.475 -0.822723 7.8
      vertex -12.475 0.822723 7.8
    endloop
  endfacet
  facet normal 0 0 1
    outer loop
      vertex -12.5783 0.753685 7.8
      vertex -12.5783 -0.753685 7.8
      vertex -12.475 -0.822723 7.8
    endloop
  endfacet
  facet normal -0 0 1
    outer loop
      vertex -12.6718 0.671751 7.8
      vertex -12.5783 -0.753685 7.8
      vertex -12.5783 0.753685 7.8
    endloop
  endfacet
  facet normal 0 0 1
    outer loop
      vertex -12.6718 0.671751 7.8
      vertex -12.6718 -0.671751 7.8
      vertex -12.5783 -0.753685 7.8
    endloop
  endfacet
  facet normal -0 0 1
    outer loop
      vertex -12.7537 0.578322 7.8
      vertex -12.6718 -0.671751 7.8
      vertex -12.6718 0.671751 7.8
    endloop
  endfacet
  facet normal 0 0 1
    outer loop
      vertex -12.7537 0.578322 7.8
      vertex -12.7537 -0.578322 7.8
      vertex -12.6718 -0.671751 7.8
    endloop
  endfacet
  facet normal -0 0 1
    outer loop
      vertex -12.8227 0.474999 7.8
      vertex -12.7537 -0.578322 7.8
      vertex -12.7537 0.578322 7.8
    endloop
  endfacet
  facet normal 0 0 1
    outer loop
      vertex -12.8227 0.474999 7.8
      vertex -12.8227 -0.474999 7.8
      vertex -12.7537 -0.578322 7.8
    endloop
  endfacet
  facet normal -0 0 1
    outer loop
      vertex -12.8777 0.363549 7.8
      vertex -12.8227 -0.474999 7.8
      vertex -12.8227 0.474999 7.8
    endloop
  endfacet
  facet normal 0 0 1
    outer loop
      vertex -12.8777 0.363549 7.8
      vertex -12.8777 -0.363549 7.8
      vertex -12.8227 -0.474999 7.8
    endloop
  endfacet
  facet normal -0 0 1
    outer loop
      vertex -12.9176 0.245877 7.8
      vertex -12.8777 -0.363549 7.8
      vertex -12.8777 0.363549 7.8
    endloop
  endfacet
  facet normal 0 0 1
    outer loop
      vertex -12.9176 0.245877 7.8
      vertex -12.9176 -0.245877 7.8
      vertex -12.8777 -0.363549 7.8
    endloop
  endfacet
  facet normal -0 0 1
    outer loop
      vertex -12.9419 0.124 7.8
      vertex -12.9176 -0.245877 7.8
      vertex -12.9176 0.245877 7.8
    endloop
  endfacet
  facet normal 0 0 1
    outer loop
      vertex -12.9419 0.124 7.8
      vertex -12.9419 -0.124 7.8
      vertex -12.9176 -0.245877 7.8
    endloop
  endfacet
  facet normal 0 -0 1
    outer loop
      vertex -12.9419 -0.124 7.8
      vertex -12.9419 0.124 7.8
      vertex -12.95 0 7.8
    endloop
  endfacet
  facet normal -0.886819 -0.301277 0.350407
    outer loop
      vertex -12.8777 -0.363549 7.8
      vertex -13.2074 -0.323524 7
      vertex -13.1548 -0.478354 7
    endloop
  endfacet
  facet normal 0.414345 -0.839919 0.350505
    outer loop
      vertex -11.375 -1.08253 7
      vertex -11.6365 -0.877686 7.8
      vertex -11.5216 -1.15485 7
    endloop
  endfacet
  facet normal -0.840049 0.414164 0.350407
    outer loop
      vertex -13.0825 0.625 7
      vertex -13.1548 0.478354 7
      vertex -12.8777 0.363549 7.8
    endloop
  endfacet
  facet normal 0.918486 0.183129 0.350496
    outer loop
      vertex -10.7926 0.323524 7
      vertex -11.0824 0.245877 7.8
      vertex -11.0581 0.124 7.8
    endloop
  endfacet
  facet normal -0.934583 0.0610494 0.350469
    outer loop
      vertex -12.9419 0.124 7.8
      vertex -13.25 0 7
      vertex -12.95 0 7.8
    endloop
  endfacet
  facet normal 0.617244 0.704376 0.350521
    outer loop
      vertex -11.239 0.991692 7
      vertex -11.4217 0.753685 7.8
      vertex -11.3282 0.671751 7.8
    endloop
  endfacet
  facet normal 0.617244 -0.704376 0.350521
    outer loop
      vertex -11.3282 -0.671751 7.8
      vertex -11.4217 -0.753685 7.8
      vertex -11.239 -0.991692 7
    endloop
  endfacet
  facet normal 0.704186 0.617506 0.350439
    outer loop
      vertex -11.1161 0.883883 7
      vertex -11.3282 0.671751 7.8
      vertex -11.0083 0.760951 7
    endloop
  endfacet
  facet normal -0.301211 0.886824 0.350449
    outer loop
      vertex -12.3235 1.20741 7
      vertex -12.3635 0.877686 7.8
      vertex -12.2459 0.917629 7.8
    endloop
  endfacet
  facet normal 0.840049 0.414164 0.350407
    outer loop
      vertex -10.9175 0.625 7
      vertex -11.1223 0.363549 7.8
      vertex -10.8452 0.478354 7
    endloop
  endfacet
  facet normal -0.0612521 -0.934571 0.350464
    outer loop
      vertex -12 -0.95 7.8
      vertex -12.124 -0.941873 7.8
      vertex -12 -1.25 7
    endloop
  endfacet
  facet normal 0.182693 0.918587 0.350458
    outer loop
      vertex -11.6765 1.20741 7
      vertex -11.876 0.941873 7.8
      vertex -11.7541 0.917629 7.8
    endloop
  endfacet
  facet normal 0.886819 0.301277 0.350407
    outer loop
      vertex -10.8452 0.478354 7
      vertex -11.1223 0.363549 7.8
      vertex -10.7926 0.323524 7
    endloop
  endfacet
  facet normal 0.918591 0.182725 0.35043
    outer loop
      vertex -10.7926 0.323524 7
      vertex -11.0581 0.124 7.8
      vertex -10.7607 0.163157 7
    endloop
  endfacet
  facet normal -0.934583 -0.0610494 0.350469
    outer loop
      vertex -12.95 0 7.8
      vertex -13.25 0 7
      vertex -12.9419 -0.124 7.8
    endloop
  endfacet
  facet normal 0.4141 -0.840059 0.35046
    outer loop
      vertex -11.525 -0.822723 7.8
      vertex -11.6365 -0.877686 7.8
      vertex -11.375 -1.08253 7
    endloop
  endfacet
  facet normal -0.617625 -0.704079 0.350445
    outer loop
      vertex -12.6718 -0.671751 7.8
      vertex -12.8839 -0.883883 7
      vertex -12.761 -0.991692 7
    endloop
  endfacet
  facet normal 0.918591 -0.182725 0.35043
    outer loop
      vertex -10.7607 -0.163157 7
      vertex -11.0581 -0.124 7.8
      vertex -10.7926 -0.323524 7
    endloop
  endfacet
  facet normal -0.704286 -0.617378 0.350464
    outer loop
      vertex -12.7537 -0.578322 7.8
      vertex -12.9917 -0.760951 7
      vertex -12.6718 -0.671751 7.8
    endloop
  endfacet
  facet normal -0.918486 -0.183129 0.350496
    outer loop
      vertex -12.9419 -0.124 7.8
      vertex -13.2074 -0.323524 7
      vertex -12.9176 -0.245877 7.8
    endloop
  endfacet
  facet normal 0.840049 -0.414164 0.350407
    outer loop
      vertex -10.8452 -0.478354 7
      vertex -11.1223 -0.363549 7.8
      vertex -10.9175 -0.625 7
    endloop
  endfacet
  facet normal -0.617625 0.704079 0.350445
    outer loop
      vertex -12.761 0.991692 7
      vertex -12.8839 0.883883 7
      vertex -12.6718 0.671751 7.8
    endloop
  endfacet
  facet normal -0.934581 -0.0612908 0.35043
    outer loop
      vertex -12.9419 -0.124 7.8
      vertex -13.25 0 7
      vertex -13.2393 -0.163157 7
    endloop
  endfacet
  facet normal -0.918591 0.182725 0.35043
    outer loop
      vertex -13.2074 0.323524 7
      vertex -13.2393 0.163157 7
      vertex -12.9419 0.124 7.8
    endloop
  endfacet
  facet normal -0.301211 -0.886824 0.350449
    outer loop
      vertex -12.2459 -0.917629 7.8
      vertex -12.3635 -0.877686 7.8
      vertex -12.3235 -1.20741 7
    endloop
  endfacet
  facet normal -0.934581 0.0612908 0.35043
    outer loop
      vertex -13.2393 0.163157 7
      vertex -13.25 0 7
      vertex -12.9419 0.124 7.8
    endloop
  endfacet
  facet normal -0.182693 0.918587 0.350458
    outer loop
      vertex -12.124 0.941873 7.8
      vertex -12.3235 1.20741 7
      vertex -12.2459 0.917629 7.8
    endloop
  endfacet
  facet normal -0.886819 0.301277 0.350407
    outer loop
      vertex -13.1548 0.478354 7
      vertex -13.2074 0.323524 7
      vertex -12.8777 0.363549 7.8
    endloop
  endfacet
  facet normal 0.839874 0.414473 0.350463
    outer loop
      vertex -10.9175 0.625 7
      vertex -11.1773 0.474999 7.8
      vertex -11.1223 0.363549 7.8
    endloop
  endfacet
  facet normal -0.840049 -0.414164 0.350407
    outer loop
      vertex -12.8777 -0.363549 7.8
      vertex -13.1548 -0.478354 7
      vertex -13.0825 -0.625 7
    endloop
  endfacet
  facet normal -0.0612167 0.934571 0.35047
    outer loop
      vertex -12 1.25 7
      vertex -12.1632 1.23931 7
      vertex -12.124 0.941873 7.8
    endloop
  endfacet
  facet normal 0.886819 -0.301277 0.350407
    outer loop
      vertex -10.7926 -0.323524 7
      vertex -11.1223 -0.363549 7.8
      vertex -10.8452 -0.478354 7
    endloop
  endfacet
  facet normal 0.886963 0.30075 0.350493
    outer loop
      vertex -10.7926 0.323524 7
      vertex -11.1223 0.363549 7.8
      vertex -11.0824 0.245877 7.8
    endloop
  endfacet
  facet normal 0.0612521 -0.934571 0.350464
    outer loop
      vertex -12 -0.95 7.8
      vertex -12 -1.25 7
      vertex -11.876 -0.941873 7.8
    endloop
  endfacet
  facet normal 0.182795 -0.918561 0.350474
    outer loop
      vertex -11.6765 -1.20741 7
      vertex -11.876 -0.941873 7.8
      vertex -11.8368 -1.23931 7
    endloop
  endfacet
  facet normal -0.520404 -0.778668 0.350508
    outer loop
      vertex -12.5783 -0.753685 7.8
      vertex -12.761 -0.991692 7
      vertex -12.475 -0.822723 7.8
    endloop
  endfacet
  facet normal -0.77884 0.520178 0.350462
    outer loop
      vertex -12.9917 0.760951 7
      vertex -13.0825 0.625 7
      vertex -12.8227 0.474999 7.8
    endloop
  endfacet
  facet normal 0.520197 -0.778824 0.350467
    outer loop
      vertex -11.239 -0.991692 7
      vertex -11.525 -0.822723 7.8
      vertex -11.375 -1.08253 7
    endloop
  endfacet
  facet normal -0.886963 -0.30075 0.350493
    outer loop
      vertex -12.9176 -0.245877 7.8
      vertex -13.2074 -0.323524 7
      vertex -12.8777 -0.363549 7.8
    endloop
  endfacet
  facet normal -0.918591 -0.182725 0.35043
    outer loop
      vertex -12.9419 -0.124 7.8
      vertex -13.2393 -0.163157 7
      vertex -13.2074 -0.323524 7
    endloop
  endfacet
  facet normal -0.4141 -0.840059 0.35046
    outer loop
      vertex -12.475 -0.822723 7.8
      vertex -12.625 -1.08253 7
      vertex -12.3635 -0.877686 7.8
    endloop
  endfacet
  facet normal -0.704186 -0.617506 0.350439
    outer loop
      vertex -12.6718 -0.671751 7.8
      vertex -12.9917 -0.760951 7
      vertex -12.8839 -0.883883 7
    endloop
  endfacet
  facet normal -0.300939 -0.886899 0.350493
    outer loop
      vertex -12.3635 -0.877686 7.8
      vertex -12.4784 -1.15485 7
      vertex -12.3235 -1.20741 7
    endloop
  endfacet
  facet normal -0.617244 -0.704376 0.350521
    outer loop
      vertex -12.6718 -0.671751 7.8
      vertex -12.761 -0.991692 7
      vertex -12.5783 -0.753685 7.8
    endloop
  endfacet
  facet normal -0.704186 0.617506 0.350439
    outer loop
      vertex -12.8839 0.883883 7
      vertex -12.9917 0.760951 7
      vertex -12.6718 0.671751 7.8
    endloop
  endfacet
  facet normal 0.617625 0.704079 0.350445
    outer loop
      vertex -11.239 0.991692 7
      vertex -11.3282 0.671751 7.8
      vertex -11.1161 0.883883 7
    endloop
  endfacet
  facet normal -0.778871 -0.520137 0.350454
    outer loop
      vertex -12.8227 -0.474999 7.8
      vertex -12.9917 -0.760951 7
      vertex -12.7537 -0.578322 7.8
    endloop
  endfacet
  facet normal 0.182693 -0.918587 0.350458
    outer loop
      vertex -11.7541 -0.917629 7.8
      vertex -11.876 -0.941873 7.8
      vertex -11.6765 -1.20741 7
    endloop
  endfacet
  facet normal 0.704286 -0.617378 0.350464
    outer loop
      vertex -11.2463 -0.578322 7.8
      vertex -11.3282 -0.671751 7.8
      vertex -11.0083 -0.760951 7
    endloop
  endfacet
  facet normal -0.778871 0.520137 0.350454
    outer loop
      vertex -12.7537 0.578322 7.8
      vertex -12.9917 0.760951 7
      vertex -12.8227 0.474999 7.8
    endloop
  endfacet
  facet normal 0.77884 -0.520178 0.350462
    outer loop
      vertex -10.9175 -0.625 7
      vertex -11.1773 -0.474999 7.8
      vertex -11.0083 -0.760951 7
    endloop
  endfacet
  facet normal 0.886963 -0.30075 0.350493
    outer loop
      vertex -11.0824 -0.245877 7.8
      vertex -11.1223 -0.363549 7.8
      vertex -10.7926 -0.323524 7
    endloop
  endfacet
  facet normal -0.300939 0.886899 0.350493
    outer loop
      vertex -12.3235 1.20741 7
      vertex -12.4784 1.15485 7
      vertex -12.3635 0.877686 7.8
    endloop
  endfacet
  facet normal 0.77884 0.520178 0.350462
    outer loop
      vertex -11.0083 0.760951 7
      vertex -11.1773 0.474999 7.8
      vertex -10.9175 0.625 7
    endloop
  endfacet
  facet normal 0.934581 -0.0612908 0.35043
    outer loop
      vertex -10.75 0 7
      vertex -11.0581 -0.124 7.8
      vertex -10.7607 -0.163157 7
    endloop
  endfacet
  facet normal 0.934583 -0.0610494 0.350469
    outer loop
      vertex -11.05 0 7.8
      vertex -11.0581 -0.124 7.8
      vertex -10.75 0 7
    endloop
  endfacet
  facet normal -0.182795 -0.918561 0.350474
    outer loop
      vertex -12.124 -0.941873 7.8
      vertex -12.3235 -1.20741 7
      vertex -12.1632 -1.23931 7
    endloop
  endfacet
  facet normal -0.0612167 -0.934571 0.35047
    outer loop
      vertex -12.124 -0.941873 7.8
      vertex -12.1632 -1.23931 7
      vertex -12 -1.25 7
    endloop
  endfacet
  facet normal -0.414345 0.839919 0.350505
    outer loop
      vertex -12.4784 1.15485 7
      vertex -12.625 1.08253 7
      vertex -12.3635 0.877686 7.8
    endloop
  endfacet
  facet normal -0.839874 -0.414473 0.350463
    outer loop
      vertex -12.8777 -0.363549 7.8
      vertex -13.0825 -0.625 7
      vertex -12.8227 -0.474999 7.8
    endloop
  endfacet
  facet normal -0.520197 0.778824 0.350467
    outer loop
      vertex -12.625 1.08253 7
      vertex -12.761 0.991692 7
      vertex -12.475 0.822723 7.8
    endloop
  endfacet
  facet normal 0.4141 0.840059 0.35046
    outer loop
      vertex -11.375 1.08253 7
      vertex -11.6365 0.877686 7.8
      vertex -11.525 0.822723 7.8
    endloop
  endfacet
  facet normal 0.839874 -0.414473 0.350463
    outer loop
      vertex -11.1223 -0.363549 7.8
      vertex -11.1773 -0.474999 7.8
      vertex -10.9175 -0.625 7
    endloop
  endfacet
  facet normal 0.301211 -0.886824 0.350449
    outer loop
      vertex -11.6365 -0.877686 7.8
      vertex -11.7541 -0.917629 7.8
      vertex -11.6765 -1.20741 7
    endloop
  endfacet
  facet normal -0.704286 0.617378 0.350464
    outer loop
      vertex -12.6718 0.671751 7.8
      vertex -12.9917 0.760951 7
      vertex -12.7537 0.578322 7.8
    endloop
  endfacet
  facet normal 0.520197 0.778824 0.350467
    outer loop
      vertex -11.375 1.08253 7
      vertex -11.525 0.822723 7.8
      vertex -11.239 0.991692 7
    endloop
  endfacet
  facet normal -0.4141 0.840059 0.35046
    outer loop
      vertex -12.3635 0.877686 7.8
      vertex -12.625 1.08253 7
      vertex -12.475 0.822723 7.8
    endloop
  endfacet
  facet normal 0.617625 -0.704079 0.350445
    outer loop
      vertex -11.1161 -0.883883 7
      vertex -11.3282 -0.671751 7.8
      vertex -11.239 -0.991692 7
    endloop
  endfacet
  facet normal -0.617244 0.704376 0.350521
    outer loop
      vertex -12.5783 0.753685 7.8
      vertex -12.761 0.991692 7
      vertex -12.6718 0.671751 7.8
    endloop
  endfacet
  facet normal -0.182693 -0.918587 0.350458
    outer loop
      vertex -12.2459 -0.917629 7.8
      vertex -12.3235 -1.20741 7
      vertex -12.124 -0.941873 7.8
    endloop
  endfacet
  facet normal -0.520404 0.778668 0.350508
    outer loop
      vertex -12.475 0.822723 7.8
      vertex -12.761 0.991692 7
      vertex -12.5783 0.753685 7.8
    endloop
  endfacet
  facet normal 0.0612167 0.934571 0.35047
    outer loop
      vertex -11.8368 1.23931 7
      vertex -12 1.25 7
      vertex -11.876 0.941873 7.8
    endloop
  endfacet
  facet normal 0.182795 0.918561 0.350474
    outer loop
      vertex -11.8368 1.23931 7
      vertex -11.876 0.941873 7.8
      vertex -11.6765 1.20741 7
    endloop
  endfacet
  facet normal 0.778871 0.520137 0.350454
    outer loop
      vertex -11.0083 0.760951 7
      vertex -11.2463 0.578322 7.8
      vertex -11.1773 0.474999 7.8
    endloop
  endfacet
  facet normal -0.77884 -0.520178 0.350462
    outer loop
      vertex -12.8227 -0.474999 7.8
      vertex -13.0825 -0.625 7
      vertex -12.9917 -0.760951 7
    endloop
  endfacet
  facet normal 0.704286 0.617378 0.350464
    outer loop
      vertex -11.0083 0.760951 7
      vertex -11.3282 0.671751 7.8
      vertex -11.2463 0.578322 7.8
    endloop
  endfacet
  facet normal 0.918486 -0.183129 0.350496
    outer loop
      vertex -11.0581 -0.124 7.8
      vertex -11.0824 -0.245877 7.8
      vertex -10.7926 -0.323524 7
    endloop
  endfacet
  facet normal 0.520404 0.778668 0.350508
    outer loop
      vertex -11.239 0.991692 7
      vertex -11.525 0.822723 7.8
      vertex -11.4217 0.753685 7.8
    endloop
  endfacet
  facet normal -0.839874 0.414473 0.350463
    outer loop
      vertex -12.8227 0.474999 7.8
      vertex -13.0825 0.625 7
      vertex -12.8777 0.363549 7.8
    endloop
  endfacet
  facet normal 0.778871 -0.520137 0.350454
    outer loop
      vertex -11.1773 -0.474999 7.8
      vertex -11.2463 -0.578322 7.8
      vertex -11.0083 -0.760951 7
    endloop
  endfacet
  facet normal -0.886963 0.30075 0.350493
    outer loop
      vertex -12.8777 0.363549 7.8
      vertex -13.2074 0.323524 7
      vertex -12.9176 0.245877 7.8
    endloop
  endfacet
  facet normal -0.918486 0.183129 0.350496
    outer loop
      vertex -12.9176 0.245877 7.8
      vertex -13.2074 0.323524 7
      vertex -12.9419 0.124 7.8
    endloop
  endfacet
  facet normal 0.520404 -0.778668 0.350508
    outer loop
      vertex -11.4217 -0.753685 7.8
      vertex -11.525 -0.822723 7.8
      vertex -11.239 -0.991692 7
    endloop
  endfacet
  facet normal 0.980785 0.195092 0
    outer loop
      vertex 2.57776 0.339368 5
      vertex 2.51141 0.672929 2
      vertex 2.51141 0.672929 5
    endloop
  endfacet
  facet normal 0.980785 0.195092 0
    outer loop
      vertex 2.51141 0.672929 2
      vertex 2.57776 0.339368 5
      vertex 2.57776 0.339368 2
    endloop
  endfacet
  facet normal 0.99786 0.0653933 0
    outer loop
      vertex 2.6 0 5
      vertex 2.57776 0.339368 2
      vertex 2.57776 0.339368 5
    endloop
  endfacet
  facet normal 0.99786 0.0653933 0
    outer loop
      vertex 2.57776 0.339368 2
      vertex 2.6 0 5
      vertex 2.6 0 2
    endloop
  endfacet
  facet normal 0.94693 0.321439 0
    outer loop
      vertex 2.51141 0.672929 5
      vertex 2.40209 0.994976 2
      vertex 2.40209 0.994976 5
    endloop
  endfacet
  facet normal 0.94693 0.321439 0
    outer loop
      vertex 2.40209 0.994976 2
      vertex 2.51141 0.672929 5
      vertex 2.51141 0.672929 2
    endloop
  endfacet
  facet normal -0.659341 0.751844 0
    outer loop
      vertex -1.58278 2.06272 2
      vertex -1.83848 1.83848 5
      vertex -1.58278 2.06272 5
    endloop
  endfacet
  facet normal -0.659341 0.751844 0
    outer loop
      vertex -1.83848 1.83848 5
      vertex -1.58278 2.06272 2
      vertex -1.83848 1.83848 2
    endloop
  endfacet
  facet normal 0.0653933 0.99786 -0
    outer loop
      vertex 0.339368 2.57776 2
      vertex 0 2.6 5
      vertex 0.339368 2.57776 5
    endloop
  endfacet
  facet normal 0.0653933 0.99786 0
    outer loop
      vertex 0 2.6 5
      vertex 0.339368 2.57776 2
      vertex 0 2.6 2
    endloop
  endfacet
  facet normal -0.94693 0.321439 0
    outer loop
      vertex -2.51141 0.672929 2
      vertex -2.40209 0.994976 5
      vertex -2.40209 0.994976 2
    endloop
  endfacet
  facet normal -0.94693 0.321439 0
    outer loop
      vertex -2.40209 0.994976 5
      vertex -2.51141 0.672929 2
      vertex -2.51141 0.672929 5
    endloop
  endfacet
  facet normal 0.980785 -0.195092 0
    outer loop
      vertex 2.51141 -0.672929 5
      vertex 2.57776 -0.339368 2
      vertex 2.57776 -0.339368 5
    endloop
  endfacet
  facet normal 0.980785 -0.195092 0
    outer loop
      vertex 2.57776 -0.339368 2
      vertex 2.51141 -0.672929 5
      vertex 2.51141 -0.672929 2
    endloop
  endfacet
  facet normal -0.831466 -0.555575 0
    outer loop
      vertex -2.06272 -1.58278 2
      vertex -2.25167 -1.3 5
      vertex -2.25167 -1.3 2
    endloop
  endfacet
  facet normal -0.831466 -0.555575 0
    outer loop
      vertex -2.25167 -1.3 5
      vertex -2.06272 -1.58278 2
      vertex -2.06272 -1.58278 5
    endloop
  endfacet
  facet normal -0.980785 0.195092 0
    outer loop
      vertex -2.57776 0.339368 2
      vertex -2.51141 0.672929 5
      vertex -2.51141 0.672929 2
    endloop
  endfacet
  facet normal -0.980785 0.195092 0
    outer loop
      vertex -2.51141 0.672929 5
      vertex -2.57776 0.339368 2
      vertex -2.57776 0.339368 5
    endloop
  endfacet
  facet normal -0.555575 0.831466 0
    outer loop
      vertex -1.3 2.25167 2
      vertex -1.58278 2.06272 5
      vertex -1.3 2.25167 5
    endloop
  endfacet
  facet normal -0.555575 0.831466 0
    outer loop
      vertex -1.58278 2.06272 5
      vertex -1.3 2.25167 2
      vertex -1.58278 2.06272 2
    endloop
  endfacet
  facet normal -0.94693 -0.321439 0
    outer loop
      vertex -2.40209 -0.994976 2
      vertex -2.51141 -0.672929 5
      vertex -2.51141 -0.672929 2
    endloop
  endfacet
  facet normal -0.94693 -0.321439 0
    outer loop
      vertex -2.51141 -0.672929 5
      vertex -2.40209 -0.994976 2
      vertex -2.40209 -0.994976 5
    endloop
  endfacet
  facet normal -0.980785 -0.195092 0
    outer loop
      vertex -2.51141 -0.672929 2
      vertex -2.57776 -0.339368 5
      vertex -2.57776 -0.339368 2
    endloop
  endfacet
  facet normal -0.980785 -0.195092 0
    outer loop
      vertex -2.57776 -0.339368 5
      vertex -2.51141 -0.672929 2
      vertex -2.51141 -0.672929 5
    endloop
  endfacet
  facet normal 0.321439 -0.94693 0
    outer loop
      vertex 0.672929 -2.51141 2
      vertex 0.994976 -2.40209 5
      vertex 0.672929 -2.51141 5
    endloop
  endfacet
  facet normal 0.321439 -0.94693 0
    outer loop
      vertex 0.994976 -2.40209 5
      vertex 0.672929 -2.51141 2
      vertex 0.994976 -2.40209 2
    endloop
  endfacet
  facet normal -0.751844 0.659341 0
    outer loop
      vertex -2.06272 1.58278 2
      vertex -1.83848 1.83848 5
      vertex -1.83848 1.83848 2
    endloop
  endfacet
  facet normal -0.751844 0.659341 0
    outer loop
      vertex -1.83848 1.83848 5
      vertex -2.06272 1.58278 2
      vertex -2.06272 1.58278 5
    endloop
  endfacet
  facet normal 0.195092 -0.980785 0
    outer loop
      vertex 0.339368 -2.57776 2
      vertex 0.672929 -2.51141 5
      vertex 0.339368 -2.57776 5
    endloop
  endfacet
  facet normal 0.195092 -0.980785 0
    outer loop
      vertex 0.672929 -2.51141 5
      vertex 0.339368 -2.57776 2
      vertex 0.672929 -2.51141 2
    endloop
  endfacet
  facet normal -0.321439 0.94693 0
    outer loop
      vertex -0.672929 2.51141 2
      vertex -0.994976 2.40209 5
      vertex -0.672929 2.51141 5
    endloop
  endfacet
  facet normal -0.321439 0.94693 0
    outer loop
      vertex -0.994976 2.40209 5
      vertex -0.672929 2.51141 2
      vertex -0.994976 2.40209 2
    endloop
  endfacet
  facet normal 0.896874 0.442286 0
    outer loop
      vertex 2.40209 0.994976 5
      vertex 2.25167 1.3 2
      vertex 2.25167 1.3 5
    endloop
  endfacet
  facet normal 0.896874 0.442286 0
    outer loop
      vertex 2.25167 1.3 2
      vertex 2.40209 0.994976 5
      vertex 2.40209 0.994976 2
    endloop
  endfacet
  facet normal -0.99786 -0.0653933 0
    outer loop
      vertex -2.57776 -0.339368 2
      vertex -2.6 0 5
      vertex -2.6 0 2
    endloop
  endfacet
  facet normal -0.99786 -0.0653933 0
    outer loop
      vertex -2.6 0 5
      vertex -2.57776 -0.339368 2
      vertex -2.57776 -0.339368 5
    endloop
  endfacet
  facet normal -0.0653933 -0.99786 0
    outer loop
      vertex -0.339368 -2.57776 2
      vertex 0 -2.6 5
      vertex -0.339368 -2.57776 5
    endloop
  endfacet
  facet normal -0.0653933 -0.99786 -0
    outer loop
      vertex 0 -2.6 5
      vertex -0.339368 -2.57776 2
      vertex 0 -2.6 2
    endloop
  endfacet
  facet normal 0.195092 0.980785 -0
    outer loop
      vertex 0.672929 2.51141 2
      vertex 0.339368 2.57776 5
      vertex 0.672929 2.51141 5
    endloop
  endfacet
  facet normal 0.195092 0.980785 0
    outer loop
      vertex 0.339368 2.57776 5
      vertex 0.672929 2.51141 2
      vertex 0.339368 2.57776 2
    endloop
  endfacet
  facet normal 0.831466 -0.555575 0
    outer loop
      vertex 2.06272 -1.58278 5
      vertex 2.25167 -1.3 2
      vertex 2.25167 -1.3 5
    endloop
  endfacet
  facet normal 0.831466 -0.555575 0
    outer loop
      vertex 2.25167 -1.3 2
      vertex 2.06272 -1.58278 5
      vertex 2.06272 -1.58278 2
    endloop
  endfacet
  facet normal -0.751844 -0.659341 0
    outer loop
      vertex -1.83848 -1.83848 2
      vertex -2.06272 -1.58278 5
      vertex -2.06272 -1.58278 2
    endloop
  endfacet
  facet normal -0.751844 -0.659341 0
    outer loop
      vertex -2.06272 -1.58278 5
      vertex -1.83848 -1.83848 2
      vertex -1.83848 -1.83848 5
    endloop
  endfacet
  facet normal -0.195092 -0.980785 0
    outer loop
      vertex -0.672929 -2.51141 2
      vertex -0.339368 -2.57776 5
      vertex -0.672929 -2.51141 5
    endloop
  endfacet
  facet normal -0.195092 -0.980785 -0
    outer loop
      vertex -0.339368 -2.57776 5
      vertex -0.672929 -2.51141 2
      vertex -0.339368 -2.57776 2
    endloop
  endfacet
  facet normal 0.555575 0.831466 -0
    outer loop
      vertex 1.58278 2.06272 2
      vertex 1.3 2.25167 5
      vertex 1.58278 2.06272 5
    endloop
  endfacet
  facet normal 0.555575 0.831466 0
    outer loop
      vertex 1.3 2.25167 5
      vertex 1.58278 2.06272 2
      vertex 1.3 2.25167 2
    endloop
  endfacet
  facet normal 0.99786 -0.0653933 0
    outer loop
      vertex 2.57776 -0.339368 5
      vertex 2.6 0 2
      vertex 2.6 0 5
    endloop
  endfacet
  facet normal 0.99786 -0.0653933 0
    outer loop
      vertex 2.6 0 2
      vertex 2.57776 -0.339368 5
      vertex 2.57776 -0.339368 2
    endloop
  endfacet
  facet normal -0.195092 0.980785 0
    outer loop
      vertex -0.339368 2.57776 2
      vertex -0.672929 2.51141 5
      vertex -0.339368 2.57776 5
    endloop
  endfacet
  facet normal -0.195092 0.980785 0
    outer loop
      vertex -0.672929 2.51141 5
      vertex -0.339368 2.57776 2
      vertex -0.672929 2.51141 2
    endloop
  endfacet
  facet normal 0.751844 0.659341 0
    outer loop
      vertex 2.06272 1.58278 5
      vertex 1.83848 1.83848 2
      vertex 1.83848 1.83848 5
    endloop
  endfacet
  facet normal 0.751844 0.659341 0
    outer loop
      vertex 1.83848 1.83848 2
      vertex 2.06272 1.58278 5
      vertex 2.06272 1.58278 2
    endloop
  endfacet
  facet normal 0.659341 0.751844 -0
    outer loop
      vertex 1.83848 1.83848 2
      vertex 1.58278 2.06272 5
      vertex 1.83848 1.83848 5
    endloop
  endfacet
  facet normal 0.659341 0.751844 0
    outer loop
      vertex 1.58278 2.06272 5
      vertex 1.83848 1.83848 2
      vertex 1.58278 2.06272 2
    endloop
  endfacet
  facet normal -0.321439 -0.94693 0
    outer loop
      vertex -0.994976 -2.40209 2
      vertex -0.672929 -2.51141 5
      vertex -0.994976 -2.40209 5
    endloop
  endfacet
  facet normal -0.321439 -0.94693 -0
    outer loop
      vertex -0.672929 -2.51141 5
      vertex -0.994976 -2.40209 2
      vertex -0.672929 -2.51141 2
    endloop
  endfacet
  facet normal 0.0653933 -0.99786 0
    outer loop
      vertex 0 -2.6 2
      vertex 0.339368 -2.57776 5
      vertex 0 -2.6 5
    endloop
  endfacet
  facet normal 0.0653933 -0.99786 0
    outer loop
      vertex 0.339368 -2.57776 5
      vertex 0 -2.6 2
      vertex 0.339368 -2.57776 2
    endloop
  endfacet
  facet normal 0.555575 -0.831466 0
    outer loop
      vertex 1.3 -2.25167 2
      vertex 1.58278 -2.06272 5
      vertex 1.3 -2.25167 5
    endloop
  endfacet
  facet normal 0.555575 -0.831466 0
    outer loop
      vertex 1.58278 -2.06272 5
      vertex 1.3 -2.25167 2
      vertex 1.58278 -2.06272 2
    endloop
  endfacet
  facet normal 0.94693 -0.321439 0
    outer loop
      vertex 2.40209 -0.994976 5
      vertex 2.51141 -0.672929 2
      vertex 2.51141 -0.672929 5
    endloop
  endfacet
  facet normal 0.94693 -0.321439 0
    outer loop
      vertex 2.51141 -0.672929 2
      vertex 2.40209 -0.994976 5
      vertex 2.40209 -0.994976 2
    endloop
  endfacet
  facet normal 0.442286 0.896874 -0
    outer loop
      vertex 1.3 2.25167 2
      vertex 0.994976 2.40209 5
      vertex 1.3 2.25167 5
    endloop
  endfacet
  facet normal 0.442286 0.896874 0
    outer loop
      vertex 0.994976 2.40209 5
      vertex 1.3 2.25167 2
      vertex 0.994976 2.40209 2
    endloop
  endfacet
  facet normal 0.831466 0.555575 0
    outer loop
      vertex 2.25167 1.3 5
      vertex 2.06272 1.58278 2
      vertex 2.06272 1.58278 5
    endloop
  endfacet
  facet normal 0.831466 0.555575 0
    outer loop
      vertex 2.06272 1.58278 2
      vertex 2.25167 1.3 5
      vertex 2.25167 1.3 2
    endloop
  endfacet
  facet normal 0.659341 -0.751844 0
    outer loop
      vertex 1.58278 -2.06272 2
      vertex 1.83848 -1.83848 5
      vertex 1.58278 -2.06272 5
    endloop
  endfacet
  facet normal 0.659341 -0.751844 0
    outer loop
      vertex 1.83848 -1.83848 5
      vertex 1.58278 -2.06272 2
      vertex 1.83848 -1.83848 2
    endloop
  endfacet
  facet normal 0.751844 -0.659341 0
    outer loop
      vertex 1.83848 -1.83848 5
      vertex 2.06272 -1.58278 2
      vertex 2.06272 -1.58278 5
    endloop
  endfacet
  facet normal 0.751844 -0.659341 0
    outer loop
      vertex 2.06272 -1.58278 2
      vertex 1.83848 -1.83848 5
      vertex 1.83848 -1.83848 2
    endloop
  endfacet
  facet normal 0.321439 0.94693 -0
    outer loop
      vertex 0.994976 2.40209 2
      vertex 0.672929 2.51141 5
      vertex 0.994976 2.40209 5
    endloop
  endfacet
  facet normal 0.321439 0.94693 0
    outer loop
      vertex 0.672929 2.51141 5
      vertex 0.994976 2.40209 2
      vertex 0.672929 2.51141 2
    endloop
  endfacet
  facet normal -0.0653933 0.99786 0
    outer loop
      vertex 0 2.6 2
      vertex -0.339368 2.57776 5
      vertex 0 2.6 5
    endloop
  endfacet
  facet normal -0.0653933 0.99786 0
    outer loop
      vertex -0.339368 2.57776 5
      vertex 0 2.6 2
      vertex -0.339368 2.57776 2
    endloop
  endfacet
  facet normal -0.659341 -0.751844 0
    outer loop
      vertex -1.83848 -1.83848 2
      vertex -1.58278 -2.06272 5
      vertex -1.83848 -1.83848 5
    endloop
  endfacet
  facet normal -0.659341 -0.751844 -0
    outer loop
      vertex -1.58278 -2.06272 5
      vertex -1.83848 -1.83848 2
      vertex -1.58278 -2.06272 2
    endloop
  endfacet
  facet normal 0.896874 -0.442286 0
    outer loop
      vertex 2.25167 -1.3 5
      vertex 2.40209 -0.994976 2
      vertex 2.40209 -0.994976 5
    endloop
  endfacet
  facet normal 0.896874 -0.442286 0
    outer loop
      vertex 2.40209 -0.994976 2
      vertex 2.25167 -1.3 5
      vertex 2.25167 -1.3 2
    endloop
  endfacet
  facet normal -0.99786 0.0653933 0
    outer loop
      vertex -2.6 0 2
      vertex -2.57776 0.339368 5
      vertex -2.57776 0.339368 2
    endloop
  endfacet
  facet normal -0.99786 0.0653933 0
    outer loop
      vertex -2.57776 0.339368 5
      vertex -2.6 0 2
      vertex -2.6 0 5
    endloop
  endfacet
  facet normal 0.442286 -0.896874 0
    outer loop
      vertex 0.994976 -2.40209 2
      vertex 1.3 -2.25167 5
      vertex 0.994976 -2.40209 5
    endloop
  endfacet
  facet normal 0.442286 -0.896874 0
    outer loop
      vertex 1.3 -2.25167 5
      vertex 0.994976 -2.40209 2
      vertex 1.3 -2.25167 2
    endloop
  endfacet
  facet normal -0.442286 -0.896874 0
    outer loop
      vertex -1.3 -2.25167 2
      vertex -0.994976 -2.40209 5
      vertex -1.3 -2.25167 5
    endloop
  endfacet
  facet normal -0.442286 -0.896874 -0
    outer loop
      vertex -0.994976 -2.40209 5
      vertex -1.3 -2.25167 2
      vertex -0.994976 -2.40209 2
    endloop
  endfacet
  facet normal -0.442286 0.896874 0
    outer loop
      vertex -0.994976 2.40209 2
      vertex -1.3 2.25167 5
      vertex -0.994976 2.40209 5
    endloop
  endfacet
  facet normal -0.442286 0.896874 0
    outer loop
      vertex -1.3 2.25167 5
      vertex -0.994976 2.40209 2
      vertex -1.3 2.25167 2
    endloop
  endfacet
  facet normal -0.896874 -0.442286 0
    outer loop
      vertex -2.25167 -1.3 2
      vertex -2.40209 -0.994976 5
      vertex -2.40209 -0.994976 2
    endloop
  endfacet
  facet normal -0.896874 -0.442286 0
    outer loop
      vertex -2.40209 -0.994976 5
      vertex -2.25167 -1.3 2
      vertex -2.25167 -1.3 5
    endloop
  endfacet
  facet normal -0.896874 0.442286 0
    outer loop
      vertex -2.40209 0.994976 2
      vertex -2.25167 1.3 5
      vertex -2.25167 1.3 2
    endloop
  endfacet
  facet normal -0.896874 0.442286 0
    outer loop
      vertex -2.25167 1.3 5
      vertex -2.40209 0.994976 2
      vertex -2.40209 0.994976 5
    endloop
  endfacet
  facet normal -0.831466 0.555575 0
    outer loop
      vertex -2.25167 1.3 2
      vertex -2.06272 1.58278 5
      vertex -2.06272 1.58278 2
    endloop
  endfacet
  facet normal -0.831466 0.555575 0
    outer loop
      vertex -2.06272 1.58278 5
      vertex -2.25167 1.3 2
      vertex -2.25167 1.3 5
    endloop
  endfacet
  facet normal -0.555575 -0.831466 0
    outer loop
      vertex -1.58278 -2.06272 2
      vertex -1.3 -2.25167 5
      vertex -1.58278 -2.06272 5
    endloop
  endfacet
  facet normal -0.555575 -0.831466 -0
    outer loop
      vertex -1.3 -2.25167 5
      vertex -1.58278 -2.06272 2
      vertex -1.3 -2.25167 2
    endloop
  endfacet
  facet normal 0 0 1
    outer loop
      vertex 2.57776 0.339368 5
      vertex 1.28888 0.169683 5
      vertex 1.3 0 5
    endloop
  endfacet
  facet normal 0 0 1
    outer loop
      vertex 1.58278 2.06272 5
      vertex 1.2557 0.336464 5
      vertex 1.28888 0.169683 5
    endloop
  endfacet
  facet normal 0 0 1
    outer loop
      vertex 1.58278 2.06272 5
      vertex 1.20104 0.497488 5
      vertex 1.2557 0.336464 5
    endloop
  endfacet
  facet normal 0 0 1
    outer loop
      vertex 1.58278 2.06272 5
      vertex 1.12583 0.65 5
      vertex 1.20104 0.497488 5
    endloop
  endfacet
  facet normal 0 0 1
    outer loop
      vertex 1.58278 2.06272 5
      vertex 1.03136 0.791389 5
      vertex 1.12583 0.65 5
    endloop
  endfacet
  facet normal 0 0 1
    outer loop
      vertex 0.65 1.12583 5
      vertex 1.3 2.25167 5
      vertex 0.994976 2.40209 5
    endloop
  endfacet
  facet normal 0 0 1
    outer loop
      vertex 1.58278 2.06272 5
      vertex 0.919238 0.919238 5
      vertex 1.03136 0.791389 5
    endloop
  endfacet
  facet normal 0 0 1
    outer loop
      vertex 1.58278 2.06272 5
      vertex 0.791389 1.03136 5
      vertex 0.919238 0.919238 5
    endloop
  endfacet
  facet normal 0 0 1
    outer loop
      vertex 0.497488 1.20104 5
      vertex 0.994976 2.40209 5
      vertex 0.672929 2.51141 5
    endloop
  endfacet
  facet normal 0 0 1
    outer loop
      vertex 1.3 2.25167 5
      vertex 0.65 1.12583 5
      vertex 0.791389 1.03136 5
    endloop
  endfacet
  facet normal 0 0 1
    outer loop
      vertex 0.994976 2.40209 5
      vertex 0.497488 1.20104 5
      vertex 0.65 1.12583 5
    endloop
  endfacet
  facet normal 0 0 1
    outer loop
      vertex 0.336464 1.2557 5
      vertex 0.672929 2.51141 5
      vertex 0.339368 2.57776 5
    endloop
  endfacet
  facet normal 0 0 1
    outer loop
      vertex 0.672929 2.51141 5
      vertex 0.336464 1.2557 5
      vertex 0.497488 1.20104 5
    endloop
  endfacet
  facet normal 0 0 1
    outer loop
      vertex 0.339368 2.57776 5
      vertex 0.169683 1.28888 5
      vertex 0.336464 1.2557 5
    endloop
  endfacet
  facet normal 0 0 1
    outer loop
      vertex 0 2.6 5
      vertex 0.169683 1.28888 5
      vertex 0.339368 2.57776 5
    endloop
  endfacet
  facet normal 0 0 1
    outer loop
      vertex 0 2.6 5
      vertex 0 1.3 5
      vertex 0.169683 1.28888 5
    endloop
  endfacet
  facet normal 0 0 1
    outer loop
      vertex 0 2.6 5
      vertex -0.169683 1.28888 5
      vertex 0 1.3 5
    endloop
  endfacet
  facet normal -0 0 1
    outer loop
      vertex -0.339368 2.57776 5
      vertex -0.169683 1.28888 5
      vertex 0 2.6 5
    endloop
  endfacet
  facet normal 0 0 1
    outer loop
      vertex -0.169683 1.28888 5
      vertex -0.339368 2.57776 5
      vertex -0.336464 1.2557 5
    endloop
  endfacet
  facet normal -0 0 1
    outer loop
      vertex -0.672929 2.51141 5
      vertex -0.336464 1.2557 5
      vertex -0.339368 2.57776 5
    endloop
  endfacet
  facet normal 0 0 1
    outer loop
      vertex -0.336464 1.2557 5
      vertex -0.672929 2.51141 5
      vertex -0.497488 1.20104 5
    endloop
  endfacet
  facet normal -0 0 1
    outer loop
      vertex -0.994976 2.40209 5
      vertex -0.497488 1.20104 5
      vertex -0.672929 2.51141 5
    endloop
  endfacet
  facet normal 0 0 1
    outer loop
      vertex -0.497488 1.20104 5
      vertex -0.994976 2.40209 5
      vertex -0.65 1.12583 5
    endloop
  endfacet
  facet normal -0 0 1
    outer loop
      vertex -1.3 2.25167 5
      vertex -0.65 1.12583 5
      vertex -0.994976 2.40209 5
    endloop
  endfacet
  facet normal 0 0 1
    outer loop
      vertex -0.65 1.12583 5
      vertex -1.3 2.25167 5
      vertex -0.791389 1.03136 5
    endloop
  endfacet
  facet normal -0 0 1
    outer loop
      vertex -1.58278 2.06272 5
      vertex -0.791389 1.03136 5
      vertex -1.3 2.25167 5
    endloop
  endfacet
  facet normal 0 0 1
    outer loop
      vertex -0.791389 1.03136 5
      vertex -1.58278 2.06272 5
      vertex -0.919238 0.919238 5
    endloop
  endfacet
  facet normal -0 0 1
    outer loop
      vertex -1.83848 1.83848 5
      vertex -0.919238 0.919238 5
      vertex -1.58278 2.06272 5
    endloop
  endfacet
  facet normal 0 0 1
    outer loop
      vertex -0.919238 0.919238 5
      vertex -1.83848 1.83848 5
      vertex -1.03136 0.791389 5
    endloop
  endfacet
  facet normal -0 0 1
    outer loop
      vertex -2.06272 1.58278 5
      vertex -1.03136 0.791389 5
      vertex -1.83848 1.83848 5
    endloop
  endfacet
  facet normal 0 0 1
    outer loop
      vertex -1.03136 0.791389 5
      vertex -2.06272 1.58278 5
      vertex -1.12583 0.65 5
    endloop
  endfacet
  facet normal -0 0 1
    outer loop
      vertex -2.25167 1.3 5
      vertex -1.12583 0.65 5
      vertex -2.06272 1.58278 5
    endloop
  endfacet
  facet normal 0 0 1
    outer loop
      vertex -1.12583 0.65 5
      vertex -2.25167 1.3 5
      vertex -1.20104 0.497488 5
    endloop
  endfacet
  facet normal -0 0 1
    outer loop
      vertex -2.40209 0.994976 5
      vertex -1.20104 0.497488 5
      vertex -2.25167 1.3 5
    endloop
  endfacet
  facet normal 0 0 1
    outer loop
      vertex -1.3 0 5
      vertex -1.58278 -2.06272 5
      vertex -1.3 -2.25167 5
    endloop
  endfacet
  facet normal 0 0 1
    outer loop
      vertex -1.20104 0.497488 5
      vertex -2.40209 0.994976 5
      vertex -1.2557 0.336464 5
    endloop
  endfacet
  facet normal 0 0 1
    outer loop
      vertex -1.3 0 5
      vertex -1.83848 -1.83848 5
      vertex -1.58278 -2.06272 5
    endloop
  endfacet
  facet normal -0 0 1
    outer loop
      vertex -2.51141 0.672929 5
      vertex -1.2557 0.336464 5
      vertex -2.40209 0.994976 5
    endloop
  endfacet
  facet normal 0 0 1
    outer loop
      vertex -1.3 0 5
      vertex -2.06272 -1.58278 5
      vertex -1.83848 -1.83848 5
    endloop
  endfacet
  facet normal 0 0 1
    outer loop
      vertex -1.2557 0.336464 5
      vertex -2.51141 0.672929 5
      vertex -1.28888 0.169683 5
    endloop
  endfacet
  facet normal 0 0 1
    outer loop
      vertex -1.3 0 5
      vertex -2.25167 -1.3 5
      vertex -2.06272 -1.58278 5
    endloop
  endfacet
  facet normal -0 0 1
    outer loop
      vertex -2.57776 0.339368 5
      vertex -1.28888 0.169683 5
      vertex -2.51141 0.672929 5
    endloop
  endfacet
  facet normal 0 0 1
    outer loop
      vertex -1.3 0 5
      vertex -2.40209 -0.994976 5
      vertex -2.25167 -1.3 5
    endloop
  endfacet
  facet normal 0 0 1
    outer loop
      vertex -1.28888 0.169683 5
      vertex -2.57776 0.339368 5
      vertex -1.3 0 5
    endloop
  endfacet
  facet normal 0 0 1
    outer loop
      vertex -1.3 0 5
      vertex -2.51141 -0.672929 5
      vertex -2.40209 -0.994976 5
    endloop
  endfacet
  facet normal 0 0 1
    outer loop
      vertex -2.6 0 5
      vertex -1.3 0 5
      vertex -2.57776 0.339368 5
    endloop
  endfacet
  facet normal 0 0 1
    outer loop
      vertex -1.3 0 5
      vertex -2.57776 -0.339368 5
      vertex -2.51141 -0.672929 5
    endloop
  endfacet
  facet normal 0 0 1
    outer loop
      vertex -1.3 0 5
      vertex -2.6 0 5
      vertex -2.57776 -0.339368 5
    endloop
  endfacet
  facet normal 0 0 1
    outer loop
      vertex 1.3 0 5
      vertex 2.6 0 5
      vertex 2.57776 0.339368 5
    endloop
  endfacet
  facet normal 0 0 1
    outer loop
      vertex 1.28888 0.169683 5
      vertex 2.57776 0.339368 5
      vertex 2.51141 0.672929 5
    endloop
  endfacet
  facet normal 0 0 1
    outer loop
      vertex 2.6 0 5
      vertex 1.3 0 5
      vertex 2.57776 -0.339368 5
    endloop
  endfacet
  facet normal 0 0 1
    outer loop
      vertex 1.28888 0.169683 5
      vertex 2.51141 0.672929 5
      vertex 2.40209 0.994976 5
    endloop
  endfacet
  facet normal -0 0 1
    outer loop
      vertex 1.28888 -0.169683 5
      vertex 2.57776 -0.339368 5
      vertex 1.3 0 5
    endloop
  endfacet
  facet normal 0 0 1
    outer loop
      vertex 1.28888 0.169683 5
      vertex 2.40209 0.994976 5
      vertex 2.25167 1.3 5
    endloop
  endfacet
  facet normal 0 0 1
    outer loop
      vertex 2.57776 -0.339368 5
      vertex 1.28888 -0.169683 5
      vertex 2.51141 -0.672929 5
    endloop
  endfacet
  facet normal 0 0 1
    outer loop
      vertex 1.28888 0.169683 5
      vertex 2.25167 1.3 5
      vertex 2.06272 1.58278 5
    endloop
  endfacet
  facet normal -0 0 1
    outer loop
      vertex 1.2557 -0.336464 5
      vertex 2.51141 -0.672929 5
      vertex 1.28888 -0.169683 5
    endloop
  endfacet
  facet normal 0 0 1
    outer loop
      vertex 1.28888 0.169683 5
      vertex 2.06272 1.58278 5
      vertex 1.83848 1.83848 5
    endloop
  endfacet
  facet normal 0 0 1
    outer loop
      vertex 2.51141 -0.672929 5
      vertex 1.2557 -0.336464 5
      vertex 2.40209 -0.994976 5
    endloop
  endfacet
  facet normal 0 0 1
    outer loop
      vertex 1.28888 0.169683 5
      vertex 1.83848 1.83848 5
      vertex 1.58278 2.06272 5
    endloop
  endfacet
  facet normal -0 0 1
    outer loop
      vertex 1.20104 -0.497488 5
      vertex 2.40209 -0.994976 5
      vertex 1.2557 -0.336464 5
    endloop
  endfacet
  facet normal 0 0 1
    outer loop
      vertex 0.791389 1.03136 5
      vertex 1.58278 2.06272 5
      vertex 1.3 2.25167 5
    endloop
  endfacet
  facet normal 0 0 1
    outer loop
      vertex 2.40209 -0.994976 5
      vertex 1.20104 -0.497488 5
      vertex 2.25167 -1.3 5
    endloop
  endfacet
  facet normal -0 0 1
    outer loop
      vertex 1.12583 -0.65 5
      vertex 2.25167 -1.3 5
      vertex 1.20104 -0.497488 5
    endloop
  endfacet
  facet normal 0 0 1
    outer loop
      vertex 2.25167 -1.3 5
      vertex 1.12583 -0.65 5
      vertex 2.06272 -1.58278 5
    endloop
  endfacet
  facet normal -0 0 1
    outer loop
      vertex 1.03136 -0.791389 5
      vertex 2.06272 -1.58278 5
      vertex 1.12583 -0.65 5
    endloop
  endfacet
  facet normal 0 0 1
    outer loop
      vertex 2.06272 -1.58278 5
      vertex 1.03136 -0.791389 5
      vertex 1.83848 -1.83848 5
    endloop
  endfacet
  facet normal -0 0 1
    outer loop
      vertex 0.919238 -0.919238 5
      vertex 1.83848 -1.83848 5
      vertex 1.03136 -0.791389 5
    endloop
  endfacet
  facet normal 0 0 1
    outer loop
      vertex 1.83848 -1.83848 5
      vertex 0.919238 -0.919238 5
      vertex 1.58278 -2.06272 5
    endloop
  endfacet
  facet normal -0 0 1
    outer loop
      vertex 0.791389 -1.03136 5
      vertex 1.58278 -2.06272 5
      vertex 0.919238 -0.919238 5
    endloop
  endfacet
  facet normal 0 0 1
    outer loop
      vertex 1.58278 -2.06272 5
      vertex 0.791389 -1.03136 5
      vertex 1.3 -2.25167 5
    endloop
  endfacet
  facet normal -0 0 1
    outer loop
      vertex 0.65 -1.12583 5
      vertex 1.3 -2.25167 5
      vertex 0.791389 -1.03136 5
    endloop
  endfacet
  facet normal 0 0 1
    outer loop
      vertex 1.3 -2.25167 5
      vertex 0.65 -1.12583 5
      vertex 0.994976 -2.40209 5
    endloop
  endfacet
  facet normal -0 0 1
    outer loop
      vertex 0.497488 -1.20104 5
      vertex 0.994976 -2.40209 5
      vertex 0.65 -1.12583 5
    endloop
  endfacet
  facet normal 0 0 1
    outer loop
      vertex 0.994976 -2.40209 5
      vertex 0.497488 -1.20104 5
      vertex 0.672929 -2.51141 5
    endloop
  endfacet
  facet normal -0 0 1
    outer loop
      vertex 0.336464 -1.2557 5
      vertex 0.672929 -2.51141 5
      vertex 0.497488 -1.20104 5
    endloop
  endfacet
  facet normal 0 0 1
    outer loop
      vertex 0.672929 -2.51141 5
      vertex 0.336464 -1.2557 5
      vertex 0.339368 -2.57776 5
    endloop
  endfacet
  facet normal -0 0 1
    outer loop
      vertex 0.169683 -1.28888 5
      vertex 0.339368 -2.57776 5
      vertex 0.336464 -1.2557 5
    endloop
  endfacet
  facet normal -0 0 1
    outer loop
      vertex 0 -1.3 5
      vertex 0.339368 -2.57776 5
      vertex 0.169683 -1.28888 5
    endloop
  endfacet
  facet normal 0 0 1
    outer loop
      vertex 0 -1.3 5
      vertex 0 -2.6 5
      vertex 0.339368 -2.57776 5
    endloop
  endfacet
  facet normal 0 0 1
    outer loop
      vertex -0.169683 -1.28888 5
      vertex 0 -2.6 5
      vertex 0 -1.3 5
    endloop
  endfacet
  facet normal 0 0 1
    outer loop
      vertex -0.339368 -2.57776 5
      vertex -0.169683 -1.28888 5
      vertex -0.336464 -1.2557 5
    endloop
  endfacet
  facet normal 0 0 1
    outer loop
      vertex -0.169683 -1.28888 5
      vertex -0.339368 -2.57776 5
      vertex 0 -2.6 5
    endloop
  endfacet
  facet normal 0 0 1
    outer loop
      vertex -0.672929 -2.51141 5
      vertex -0.336464 -1.2557 5
      vertex -0.497488 -1.20104 5
    endloop
  endfacet
  facet normal 0 0 1
    outer loop
      vertex -0.994976 -2.40209 5
      vertex -0.497488 -1.20104 5
      vertex -0.65 -1.12583 5
    endloop
  endfacet
  facet normal 0 0 1
    outer loop
      vertex -0.336464 -1.2557 5
      vertex -0.672929 -2.51141 5
      vertex -0.339368 -2.57776 5
    endloop
  endfacet
  facet normal 0 0 1
    outer loop
      vertex -1.3 -2.25167 5
      vertex -0.65 -1.12583 5
      vertex -0.791389 -1.03136 5
    endloop
  endfacet
  facet normal 0 0 1
    outer loop
      vertex -1.3 -2.25167 5
      vertex -0.791389 -1.03136 5
      vertex -0.919238 -0.919238 5
    endloop
  endfacet
  facet normal 0 0 1
    outer loop
      vertex -0.497488 -1.20104 5
      vertex -0.994976 -2.40209 5
      vertex -0.672929 -2.51141 5
    endloop
  endfacet
  facet normal 0 0 1
    outer loop
      vertex -1.3 -2.25167 5
      vertex -0.919238 -0.919238 5
      vertex -1.03136 -0.791389 5
    endloop
  endfacet
  facet normal 0 0 1
    outer loop
      vertex -1.3 -2.25167 5
      vertex -1.03136 -0.791389 5
      vertex -1.12583 -0.65 5
    endloop
  endfacet
  facet normal 0 0 1
    outer loop
      vertex -1.3 -2.25167 5
      vertex -1.12583 -0.65 5
      vertex -1.20104 -0.497488 5
    endloop
  endfacet
  facet normal 0 0 1
    outer loop
      vertex -1.3 -2.25167 5
      vertex -1.20104 -0.497488 5
      vertex -1.2557 -0.336464 5
    endloop
  endfacet
  facet normal 0 0 1
    outer loop
      vertex -1.3 -2.25167 5
      vertex -1.2557 -0.336464 5
      vertex -1.28888 -0.169683 5
    endloop
  endfacet
  facet normal 0 0 1
    outer loop
      vertex -0.65 -1.12583 5
      vertex -1.3 -2.25167 5
      vertex -0.994976 -2.40209 5
    endloop
  endfacet
  facet normal 0 0 1
    outer loop
      vertex -1.3 -2.25167 5
      vertex -1.28888 -0.169683 5
      vertex -1.3 0 5
    endloop
  endfacet
  facet normal 0.980779 0.19512 0
    outer loop
      vertex 1.28888 0.169683 7
      vertex 1.2557 0.336464 5
      vertex 1.2557 0.336464 7
    endloop
  endfacet
  facet normal 0.980779 0.19512 0
    outer loop
      vertex 1.2557 0.336464 5
      vertex 1.28888 0.169683 7
      vertex 1.28888 0.169683 5
    endloop
  endfacet
  facet normal 0.99786 0.0653937 0
    outer loop
      vertex 1.3 0 7
      vertex 1.28888 0.169683 5
      vertex 1.28888 0.169683 7
    endloop
  endfacet
  facet normal 0.99786 0.0653937 0
    outer loop
      vertex 1.28888 0.169683 5
      vertex 1.3 0 7
      vertex 1.3 0 5
    endloop
  endfacet
  facet normal 0.946931 0.321438 0
    outer loop
      vertex 1.2557 0.336464 7
      vertex 1.20104 0.497488 5
      vertex 1.20104 0.497488 7
    endloop
  endfacet
  facet normal 0.946931 0.321438 0
    outer loop
      vertex 1.20104 0.497488 5
      vertex 1.2557 0.336464 7
      vertex 1.2557 0.336464 5
    endloop
  endfacet
  facet normal -0.19512 -0.980779 0
    outer loop
      vertex -0.336464 -1.2557 5
      vertex -0.169683 -1.28888 7
      vertex -0.336464 -1.2557 7
    endloop
  endfacet
  facet normal -0.19512 -0.980779 -0
    outer loop
      vertex -0.169683 -1.28888 7
      vertex -0.336464 -1.2557 5
      vertex -0.169683 -1.28888 5
    endloop
  endfacet
  facet normal 0.442286 0.896874 -0
    outer loop
      vertex 0.65 1.12583 5
      vertex 0.497488 1.20104 7
      vertex 0.65 1.12583 7
    endloop
  endfacet
  facet normal 0.442286 0.896874 0
    outer loop
      vertex 0.497488 1.20104 7
      vertex 0.65 1.12583 5
      vertex 0.497488 1.20104 5
    endloop
  endfacet
  facet normal 0.896874 0.442286 0
    outer loop
      vertex 1.20104 0.497488 7
      vertex 1.12583 0.65 5
      vertex 1.12583 0.65 7
    endloop
  endfacet
  facet normal 0.896874 0.442286 0
    outer loop
      vertex 1.12583 0.65 5
      vertex 1.20104 0.497488 7
      vertex 1.20104 0.497488 5
    endloop
  endfacet
  facet normal 0.831478 0.555558 0
    outer loop
      vertex 1.12583 0.65 7
      vertex 1.03136 0.791389 5
      vertex 1.03136 0.791389 7
    endloop
  endfacet
  facet normal 0.831478 0.555558 0
    outer loop
      vertex 1.03136 0.791389 5
      vertex 1.12583 0.65 7
      vertex 1.12583 0.65 5
    endloop
  endfacet
  facet normal 0.751836 -0.659351 0
    outer loop
      vertex 0.919238 -0.919238 7
      vertex 1.03136 -0.791389 5
      vertex 1.03136 -0.791389 7
    endloop
  endfacet
  facet normal 0.751836 -0.659351 0
    outer loop
      vertex 1.03136 -0.791389 5
      vertex 0.919238 -0.919238 7
      vertex 0.919238 -0.919238 5
    endloop
  endfacet
  facet normal -0.442286 0.896874 0
    outer loop
      vertex -0.497488 1.20104 5
      vertex -0.65 1.12583 7
      vertex -0.497488 1.20104 7
    endloop
  endfacet
  facet normal -0.442286 0.896874 0
    outer loop
      vertex -0.65 1.12583 7
      vertex -0.497488 1.20104 5
      vertex -0.65 1.12583 5
    endloop
  endfacet
  facet normal -0.99786 -0.0653937 0
    outer loop
      vertex -1.28888 -0.169683 5
      vertex -1.3 0 7
      vertex -1.3 0 5
    endloop
  endfacet
  facet normal -0.99786 -0.0653937 0
    outer loop
      vertex -1.3 0 7
      vertex -1.28888 -0.169683 5
      vertex -1.28888 -0.169683 7
    endloop
  endfacet
  facet normal 0.896874 -0.442286 0
    outer loop
      vertex 1.12583 -0.65 7
      vertex 1.20104 -0.497488 5
      vertex 1.20104 -0.497488 7
    endloop
  endfacet
  facet normal 0.896874 -0.442286 0
    outer loop
      vertex 1.20104 -0.497488 5
      vertex 1.12583 -0.65 7
      vertex 1.12583 -0.65 5
    endloop
  endfacet
  facet normal -0.659351 0.751836 0
    outer loop
      vertex -0.791389 1.03136 5
      vertex -0.919238 0.919238 7
      vertex -0.791389 1.03136 7
    endloop
  endfacet
  facet normal -0.659351 0.751836 0
    outer loop
      vertex -0.919238 0.919238 7
      vertex -0.791389 1.03136 5
      vertex -0.919238 0.919238 5
    endloop
  endfacet
  facet normal 0.751836 0.659351 0
    outer loop
      vertex 1.03136 0.791389 7
      vertex 0.919238 0.919238 5
      vertex 0.919238 0.919238 7
    endloop
  endfacet
  facet normal 0.751836 0.659351 0
    outer loop
      vertex 0.919238 0.919238 5
      vertex 1.03136 0.791389 7
      vertex 1.03136 0.791389 5
    endloop
  endfacet
  facet normal 0.980779 -0.19512 0
    outer loop
      vertex 1.2557 -0.336464 7
      vertex 1.28888 -0.169683 5
      vertex 1.28888 -0.169683 7
    endloop
  endfacet
  facet normal 0.980779 -0.19512 0
    outer loop
      vertex 1.28888 -0.169683 5
      vertex 1.2557 -0.336464 7
      vertex 1.2557 -0.336464 5
    endloop
  endfacet
  facet normal 0.946931 -0.321438 0
    outer loop
      vertex 1.20104 -0.497488 7
      vertex 1.2557 -0.336464 5
      vertex 1.2557 -0.336464 7
    endloop
  endfacet
  facet normal 0.946931 -0.321438 0
    outer loop
      vertex 1.2557 -0.336464 5
      vertex 1.20104 -0.497488 7
      vertex 1.20104 -0.497488 5
    endloop
  endfacet
  facet normal -0.980779 -0.19512 0
    outer loop
      vertex -1.2557 -0.336464 5
      vertex -1.28888 -0.169683 7
      vertex -1.28888 -0.169683 5
    endloop
  endfacet
  facet normal -0.980779 -0.19512 0
    outer loop
      vertex -1.28888 -0.169683 7
      vertex -1.2557 -0.336464 5
      vertex -1.2557 -0.336464 7
    endloop
  endfacet
  facet normal -0.751836 -0.659351 0
    outer loop
      vertex -0.919238 -0.919238 5
      vertex -1.03136 -0.791389 7
      vertex -1.03136 -0.791389 5
    endloop
  endfacet
  facet normal -0.751836 -0.659351 0
    outer loop
      vertex -1.03136 -0.791389 7
      vertex -0.919238 -0.919238 5
      vertex -0.919238 -0.919238 7
    endloop
  endfacet
  facet normal 0.555558 0.831478 -0
    outer loop
      vertex 0.791389 1.03136 5
      vertex 0.65 1.12583 7
      vertex 0.791389 1.03136 7
    endloop
  endfacet
  facet normal 0.555558 0.831478 0
    outer loop
      vertex 0.65 1.12583 7
      vertex 0.791389 1.03136 5
      vertex 0.65 1.12583 5
    endloop
  endfacet
  facet normal 0.831478 -0.555558 0
    outer loop
      vertex 1.03136 -0.791389 7
      vertex 1.12583 -0.65 5
      vertex 1.12583 -0.65 7
    endloop
  endfacet
  facet normal 0.831478 -0.555558 0
    outer loop
      vertex 1.12583 -0.65 5
      vertex 1.03136 -0.791389 7
      vertex 1.03136 -0.791389 5
    endloop
  endfacet
  facet normal 0.321438 -0.946931 0
    outer loop
      vertex 0.336464 -1.2557 5
      vertex 0.497488 -1.20104 7
      vertex 0.336464 -1.2557 7
    endloop
  endfacet
  facet normal 0.321438 -0.946931 0
    outer loop
      vertex 0.497488 -1.20104 7
      vertex 0.336464 -1.2557 5
      vertex 0.497488 -1.20104 5
    endloop
  endfacet
  facet normal 0.19512 -0.980779 0
    outer loop
      vertex 0.169683 -1.28888 5
      vertex 0.336464 -1.2557 7
      vertex 0.169683 -1.28888 7
    endloop
  endfacet
  facet normal 0.19512 -0.980779 0
    outer loop
      vertex 0.336464 -1.2557 7
      vertex 0.169683 -1.28888 5
      vertex 0.336464 -1.2557 5
    endloop
  endfacet
  facet normal -0.0653937 -0.99786 0
    outer loop
      vertex -0.169683 -1.28888 5
      vertex 0 -1.3 7
      vertex -0.169683 -1.28888 7
    endloop
  endfacet
  facet normal -0.0653937 -0.99786 -0
    outer loop
      vertex 0 -1.3 7
      vertex -0.169683 -1.28888 5
      vertex 0 -1.3 5
    endloop
  endfacet
  facet normal -0.659351 -0.751836 0
    outer loop
      vertex -0.919238 -0.919238 5
      vertex -0.791389 -1.03136 7
      vertex -0.919238 -0.919238 7
    endloop
  endfacet
  facet normal -0.659351 -0.751836 -0
    outer loop
      vertex -0.791389 -1.03136 7
      vertex -0.919238 -0.919238 5
      vertex -0.791389 -1.03136 5
    endloop
  endfacet
  facet normal 0.659351 0.751836 -0
    outer loop
      vertex 0.919238 0.919238 5
      vertex 0.791389 1.03136 7
      vertex 0.919238 0.919238 7
    endloop
  endfacet
  facet normal 0.659351 0.751836 0
    outer loop
      vertex 0.791389 1.03136 7
      vertex 0.919238 0.919238 5
      vertex 0.791389 1.03136 5
    endloop
  endfacet
  facet normal -0.980779 0.19512 0
    outer loop
      vertex -1.28888 0.169683 5
      vertex -1.2557 0.336464 7
      vertex -1.2557 0.336464 5
    endloop
  endfacet
  facet normal -0.980779 0.19512 0
    outer loop
      vertex -1.2557 0.336464 7
      vertex -1.28888 0.169683 5
      vertex -1.28888 0.169683 7
    endloop
  endfacet
  facet normal -0.321438 0.946931 0
    outer loop
      vertex -0.336464 1.2557 5
      vertex -0.497488 1.20104 7
      vertex -0.336464 1.2557 7
    endloop
  endfacet
  facet normal -0.321438 0.946931 0
    outer loop
      vertex -0.497488 1.20104 7
      vertex -0.336464 1.2557 5
      vertex -0.497488 1.20104 5
    endloop
  endfacet
  facet normal 0.659351 -0.751836 0
    outer loop
      vertex 0.791389 -1.03136 5
      vertex 0.919238 -0.919238 7
      vertex 0.791389 -1.03136 7
    endloop
  endfacet
  facet normal 0.659351 -0.751836 0
    outer loop
      vertex 0.919238 -0.919238 7
      vertex 0.791389 -1.03136 5
      vertex 0.919238 -0.919238 5
    endloop
  endfacet
  facet normal -0.946931 -0.321438 0
    outer loop
      vertex -1.20104 -0.497488 5
      vertex -1.2557 -0.336464 7
      vertex -1.2557 -0.336464 5
    endloop
  endfacet
  facet normal -0.946931 -0.321438 0
    outer loop
      vertex -1.2557 -0.336464 7
      vertex -1.20104 -0.497488 5
      vertex -1.20104 -0.497488 7
    endloop
  endfacet
  facet normal 0.0653937 -0.99786 0
    outer loop
      vertex 0 -1.3 5
      vertex 0.169683 -1.28888 7
      vertex 0 -1.3 7
    endloop
  endfacet
  facet normal 0.0653937 -0.99786 0
    outer loop
      vertex 0.169683 -1.28888 7
      vertex 0 -1.3 5
      vertex 0.169683 -1.28888 5
    endloop
  endfacet
  facet normal -0.751836 0.659351 0
    outer loop
      vertex -1.03136 0.791389 5
      vertex -0.919238 0.919238 7
      vertex -0.919238 0.919238 5
    endloop
  endfacet
  facet normal -0.751836 0.659351 0
    outer loop
      vertex -0.919238 0.919238 7
      vertex -1.03136 0.791389 5
      vertex -1.03136 0.791389 7
    endloop
  endfacet
  facet normal -0.831478 0.555558 0
    outer loop
      vertex -1.12583 0.65 5
      vertex -1.03136 0.791389 7
      vertex -1.03136 0.791389 5
    endloop
  endfacet
  facet normal -0.831478 0.555558 0
    outer loop
      vertex -1.03136 0.791389 7
      vertex -1.12583 0.65 5
      vertex -1.12583 0.65 7
    endloop
  endfacet
  facet normal -0.946931 0.321438 0
    outer loop
      vertex -1.2557 0.336464 5
      vertex -1.20104 0.497488 7
      vertex -1.20104 0.497488 5
    endloop
  endfacet
  facet normal -0.946931 0.321438 0
    outer loop
      vertex -1.20104 0.497488 7
      vertex -1.2557 0.336464 5
      vertex -1.2557 0.336464 7
    endloop
  endfacet
  facet normal 0.321438 0.946931 -0
    outer loop
      vertex 0.497488 1.20104 5
      vertex 0.336464 1.2557 7
      vertex 0.497488 1.20104 7
    endloop
  endfacet
  facet normal 0.321438 0.946931 0
    outer loop
      vertex 0.336464 1.2557 7
      vertex 0.497488 1.20104 5
      vertex 0.336464 1.2557 5
    endloop
  endfacet
  facet normal -0.99786 0.0653937 0
    outer loop
      vertex -1.3 0 5
      vertex -1.28888 0.169683 7
      vertex -1.28888 0.169683 5
    endloop
  endfacet
  facet normal -0.99786 0.0653937 0
    outer loop
      vertex -1.28888 0.169683 7
      vertex -1.3 0 5
      vertex -1.3 0 7
    endloop
  endfacet
  facet normal -0.831478 -0.555558 0
    outer loop
      vertex -1.03136 -0.791389 5
      vertex -1.12583 -0.65 7
      vertex -1.12583 -0.65 5
    endloop
  endfacet
  facet normal -0.831478 -0.555558 0
    outer loop
      vertex -1.12583 -0.65 7
      vertex -1.03136 -0.791389 5
      vertex -1.03136 -0.791389 7
    endloop
  endfacet
  facet normal 0.99786 -0.0653937 0
    outer loop
      vertex 1.28888 -0.169683 7
      vertex 1.3 0 5
      vertex 1.3 0 7
    endloop
  endfacet
  facet normal 0.99786 -0.0653937 0
    outer loop
      vertex 1.3 0 5
      vertex 1.28888 -0.169683 7
      vertex 1.28888 -0.169683 5
    endloop
  endfacet
  facet normal -0.0653937 0.99786 0
    outer loop
      vertex 0 1.3 5
      vertex -0.169683 1.28888 7
      vertex 0 1.3 7
    endloop
  endfacet
  facet normal -0.0653937 0.99786 0
    outer loop
      vertex -0.169683 1.28888 7
      vertex 0 1.3 5
      vertex -0.169683 1.28888 5
    endloop
  endfacet
  facet normal 0.555558 -0.831478 0
    outer loop
      vertex 0.65 -1.12583 5
      vertex 0.791389 -1.03136 7
      vertex 0.65 -1.12583 7
    endloop
  endfacet
  facet normal 0.555558 -0.831478 0
    outer loop
      vertex 0.791389 -1.03136 7
      vertex 0.65 -1.12583 5
      vertex 0.791389 -1.03136 5
    endloop
  endfacet
  facet normal -0.19512 0.980779 0
    outer loop
      vertex -0.169683 1.28888 5
      vertex -0.336464 1.2557 7
      vertex -0.169683 1.28888 7
    endloop
  endfacet
  facet normal -0.19512 0.980779 0
    outer loop
      vertex -0.336464 1.2557 7
      vertex -0.169683 1.28888 5
      vertex -0.336464 1.2557 5
    endloop
  endfacet
  facet normal -0.896874 0.442286 0
    outer loop
      vertex -1.20104 0.497488 5
      vertex -1.12583 0.65 7
      vertex -1.12583 0.65 5
    endloop
  endfacet
  facet normal -0.896874 0.442286 0
    outer loop
      vertex -1.12583 0.65 7
      vertex -1.20104 0.497488 5
      vertex -1.20104 0.497488 7
    endloop
  endfacet
  facet normal -0.555558 0.831478 0
    outer loop
      vertex -0.65 1.12583 5
      vertex -0.791389 1.03136 7
      vertex -0.65 1.12583 7
    endloop
  endfacet
  facet normal -0.555558 0.831478 0
    outer loop
      vertex -0.791389 1.03136 7
      vertex -0.65 1.12583 5
      vertex -0.791389 1.03136 5
    endloop
  endfacet
  facet normal -0.321438 -0.946931 0
    outer loop
      vertex -0.497488 -1.20104 5
      vertex -0.336464 -1.2557 7
      vertex -0.497488 -1.20104 7
    endloop
  endfacet
  facet normal -0.321438 -0.946931 -0
    outer loop
      vertex -0.336464 -1.2557 7
      vertex -0.497488 -1.20104 5
      vertex -0.336464 -1.2557 5
    endloop
  endfacet
  facet normal 0.0653937 0.99786 -0
    outer loop
      vertex 0.169683 1.28888 5
      vertex 0 1.3 7
      vertex 0.169683 1.28888 7
    endloop
  endfacet
  facet normal 0.0653937 0.99786 0
    outer loop
      vertex 0 1.3 7
      vertex 0.169683 1.28888 5
      vertex 0 1.3 5
    endloop
  endfacet
  facet normal 0.19512 0.980779 -0
    outer loop
      vertex 0.336464 1.2557 5
      vertex 0.169683 1.28888 7
      vertex 0.336464 1.2557 7
    endloop
  endfacet
  facet normal 0.19512 0.980779 0
    outer loop
      vertex 0.169683 1.28888 7
      vertex 0.336464 1.2557 5
      vertex 0.169683 1.28888 5
    endloop
  endfacet
  facet normal 0.442286 -0.896874 0
    outer loop
      vertex 0.497488 -1.20104 5
      vertex 0.65 -1.12583 7
      vertex 0.497488 -1.20104 7
    endloop
  endfacet
  facet normal 0.442286 -0.896874 0
    outer loop
      vertex 0.65 -1.12583 7
      vertex 0.497488 -1.20104 5
      vertex 0.65 -1.12583 5
    endloop
  endfacet
  facet normal -0.442286 -0.896874 0
    outer loop
      vertex -0.65 -1.12583 5
      vertex -0.497488 -1.20104 7
      vertex -0.65 -1.12583 7
    endloop
  endfacet
  facet normal -0.442286 -0.896874 -0
    outer loop
      vertex -0.497488 -1.20104 7
      vertex -0.65 -1.12583 5
      vertex -0.497488 -1.20104 5
    endloop
  endfacet
  facet normal -0.896874 -0.442286 0
    outer loop
      vertex -1.12583 -0.65 5
      vertex -1.20104 -0.497488 7
      vertex -1.20104 -0.497488 5
    endloop
  endfacet
  facet normal -0.896874 -0.442286 0
    outer loop
      vertex -1.20104 -0.497488 7
      vertex -1.12583 -0.65 5
      vertex -1.12583 -0.65 7
    endloop
  endfacet
  facet normal -0.555558 -0.831478 0
    outer loop
      vertex -0.791389 -1.03136 5
      vertex -0.65 -1.12583 7
      vertex -0.791389 -1.03136 7
    endloop
  endfacet
  facet normal -0.555558 -0.831478 -0
    outer loop
      vertex -0.65 -1.12583 7
      vertex -0.791389 -1.03136 5
      vertex -0.65 -1.12583 5
    endloop
  endfacet
  facet normal 0.934571 0.0612462 0.350464
    outer loop
      vertex 1.28888 0.169683 7
      vertex 1 0 7.8
      vertex 1.3 0 7
    endloop
  endfacet
  facet normal 0.886874 -0.301051 0.350461
    outer loop
      vertex 1.2557 -0.336464 7
      vertex 0.965925 -0.258819 7.8
      vertex 1.20104 -0.497488 7
    endloop
  endfacet
  facet normal 0.301051 0.886874 0.350461
    outer loop
      vertex 0.336464 1.2557 7
      vertex 0.258819 0.965925 7.8
      vertex 0.497488 1.20104 7
    endloop
  endfacet
  facet normal 0.886874 0.301052 0.350461
    outer loop
      vertex 1.20104 0.497488 7
      vertex 0.923879 0.382683 7.8
      vertex 0.965925 0.258819 7.8
    endloop
  endfacet
  facet normal 0.520322 -0.778743 0.350462
    outer loop
      vertex 0.791389 -1.03136 7
      vertex 0.5 -0.866025 7.8
      vertex 0.65 -1.12583 7
    endloop
  endfacet
  facet normal -0.617523 0.704159 0.350465
    outer loop
      vertex -0.608761 0.793353 7.8
      vertex -0.791389 1.03136 7
      vertex -0.707107 0.707107 7.8
    endloop
  endfacet
  facet normal 0.520335 -0.778734 0.350465
    outer loop
      vertex 0.608761 -0.793353 7.8
      vertex 0.5 -0.866025 7.8
      vertex 0.791389 -1.03136 7
    endloop
  endfacet
  facet normal -0.934571 0.0612462 0.350464
    outer loop
      vertex -1.28888 0.169683 7
      vertex -1.3 0 7
      vertex -1 0 7.8
    endloop
  endfacet
  facet normal 0.839991 -0.414236 0.350461
    outer loop
      vertex 0.923879 -0.382683 7.8
      vertex 0.866025 -0.5 7.8
      vertex 1.20104 -0.497488 7
    endloop
  endfacet
  facet normal -0.934571 -0.0612462 0.350464
    outer loop
      vertex -1 0 7.8
      vertex -1.3 0 7
      vertex -1.28888 -0.169683 7
    endloop
  endfacet
  facet normal -0.918574 -0.182744 0.350465
    outer loop
      vertex -0.991445 -0.130526 7.8
      vertex -1.28888 -0.169683 7
      vertex -1.2557 -0.336464 7
    endloop
  endfacet
  facet normal -0.617532 -0.704152 0.350463
    outer loop
      vertex -0.707107 -0.707107 7.8
      vertex -0.919238 -0.919238 7
      vertex -0.791389 -1.03136 7
    endloop
  endfacet
  facet normal 0.778734 -0.520335 0.350465
    outer loop
      vertex 0.866025 -0.5 7.8
      vertex 0.793353 -0.608761 7.8
      vertex 1.03136 -0.791389 7
    endloop
  endfacet
  facet normal 0.520322 0.778743 0.350462
    outer loop
      vertex 0.65 1.12583 7
      vertex 0.5 0.866025 7.8
      vertex 0.791389 1.03136 7
    endloop
  endfacet
  facet normal -0.182744 -0.918574 0.350465
    outer loop
      vertex -0.130526 -0.991445 7.8
      vertex -0.336464 -1.2557 7
      vertex -0.169683 -1.28888 7
    endloop
  endfacet
  facet normal 0.182724 0.91858 0.350461
    outer loop
      vertex 0.336464 1.2557 7
      vertex 0.130526 0.991445 7.8
      vertex 0.258819 0.965925 7.8
    endloop
  endfacet
  facet normal -0.617532 0.704152 0.350463
    outer loop
      vertex -0.791389 1.03136 7
      vertex -0.919238 0.919238 7
      vertex -0.707107 0.707107 7.8
    endloop
  endfacet
  facet normal -0.301051 0.886874 0.350461
    outer loop
      vertex -0.336464 1.2557 7
      vertex -0.497488 1.20104 7
      vertex -0.258819 0.965925 7.8
    endloop
  endfacet
  facet normal 0.520335 0.778734 0.350465
    outer loop
      vertex 0.791389 1.03136 7
      vertex 0.5 0.866025 7.8
      vertex 0.608761 0.793353 7.8
    endloop
  endfacet
  facet normal -0.182724 0.91858 0.350461
    outer loop
      vertex -0.130526 0.991445 7.8
      vertex -0.336464 1.2557 7
      vertex -0.258819 0.965925 7.8
    endloop
  endfacet
  facet normal 0.182744 0.918574 0.350465
    outer loop
      vertex 0.169683 1.28888 7
      vertex 0.130526 0.991445 7.8
      vertex 0.336464 1.2557 7
    endloop
  endfacet
  facet normal -0.886874 0.301051 0.350461
    outer loop
      vertex -1.20104 0.497488 7
      vertex -1.2557 0.336464 7
      vertex -0.965925 0.258819 7.8
    endloop
  endfacet
  facet normal 0.839992 0.414235 0.350462
    outer loop
      vertex 1.12583 0.65 7
      vertex 0.866025 0.5 7.8
      vertex 1.20104 0.497488 7
    endloop
  endfacet
  facet normal -0.414235 -0.839992 0.350462
    outer loop
      vertex -0.5 -0.866025 7.8
      vertex -0.65 -1.12583 7
      vertex -0.497488 -1.20104 7
    endloop
  endfacet
  facet normal 0.704152 -0.617532 0.350463
    outer loop
      vertex 1.03136 -0.791389 7
      vertex 0.707107 -0.707107 7.8
      vertex 0.919238 -0.919238 7
    endloop
  endfacet
  facet normal -0.704152 0.617532 0.350463
    outer loop
      vertex -0.919238 0.919238 7
      vertex -1.03136 0.791389 7
      vertex -0.707107 0.707107 7.8
    endloop
  endfacet
  facet normal -0.839992 0.414235 0.350462
    outer loop
      vertex -1.12583 0.65 7
      vertex -1.20104 0.497488 7
      vertex -0.866025 0.5 7.8
    endloop
  endfacet
  facet normal 0.778734 0.520335 0.350465
    outer loop
      vertex 1.03136 0.791389 7
      vertex 0.793353 0.608761 7.8
      vertex 0.866025 0.5 7.8
    endloop
  endfacet
  facet normal -0.91858 0.182724 0.350461
    outer loop
      vertex -0.965925 0.258819 7.8
      vertex -1.2557 0.336464 7
      vertex -0.991445 0.130526 7.8
    endloop
  endfacet
  facet normal -0.778734 0.520335 0.350465
    outer loop
      vertex -0.793353 0.608761 7.8
      vertex -1.03136 0.791389 7
      vertex -0.866025 0.5 7.8
    endloop
  endfacet
  facet normal 0.414235 -0.839992 0.350462
    outer loop
      vertex 0.5 -0.866025 7.8
      vertex 0.497488 -1.20104 7
      vertex 0.65 -1.12583 7
    endloop
  endfacet
  facet normal 0.704159 0.617523 0.350465
    outer loop
      vertex 1.03136 0.791389 7
      vertex 0.707107 0.707107 7.8
      vertex 0.793353 0.608761 7.8
    endloop
  endfacet
  facet normal -0.839991 -0.414236 0.350461
    outer loop
      vertex -0.923879 -0.382683 7.8
      vertex -1.20104 -0.497488 7
      vertex -0.866025 -0.5 7.8
    endloop
  endfacet
  facet normal -0.182724 -0.91858 0.350461
    outer loop
      vertex -0.258819 -0.965925 7.8
      vertex -0.336464 -1.2557 7
      vertex -0.130526 -0.991445 7.8
    endloop
  endfacet
  facet normal 0.918574 0.182744 0.350465
    outer loop
      vertex 1.2557 0.336464 7
      vertex 0.991445 0.130526 7.8
      vertex 1.28888 0.169683 7
    endloop
  endfacet
  facet normal 0.778743 0.520322 0.350462
    outer loop
      vertex 1.03136 0.791389 7
      vertex 0.866025 0.5 7.8
      vertex 1.12583 0.65 7
    endloop
  endfacet
  facet normal -0.704152 -0.617532 0.350463
    outer loop
      vertex -0.707107 -0.707107 7.8
      vertex -1.03136 -0.791389 7
      vertex -0.919238 -0.919238 7
    endloop
  endfacet
  facet normal 0.0612462 0.934571 0.350464
    outer loop
      vertex 0 1.3 7
      vertex 0 1 7.8
      vertex 0.169683 1.28888 7
    endloop
  endfacet
  facet normal -0.520335 -0.778734 0.350465
    outer loop
      vertex -0.608761 -0.793353 7.8
      vertex -0.791389 -1.03136 7
      vertex -0.5 -0.866025 7.8
    endloop
  endfacet
  facet normal -0.414235 0.839992 0.350462
    outer loop
      vertex -0.497488 1.20104 7
      vertex -0.65 1.12583 7
      vertex -0.5 0.866025 7.8
    endloop
  endfacet
  facet normal -0.520322 -0.778743 0.350462
    outer loop
      vertex -0.5 -0.866025 7.8
      vertex -0.791389 -1.03136 7
      vertex -0.65 -1.12583 7
    endloop
  endfacet
  facet normal 0.934571 -0.0612462 0.350464
    outer loop
      vertex 1.3 0 7
      vertex 1 0 7.8
      vertex 1.28888 -0.169683 7
    endloop
  endfacet
  facet normal 0.301052 0.886874 0.350461
    outer loop
      vertex 0.497488 1.20104 7
      vertex 0.258819 0.965925 7.8
      vertex 0.382683 0.923879 7.8
    endloop
  endfacet
  facet normal 0.886874 0.301051 0.350461
    outer loop
      vertex 1.20104 0.497488 7
      vertex 0.965925 0.258819 7.8
      vertex 1.2557 0.336464 7
    endloop
  endfacet
  facet normal 0.301052 -0.886874 0.350461
    outer loop
      vertex 0.382683 -0.923879 7.8
      vertex 0.258819 -0.965925 7.8
      vertex 0.497488 -1.20104 7
    endloop
  endfacet
  facet normal 0.778743 -0.520322 0.350462
    outer loop
      vertex 1.12583 -0.65 7
      vertex 0.866025 -0.5 7.8
      vertex 1.03136 -0.791389 7
    endloop
  endfacet
  facet normal 0.414235 0.839992 0.350462
    outer loop
      vertex 0.65 1.12583 7
      vertex 0.497488 1.20104 7
      vertex 0.5 0.866025 7.8
    endloop
  endfacet
  facet normal -0.0612462 0.934571 0.350464
    outer loop
      vertex 0 1.3 7
      vertex -0.169683 1.28888 7
      vertex 0 1 7.8
    endloop
  endfacet
  facet normal -0.839991 0.414236 0.350461
    outer loop
      vertex -0.866025 0.5 7.8
      vertex -1.20104 0.497488 7
      vertex -0.923879 0.382683 7.8
    endloop
  endfacet
  facet normal 0.617532 0.704152 0.350463
    outer loop
      vertex 0.791389 1.03136 7
      vertex 0.707107 0.707107 7.8
      vertex 0.919238 0.919238 7
    endloop
  endfacet
  facet normal 0.704152 0.617532 0.350463
    outer loop
      vertex 0.919238 0.919238 7
      vertex 0.707107 0.707107 7.8
      vertex 1.03136 0.791389 7
    endloop
  endfacet
  facet normal 0.301051 -0.886874 0.350461
    outer loop
      vertex 0.497488 -1.20104 7
      vertex 0.258819 -0.965925 7.8
      vertex 0.336464 -1.2557 7
    endloop
  endfacet
  facet normal 0.617523 0.704159 0.350465
    outer loop
      vertex 0.791389 1.03136 7
      vertex 0.608761 0.793353 7.8
      vertex 0.707107 0.707107 7.8
    endloop
  endfacet
  facet normal -0.886874 0.301052 0.350461
    outer loop
      vertex -0.923879 0.382683 7.8
      vertex -1.20104 0.497488 7
      vertex -0.965925 0.258819 7.8
    endloop
  endfacet
  facet normal 0.0612462 -0.934571 0.350464
    outer loop
      vertex 0 -1 7.8
      vertex 0 -1.3 7
      vertex 0.169683 -1.28888 7
    endloop
  endfacet
  facet normal 0.414236 -0.839991 0.350461
    outer loop
      vertex 0.5 -0.866025 7.8
      vertex 0.382683 -0.923879 7.8
      vertex 0.497488 -1.20104 7
    endloop
  endfacet
  facet normal 0.839992 -0.414235 0.350462
    outer loop
      vertex 1.20104 -0.497488 7
      vertex 0.866025 -0.5 7.8
      vertex 1.12583 -0.65 7
    endloop
  endfacet
  facet normal 0.617523 -0.704159 0.350465
    outer loop
      vertex 0.707107 -0.707107 7.8
      vertex 0.608761 -0.793353 7.8
      vertex 0.791389 -1.03136 7
    endloop
  endfacet
  facet normal 0.414236 0.839991 0.350461
    outer loop
      vertex 0.497488 1.20104 7
      vertex 0.382683 0.923879 7.8
      vertex 0.5 0.866025 7.8
    endloop
  endfacet
  facet normal -0.778743 0.520322 0.350462
    outer loop
      vertex -1.03136 0.791389 7
      vertex -1.12583 0.65 7
      vertex -0.866025 0.5 7.8
    endloop
  endfacet
  facet normal -0.520322 0.778743 0.350462
    outer loop
      vertex -0.65 1.12583 7
      vertex -0.791389 1.03136 7
      vertex -0.5 0.866025 7.8
    endloop
  endfacet
  facet normal 0.91858 -0.182724 0.350461
    outer loop
      vertex 0.991445 -0.130526 7.8
      vertex 0.965925 -0.258819 7.8
      vertex 1.2557 -0.336464 7
    endloop
  endfacet
  facet normal -0.93457 0.0612541 0.350466
    outer loop
      vertex -0.991445 0.130526 7.8
      vertex -1.28888 0.169683 7
      vertex -1 0 7.8
    endloop
  endfacet
  facet normal -0.520335 0.778734 0.350465
    outer loop
      vertex -0.5 0.866025 7.8
      vertex -0.791389 1.03136 7
      vertex -0.608761 0.793353 7.8
    endloop
  endfacet
  facet normal -0.918574 0.182744 0.350465
    outer loop
      vertex -1.2557 0.336464 7
      vertex -1.28888 0.169683 7
      vertex -0.991445 0.130526 7.8
    endloop
  endfacet
  facet normal -0.704159 0.617523 0.350465
    outer loop
      vertex -0.707107 0.707107 7.8
      vertex -1.03136 0.791389 7
      vertex -0.793353 0.608761 7.8
    endloop
  endfacet
  facet normal -0.301052 0.886874 0.350461
    outer loop
      vertex -0.258819 0.965925 7.8
      vertex -0.497488 1.20104 7
      vertex -0.382683 0.923879 7.8
    endloop
  endfacet
  facet normal 0.617532 -0.704152 0.350463
    outer loop
      vertex 0.919238 -0.919238 7
      vertex 0.707107 -0.707107 7.8
      vertex 0.791389 -1.03136 7
    endloop
  endfacet
  facet normal 0.91858 0.182724 0.350461
    outer loop
      vertex 1.2557 0.336464 7
      vertex 0.965925 0.258819 7.8
      vertex 0.991445 0.130526 7.8
    endloop
  endfacet
  facet normal -0.91858 -0.182724 0.350461
    outer loop
      vertex -0.991445 -0.130526 7.8
      vertex -1.2557 -0.336464 7
      vertex -0.965925 -0.258819 7.8
    endloop
  endfacet
  facet normal -0.886874 -0.301052 0.350461
    outer loop
      vertex -0.965925 -0.258819 7.8
      vertex -1.20104 -0.497488 7
      vertex -0.923879 -0.382683 7.8
    endloop
  endfacet
  facet normal -0.301051 -0.886874 0.350461
    outer loop
      vertex -0.258819 -0.965925 7.8
      vertex -0.497488 -1.20104 7
      vertex -0.336464 -1.2557 7
    endloop
  endfacet
  facet normal 0.182744 -0.918574 0.350465
    outer loop
      vertex 0.336464 -1.2557 7
      vertex 0.130526 -0.991445 7.8
      vertex 0.169683 -1.28888 7
    endloop
  endfacet
  facet normal -0.414236 0.839991 0.350461
    outer loop
      vertex -0.497488 1.20104 7
      vertex -0.5 0.866025 7.8
      vertex -0.382683 0.923879 7.8
    endloop
  endfacet
  facet normal 0.0612541 -0.93457 0.350466
    outer loop
      vertex 0.130526 -0.991445 7.8
      vertex 0 -1 7.8
      vertex 0.169683 -1.28888 7
    endloop
  endfacet
  facet normal 0.886874 -0.301052 0.350461
    outer loop
      vertex 0.965925 -0.258819 7.8
      vertex 0.923879 -0.382683 7.8
      vertex 1.20104 -0.497488 7
    endloop
  endfacet
  facet normal 0.0612541 0.93457 0.350466
    outer loop
      vertex 0.169683 1.28888 7
      vertex 0 1 7.8
      vertex 0.130526 0.991445 7.8
    endloop
  endfacet
  facet normal 0.918574 -0.182744 0.350465
    outer loop
      vertex 1.28888 -0.169683 7
      vertex 0.991445 -0.130526 7.8
      vertex 1.2557 -0.336464 7
    endloop
  endfacet
  facet normal 0.93457 -0.0612541 0.350466
    outer loop
      vertex 1 0 7.8
      vertex 0.991445 -0.130526 7.8
      vertex 1.28888 -0.169683 7
    endloop
  endfacet
  facet normal -0.886874 -0.301051 0.350461
    outer loop
      vertex -0.965925 -0.258819 7.8
      vertex -1.2557 -0.336464 7
      vertex -1.20104 -0.497488 7
    endloop
  endfacet
  facet normal -0.0612541 -0.93457 0.350466
    outer loop
      vertex -0.130526 -0.991445 7.8
      vertex -0.169683 -1.28888 7
      vertex 0 -1 7.8
    endloop
  endfacet
  facet normal -0.778734 -0.520335 0.350465
    outer loop
      vertex -0.866025 -0.5 7.8
      vertex -1.03136 -0.791389 7
      vertex -0.793353 -0.608761 7.8
    endloop
  endfacet
  facet normal -0.617523 -0.704159 0.350465
    outer loop
      vertex -0.707107 -0.707107 7.8
      vertex -0.791389 -1.03136 7
      vertex -0.608761 -0.793353 7.8
    endloop
  endfacet
  facet normal -0.0612462 -0.934571 0.350464
    outer loop
      vertex 0 -1 7.8
      vertex -0.169683 -1.28888 7
      vertex 0 -1.3 7
    endloop
  endfacet
  facet normal -0.778743 -0.520322 0.350462
    outer loop
      vertex -0.866025 -0.5 7.8
      vertex -1.12583 -0.65 7
      vertex -1.03136 -0.791389 7
    endloop
  endfacet
  facet normal -0.0612541 0.93457 0.350466
    outer loop
      vertex 0 1 7.8
      vertex -0.169683 1.28888 7
      vertex -0.130526 0.991445 7.8
    endloop
  endfacet
  facet normal 0.839991 0.414236 0.350461
    outer loop
      vertex 1.20104 0.497488 7
      vertex 0.866025 0.5 7.8
      vertex 0.923879 0.382683 7.8
    endloop
  endfacet
  facet normal 0.704159 -0.617523 0.350465
    outer loop
      vertex 0.793353 -0.608761 7.8
      vertex 0.707107 -0.707107 7.8
      vertex 1.03136 -0.791389 7
    endloop
  endfacet
  facet normal 0.93457 0.0612541 0.350466
    outer loop
      vertex 1.28888 0.169683 7
      vertex 0.991445 0.130526 7.8
      vertex 1 0 7.8
    endloop
  endfacet
  facet normal 0.182724 -0.91858 0.350461
    outer loop
      vertex 0.258819 -0.965925 7.8
      vertex 0.130526 -0.991445 7.8
      vertex 0.336464 -1.2557 7
    endloop
  endfacet
  facet normal -0.93457 -0.0612541 0.350466
    outer loop
      vertex -1 0 7.8
      vertex -1.28888 -0.169683 7
      vertex -0.991445 -0.130526 7.8
    endloop
  endfacet
  facet normal 0 0 1
    outer loop
      vertex 0.991445 0.130526 7.8
      vertex 0.991445 -0.130526 7.8
      vertex 1 0 7.8
    endloop
  endfacet
  facet normal 0 0 1
    outer loop
      vertex 0.965925 0.258819 7.8
      vertex 0.991445 -0.130526 7.8
      vertex 0.991445 0.130526 7.8
    endloop
  endfacet
  facet normal 0 0 1
    outer loop
      vertex 0.965925 0.258819 7.8
      vertex 0.965925 -0.258819 7.8
      vertex 0.991445 -0.130526 7.8
    endloop
  endfacet
  facet normal 0 0 1
    outer loop
      vertex 0.923879 0.382683 7.8
      vertex 0.965925 -0.258819 7.8
      vertex 0.965925 0.258819 7.8
    endloop
  endfacet
  facet normal 0 0 1
    outer loop
      vertex 0.923879 0.382683 7.8
      vertex 0.923879 -0.382683 7.8
      vertex 0.965925 -0.258819 7.8
    endloop
  endfacet
  facet normal 0 0 1
    outer loop
      vertex 0.866025 0.5 7.8
      vertex 0.923879 -0.382683 7.8
      vertex 0.923879 0.382683 7.8
    endloop
  endfacet
  facet normal 0 0 1
    outer loop
      vertex 0.866025 0.5 7.8
      vertex 0.866025 -0.5 7.8
      vertex 0.923879 -0.382683 7.8
    endloop
  endfacet
  facet normal 0 0 1
    outer loop
      vertex 0.793353 0.608761 7.8
      vertex 0.866025 -0.5 7.8
      vertex 0.866025 0.5 7.8
    endloop
  endfacet
  facet normal 0 0 1
    outer loop
      vertex 0.793353 0.608761 7.8
      vertex 0.793353 -0.608761 7.8
      vertex 0.866025 -0.5 7.8
    endloop
  endfacet
  facet normal 0 0 1
    outer loop
      vertex 0.707107 0.707107 7.8
      vertex 0.793353 -0.608761 7.8
      vertex 0.793353 0.608761 7.8
    endloop
  endfacet
  facet normal 0 0 1
    outer loop
      vertex 0.707107 0.707107 7.8
      vertex 0.707107 -0.707107 7.8
      vertex 0.793353 -0.608761 7.8
    endloop
  endfacet
  facet normal 0 0 1
    outer loop
      vertex 0.608761 0.793353 7.8
      vertex 0.707107 -0.707107 7.8
      vertex 0.707107 0.707107 7.8
    endloop
  endfacet
  facet normal 0 0 1
    outer loop
      vertex 0.608761 0.793353 7.8
      vertex 0.608761 -0.793353 7.8
      vertex 0.707107 -0.707107 7.8
    endloop
  endfacet
  facet normal 0 0 1
    outer loop
      vertex 0.5 0.866025 7.8
      vertex 0.608761 -0.793353 7.8
      vertex 0.608761 0.793353 7.8
    endloop
  endfacet
  facet normal 0 0 1
    outer loop
      vertex 0.5 0.866025 7.8
      vertex 0.5 -0.866025 7.8
      vertex 0.608761 -0.793353 7.8
    endloop
  endfacet
  facet normal 0 0 1
    outer loop
      vertex 0.382683 0.923879 7.8
      vertex 0.5 -0.866025 7.8
      vertex 0.5 0.866025 7.8
    endloop
  endfacet
  facet normal 0 0 1
    outer loop
      vertex 0.382683 0.923879 7.8
      vertex 0.382683 -0.923879 7.8
      vertex 0.5 -0.866025 7.8
    endloop
  endfacet
  facet normal 0 0 1
    outer loop
      vertex 0.258819 0.965925 7.8
      vertex 0.382683 -0.923879 7.8
      vertex 0.382683 0.923879 7.8
    endloop
  endfacet
  facet normal 0 0 1
    outer loop
      vertex 0.258819 0.965925 7.8
      vertex 0.258819 -0.965925 7.8
      vertex 0.382683 -0.923879 7.8
    endloop
  endfacet
  facet normal 0 0 1
    outer loop
      vertex 0.130526 0.991445 7.8
      vertex 0.258819 -0.965925 7.8
      vertex 0.258819 0.965925 7.8
    endloop
  endfacet
  facet normal 0 0 1
    outer loop
      vertex 0.130526 0.991445 7.8
      vertex 0.130526 -0.991445 7.8
      vertex 0.258819 -0.965925 7.8
    endloop
  endfacet
  facet normal 0 0 1
    outer loop
      vertex 0 1 7.8
      vertex 0.130526 -0.991445 7.8
      vertex 0.130526 0.991445 7.8
    endloop
  endfacet
  facet normal 0 0 1
    outer loop
      vertex 0 1 7.8
      vertex 0 -1 7.8
      vertex 0.130526 -0.991445 7.8
    endloop
  endfacet
  facet normal -0 0 1
    outer loop
      vertex -0.130526 0.991445 7.8
      vertex 0 -1 7.8
      vertex 0 1 7.8
    endloop
  endfacet
  facet normal 0 0 1
    outer loop
      vertex -0.130526 0.991445 7.8
      vertex -0.130526 -0.991445 7.8
      vertex 0 -1 7.8
    endloop
  endfacet
  facet normal -0 0 1
    outer loop
      vertex -0.258819 0.965925 7.8
      vertex -0.130526 -0.991445 7.8
      vertex -0.130526 0.991445 7.8
    endloop
  endfacet
  facet normal 0 0 1
    outer loop
      vertex -0.258819 0.965925 7.8
      vertex -0.258819 -0.965925 7.8
      vertex -0.130526 -0.991445 7.8
    endloop
  endfacet
  facet normal -0 0 1
    outer loop
      vertex -0.382683 0.923879 7.8
      vertex -0.258819 -0.965925 7.8
      vertex -0.258819 0.965925 7.8
    endloop
  endfacet
  facet normal 0 0 1
    outer loop
      vertex -0.382683 0.923879 7.8
      vertex -0.382683 -0.923879 7.8
      vertex -0.258819 -0.965925 7.8
    endloop
  endfacet
  facet normal -0 0 1
    outer loop
      vertex -0.5 0.866025 7.8
      vertex -0.382683 -0.923879 7.8
      vertex -0.382683 0.923879 7.8
    endloop
  endfacet
  facet normal 0 0 1
    outer loop
      vertex -0.5 0.866025 7.8
      vertex -0.5 -0.866025 7.8
      vertex -0.382683 -0.923879 7.8
    endloop
  endfacet
  facet normal -0 0 1
    outer loop
      vertex -0.608761 0.793353 7.8
      vertex -0.5 -0.866025 7.8
      vertex -0.5 0.866025 7.8
    endloop
  endfacet
  facet normal 0 0 1
    outer loop
      vertex -0.608761 0.793353 7.8
      vertex -0.608761 -0.793353 7.8
      vertex -0.5 -0.866025 7.8
    endloop
  endfacet
  facet normal -0 0 1
    outer loop
      vertex -0.707107 0.707107 7.8
      vertex -0.608761 -0.793353 7.8
      vertex -0.608761 0.793353 7.8
    endloop
  endfacet
  facet normal 0 0 1
    outer loop
      vertex -0.707107 0.707107 7.8
      vertex -0.707107 -0.707107 7.8
      vertex -0.608761 -0.793353 7.8
    endloop
  endfacet
  facet normal -0 0 1
    outer loop
      vertex -0.793353 0.608761 7.8
      vertex -0.707107 -0.707107 7.8
      vertex -0.707107 0.707107 7.8
    endloop
  endfacet
  facet normal 0 0 1
    outer loop
      vertex -0.793353 0.608761 7.8
      vertex -0.793353 -0.608761 7.8
      vertex -0.707107 -0.707107 7.8
    endloop
  endfacet
  facet normal -0 0 1
    outer loop
      vertex -0.866025 0.5 7.8
      vertex -0.793353 -0.608761 7.8
      vertex -0.793353 0.608761 7.8
    endloop
  endfacet
  facet normal 0 0 1
    outer loop
      vertex -0.866025 0.5 7.8
      vertex -0.866025 -0.5 7.8
      vertex -0.793353 -0.608761 7.8
    endloop
  endfacet
  facet normal -0 0 1
    outer loop
      vertex -0.923879 0.382683 7.8
      vertex -0.866025 -0.5 7.8
      vertex -0.866025 0.5 7.8
    endloop
  endfacet
  facet normal 0 0 1
    outer loop
      vertex -0.923879 0.382683 7.8
      vertex -0.923879 -0.382683 7.8
      vertex -0.866025 -0.5 7.8
    endloop
  endfacet
  facet normal -0 0 1
    outer loop
      vertex -0.965925 0.258819 7.8
      vertex -0.923879 -0.382683 7.8
      vertex -0.923879 0.382683 7.8
    endloop
  endfacet
  facet normal 0 0 1
    outer loop
      vertex -0.965925 0.258819 7.8
      vertex -0.965925 -0.258819 7.8
      vertex -0.923879 -0.382683 7.8
    endloop
  endfacet
  facet normal -0 0 1
    outer loop
      vertex -0.991445 0.130526 7.8
      vertex -0.965925 -0.258819 7.8
      vertex -0.965925 0.258819 7.8
    endloop
  endfacet
  facet normal 0 0 1
    outer loop
      vertex -0.991445 0.130526 7.8
      vertex -0.991445 -0.130526 7.8
      vertex -0.965925 -0.258819 7.8
    endloop
  endfacet
  facet normal 0 -0 1
    outer loop
      vertex -0.991445 -0.130526 7.8
      vertex -0.991445 0.130526 7.8
      vertex -1 0 7.8
    endloop
  endfacet
  facet normal -0.839992 -0.414235 0.350462
    outer loop
      vertex -0.866025 -0.5 7.8
      vertex -1.20104 -0.497488 7
      vertex -1.12583 -0.65 7
    endloop
  endfacet
  facet normal -0.182744 0.918574 0.350465
    outer loop
      vertex -0.169683 1.28888 7
      vertex -0.336464 1.2557 7
      vertex -0.130526 0.991445 7.8
    endloop
  endfacet
  facet normal -0.414236 -0.839991 0.350461
    outer loop
      vertex -0.382683 -0.923879 7.8
      vertex -0.5 -0.866025 7.8
      vertex -0.497488 -1.20104 7
    endloop
  endfacet
  facet normal -0.301052 -0.886874 0.350461
    outer loop
      vertex -0.382683 -0.923879 7.8
      vertex -0.497488 -1.20104 7
      vertex -0.258819 -0.965925 7.8
    endloop
  endfacet
  facet normal -0.704159 -0.617523 0.350465
    outer loop
      vertex -0.793353 -0.608761 7.8
      vertex -1.03136 -0.791389 7
      vertex -0.707107 -0.707107 7.8
    endloop
  endfacet
  facet normal 0.980757 0.195233 0
    outer loop
      vertex 14.5778 0.339368 5
      vertex 14.5114 0.672929 2
      vertex 14.5114 0.672929 5
    endloop
  endfacet
  facet normal 0.980757 0.195233 0
    outer loop
      vertex 14.5114 0.672929 2
      vertex 14.5778 0.339368 5
      vertex 14.5778 0.339368 2
    endloop
  endfacet
  facet normal 0.997867 0.0652762 0
    outer loop
      vertex 14.6 0 5
      vertex 14.5778 0.339368 2
      vertex 14.5778 0.339368 5
    endloop
  endfacet
  facet normal 0.997867 0.0652762 0
    outer loop
      vertex 14.5778 0.339368 2
      vertex 14.6 0 5
      vertex 14.6 0 2
    endloop
  endfacet
  facet normal 0.946948 0.321386 0
    outer loop
      vertex 14.5114 0.672929 5
      vertex 14.4021 0.994976 2
      vertex 14.4021 0.994976 5
    endloop
  endfacet
  facet normal 0.946948 0.321386 0
    outer loop
      vertex 14.4021 0.994976 2
      vertex 14.5114 0.672929 5
      vertex 14.5114 0.672929 2
    endloop
  endfacet
  facet normal -0.659341 0.751844 0
    outer loop
      vertex 10.4172 2.06272 2
      vertex 10.1615 1.83848 5
      vertex 10.4172 2.06272 5
    endloop
  endfacet
  facet normal -0.659341 0.751844 0
    outer loop
      vertex 10.1615 1.83848 5
      vertex 10.4172 2.06272 2
      vertex 10.1615 1.83848 2
    endloop
  endfacet
  facet normal 0.0653872 0.99786 -0
    outer loop
      vertex 12.3394 2.57776 2
      vertex 12 2.6 5
      vertex 12.3394 2.57776 5
    endloop
  endfacet
  facet normal 0.0653872 0.99786 0
    outer loop
      vertex 12 2.6 5
      vertex 12.3394 2.57776 2
      vertex 12 2.6 2
    endloop
  endfacet
  facet normal -0.94693 0.321439 0
    outer loop
      vertex 9.48859 0.672929 2
      vertex 9.59791 0.994976 5
      vertex 9.59791 0.994976 2
    endloop
  endfacet
  facet normal -0.94693 0.321439 0
    outer loop
      vertex 9.59791 0.994976 5
      vertex 9.48859 0.672929 2
      vertex 9.48859 0.672929 5
    endloop
  endfacet
  facet normal 0.980757 -0.195233 0
    outer loop
      vertex 14.5114 -0.672929 5
      vertex 14.5778 -0.339368 2
      vertex 14.5778 -0.339368 5
    endloop
  endfacet
  facet normal 0.980757 -0.195233 0
    outer loop
      vertex 14.5778 -0.339368 2
      vertex 14.5114 -0.672929 5
      vertex 14.5114 -0.672929 2
    endloop
  endfacet
  facet normal -0.831466 -0.555575 0
    outer loop
      vertex 9.93728 -1.58278 2
      vertex 9.74833 -1.3 5
      vertex 9.74833 -1.3 2
    endloop
  endfacet
  facet normal -0.831466 -0.555575 0
    outer loop
      vertex 9.74833 -1.3 5
      vertex 9.93728 -1.58278 2
      vertex 9.93728 -1.58278 5
    endloop
  endfacet
  facet normal -0.980785 0.195092 0
    outer loop
      vertex 9.42224 0.339368 2
      vertex 9.48859 0.672929 5
      vertex 9.48859 0.672929 2
    endloop
  endfacet
  facet normal -0.980785 0.195092 0
    outer loop
      vertex 9.48859 0.672929 5
      vertex 9.42224 0.339368 2
      vertex 9.42224 0.339368 5
    endloop
  endfacet
  facet normal -0.555548 0.831484 0
    outer loop
      vertex 10.7 2.25167 2
      vertex 10.4172 2.06272 5
      vertex 10.7 2.25167 5
    endloop
  endfacet
  facet normal -0.555548 0.831484 0
    outer loop
      vertex 10.4172 2.06272 5
      vertex 10.7 2.25167 2
      vertex 10.4172 2.06272 2
    endloop
  endfacet
  facet normal -0.94693 -0.321439 0
    outer loop
      vertex 9.59791 -0.994976 2
      vertex 9.48859 -0.672929 5
      vertex 9.48859 -0.672929 2
    endloop
  endfacet
  facet normal -0.94693 -0.321439 0
    outer loop
      vertex 9.48859 -0.672929 5
      vertex 9.59791 -0.994976 2
      vertex 9.59791 -0.994976 5
    endloop
  endfacet
  facet normal -0.980785 -0.195092 0
    outer loop
      vertex 9.48859 -0.672929 2
      vertex 9.42224 -0.339368 5
      vertex 9.42224 -0.339368 2
    endloop
  endfacet
  facet normal -0.980785 -0.195092 0
    outer loop
      vertex 9.42224 -0.339368 5
      vertex 9.48859 -0.672929 2
      vertex 9.48859 -0.672929 5
    endloop
  endfacet
  facet normal 0.321391 -0.946946 0
    outer loop
      vertex 12.6729 -2.51141 2
      vertex 12.995 -2.40209 5
      vertex 12.6729 -2.51141 5
    endloop
  endfacet
  facet normal 0.321391 -0.946946 0
    outer loop
      vertex 12.995 -2.40209 5
      vertex 12.6729 -2.51141 2
      vertex 12.995 -2.40209 2
    endloop
  endfacet
  facet normal -0.751873 0.659308 0
    outer loop
      vertex 9.93728 1.58278 2
      vertex 10.1615 1.83848 5
      vertex 10.1615 1.83848 2
    endloop
  endfacet
  facet normal -0.751873 0.659308 0
    outer loop
      vertex 10.1615 1.83848 5
      vertex 9.93728 1.58278 2
      vertex 9.93728 1.58278 5
    endloop
  endfacet
  facet normal 0.195126 -0.980778 0
    outer loop
      vertex 12.3394 -2.57776 2
      vertex 12.6729 -2.51141 5
      vertex 12.3394 -2.57776 5
    endloop
  endfacet
  facet normal 0.195126 -0.980778 0
    outer loop
      vertex 12.6729 -2.51141 5
      vertex 12.3394 -2.57776 2
      vertex 12.6729 -2.51141 2
    endloop
  endfacet
  facet normal -0.321391 0.946946 0
    outer loop
      vertex 11.3271 2.51141 2
      vertex 11.005 2.40209 5
      vertex 11.3271 2.51141 5
    endloop
  endfacet
  facet normal -0.321391 0.946946 0
    outer loop
      vertex 11.005 2.40209 5
      vertex 11.3271 2.51141 2
      vertex 11.005 2.40209 2
    endloop
  endfacet
  facet normal 0.896897 0.442239 0
    outer loop
      vertex 14.4021 0.994976 5
      vertex 14.2517 1.3 2
      vertex 14.2517 1.3 5
    endloop
  endfacet
  facet normal 0.896897 0.442239 0
    outer loop
      vertex 14.2517 1.3 2
      vertex 14.4021 0.994976 5
      vertex 14.4021 0.994976 2
    endloop
  endfacet
  facet normal -0.99786 -0.0653933 0
    outer loop
      vertex 9.42224 -0.339368 2
      vertex 9.4 0 5
      vertex 9.4 0 2
    endloop
  endfacet
  facet normal -0.99786 -0.0653933 0
    outer loop
      vertex 9.4 0 5
      vertex 9.42224 -0.339368 2
      vertex 9.42224 -0.339368 5
    endloop
  endfacet
  facet normal -0.0653872 -0.99786 0
    outer loop
      vertex 11.6606 -2.57776 2
      vertex 12 -2.6 5
      vertex 11.6606 -2.57776 5
    endloop
  endfacet
  facet normal -0.0653872 -0.99786 -0
    outer loop
      vertex 12 -2.6 5
      vertex 11.6606 -2.57776 2
      vertex 12 -2.6 2
    endloop
  endfacet
  facet normal 0.195126 0.980778 -0
    outer loop
      vertex 12.6729 2.51141 2
      vertex 12.3394 2.57776 5
      vertex 12.6729 2.51141 5
    endloop
  endfacet
  facet normal 0.195126 0.980778 0
    outer loop
      vertex 12.3394 2.57776 5
      vertex 12.6729 2.51141 2
      vertex 12.3394 2.57776 2
    endloop
  endfacet
  facet normal 0.831398 -0.555677 0
    outer loop
      vertex 14.0627 -1.58278 5
      vertex 14.2517 -1.3 2
      vertex 14.2517 -1.3 5
    endloop
  endfacet
  facet normal 0.831398 -0.555677 0
    outer loop
      vertex 14.2517 -1.3 2
      vertex 14.0627 -1.58278 5
      vertex 14.0627 -1.58278 2
    endloop
  endfacet
  facet normal -0.751873 -0.659308 0
    outer loop
      vertex 10.1615 -1.83848 2
      vertex 9.93728 -1.58278 5
      vertex 9.93728 -1.58278 2
    endloop
  endfacet
  facet normal -0.751873 -0.659308 0
    outer loop
      vertex 9.93728 -1.58278 5
      vertex 10.1615 -1.83848 2
      vertex 10.1615 -1.83848 5
    endloop
  endfacet
  facet normal -0.195126 -0.980778 0
    outer loop
      vertex 11.3271 -2.51141 2
      vertex 11.6606 -2.57776 5
      vertex 11.3271 -2.51141 5
    endloop
  endfacet
  facet normal -0.195126 -0.980778 -0
    outer loop
      vertex 11.6606 -2.57776 5
      vertex 11.3271 -2.51141 2
      vertex 11.6606 -2.57776 2
    endloop
  endfacet
  facet normal 0.555548 0.831484 -0
    outer loop
      vertex 13.5828 2.06272 2
      vertex 13.3 2.25167 5
      vertex 13.5828 2.06272 5
    endloop
  endfacet
  facet normal 0.555548 0.831484 0
    outer loop
      vertex 13.3 2.25167 5
      vertex 13.5828 2.06272 2
      vertex 13.3 2.25167 2
    endloop
  endfacet
  facet normal 0.997867 -0.0652762 0
    outer loop
      vertex 14.5778 -0.339368 5
      vertex 14.6 0 2
      vertex 14.6 0 5
    endloop
  endfacet
  facet normal 0.997867 -0.0652762 0
    outer loop
      vertex 14.6 0 2
      vertex 14.5778 -0.339368 5
      vertex 14.5778 -0.339368 2
    endloop
  endfacet
  facet normal -0.195126 0.980778 0
    outer loop
      vertex 11.6606 2.57776 2
      vertex 11.3271 2.51141 5
      vertex 11.6606 2.57776 5
    endloop
  endfacet
  facet normal -0.195126 0.980778 0
    outer loop
      vertex 11.3271 2.51141 5
      vertex 11.6606 2.57776 2
      vertex 11.3271 2.51141 2
    endloop
  endfacet
  facet normal 0.659341 0.751844 -0
    outer loop
      vertex 13.8385 1.83848 2
      vertex 13.5828 2.06272 5
      vertex 13.8385 1.83848 5
    endloop
  endfacet
  facet normal 0.659341 0.751844 0
    outer loop
      vertex 13.5828 2.06272 5
      vertex 13.8385 1.83848 2
      vertex 13.5828 2.06272 2
    endloop
  endfacet
  facet normal 0.751902 0.659275 0
    outer loop
      vertex 14.0627 1.58278 5
      vertex 13.8385 1.83848 2
      vertex 13.8385 1.83848 5
    endloop
  endfacet
  facet normal 0.751902 0.659275 0
    outer loop
      vertex 13.8385 1.83848 2
      vertex 14.0627 1.58278 5
      vertex 14.0627 1.58278 2
    endloop
  endfacet
  facet normal -0.321391 -0.946946 0
    outer loop
      vertex 11.005 -2.40209 2
      vertex 11.3271 -2.51141 5
      vertex 11.005 -2.40209 5
    endloop
  endfacet
  facet normal -0.321391 -0.946946 -0
    outer loop
      vertex 11.3271 -2.51141 5
      vertex 11.005 -2.40209 2
      vertex 11.3271 -2.51141 2
    endloop
  endfacet
  facet normal 0.0653872 -0.99786 0
    outer loop
      vertex 12 -2.6 2
      vertex 12.3394 -2.57776 5
      vertex 12 -2.6 5
    endloop
  endfacet
  facet normal 0.0653872 -0.99786 0
    outer loop
      vertex 12.3394 -2.57776 5
      vertex 12 -2.6 2
      vertex 12.3394 -2.57776 2
    endloop
  endfacet
  facet normal 0.555548 -0.831484 0
    outer loop
      vertex 13.3 -2.25167 2
      vertex 13.5828 -2.06272 5
      vertex 13.3 -2.25167 5
    endloop
  endfacet
  facet normal 0.555548 -0.831484 0
    outer loop
      vertex 13.5828 -2.06272 5
      vertex 13.3 -2.25167 2
      vertex 13.5828 -2.06272 2
    endloop
  endfacet
  facet normal 0.946948 -0.321386 0
    outer loop
      vertex 14.4021 -0.994976 5
      vertex 14.5114 -0.672929 2
      vertex 14.5114 -0.672929 5
    endloop
  endfacet
  facet normal 0.946948 -0.321386 0
    outer loop
      vertex 14.5114 -0.672929 2
      vertex 14.4021 -0.994976 5
      vertex 14.4021 -0.994976 2
    endloop
  endfacet
  facet normal 0.442314 0.89686 -0
    outer loop
      vertex 13.3 2.25167 2
      vertex 12.995 2.40209 5
      vertex 13.3 2.25167 5
    endloop
  endfacet
  facet normal 0.442314 0.89686 0
    outer loop
      vertex 12.995 2.40209 5
      vertex 13.3 2.25167 2
      vertex 12.995 2.40209 2
    endloop
  endfacet
  facet normal 0.831398 0.555677 0
    outer loop
      vertex 14.2517 1.3 5
      vertex 14.0627 1.58278 2
      vertex 14.0627 1.58278 5
    endloop
  endfacet
  facet normal 0.831398 0.555677 0
    outer loop
      vertex 14.0627 1.58278 2
      vertex 14.2517 1.3 5
      vertex 14.2517 1.3 2
    endloop
  endfacet
  facet normal 0.659341 -0.751844 0
    outer loop
      vertex 13.5828 -2.06272 2
      vertex 13.8385 -1.83848 5
      vertex 13.5828 -2.06272 5
    endloop
  endfacet
  facet normal 0.659341 -0.751844 0
    outer loop
      vertex 13.8385 -1.83848 5
      vertex 13.5828 -2.06272 2
      vertex 13.8385 -1.83848 2
    endloop
  endfacet
  facet normal 0.751902 -0.659275 0
    outer loop
      vertex 13.8385 -1.83848 5
      vertex 14.0627 -1.58278 2
      vertex 14.0627 -1.58278 5
    endloop
  endfacet
  facet normal 0.751902 -0.659275 0
    outer loop
      vertex 14.0627 -1.58278 2
      vertex 13.8385 -1.83848 5
      vertex 13.8385 -1.83848 2
    endloop
  endfacet
  facet normal 0.321391 0.946946 -0
    outer loop
      vertex 12.995 2.40209 2
      vertex 12.6729 2.51141 5
      vertex 12.995 2.40209 5
    endloop
  endfacet
  facet normal 0.321391 0.946946 0
    outer loop
      vertex 12.6729 2.51141 5
      vertex 12.995 2.40209 2
      vertex 12.6729 2.51141 2
    endloop
  endfacet
  facet normal -0.0653872 0.99786 0
    outer loop
      vertex 12 2.6 2
      vertex 11.6606 2.57776 5
      vertex 12 2.6 5
    endloop
  endfacet
  facet normal -0.0653872 0.99786 0
    outer loop
      vertex 11.6606 2.57776 5
      vertex 12 2.6 2
      vertex 11.6606 2.57776 2
    endloop
  endfacet
  facet normal -0.659341 -0.751844 0
    outer loop
      vertex 10.1615 -1.83848 2
      vertex 10.4172 -2.06272 5
      vertex 10.1615 -1.83848 5
    endloop
  endfacet
  facet normal -0.659341 -0.751844 -0
    outer loop
      vertex 10.4172 -2.06272 5
      vertex 10.1615 -1.83848 2
      vertex 10.4172 -2.06272 2
    endloop
  endfacet
  facet normal 0.896897 -0.442239 0
    outer loop
      vertex 14.2517 -1.3 5
      vertex 14.4021 -0.994976 2
      vertex 14.4021 -0.994976 5
    endloop
  endfacet
  facet normal 0.896897 -0.442239 0
    outer loop
      vertex 14.4021 -0.994976 2
      vertex 14.2517 -1.3 5
      vertex 14.2517 -1.3 2
    endloop
  endfacet
  facet normal -0.99786 0.0653933 0
    outer loop
      vertex 9.4 0 2
      vertex 9.42224 0.339368 5
      vertex 9.42224 0.339368 2
    endloop
  endfacet
  facet normal -0.99786 0.0653933 0
    outer loop
      vertex 9.42224 0.339368 5
      vertex 9.4 0 2
      vertex 9.4 0 5
    endloop
  endfacet
  facet normal 0.442314 -0.89686 0
    outer loop
      vertex 12.995 -2.40209 2
      vertex 13.3 -2.25167 5
      vertex 12.995 -2.40209 5
    endloop
  endfacet
  facet normal 0.442314 -0.89686 0
    outer loop
      vertex 13.3 -2.25167 5
      vertex 12.995 -2.40209 2
      vertex 13.3 -2.25167 2
    endloop
  endfacet
  facet normal -0.442314 -0.89686 0
    outer loop
      vertex 10.7 -2.25167 2
      vertex 11.005 -2.40209 5
      vertex 10.7 -2.25167 5
    endloop
  endfacet
  facet normal -0.442314 -0.89686 -0
    outer loop
      vertex 11.005 -2.40209 5
      vertex 10.7 -2.25167 2
      vertex 11.005 -2.40209 2
    endloop
  endfacet
  facet normal -0.442314 0.89686 0
    outer loop
      vertex 11.005 2.40209 2
      vertex 10.7 2.25167 5
      vertex 11.005 2.40209 5
    endloop
  endfacet
  facet normal -0.442314 0.89686 0
    outer loop
      vertex 10.7 2.25167 5
      vertex 11.005 2.40209 2
      vertex 10.7 2.25167 2
    endloop
  endfacet
  facet normal -0.896874 -0.442286 0
    outer loop
      vertex 9.74833 -1.3 2
      vertex 9.59791 -0.994976 5
      vertex 9.59791 -0.994976 2
    endloop
  endfacet
  facet normal -0.896874 -0.442286 0
    outer loop
      vertex 9.59791 -0.994976 5
      vertex 9.74833 -1.3 2
      vertex 9.74833 -1.3 5
    endloop
  endfacet
  facet normal -0.896874 0.442286 0
    outer loop
      vertex 9.59791 0.994976 2
      vertex 9.74833 1.3 5
      vertex 9.74833 1.3 2
    endloop
  endfacet
  facet normal -0.896874 0.442286 0
    outer loop
      vertex 9.74833 1.3 5
      vertex 9.59791 0.994976 2
      vertex 9.59791 0.994976 5
    endloop
  endfacet
  facet normal -0.831466 0.555575 0
    outer loop
      vertex 9.74833 1.3 2
      vertex 9.93728 1.58278 5
      vertex 9.93728 1.58278 2
    endloop
  endfacet
  facet normal -0.831466 0.555575 0
    outer loop
      vertex 9.93728 1.58278 5
      vertex 9.74833 1.3 2
      vertex 9.74833 1.3 5
    endloop
  endfacet
  facet normal -0.555548 -0.831484 0
    outer loop
      vertex 10.4172 -2.06272 2
      vertex 10.7 -2.25167 5
      vertex 10.4172 -2.06272 5
    endloop
  endfacet
  facet normal -0.555548 -0.831484 -0
    outer loop
      vertex 10.7 -2.25167 5
      vertex 10.4172 -2.06272 2
      vertex 10.7 -2.25167 2
    endloop
  endfacet
  facet normal 0 0 1
    outer loop
      vertex 13.35 0 5
      vertex 14.6 0 5
      vertex 14.5778 0.339368 5
    endloop
  endfacet
  facet normal 0 0 1
    outer loop
      vertex 13.3385 0.176209 5
      vertex 14.5778 0.339368 5
      vertex 14.5114 0.672929 5
    endloop
  endfacet
  facet normal 0 0 1
    outer loop
      vertex 14.6 0 5
      vertex 13.35 0 5
      vertex 14.5778 -0.339368 5
    endloop
  endfacet
  facet normal 0 0 1
    outer loop
      vertex 13.304 0.349405 5
      vertex 14.5114 0.672929 5
      vertex 14.4021 0.994976 5
    endloop
  endfacet
  facet normal -0 0 1
    outer loop
      vertex 13.3385 -0.176209 5
      vertex 14.5778 -0.339368 5
      vertex 13.35 0 5
    endloop
  endfacet
  facet normal 0 0 1
    outer loop
      vertex 13.2472 0.516623 5
      vertex 14.4021 0.994976 5
      vertex 14.2517 1.3 5
    endloop
  endfacet
  facet normal 0 0 1
    outer loop
      vertex 14.5778 -0.339368 5
      vertex 13.3385 -0.176209 5
      vertex 14.5114 -0.672929 5
    endloop
  endfacet
  facet normal 0 0 1
    outer loop
      vertex 13.1691 0.674999 5
      vertex 14.2517 1.3 5
      vertex 14.0627 1.58278 5
    endloop
  endfacet
  facet normal -0 0 1
    outer loop
      vertex 13.304 -0.349405 5
      vertex 14.5114 -0.672929 5
      vertex 13.3385 -0.176209 5
    endloop
  endfacet
  facet normal 0 0 1
    outer loop
      vertex 13.071 0.821828 5
      vertex 14.0627 1.58278 5
      vertex 13.8385 1.83848 5
    endloop
  endfacet
  facet normal 0 0 1
    outer loop
      vertex 14.5114 -0.672929 5
      vertex 13.304 -0.349405 5
      vertex 14.4021 -0.994976 5
    endloop
  endfacet
  facet normal 0 0 1
    outer loop
      vertex 12.9546 0.954594 5
      vertex 13.8385 1.83848 5
      vertex 13.5828 2.06272 5
    endloop
  endfacet
  facet normal -0 0 1
    outer loop
      vertex 13.2472 -0.516623 5
      vertex 14.4021 -0.994976 5
      vertex 13.304 -0.349405 5
    endloop
  endfacet
  facet normal 0 0 1
    outer loop
      vertex 14.4021 -0.994976 5
      vertex 13.2472 -0.516623 5
      vertex 14.2517 -1.3 5
    endloop
  endfacet
  facet normal 0 0 1
    outer loop
      vertex 14.5778 0.339368 5
      vertex 13.3385 0.176209 5
      vertex 13.35 0 5
    endloop
  endfacet
  facet normal 0 0 1
    outer loop
      vertex 14.5114 0.672929 5
      vertex 13.304 0.349405 5
      vertex 13.3385 0.176209 5
    endloop
  endfacet
  facet normal 0 0 1
    outer loop
      vertex 12.8218 1.07103 5
      vertex 13.5828 2.06272 5
      vertex 13.3 2.25167 5
    endloop
  endfacet
  facet normal 0 0 1
    outer loop
      vertex 14.4021 0.994976 5
      vertex 13.2472 0.516623 5
      vertex 13.304 0.349405 5
    endloop
  endfacet
  facet normal 0 0 1
    outer loop
      vertex 14.2517 1.3 5
      vertex 13.1691 0.674999 5
      vertex 13.2472 0.516623 5
    endloop
  endfacet
  facet normal 0 0 1
    outer loop
      vertex 14.0627 1.58278 5
      vertex 13.071 0.821828 5
      vertex 13.1691 0.674999 5
    endloop
  endfacet
  facet normal 0 0 1
    outer loop
      vertex 12.675 1.16913 5
      vertex 13.3 2.25167 5
      vertex 12.995 2.40209 5
    endloop
  endfacet
  facet normal 0 0 1
    outer loop
      vertex 13.8385 1.83848 5
      vertex 12.9546 0.954594 5
      vertex 13.071 0.821828 5
    endloop
  endfacet
  facet normal 0 0 1
    outer loop
      vertex 13.5828 2.06272 5
      vertex 12.8218 1.07103 5
      vertex 12.9546 0.954594 5
    endloop
  endfacet
  facet normal 0 0 1
    outer loop
      vertex 13.3 2.25167 5
      vertex 12.675 1.16913 5
      vertex 12.8218 1.07103 5
    endloop
  endfacet
  facet normal 0 0 1
    outer loop
      vertex 12.5166 1.24724 5
      vertex 12.995 2.40209 5
      vertex 12.6729 2.51141 5
    endloop
  endfacet
  facet normal 0 0 1
    outer loop
      vertex 12.995 2.40209 5
      vertex 12.5166 1.24724 5
      vertex 12.675 1.16913 5
    endloop
  endfacet
  facet normal 0 0 1
    outer loop
      vertex 12.6729 2.51141 5
      vertex 12.3494 1.304 5
      vertex 12.5166 1.24724 5
    endloop
  endfacet
  facet normal 0 0 1
    outer loop
      vertex 12.3394 2.57776 5
      vertex 12.3494 1.304 5
      vertex 12.6729 2.51141 5
    endloop
  endfacet
  facet normal 0 0 1
    outer loop
      vertex 12.3394 2.57776 5
      vertex 12.1762 1.33845 5
      vertex 12.3494 1.304 5
    endloop
  endfacet
  facet normal 0 0 1
    outer loop
      vertex 12 2.6 5
      vertex 12.1762 1.33845 5
      vertex 12.3394 2.57776 5
    endloop
  endfacet
  facet normal 0 0 1
    outer loop
      vertex 12 2.6 5
      vertex 12 1.35 5
      vertex 12.1762 1.33845 5
    endloop
  endfacet
  facet normal 0 0 1
    outer loop
      vertex 12 2.6 5
      vertex 11.8238 1.33845 5
      vertex 12 1.35 5
    endloop
  endfacet
  facet normal -0 0 1
    outer loop
      vertex 11.6606 2.57776 5
      vertex 11.8238 1.33845 5
      vertex 12 2.6 5
    endloop
  endfacet
  facet normal 0 0 1
    outer loop
      vertex 11.6606 2.57776 5
      vertex 11.6506 1.304 5
      vertex 11.8238 1.33845 5
    endloop
  endfacet
  facet normal -0 0 1
    outer loop
      vertex 11.3271 2.51141 5
      vertex 11.6506 1.304 5
      vertex 11.6606 2.57776 5
    endloop
  endfacet
  facet normal 0 0 1
    outer loop
      vertex 11.6506 1.304 5
      vertex 11.3271 2.51141 5
      vertex 11.4834 1.24724 5
    endloop
  endfacet
  facet normal -0 0 1
    outer loop
      vertex 11.005 2.40209 5
      vertex 11.4834 1.24724 5
      vertex 11.3271 2.51141 5
    endloop
  endfacet
  facet normal 0 0 1
    outer loop
      vertex 11.4834 1.24724 5
      vertex 11.005 2.40209 5
      vertex 11.325 1.16913 5
    endloop
  endfacet
  facet normal -0 0 1
    outer loop
      vertex 10.7 2.25167 5
      vertex 11.325 1.16913 5
      vertex 11.005 2.40209 5
    endloop
  endfacet
  facet normal 0 0 1
    outer loop
      vertex 11.325 1.16913 5
      vertex 10.7 2.25167 5
      vertex 11.1782 1.07103 5
    endloop
  endfacet
  facet normal -0 0 1
    outer loop
      vertex 10.4172 2.06272 5
      vertex 11.1782 1.07103 5
      vertex 10.7 2.25167 5
    endloop
  endfacet
  facet normal 0 0 1
    outer loop
      vertex 11.1782 1.07103 5
      vertex 10.4172 2.06272 5
      vertex 11.0454 0.954594 5
    endloop
  endfacet
  facet normal -0 0 1
    outer loop
      vertex 10.1615 1.83848 5
      vertex 11.0454 0.954594 5
      vertex 10.4172 2.06272 5
    endloop
  endfacet
  facet normal 0 0 1
    outer loop
      vertex 11.0454 0.954594 5
      vertex 10.1615 1.83848 5
      vertex 10.929 0.821828 5
    endloop
  endfacet
  facet normal -0 0 1
    outer loop
      vertex 9.93728 1.58278 5
      vertex 10.929 0.821828 5
      vertex 10.1615 1.83848 5
    endloop
  endfacet
  facet normal 0 0 1
    outer loop
      vertex 10.929 0.821828 5
      vertex 9.93728 1.58278 5
      vertex 10.8309 0.674999 5
    endloop
  endfacet
  facet normal -0 0 1
    outer loop
      vertex 9.74833 1.3 5
      vertex 10.8309 0.674999 5
      vertex 9.93728 1.58278 5
    endloop
  endfacet
  facet normal 0 0 1
    outer loop
      vertex 10.8309 0.674999 5
      vertex 9.74833 1.3 5
      vertex 10.7528 0.516623 5
    endloop
  endfacet
  facet normal -0 0 1
    outer loop
      vertex 13.1691 -0.674999 5
      vertex 14.2517 -1.3 5
      vertex 13.2472 -0.516623 5
    endloop
  endfacet
  facet normal 0 0 1
    outer loop
      vertex 14.2517 -1.3 5
      vertex 13.1691 -0.674999 5
      vertex 14.0627 -1.58278 5
    endloop
  endfacet
  facet normal -0 0 1
    outer loop
      vertex 13.071 -0.821828 5
      vertex 14.0627 -1.58278 5
      vertex 13.1691 -0.674999 5
    endloop
  endfacet
  facet normal 0 0 1
    outer loop
      vertex 14.0627 -1.58278 5
      vertex 13.071 -0.821828 5
      vertex 13.8385 -1.83848 5
    endloop
  endfacet
  facet normal -0 0 1
    outer loop
      vertex 12.9546 -0.954594 5
      vertex 13.8385 -1.83848 5
      vertex 13.071 -0.821828 5
    endloop
  endfacet
  facet normal 0 0 1
    outer loop
      vertex 13.8385 -1.83848 5
      vertex 12.9546 -0.954594 5
      vertex 13.5828 -2.06272 5
    endloop
  endfacet
  facet normal -0 0 1
    outer loop
      vertex 12.8218 -1.07103 5
      vertex 13.5828 -2.06272 5
      vertex 12.9546 -0.954594 5
    endloop
  endfacet
  facet normal 0 0 1
    outer loop
      vertex 13.5828 -2.06272 5
      vertex 12.8218 -1.07103 5
      vertex 13.3 -2.25167 5
    endloop
  endfacet
  facet normal -0 0 1
    outer loop
      vertex 12.675 -1.16913 5
      vertex 13.3 -2.25167 5
      vertex 12.8218 -1.07103 5
    endloop
  endfacet
  facet normal 0 0 1
    outer loop
      vertex 13.3 -2.25167 5
      vertex 12.675 -1.16913 5
      vertex 12.995 -2.40209 5
    endloop
  endfacet
  facet normal -0 0 1
    outer loop
      vertex 12.5166 -1.24724 5
      vertex 12.995 -2.40209 5
      vertex 12.675 -1.16913 5
    endloop
  endfacet
  facet normal 0 0 1
    outer loop
      vertex 12.995 -2.40209 5
      vertex 12.5166 -1.24724 5
      vertex 12.6729 -2.51141 5
    endloop
  endfacet
  facet normal -0 0 1
    outer loop
      vertex 12.3494 -1.304 5
      vertex 12.6729 -2.51141 5
      vertex 12.5166 -1.24724 5
    endloop
  endfacet
  facet normal 0 0 1
    outer loop
      vertex 12.3494 -1.304 5
      vertex 12.3394 -2.57776 5
      vertex 12.6729 -2.51141 5
    endloop
  endfacet
  facet normal -0 0 1
    outer loop
      vertex 12.1762 -1.33845 5
      vertex 12.3394 -2.57776 5
      vertex 12.3494 -1.304 5
    endloop
  endfacet
  facet normal -0 0 1
    outer loop
      vertex 12 -1.35 5
      vertex 12.3394 -2.57776 5
      vertex 12.1762 -1.33845 5
    endloop
  endfacet
  facet normal 0 0 1
    outer loop
      vertex 12 -1.35 5
      vertex 12 -2.6 5
      vertex 12.3394 -2.57776 5
    endloop
  endfacet
  facet normal 0 0 1
    outer loop
      vertex 11.8238 -1.33845 5
      vertex 12 -2.6 5
      vertex 12 -1.35 5
    endloop
  endfacet
  facet normal 0 0 1
    outer loop
      vertex 11.8238 -1.33845 5
      vertex 11.6606 -2.57776 5
      vertex 12 -2.6 5
    endloop
  endfacet
  facet normal 0 0 1
    outer loop
      vertex 11.6506 -1.304 5
      vertex 11.6606 -2.57776 5
      vertex 11.8238 -1.33845 5
    endloop
  endfacet
  facet normal 0 0 1
    outer loop
      vertex 11.3271 -2.51141 5
      vertex 11.6506 -1.304 5
      vertex 11.4834 -1.24724 5
    endloop
  endfacet
  facet normal 0 0 1
    outer loop
      vertex 11.6506 -1.304 5
      vertex 11.3271 -2.51141 5
      vertex 11.6606 -2.57776 5
    endloop
  endfacet
  facet normal 0 0 1
    outer loop
      vertex 11.005 -2.40209 5
      vertex 11.4834 -1.24724 5
      vertex 11.325 -1.16913 5
    endloop
  endfacet
  facet normal 0 0 1
    outer loop
      vertex 10.7 -2.25167 5
      vertex 11.325 -1.16913 5
      vertex 11.1782 -1.07103 5
    endloop
  endfacet
  facet normal 0 0 1
    outer loop
      vertex 10.4172 -2.06272 5
      vertex 11.1782 -1.07103 5
      vertex 11.0454 -0.954594 5
    endloop
  endfacet
  facet normal 0 0 1
    outer loop
      vertex 11.4834 -1.24724 5
      vertex 11.005 -2.40209 5
      vertex 11.3271 -2.51141 5
    endloop
  endfacet
  facet normal 0 0 1
    outer loop
      vertex 10.1615 -1.83848 5
      vertex 11.0454 -0.954594 5
      vertex 10.929 -0.821828 5
    endloop
  endfacet
  facet normal 0 0 1
    outer loop
      vertex 9.93728 -1.58278 5
      vertex 10.929 -0.821828 5
      vertex 10.8309 -0.674999 5
    endloop
  endfacet
  facet normal 0 0 1
    outer loop
      vertex 9.74833 -1.3 5
      vertex 10.8309 -0.674999 5
      vertex 10.7528 -0.516623 5
    endloop
  endfacet
  facet normal 0 0 1
    outer loop
      vertex 11.325 -1.16913 5
      vertex 10.7 -2.25167 5
      vertex 11.005 -2.40209 5
    endloop
  endfacet
  facet normal 0 0 1
    outer loop
      vertex 9.59791 -0.994976 5
      vertex 10.7528 -0.516623 5
      vertex 10.696 -0.349405 5
    endloop
  endfacet
  facet normal 0 0 1
    outer loop
      vertex 9.48859 -0.672929 5
      vertex 10.696 -0.349405 5
      vertex 10.6615 -0.176209 5
    endloop
  endfacet
  facet normal 0 0 1
    outer loop
      vertex 9.42224 -0.339368 5
      vertex 10.6615 -0.176209 5
      vertex 10.65 0 5
    endloop
  endfacet
  facet normal -0 0 1
    outer loop
      vertex 9.59791 0.994976 5
      vertex 10.7528 0.516623 5
      vertex 9.74833 1.3 5
    endloop
  endfacet
  facet normal 0 0 1
    outer loop
      vertex 11.1782 -1.07103 5
      vertex 10.4172 -2.06272 5
      vertex 10.7 -2.25167 5
    endloop
  endfacet
  facet normal 0 0 1
    outer loop
      vertex 10.7528 0.516623 5
      vertex 9.59791 0.994976 5
      vertex 10.696 0.349405 5
    endloop
  endfacet
  facet normal 0 0 1
    outer loop
      vertex 11.0454 -0.954594 5
      vertex 10.1615 -1.83848 5
      vertex 10.4172 -2.06272 5
    endloop
  endfacet
  facet normal -0 0 1
    outer loop
      vertex 9.48859 0.672929 5
      vertex 10.696 0.349405 5
      vertex 9.59791 0.994976 5
    endloop
  endfacet
  facet normal 0 0 1
    outer loop
      vertex 10.929 -0.821828 5
      vertex 9.93728 -1.58278 5
      vertex 10.1615 -1.83848 5
    endloop
  endfacet
  facet normal 0 0 1
    outer loop
      vertex 10.696 0.349405 5
      vertex 9.48859 0.672929 5
      vertex 10.6615 0.176209 5
    endloop
  endfacet
  facet normal 0 0 1
    outer loop
      vertex 10.8309 -0.674999 5
      vertex 9.74833 -1.3 5
      vertex 9.93728 -1.58278 5
    endloop
  endfacet
  facet normal -0 0 1
    outer loop
      vertex 9.42224 0.339368 5
      vertex 10.6615 0.176209 5
      vertex 9.48859 0.672929 5
    endloop
  endfacet
  facet normal 0 0 1
    outer loop
      vertex 10.7528 -0.516623 5
      vertex 9.59791 -0.994976 5
      vertex 9.74833 -1.3 5
    endloop
  endfacet
  facet normal 0 0 1
    outer loop
      vertex 10.6615 0.176209 5
      vertex 9.42224 0.339368 5
      vertex 10.65 0 5
    endloop
  endfacet
  facet normal 0 0 1
    outer loop
      vertex 10.696 -0.349405 5
      vertex 9.48859 -0.672929 5
      vertex 9.59791 -0.994976 5
    endloop
  endfacet
  facet normal 0 0 1
    outer loop
      vertex 9.4 0 5
      vertex 10.65 0 5
      vertex 9.42224 0.339368 5
    endloop
  endfacet
  facet normal 0 0 1
    outer loop
      vertex 10.6615 -0.176209 5
      vertex 9.42224 -0.339368 5
      vertex 9.48859 -0.672929 5
    endloop
  endfacet
  facet normal 0 0 1
    outer loop
      vertex 10.65 0 5
      vertex 9.4 0 5
      vertex 9.42224 -0.339368 5
    endloop
  endfacet
  facet normal 0.195081 0.980787 -0
    outer loop
      vertex 12.3494 1.304 5
      vertex 12.1762 1.33845 7
      vertex 12.3494 1.304 7
    endloop
  endfacet
  facet normal 0.195081 0.980787 0
    outer loop
      vertex 12.1762 1.33845 7
      vertex 12.3494 1.304 5
      vertex 12.1762 1.33845 5
    endloop
  endfacet
  facet normal 0.980732 0.195358 0
    outer loop
      vertex 13.3385 0.176209 7
      vertex 13.304 0.349405 5
      vertex 13.304 0.349405 7
    endloop
  endfacet
  facet normal 0.980732 0.195358 0
    outer loop
      vertex 13.304 0.349405 5
      vertex 13.3385 0.176209 7
      vertex 13.3385 0.176209 5
    endloop
  endfacet
  facet normal 0.997877 0.0651249 0
    outer loop
      vertex 13.35 0 7
      vertex 13.3385 0.176209 5
      vertex 13.3385 0.176209 7
    endloop
  endfacet
  facet normal 0.997877 0.0651249 0
    outer loop
      vertex 13.3385 0.176209 5
      vertex 13.35 0 7
      vertex 13.35 0 5
    endloop
  endfacet
  facet normal 0.946866 0.321628 0
    outer loop
      vertex 13.304 0.349405 7
      vertex 13.2472 0.516623 5
      vertex 13.2472 0.516623 7
    endloop
  endfacet
  facet normal 0.946866 0.321628 0
    outer loop
      vertex 13.2472 0.516623 5
      vertex 13.304 0.349405 7
      vertex 13.304 0.349405 5
    endloop
  endfacet
  facet normal 0.831491 0.555539 0
    outer loop
      vertex 13.1691 0.674999 7
      vertex 13.071 0.821828 5
      vertex 13.071 0.821828 7
    endloop
  endfacet
  facet normal 0.831491 0.555539 0
    outer loop
      vertex 13.071 0.821828 5
      vertex 13.1691 0.674999 7
      vertex 13.1691 0.674999 5
    endloop
  endfacet
  facet normal 0.321456 0.946925 -0
    outer loop
      vertex 12.5166 1.24724 5
      vertex 12.3494 1.304 7
      vertex 12.5166 1.24724 7
    endloop
  endfacet
  facet normal 0.321456 0.946925 0
    outer loop
      vertex 12.3494 1.304 7
      vertex 12.5166 1.24724 5
      vertex 12.3494 1.304 5
    endloop
  endfacet
  facet normal -0.980732 -0.195358 0
    outer loop
      vertex 10.696 -0.349405 5
      vertex 10.6615 -0.176209 7
      vertex 10.6615 -0.176209 5
    endloop
  endfacet
  facet normal -0.980732 -0.195358 0
    outer loop
      vertex 10.6615 -0.176209 7
      vertex 10.696 -0.349405 5
      vertex 10.696 -0.349405 7
    endloop
  endfacet
  facet normal 0.997877 -0.0651249 0
    outer loop
      vertex 13.3385 -0.176209 7
      vertex 13.35 0 5
      vertex 13.35 0 7
    endloop
  endfacet
  facet normal 0.997877 -0.0651249 0
    outer loop
      vertex 13.35 0 5
      vertex 13.3385 -0.176209 7
      vertex 13.3385 -0.176209 5
    endloop
  endfacet
  facet normal -0.997877 -0.0651249 0
    outer loop
      vertex 10.6615 -0.176209 5
      vertex 10.65 0 7
      vertex 10.65 0 5
    endloop
  endfacet
  facet normal -0.997877 -0.0651249 0
    outer loop
      vertex 10.65 0 7
      vertex 10.6615 -0.176209 5
      vertex 10.6615 -0.176209 7
    endloop
  endfacet
  facet normal -0.321456 -0.946925 0
    outer loop
      vertex 11.4834 -1.24724 5
      vertex 11.6506 -1.304 7
      vertex 11.4834 -1.24724 7
    endloop
  endfacet
  facet normal -0.321456 -0.946925 -0
    outer loop
      vertex 11.6506 -1.304 7
      vertex 11.4834 -1.24724 5
      vertex 11.6506 -1.304 5
    endloop
  endfacet
  facet normal 0.896878 0.442278 0
    outer loop
      vertex 13.2472 0.516623 7
      vertex 13.1691 0.674999 5
      vertex 13.1691 0.674999 7
    endloop
  endfacet
  facet normal 0.896878 0.442278 0
    outer loop
      vertex 13.1691 0.674999 5
      vertex 13.2472 0.516623 7
      vertex 13.2472 0.516623 5
    endloop
  endfacet
  facet normal 0.751931 0.659241 0
    outer loop
      vertex 13.071 0.821828 7
      vertex 12.9546 0.954594 5
      vertex 12.9546 0.954594 7
    endloop
  endfacet
  facet normal 0.751931 0.659241 0
    outer loop
      vertex 12.9546 0.954594 5
      vertex 13.071 0.821828 7
      vertex 13.071 0.821828 5
    endloop
  endfacet
  facet normal 0.946866 -0.321628 0
    outer loop
      vertex 13.2472 -0.516623 7
      vertex 13.304 -0.349405 5
      vertex 13.304 -0.349405 7
    endloop
  endfacet
  facet normal 0.946866 -0.321628 0
    outer loop
      vertex 13.304 -0.349405 5
      vertex 13.2472 -0.516623 7
      vertex 13.2472 -0.516623 5
    endloop
  endfacet
  facet normal -0.751931 -0.659241 0
    outer loop
      vertex 11.0454 -0.954594 5
      vertex 10.929 -0.821828 7
      vertex 10.929 -0.821828 5
    endloop
  endfacet
  facet normal -0.751931 -0.659241 0
    outer loop
      vertex 10.929 -0.821828 7
      vertex 11.0454 -0.954594 5
      vertex 11.0454 -0.954594 7
    endloop
  endfacet
  facet normal 0.980732 -0.195358 0
    outer loop
      vertex 13.304 -0.349405 7
      vertex 13.3385 -0.176209 5
      vertex 13.3385 -0.176209 7
    endloop
  endfacet
  facet normal 0.980732 -0.195358 0
    outer loop
      vertex 13.3385 -0.176209 5
      vertex 13.304 -0.349405 7
      vertex 13.304 -0.349405 5
    endloop
  endfacet
  facet normal 0.0654101 -0.997858 0
    outer loop
      vertex 12 -1.35 5
      vertex 12.1762 -1.33845 7
      vertex 12 -1.35 7
    endloop
  endfacet
  facet normal 0.0654101 -0.997858 0
    outer loop
      vertex 12.1762 -1.33845 7
      vertex 12 -1.35 5
      vertex 12.1762 -1.33845 5
    endloop
  endfacet
  facet normal -0.946866 -0.321628 0
    outer loop
      vertex 10.7528 -0.516623 5
      vertex 10.696 -0.349405 7
      vertex 10.696 -0.349405 5
    endloop
  endfacet
  facet normal -0.946866 -0.321628 0
    outer loop
      vertex 10.696 -0.349405 7
      vertex 10.7528 -0.516623 5
      vertex 10.7528 -0.516623 7
    endloop
  endfacet
  facet normal 0.831491 -0.555539 0
    outer loop
      vertex 13.071 -0.821828 7
      vertex 13.1691 -0.674999 5
      vertex 13.1691 -0.674999 7
    endloop
  endfacet
  facet normal 0.831491 -0.555539 0
    outer loop
      vertex 13.1691 -0.674999 5
      vertex 13.071 -0.821828 7
      vertex 13.071 -0.821828 5
    endloop
  endfacet
  facet normal 0.442269 0.896882 -0
    outer loop
      vertex 12.675 1.16913 5
      vertex 12.5166 1.24724 7
      vertex 12.675 1.16913 7
    endloop
  endfacet
  facet normal 0.442269 0.896882 0
    outer loop
      vertex 12.5166 1.24724 7
      vertex 12.675 1.16913 5
      vertex 12.5166 1.24724 5
    endloop
  endfacet
  facet normal -0.442269 0.896882 0
    outer loop
      vertex 11.4834 1.24724 5
      vertex 11.325 1.16913 7
      vertex 11.4834 1.24724 7
    endloop
  endfacet
  facet normal -0.442269 0.896882 0
    outer loop
      vertex 11.325 1.16913 7
      vertex 11.4834 1.24724 5
      vertex 11.325 1.16913 5
    endloop
  endfacet
  facet normal 0.442269 -0.896882 0
    outer loop
      vertex 12.5166 -1.24724 5
      vertex 12.675 -1.16913 7
      vertex 12.5166 -1.24724 7
    endloop
  endfacet
  facet normal 0.442269 -0.896882 0
    outer loop
      vertex 12.675 -1.16913 7
      vertex 12.5166 -1.24724 5
      vertex 12.675 -1.16913 5
    endloop
  endfacet
  facet normal 0.321456 -0.946925 0
    outer loop
      vertex 12.3494 -1.304 5
      vertex 12.5166 -1.24724 7
      vertex 12.3494 -1.304 7
    endloop
  endfacet
  facet normal 0.321456 -0.946925 0
    outer loop
      vertex 12.5166 -1.24724 7
      vertex 12.3494 -1.304 5
      vertex 12.5166 -1.24724 5
    endloop
  endfacet
  facet normal -0.195081 -0.980787 0
    outer loop
      vertex 11.6506 -1.304 5
      vertex 11.8238 -1.33845 7
      vertex 11.6506 -1.304 7
    endloop
  endfacet
  facet normal -0.195081 -0.980787 -0
    outer loop
      vertex 11.8238 -1.33845 7
      vertex 11.6506 -1.304 5
      vertex 11.8238 -1.33845 5
    endloop
  endfacet
  facet normal -0.946866 0.321628 0
    outer loop
      vertex 10.696 0.349405 5
      vertex 10.7528 0.516623 7
      vertex 10.7528 0.516623 5
    endloop
  endfacet
  facet normal -0.946866 0.321628 0
    outer loop
      vertex 10.7528 0.516623 7
      vertex 10.696 0.349405 5
      vertex 10.696 0.349405 7
    endloop
  endfacet
  facet normal -0.195081 0.980787 0
    outer loop
      vertex 11.8238 1.33845 5
      vertex 11.6506 1.304 7
      vertex 11.8238 1.33845 7
    endloop
  endfacet
  facet normal -0.195081 0.980787 0
    outer loop
      vertex 11.6506 1.304 7
      vertex 11.8238 1.33845 5
      vertex 11.6506 1.304 5
    endloop
  endfacet
  facet normal -0.555615 0.83144 0
    outer loop
      vertex 11.325 1.16913 5
      vertex 11.1782 1.07103 7
      vertex 11.325 1.16913 7
    endloop
  endfacet
  facet normal -0.555615 0.83144 0
    outer loop
      vertex 11.1782 1.07103 7
      vertex 11.325 1.16913 5
      vertex 11.1782 1.07103 5
    endloop
  endfacet
  facet normal 0.555615 -0.83144 0
    outer loop
      vertex 12.675 -1.16913 5
      vertex 12.8218 -1.07103 7
      vertex 12.675 -1.16913 7
    endloop
  endfacet
  facet normal 0.555615 -0.83144 0
    outer loop
      vertex 12.8218 -1.07103 7
      vertex 12.675 -1.16913 5
      vertex 12.8218 -1.07103 5
    endloop
  endfacet
  facet normal 0.195081 -0.980787 0
    outer loop
      vertex 12.1762 -1.33845 5
      vertex 12.3494 -1.304 7
      vertex 12.1762 -1.33845 7
    endloop
  endfacet
  facet normal 0.195081 -0.980787 0
    outer loop
      vertex 12.3494 -1.304 7
      vertex 12.1762 -1.33845 5
      vertex 12.3494 -1.304 5
    endloop
  endfacet
  facet normal -0.896878 0.442278 0
    outer loop
      vertex 10.7528 0.516623 5
      vertex 10.8309 0.674999 7
      vertex 10.8309 0.674999 5
    endloop
  endfacet
  facet normal -0.896878 0.442278 0
    outer loop
      vertex 10.8309 0.674999 7
      vertex 10.7528 0.516623 5
      vertex 10.7528 0.516623 7
    endloop
  endfacet
  facet normal -0.831491 0.555539 0
    outer loop
      vertex 10.8309 0.674999 5
      vertex 10.929 0.821828 7
      vertex 10.929 0.821828 5
    endloop
  endfacet
  facet normal -0.831491 0.555539 0
    outer loop
      vertex 10.929 0.821828 7
      vertex 10.8309 0.674999 5
      vertex 10.8309 0.674999 7
    endloop
  endfacet
  facet normal -0.0654101 -0.997858 0
    outer loop
      vertex 11.8238 -1.33845 5
      vertex 12 -1.35 7
      vertex 11.8238 -1.33845 7
    endloop
  endfacet
  facet normal -0.0654101 -0.997858 -0
    outer loop
      vertex 12 -1.35 7
      vertex 11.8238 -1.33845 5
      vertex 12 -1.35 5
    endloop
  endfacet
  facet normal -0.659261 0.751914 0
    outer loop
      vertex 11.1782 1.07103 5
      vertex 11.0454 0.954594 7
      vertex 11.1782 1.07103 7
    endloop
  endfacet
  facet normal -0.659261 0.751914 0
    outer loop
      vertex 11.0454 0.954594 7
      vertex 11.1782 1.07103 5
      vertex 11.0454 0.954594 5
    endloop
  endfacet
  facet normal -0.659261 -0.751914 0
    outer loop
      vertex 11.0454 -0.954594 5
      vertex 11.1782 -1.07103 7
      vertex 11.0454 -0.954594 7
    endloop
  endfacet
  facet normal -0.659261 -0.751914 -0
    outer loop
      vertex 11.1782 -1.07103 7
      vertex 11.0454 -0.954594 5
      vertex 11.1782 -1.07103 5
    endloop
  endfacet
  facet normal -0.751931 0.659241 0
    outer loop
      vertex 10.929 0.821828 5
      vertex 11.0454 0.954594 7
      vertex 11.0454 0.954594 5
    endloop
  endfacet
  facet normal -0.751931 0.659241 0
    outer loop
      vertex 11.0454 0.954594 7
      vertex 10.929 0.821828 5
      vertex 10.929 0.821828 7
    endloop
  endfacet
  facet normal 0.751931 -0.659241 0
    outer loop
      vertex 12.9546 -0.954594 7
      vertex 13.071 -0.821828 5
      vertex 13.071 -0.821828 7
    endloop
  endfacet
  facet normal 0.751931 -0.659241 0
    outer loop
      vertex 13.071 -0.821828 5
      vertex 12.9546 -0.954594 7
      vertex 12.9546 -0.954594 5
    endloop
  endfacet
  facet normal 0.896878 -0.442278 0
    outer loop
      vertex 13.1691 -0.674999 7
      vertex 13.2472 -0.516623 5
      vertex 13.2472 -0.516623 7
    endloop
  endfacet
  facet normal 0.896878 -0.442278 0
    outer loop
      vertex 13.2472 -0.516623 5
      vertex 13.1691 -0.674999 7
      vertex 13.1691 -0.674999 5
    endloop
  endfacet
  facet normal -0.555615 -0.83144 0
    outer loop
      vertex 11.1782 -1.07103 5
      vertex 11.325 -1.16913 7
      vertex 11.1782 -1.07103 7
    endloop
  endfacet
  facet normal -0.555615 -0.83144 -0
    outer loop
      vertex 11.325 -1.16913 7
      vertex 11.1782 -1.07103 5
      vertex 11.325 -1.16913 5
    endloop
  endfacet
  facet normal -0.980732 0.195358 0
    outer loop
      vertex 10.6615 0.176209 5
      vertex 10.696 0.349405 7
      vertex 10.696 0.349405 5
    endloop
  endfacet
  facet normal -0.980732 0.195358 0
    outer loop
      vertex 10.696 0.349405 7
      vertex 10.6615 0.176209 5
      vertex 10.6615 0.176209 7
    endloop
  endfacet
  facet normal 0.0654101 0.997858 -0
    outer loop
      vertex 12.1762 1.33845 5
      vertex 12 1.35 7
      vertex 12.1762 1.33845 7
    endloop
  endfacet
  facet normal 0.0654101 0.997858 0
    outer loop
      vertex 12 1.35 7
      vertex 12.1762 1.33845 5
      vertex 12 1.35 5
    endloop
  endfacet
  facet normal 0.555615 0.83144 -0
    outer loop
      vertex 12.8218 1.07103 5
      vertex 12.675 1.16913 7
      vertex 12.8218 1.07103 7
    endloop
  endfacet
  facet normal 0.555615 0.83144 0
    outer loop
      vertex 12.675 1.16913 7
      vertex 12.8218 1.07103 5
      vertex 12.675 1.16913 5
    endloop
  endfacet
  facet normal -0.321456 0.946925 0
    outer loop
      vertex 11.6506 1.304 5
      vertex 11.4834 1.24724 7
      vertex 11.6506 1.304 7
    endloop
  endfacet
  facet normal -0.321456 0.946925 0
    outer loop
      vertex 11.4834 1.24724 7
      vertex 11.6506 1.304 5
      vertex 11.4834 1.24724 5
    endloop
  endfacet
  facet normal -0.0654101 0.997858 0
    outer loop
      vertex 12 1.35 5
      vertex 11.8238 1.33845 7
      vertex 12 1.35 7
    endloop
  endfacet
  facet normal -0.0654101 0.997858 0
    outer loop
      vertex 11.8238 1.33845 7
      vertex 12 1.35 5
      vertex 11.8238 1.33845 5
    endloop
  endfacet
  facet normal -0.997877 0.0651249 0
    outer loop
      vertex 10.65 0 5
      vertex 10.6615 0.176209 7
      vertex 10.6615 0.176209 5
    endloop
  endfacet
  facet normal -0.997877 0.0651249 0
    outer loop
      vertex 10.6615 0.176209 7
      vertex 10.65 0 5
      vertex 10.65 0 7
    endloop
  endfacet
  facet normal 0.659261 0.751914 -0
    outer loop
      vertex 12.9546 0.954594 5
      vertex 12.8218 1.07103 7
      vertex 12.9546 0.954594 7
    endloop
  endfacet
  facet normal 0.659261 0.751914 0
    outer loop
      vertex 12.8218 1.07103 7
      vertex 12.9546 0.954594 5
      vertex 12.8218 1.07103 5
    endloop
  endfacet
  facet normal -0.896878 -0.442278 0
    outer loop
      vertex 10.8309 -0.674999 5
      vertex 10.7528 -0.516623 7
      vertex 10.7528 -0.516623 5
    endloop
  endfacet
  facet normal -0.896878 -0.442278 0
    outer loop
      vertex 10.7528 -0.516623 7
      vertex 10.8309 -0.674999 5
      vertex 10.8309 -0.674999 7
    endloop
  endfacet
  facet normal -0.442269 -0.896882 0
    outer loop
      vertex 11.325 -1.16913 5
      vertex 11.4834 -1.24724 7
      vertex 11.325 -1.16913 7
    endloop
  endfacet
  facet normal -0.442269 -0.896882 -0
    outer loop
      vertex 11.4834 -1.24724 7
      vertex 11.325 -1.16913 5
      vertex 11.4834 -1.24724 5
    endloop
  endfacet
  facet normal 0.659261 -0.751914 0
    outer loop
      vertex 12.8218 -1.07103 5
      vertex 12.9546 -0.954594 7
      vertex 12.8218 -1.07103 7
    endloop
  endfacet
  facet normal 0.659261 -0.751914 0
    outer loop
      vertex 12.9546 -0.954594 7
      vertex 12.8218 -1.07103 5
      vertex 12.9546 -0.954594 5
    endloop
  endfacet
  facet normal -0.831491 -0.555539 0
    outer loop
      vertex 10.929 -0.821828 5
      vertex 10.8309 -0.674999 7
      vertex 10.8309 -0.674999 5
    endloop
  endfacet
  facet normal -0.831491 -0.555539 0
    outer loop
      vertex 10.8309 -0.674999 7
      vertex 10.929 -0.821828 5
      vertex 10.929 -0.821828 7
    endloop
  endfacet
  facet normal 0.934586 0.0609943 0.35047
    outer loop
      vertex 13.3385 0.176209 7
      vertex 13.05 0 7.8
      vertex 13.35 0 7
    endloop
  endfacet
  facet normal -0.41422 0.84 0.350459
    outer loop
      vertex 11.4834 1.24724 7
      vertex 11.325 1.16913 7
      vertex 11.475 0.909327 7.8
    endloop
  endfacet
  facet normal 0.704361 0.61731 0.350434
    outer loop
      vertex 12.9546 0.954594 7
      vertex 12.7425 0.742461 7.8
      vertex 12.833 0.639199 7.8
    endloop
  endfacet
  facet normal -0.886806 0.301227 0.350481
    outer loop
      vertex 10.7528 0.516623 7
      vertex 10.696 0.349405 7
      vertex 10.9858 0.27176 7.8
    endloop
  endfacet
  facet normal 0.30107 -0.886872 0.350451
    outer loop
      vertex 12.5166 -1.24724 7
      vertex 12.2718 -1.01422 7.8
      vertex 12.3494 -1.304 7
    endloop
  endfacet
  facet normal -0.778756 -0.520306 0.350458
    outer loop
      vertex 11.0907 -0.525 7.8
      vertex 10.8309 -0.674999 7
      vertex 10.929 -0.821828 7
    endloop
  endfacet
  facet normal 0.30107 0.886872 0.350451
    outer loop
      vertex 12.3494 1.304 7
      vertex 12.2718 1.01422 7.8
      vertex 12.5166 1.24724 7
    endloop
  endfacet
  facet normal -0.182761 -0.918578 0.350448
    outer loop
      vertex 11.8629 -1.04102 7.8
      vertex 11.7282 -1.01422 7.8
      vertex 11.8238 -1.33845 7
    endloop
  endfacet
  facet normal -0.0612144 0.934577 0.350456
    outer loop
      vertex 12 1.05 7.8
      vertex 11.8238 1.33845 7
      vertex 11.8629 1.04102 7.8
    endloop
  endfacet
  facet normal -0.839869 0.414538 0.350399
    outer loop
      vertex 11.0907 0.525 7.8
      vertex 10.7528 0.516623 7
      vertex 11.0299 0.401817 7.8
    endloop
  endfacet
  facet normal -0.520341 0.778735 0.350451
    outer loop
      vertex 11.475 0.909327 7.8
      vertex 11.1782 1.07103 7
      vertex 11.3608 0.83302 7.8
    endloop
  endfacet
  facet normal 0.91852 -0.182966 0.350492
    outer loop
      vertex 13.3385 -0.176209 7
      vertex 13.0142 -0.27176 7.8
      vertex 13.304 -0.349405 7
    endloop
  endfacet
  facet normal -0.617408 0.704273 0.35044
    outer loop
      vertex 11.3608 0.83302 7.8
      vertex 11.0454 0.954594 7
      vertex 11.2575 0.742461 7.8
    endloop
  endfacet
  facet normal -0.934537 0.0613696 0.350535
    outer loop
      vertex 10.959 0.137052 7.8
      vertex 10.6615 0.176209 7
      vertex 10.95 0 7.8
    endloop
  endfacet
  facet normal -0.301162 0.886834 0.350468
    outer loop
      vertex 11.7282 1.01422 7.8
      vertex 11.4834 1.24724 7
      vertex 11.5982 0.970073 7.8
    endloop
  endfacet
  facet normal 0.182709 0.918584 0.350457
    outer loop
      vertex 12.3494 1.304 7
      vertex 12.1762 1.33845 7
      vertex 12.2718 1.01422 7.8
    endloop
  endfacet
  facet normal -0.934586 -0.0609943 0.35047
    outer loop
      vertex 10.95 0 7.8
      vertex 10.65 0 7
      vertex 10.6615 -0.176209 7
    endloop
  endfacet
  facet normal 0.301162 0.886834 0.350468
    outer loop
      vertex 12.5166 1.24724 7
      vertex 12.2718 1.01422 7.8
      vertex 12.4018 0.970073 7.8
    endloop
  endfacet
  facet normal 0.704242 0.61743 0.350463
    outer loop
      vertex 12.9546 0.954594 7
      vertex 12.833 0.639199 7.8
      vertex 13.071 0.821828 7
    endloop
  endfacet
  facet normal 0.778756 0.520306 0.350458
    outer loop
      vertex 13.071 0.821828 7
      vertex 12.9093 0.525 7.8
      vertex 13.1691 0.674999 7
    endloop
  endfacet
  facet normal 0.520377 0.778708 0.350459
    outer loop
      vertex 12.675 1.16913 7
      vertex 12.525 0.909327 7.8
      vertex 12.8218 1.07103 7
    endloop
  endfacet
  facet normal -0.520377 0.778708 0.350459
    outer loop
      vertex 11.325 1.16913 7
      vertex 11.1782 1.07103 7
      vertex 11.475 0.909327 7.8
    endloop
  endfacet
  facet normal -0.918549 -0.182744 0.35053
    outer loop
      vertex 10.959 -0.137052 7.8
      vertex 10.6615 -0.176209 7
      vertex 10.9858 -0.27176 7.8
    endloop
  endfacet
  facet normal 0.617452 0.704229 0.35045
    outer loop
      vertex 12.8218 1.07103 7
      vertex 12.6392 0.83302 7.8
      vertex 12.9546 0.954594 7
    endloop
  endfacet
  facet normal -0.91852 -0.182966 0.350492
    outer loop
      vertex 10.9858 -0.27176 7.8
      vertex 10.6615 -0.176209 7
      vertex 10.696 -0.349405 7
    endloop
  endfacet
  facet normal 0.934586 -0.0609943 0.35047
    outer loop
      vertex 13.35 0 7
      vertex 13.05 0 7.8
      vertex 13.3385 -0.176209 7
    endloop
  endfacet
  facet normal -0.886806 -0.301227 0.350481
    outer loop
      vertex 10.9858 -0.27176 7.8
      vertex 10.696 -0.349405 7
      vertex 10.7528 -0.516623 7
    endloop
  endfacet
  facet normal -0.182709 0.918584 0.350457
    outer loop
      vertex 11.8238 1.33845 7
      vertex 11.6506 1.304 7
      vertex 11.7282 1.01422 7.8
    endloop
  endfacet
  facet normal 0.520341 0.778735 0.350451
    outer loop
      vertex 12.8218 1.07103 7
      vertex 12.525 0.909327 7.8
      vertex 12.6392 0.83302 7.8
    endloop
  endfacet
  facet normal -0.182761 0.918578 0.350448
    outer loop
      vertex 11.8238 1.33845 7
      vertex 11.7282 1.01422 7.8
      vertex 11.8629 1.04102 7.8
    endloop
  endfacet
  facet normal 0.839997 0.414228 0.350456
    outer loop
      vertex 13.1691 0.674999 7
      vertex 12.9093 0.525 7.8
      vertex 13.2472 0.516623 7
    endloop
  endfacet
  facet normal 0.778753 0.52031 0.350459
    outer loop
      vertex 13.071 0.821828 7
      vertex 12.833 0.639199 7.8
      vertex 12.9093 0.525 7.8
    endloop
  endfacet
  facet normal -0.617452 -0.704229 0.35045
    outer loop
      vertex 11.3608 -0.83302 7.8
      vertex 11.0454 -0.954594 7
      vertex 11.1782 -1.07103 7
    endloop
  endfacet
  facet normal -0.301162 -0.886834 0.350468
    outer loop
      vertex 11.5982 -0.970073 7.8
      vertex 11.4834 -1.24724 7
      vertex 11.7282 -1.01422 7.8
    endloop
  endfacet
  facet normal 0.301162 -0.886834 0.350468
    outer loop
      vertex 12.4018 -0.970073 7.8
      vertex 12.2718 -1.01422 7.8
      vertex 12.5166 -1.24724 7
    endloop
  endfacet
  facet normal 0.414185 0.840015 0.350466
    outer loop
      vertex 12.5166 1.24724 7
      vertex 12.4018 0.970073 7.8
      vertex 12.525 0.909327 7.8
    endloop
  endfacet
  facet normal -0.778753 0.52031 0.350459
    outer loop
      vertex 11.167 0.639199 7.8
      vertex 10.929 0.821828 7
      vertex 11.0907 0.525 7.8
    endloop
  endfacet
  facet normal 0.0612144 -0.934577 0.350456
    outer loop
      vertex 12.1371 -1.04102 7.8
      vertex 12 -1.05 7.8
      vertex 12.1762 -1.33845 7
    endloop
  endfacet
  facet normal 0.839997 -0.414228 0.350456
    outer loop
      vertex 13.2472 -0.516623 7
      vertex 12.9093 -0.525 7.8
      vertex 13.1691 -0.674999 7
    endloop
  endfacet
  facet normal -0.778756 0.520306 0.350458
    outer loop
      vertex 10.929 0.821828 7
      vertex 10.8309 0.674999 7
      vertex 11.0907 0.525 7.8
    endloop
  endfacet
  facet normal 0.886997 0.300765 0.350396
    outer loop
      vertex 13.2472 0.516623 7
      vertex 12.9701 0.401817 7.8
      vertex 13.0142 0.27176 7.8
    endloop
  endfacet
  facet normal -0.934537 -0.0613696 0.350535
    outer loop
      vertex 10.95 0 7.8
      vertex 10.6615 -0.176209 7
      vertex 10.959 -0.137052 7.8
    endloop
  endfacet
  facet normal 0.886806 -0.301227 0.350481
    outer loop
      vertex 13.304 -0.349405 7
      vertex 13.0142 -0.27176 7.8
      vertex 13.2472 -0.516623 7
    endloop
  endfacet
  facet normal -0.0612144 -0.934577 0.350456
    outer loop
      vertex 11.8629 -1.04102 7.8
      vertex 11.8238 -1.33845 7
      vertex 12 -1.05 7.8
    endloop
  endfacet
  facet normal -0.704242 0.61743 0.350463
    outer loop
      vertex 11.0454 0.954594 7
      vertex 10.929 0.821828 7
      vertex 11.167 0.639199 7.8
    endloop
  endfacet
  facet normal 0.0612616 -0.934571 0.350464
    outer loop
      vertex 12 -1.05 7.8
      vertex 12 -1.35 7
      vertex 12.1762 -1.33845 7
    endloop
  endfacet
  facet normal -0.414185 -0.840015 0.350466
    outer loop
      vertex 11.5982 -0.970073 7.8
      vertex 11.475 -0.909327 7.8
      vertex 11.4834 -1.24724 7
    endloop
  endfacet
  facet normal 0.0612616 0.934571 0.350464
    outer loop
      vertex 12 1.35 7
      vertex 12 1.05 7.8
      vertex 12.1762 1.33845 7
    endloop
  endfacet
  facet normal 0.414185 -0.840015 0.350466
    outer loop
      vertex 12.525 -0.909327 7.8
      vertex 12.4018 -0.970073 7.8
      vertex 12.5166 -1.24724 7
    endloop
  endfacet
  facet normal -0.617452 0.704229 0.35045
    outer loop
      vertex 11.1782 1.07103 7
      vertex 11.0454 0.954594 7
      vertex 11.3608 0.83302 7.8
    endloop
  endfacet
  facet normal 0.778756 -0.520306 0.350458
    outer loop
      vertex 13.1691 -0.674999 7
      vertex 12.9093 -0.525 7.8
      vertex 13.071 -0.821828 7
    endloop
  endfacet
  facet normal 0.182761 0.918578 0.350448
    outer loop
      vertex 12.1762 1.33845 7
      vertex 12.1371 1.04102 7.8
      vertex 12.2718 1.01422 7.8
    endloop
  endfacet
  facet normal -0.0612616 0.934571 0.350464
    outer loop
      vertex 12 1.35 7
      vertex 11.8238 1.33845 7
      vertex 12 1.05 7.8
    endloop
  endfacet
  facet normal 0.704361 -0.61731 0.350434
    outer loop
      vertex 12.833 -0.639199 7.8
      vertex 12.7425 -0.742461 7.8
      vertex 12.9546 -0.954594 7
    endloop
  endfacet
  facet normal 0.41422 0.84 0.350459
    outer loop
      vertex 12.675 1.16913 7
      vertex 12.5166 1.24724 7
      vertex 12.525 0.909327 7.8
    endloop
  endfacet
  facet normal 0.617408 -0.704273 0.35044
    outer loop
      vertex 12.7425 -0.742461 7.8
      vertex 12.6392 -0.83302 7.8
      vertex 12.9546 -0.954594 7
    endloop
  endfacet
  facet normal -0.520341 -0.778735 0.350451
    outer loop
      vertex 11.3608 -0.83302 7.8
      vertex 11.1782 -1.07103 7
      vertex 11.475 -0.909327 7.8
    endloop
  endfacet
  facet normal -0.839997 0.414228 0.350456
    outer loop
      vertex 10.8309 0.674999 7
      vertex 10.7528 0.516623 7
      vertex 11.0907 0.525 7.8
    endloop
  endfacet
  facet normal -0.934586 0.0609943 0.35047
    outer loop
      vertex 10.6615 0.176209 7
      vertex 10.65 0 7
      vertex 10.95 0 7.8
    endloop
  endfacet
  facet normal 0.182761 -0.918578 0.350448
    outer loop
      vertex 12.2718 -1.01422 7.8
      vertex 12.1371 -1.04102 7.8
      vertex 12.1762 -1.33845 7
    endloop
  endfacet
  facet normal -0.839997 -0.414228 0.350456
    outer loop
      vertex 11.0907 -0.525 7.8
      vertex 10.7528 -0.516623 7
      vertex 10.8309 -0.674999 7
    endloop
  endfacet
  facet normal -0.839869 -0.414538 0.350399
    outer loop
      vertex 11.0299 -0.401817 7.8
      vertex 10.7528 -0.516623 7
      vertex 11.0907 -0.525 7.8
    endloop
  endfacet
  facet normal -0.414185 0.840015 0.350466
    outer loop
      vertex 11.4834 1.24724 7
      vertex 11.475 0.909327 7.8
      vertex 11.5982 0.970073 7.8
    endloop
  endfacet
  facet normal 0.617452 -0.704229 0.35045
    outer loop
      vertex 12.9546 -0.954594 7
      vertex 12.6392 -0.83302 7.8
      vertex 12.8218 -1.07103 7
    endloop
  endfacet
  facet normal 0.839869 -0.414538 0.350399
    outer loop
      vertex 12.9701 -0.401817 7.8
      vertex 12.9093 -0.525 7.8
      vertex 13.2472 -0.516623 7
    endloop
  endfacet
  facet normal -0.520377 -0.778708 0.350459
    outer loop
      vertex 11.475 -0.909327 7.8
      vertex 11.1782 -1.07103 7
      vertex 11.325 -1.16913 7
    endloop
  endfacet
  facet normal -0.918549 0.182744 0.35053
    outer loop
      vertex 10.9858 0.27176 7.8
      vertex 10.6615 0.176209 7
      vertex 10.959 0.137052 7.8
    endloop
  endfacet
  facet normal -0.91852 0.182966 0.350492
    outer loop
      vertex 10.696 0.349405 7
      vertex 10.6615 0.176209 7
      vertex 10.9858 0.27176 7.8
    endloop
  endfacet
  facet normal -0.617408 -0.704273 0.35044
    outer loop
      vertex 11.2575 -0.742461 7.8
      vertex 11.0454 -0.954594 7
      vertex 11.3608 -0.83302 7.8
    endloop
  endfacet
  facet normal -0.0612616 -0.934571 0.350464
    outer loop
      vertex 12 -1.05 7.8
      vertex 11.8238 -1.33845 7
      vertex 12 -1.35 7
    endloop
  endfacet
  facet normal 0.182709 -0.918584 0.350457
    outer loop
      vertex 12.2718 -1.01422 7.8
      vertex 12.1762 -1.33845 7
      vertex 12.3494 -1.304 7
    endloop
  endfacet
  facet normal 0.778753 -0.52031 0.350459
    outer loop
      vertex 12.9093 -0.525 7.8
      vertex 12.833 -0.639199 7.8
      vertex 13.071 -0.821828 7
    endloop
  endfacet
  facet normal 0.0612144 0.934577 0.350456
    outer loop
      vertex 12.1762 1.33845 7
      vertex 12 1.05 7.8
      vertex 12.1371 1.04102 7.8
    endloop
  endfacet
  facet normal 0.918549 0.182744 0.35053
    outer loop
      vertex 13.3385 0.176209 7
      vertex 13.0142 0.27176 7.8
      vertex 13.041 0.137052 7.8
    endloop
  endfacet
  facet normal -0.704361 0.61731 0.350434
    outer loop
      vertex 11.2575 0.742461 7.8
      vertex 11.0454 0.954594 7
      vertex 11.167 0.639199 7.8
    endloop
  endfacet
  facet normal -0.30107 0.886872 0.350451
    outer loop
      vertex 11.6506 1.304 7
      vertex 11.4834 1.24724 7
      vertex 11.7282 1.01422 7.8
    endloop
  endfacet
  facet normal -0.704242 -0.61743 0.350463
    outer loop
      vertex 11.167 -0.639199 7.8
      vertex 10.929 -0.821828 7
      vertex 11.0454 -0.954594 7
    endloop
  endfacet
  facet normal -0.30107 -0.886872 0.350451
    outer loop
      vertex 11.7282 -1.01422 7.8
      vertex 11.4834 -1.24724 7
      vertex 11.6506 -1.304 7
    endloop
  endfacet
  facet normal 0.617408 0.704273 0.35044
    outer loop
      vertex 12.9546 0.954594 7
      vertex 12.6392 0.83302 7.8
      vertex 12.7425 0.742461 7.8
    endloop
  endfacet
  facet normal 0.839869 0.414538 0.350399
    outer loop
      vertex 13.2472 0.516623 7
      vertex 12.9093 0.525 7.8
      vertex 12.9701 0.401817 7.8
    endloop
  endfacet
  facet normal -0.704361 -0.61731 0.350434
    outer loop
      vertex 11.167 -0.639199 7.8
      vertex 11.0454 -0.954594 7
      vertex 11.2575 -0.742461 7.8
    endloop
  endfacet
  facet normal 0.886997 -0.300765 0.350396
    outer loop
      vertex 13.0142 -0.27176 7.8
      vertex 12.9701 -0.401817 7.8
      vertex 13.2472 -0.516623 7
    endloop
  endfacet
  facet normal 0.704242 -0.61743 0.350463
    outer loop
      vertex 13.071 -0.821828 7
      vertex 12.833 -0.639199 7.8
      vertex 12.9546 -0.954594 7
    endloop
  endfacet
  facet normal 0.918549 -0.182744 0.35053
    outer loop
      vertex 13.041 -0.137052 7.8
      vertex 13.0142 -0.27176 7.8
      vertex 13.3385 -0.176209 7
    endloop
  endfacet
  facet normal 0.934537 -0.0613696 0.350535
    outer loop
      vertex 13.05 0 7.8
      vertex 13.041 -0.137052 7.8
      vertex 13.3385 -0.176209 7
    endloop
  endfacet
  facet normal -0.778753 -0.52031 0.350459
    outer loop
      vertex 11.0907 -0.525 7.8
      vertex 10.929 -0.821828 7
      vertex 11.167 -0.639199 7.8
    endloop
  endfacet
  facet normal -0.886997 0.300765 0.350396
    outer loop
      vertex 11.0299 0.401817 7.8
      vertex 10.7528 0.516623 7
      vertex 10.9858 0.27176 7.8
    endloop
  endfacet
  facet normal 0.520341 -0.778735 0.350451
    outer loop
      vertex 12.6392 -0.83302 7.8
      vertex 12.525 -0.909327 7.8
      vertex 12.8218 -1.07103 7
    endloop
  endfacet
  facet normal -0.182709 -0.918584 0.350457
    outer loop
      vertex 11.7282 -1.01422 7.8
      vertex 11.6506 -1.304 7
      vertex 11.8238 -1.33845 7
    endloop
  endfacet
  facet normal 0.520377 -0.778708 0.350459
    outer loop
      vertex 12.8218 -1.07103 7
      vertex 12.525 -0.909327 7.8
      vertex 12.675 -1.16913 7
    endloop
  endfacet
  facet normal -0.886997 -0.300765 0.350396
    outer loop
      vertex 10.9858 -0.27176 7.8
      vertex 10.7528 -0.516623 7
      vertex 11.0299 -0.401817 7.8
    endloop
  endfacet
  facet normal 0.886806 0.301227 0.350481
    outer loop
      vertex 13.2472 0.516623 7
      vertex 13.0142 0.27176 7.8
      vertex 13.304 0.349405 7
    endloop
  endfacet
  facet normal 0.91852 0.182966 0.350492
    outer loop
      vertex 13.304 0.349405 7
      vertex 13.0142 0.27176 7.8
      vertex 13.3385 0.176209 7
    endloop
  endfacet
  facet normal 0.934537 0.0613696 0.350535
    outer loop
      vertex 13.3385 0.176209 7
      vertex 13.041 0.137052 7.8
      vertex 13.05 0 7.8
    endloop
  endfacet
  facet normal -0.41422 -0.84 0.350459
    outer loop
      vertex 11.475 -0.909327 7.8
      vertex 11.325 -1.16913 7
      vertex 11.4834 -1.24724 7
    endloop
  endfacet
  facet normal 0.41422 -0.84 0.350459
    outer loop
      vertex 12.525 -0.909327 7.8
      vertex 12.5166 -1.24724 7
      vertex 12.675 -1.16913 7
    endloop
  endfacet
  facet normal 0 0 1
    outer loop
      vertex 13.041 0.137052 7.8
      vertex 13.041 -0.137052 7.8
      vertex 13.05 0 7.8
    endloop
  endfacet
  facet normal 0 0 1
    outer loop
      vertex 13.0142 0.27176 7.8
      vertex 13.041 -0.137052 7.8
      vertex 13.041 0.137052 7.8
    endloop
  endfacet
  facet normal 0 0 1
    outer loop
      vertex 13.0142 0.27176 7.8
      vertex 13.0142 -0.27176 7.8
      vertex 13.041 -0.137052 7.8
    endloop
  endfacet
  facet normal 0 0 1
    outer loop
      vertex 12.9701 0.401817 7.8
      vertex 13.0142 -0.27176 7.8
      vertex 13.0142 0.27176 7.8
    endloop
  endfacet
  facet normal 0 0 1
    outer loop
      vertex 12.9701 0.401817 7.8
      vertex 12.9701 -0.401817 7.8
      vertex 13.0142 -0.27176 7.8
    endloop
  endfacet
  facet normal 0 0 1
    outer loop
      vertex 12.9093 0.525 7.8
      vertex 12.9701 -0.401817 7.8
      vertex 12.9701 0.401817 7.8
    endloop
  endfacet
  facet normal 0 0 1
    outer loop
      vertex 12.9093 0.525 7.8
      vertex 12.9093 -0.525 7.8
      vertex 12.9701 -0.401817 7.8
    endloop
  endfacet
  facet normal 0 0 1
    outer loop
      vertex 12.833 0.639199 7.8
      vertex 12.9093 -0.525 7.8
      vertex 12.9093 0.525 7.8
    endloop
  endfacet
  facet normal 0 0 1
    outer loop
      vertex 12.833 0.639199 7.8
      vertex 12.833 -0.639199 7.8
      vertex 12.9093 -0.525 7.8
    endloop
  endfacet
  facet normal 0 0 1
    outer loop
      vertex 12.7425 0.742461 7.8
      vertex 12.833 -0.639199 7.8
      vertex 12.833 0.639199 7.8
    endloop
  endfacet
  facet normal 0 0 1
    outer loop
      vertex 12.7425 0.742461 7.8
      vertex 12.7425 -0.742461 7.8
      vertex 12.833 -0.639199 7.8
    endloop
  endfacet
  facet normal 0 0 1
    outer loop
      vertex 12.6392 0.83302 7.8
      vertex 12.7425 -0.742461 7.8
      vertex 12.7425 0.742461 7.8
    endloop
  endfacet
  facet normal 0 0 1
    outer loop
      vertex 12.6392 0.83302 7.8
      vertex 12.6392 -0.83302 7.8
      vertex 12.7425 -0.742461 7.8
    endloop
  endfacet
  facet normal 0 0 1
    outer loop
      vertex 12.525 0.909327 7.8
      vertex 12.6392 -0.83302 7.8
      vertex 12.6392 0.83302 7.8
    endloop
  endfacet
  facet normal 0 0 1
    outer loop
      vertex 12.525 0.909327 7.8
      vertex 12.525 -0.909327 7.8
      vertex 12.6392 -0.83302 7.8
    endloop
  endfacet
  facet normal 0 0 1
    outer loop
      vertex 12.4018 0.970073 7.8
      vertex 12.525 -0.909327 7.8
      vertex 12.525 0.909327 7.8
    endloop
  endfacet
  facet normal 0 0 1
    outer loop
      vertex 12.4018 0.970073 7.8
      vertex 12.4018 -0.970073 7.8
      vertex 12.525 -0.909327 7.8
    endloop
  endfacet
  facet normal 0 0 1
    outer loop
      vertex 12.2718 1.01422 7.8
      vertex 12.4018 -0.970073 7.8
      vertex 12.4018 0.970073 7.8
    endloop
  endfacet
  facet normal 0 0 1
    outer loop
      vertex 12.2718 1.01422 7.8
      vertex 12.2718 -1.01422 7.8
      vertex 12.4018 -0.970073 7.8
    endloop
  endfacet
  facet normal 0 0 1
    outer loop
      vertex 12.1371 1.04102 7.8
      vertex 12.2718 -1.01422 7.8
      vertex 12.2718 1.01422 7.8
    endloop
  endfacet
  facet normal 0 0 1
    outer loop
      vertex 12.1371 1.04102 7.8
      vertex 12.1371 -1.04102 7.8
      vertex 12.2718 -1.01422 7.8
    endloop
  endfacet
  facet normal 0 0 1
    outer loop
      vertex 12 1.05 7.8
      vertex 12.1371 -1.04102 7.8
      vertex 12.1371 1.04102 7.8
    endloop
  endfacet
  facet normal 0 0 1
    outer loop
      vertex 12 1.05 7.8
      vertex 12 -1.05 7.8
      vertex 12.1371 -1.04102 7.8
    endloop
  endfacet
  facet normal -0 0 1
    outer loop
      vertex 11.8629 1.04102 7.8
      vertex 12 -1.05 7.8
      vertex 12 1.05 7.8
    endloop
  endfacet
  facet normal 0 0 1
    outer loop
      vertex 11.8629 1.04102 7.8
      vertex 11.8629 -1.04102 7.8
      vertex 12 -1.05 7.8
    endloop
  endfacet
  facet normal -0 0 1
    outer loop
      vertex 11.7282 1.01422 7.8
      vertex 11.8629 -1.04102 7.8
      vertex 11.8629 1.04102 7.8
    endloop
  endfacet
  facet normal 0 0 1
    outer loop
      vertex 11.7282 1.01422 7.8
      vertex 11.7282 -1.01422 7.8
      vertex 11.8629 -1.04102 7.8
    endloop
  endfacet
  facet normal -0 0 1
    outer loop
      vertex 11.5982 0.970073 7.8
      vertex 11.7282 -1.01422 7.8
      vertex 11.7282 1.01422 7.8
    endloop
  endfacet
  facet normal 0 0 1
    outer loop
      vertex 11.5982 0.970073 7.8
      vertex 11.5982 -0.970073 7.8
      vertex 11.7282 -1.01422 7.8
    endloop
  endfacet
  facet normal -0 0 1
    outer loop
      vertex 11.475 0.909327 7.8
      vertex 11.5982 -0.970073 7.8
      vertex 11.5982 0.970073 7.8
    endloop
  endfacet
  facet normal 0 0 1
    outer loop
      vertex 11.475 0.909327 7.8
      vertex 11.475 -0.909327 7.8
      vertex 11.5982 -0.970073 7.8
    endloop
  endfacet
  facet normal -0 0 1
    outer loop
      vertex 11.3608 0.83302 7.8
      vertex 11.475 -0.909327 7.8
      vertex 11.475 0.909327 7.8
    endloop
  endfacet
  facet normal 0 0 1
    outer loop
      vertex 11.3608 0.83302 7.8
      vertex 11.3608 -0.83302 7.8
      vertex 11.475 -0.909327 7.8
    endloop
  endfacet
  facet normal -0 0 1
    outer loop
      vertex 11.2575 0.742461 7.8
      vertex 11.3608 -0.83302 7.8
      vertex 11.3608 0.83302 7.8
    endloop
  endfacet
  facet normal 0 0 1
    outer loop
      vertex 11.2575 0.742461 7.8
      vertex 11.2575 -0.742461 7.8
      vertex 11.3608 -0.83302 7.8
    endloop
  endfacet
  facet normal -0 0 1
    outer loop
      vertex 11.167 0.639199 7.8
      vertex 11.2575 -0.742461 7.8
      vertex 11.2575 0.742461 7.8
    endloop
  endfacet
  facet normal 0 0 1
    outer loop
      vertex 11.167 0.639199 7.8
      vertex 11.167 -0.639199 7.8
      vertex 11.2575 -0.742461 7.8
    endloop
  endfacet
  facet normal -0 0 1
    outer loop
      vertex 11.0907 0.525 7.8
      vertex 11.167 -0.639199 7.8
      vertex 11.167 0.639199 7.8
    endloop
  endfacet
  facet normal 0 0 1
    outer loop
      vertex 11.0907 0.525 7.8
      vertex 11.0907 -0.525 7.8
      vertex 11.167 -0.639199 7.8
    endloop
  endfacet
  facet normal -0 0 1
    outer loop
      vertex 11.0299 0.401817 7.8
      vertex 11.0907 -0.525 7.8
      vertex 11.0907 0.525 7.8
    endloop
  endfacet
  facet normal 0 0 1
    outer loop
      vertex 11.0299 0.401817 7.8
      vertex 11.0299 -0.401817 7.8
      vertex 11.0907 -0.525 7.8
    endloop
  endfacet
  facet normal -0 0 1
    outer loop
      vertex 10.9858 0.27176 7.8
      vertex 11.0299 -0.401817 7.8
      vertex 11.0299 0.401817 7.8
    endloop
  endfacet
  facet normal 0 0 1
    outer loop
      vertex 10.9858 0.27176 7.8
      vertex 10.9858 -0.27176 7.8
      vertex 11.0299 -0.401817 7.8
    endloop
  endfacet
  facet normal -0 0 1
    outer loop
      vertex 10.959 0.137052 7.8
      vertex 10.9858 -0.27176 7.8
      vertex 10.9858 0.27176 7.8
    endloop
  endfacet
  facet normal 0 0 1
    outer loop
      vertex 10.959 0.137052 7.8
      vertex 10.959 -0.137052 7.8
      vertex 10.9858 -0.27176 7.8
    endloop
  endfacet
  facet normal 0 -0 1
    outer loop
      vertex 10.959 -0.137052 7.8
      vertex 10.959 0.137052 7.8
      vertex 10.95 0 7.8
    endloop
  endfacet
  facet normal 0.980757 0.195233 0
    outer loop
      vertex 26.5778 0.339368 5
      vertex 26.5114 0.672929 2
      vertex 26.5114 0.672929 5
    endloop
  endfacet
  facet normal 0.980757 0.195233 0
    outer loop
      vertex 26.5114 0.672929 2
      vertex 26.5778 0.339368 5
      vertex 26.5778 0.339368 2
    endloop
  endfacet
  facet normal 0.997867 0.0652762 0
    outer loop
      vertex 26.6 0 5
      vertex 26.5778 0.339368 2
      vertex 26.5778 0.339368 5
    endloop
  endfacet
  facet normal 0.997867 0.0652762 0
    outer loop
      vertex 26.5778 0.339368 2
      vertex 26.6 0 5
      vertex 26.6 0 2
    endloop
  endfacet
  facet normal 0.946948 0.321386 0
    outer loop
      vertex 26.5114 0.672929 5
      vertex 26.4021 0.994976 2
      vertex 26.4021 0.994976 5
    endloop
  endfacet
  facet normal 0.946948 0.321386 0
    outer loop
      vertex 26.4021 0.994976 2
      vertex 26.5114 0.672929 5
      vertex 26.5114 0.672929 2
    endloop
  endfacet
  facet normal -0.659341 0.751844 0
    outer loop
      vertex 22.4172 2.06272 2
      vertex 22.1615 1.83848 5
      vertex 22.4172 2.06272 5
    endloop
  endfacet
  facet normal -0.659341 0.751844 0
    outer loop
      vertex 22.1615 1.83848 5
      vertex 22.4172 2.06272 2
      vertex 22.1615 1.83848 2
    endloop
  endfacet
  facet normal 0.0653872 0.99786 -0
    outer loop
      vertex 24.3394 2.57776 2
      vertex 24 2.6 5
      vertex 24.3394 2.57776 5
    endloop
  endfacet
  facet normal 0.0653872 0.99786 0
    outer loop
      vertex 24 2.6 5
      vertex 24.3394 2.57776 2
      vertex 24 2.6 2
    endloop
  endfacet
  facet normal -0.946948 0.321386 0
    outer loop
      vertex 21.4886 0.672929 2
      vertex 21.5979 0.994976 5
      vertex 21.5979 0.994976 2
    endloop
  endfacet
  facet normal -0.946948 0.321386 0
    outer loop
      vertex 21.5979 0.994976 5
      vertex 21.4886 0.672929 2
      vertex 21.4886 0.672929 5
    endloop
  endfacet
  facet normal 0.980757 -0.195233 0
    outer loop
      vertex 26.5114 -0.672929 5
      vertex 26.5778 -0.339368 2
      vertex 26.5778 -0.339368 5
    endloop
  endfacet
  facet normal 0.980757 -0.195233 0
    outer loop
      vertex 26.5778 -0.339368 2
      vertex 26.5114 -0.672929 5
      vertex 26.5114 -0.672929 2
    endloop
  endfacet
  facet normal -0.831398 -0.555677 0
    outer loop
      vertex 21.9373 -1.58278 2
      vertex 21.7483 -1.3 5
      vertex 21.7483 -1.3 2
    endloop
  endfacet
  facet normal -0.831398 -0.555677 0
    outer loop
      vertex 21.7483 -1.3 5
      vertex 21.9373 -1.58278 2
      vertex 21.9373 -1.58278 5
    endloop
  endfacet
  facet normal -0.980757 0.195233 0
    outer loop
      vertex 21.4222 0.339368 2
      vertex 21.4886 0.672929 5
      vertex 21.4886 0.672929 2
    endloop
  endfacet
  facet normal -0.980757 0.195233 0
    outer loop
      vertex 21.4886 0.672929 5
      vertex 21.4222 0.339368 2
      vertex 21.4222 0.339368 5
    endloop
  endfacet
  facet normal -0.555548 0.831484 0
    outer loop
      vertex 22.7 2.25167 2
      vertex 22.4172 2.06272 5
      vertex 22.7 2.25167 5
    endloop
  endfacet
  facet normal -0.555548 0.831484 0
    outer loop
      vertex 22.4172 2.06272 5
      vertex 22.7 2.25167 2
      vertex 22.4172 2.06272 2
    endloop
  endfacet
  facet normal -0.946948 -0.321386 0
    outer loop
      vertex 21.5979 -0.994976 2
      vertex 21.4886 -0.672929 5
      vertex 21.4886 -0.672929 2
    endloop
  endfacet
  facet normal -0.946948 -0.321386 0
    outer loop
      vertex 21.4886 -0.672929 5
      vertex 21.5979 -0.994976 2
      vertex 21.5979 -0.994976 5
    endloop
  endfacet
  facet normal -0.980757 -0.195233 0
    outer loop
      vertex 21.4886 -0.672929 2
      vertex 21.4222 -0.339368 5
      vertex 21.4222 -0.339368 2
    endloop
  endfacet
  facet normal -0.980757 -0.195233 0
    outer loop
      vertex 21.4222 -0.339368 5
      vertex 21.4886 -0.672929 2
      vertex 21.4886 -0.672929 5
    endloop
  endfacet
  facet normal 0.321391 -0.946946 0
    outer loop
      vertex 24.6729 -2.51141 2
      vertex 24.995 -2.40209 5
      vertex 24.6729 -2.51141 5
    endloop
  endfacet
  facet normal 0.321391 -0.946946 0
    outer loop
      vertex 24.995 -2.40209 5
      vertex 24.6729 -2.51141 2
      vertex 24.995 -2.40209 2
    endloop
  endfacet
  facet normal -0.751902 0.659275 0
    outer loop
      vertex 21.9373 1.58278 2
      vertex 22.1615 1.83848 5
      vertex 22.1615 1.83848 2
    endloop
  endfacet
  facet normal -0.751902 0.659275 0
    outer loop
      vertex 22.1615 1.83848 5
      vertex 21.9373 1.58278 2
      vertex 21.9373 1.58278 5
    endloop
  endfacet
  facet normal 0.195126 -0.980778 0
    outer loop
      vertex 24.3394 -2.57776 2
      vertex 24.6729 -2.51141 5
      vertex 24.3394 -2.57776 5
    endloop
  endfacet
  facet normal 0.195126 -0.980778 0
    outer loop
      vertex 24.6729 -2.51141 5
      vertex 24.3394 -2.57776 2
      vertex 24.6729 -2.51141 2
    endloop
  endfacet
  facet normal -0.321391 0.946946 0
    outer loop
      vertex 23.3271 2.51141 2
      vertex 23.005 2.40209 5
      vertex 23.3271 2.51141 5
    endloop
  endfacet
  facet normal -0.321391 0.946946 0
    outer loop
      vertex 23.005 2.40209 5
      vertex 23.3271 2.51141 2
      vertex 23.005 2.40209 2
    endloop
  endfacet
  facet normal 0.896897 0.442239 0
    outer loop
      vertex 26.4021 0.994976 5
      vertex 26.2517 1.3 2
      vertex 26.2517 1.3 5
    endloop
  endfacet
  facet normal 0.896897 0.442239 0
    outer loop
      vertex 26.2517 1.3 2
      vertex 26.4021 0.994976 5
      vertex 26.4021 0.994976 2
    endloop
  endfacet
  facet normal -0.997867 -0.0652762 0
    outer loop
      vertex 21.4222 -0.339368 2
      vertex 21.4 0 5
      vertex 21.4 0 2
    endloop
  endfacet
  facet normal -0.997867 -0.0652762 0
    outer loop
      vertex 21.4 0 5
      vertex 21.4222 -0.339368 2
      vertex 21.4222 -0.339368 5
    endloop
  endfacet
  facet normal -0.0653872 -0.99786 0
    outer loop
      vertex 23.6606 -2.57776 2
      vertex 24 -2.6 5
      vertex 23.6606 -2.57776 5
    endloop
  endfacet
  facet normal -0.0653872 -0.99786 -0
    outer loop
      vertex 24 -2.6 5
      vertex 23.6606 -2.57776 2
      vertex 24 -2.6 2
    endloop
  endfacet
  facet normal 0.195126 0.980778 -0
    outer loop
      vertex 24.6729 2.51141 2
      vertex 24.3394 2.57776 5
      vertex 24.6729 2.51141 5
    endloop
  endfacet
  facet normal 0.195126 0.980778 0
    outer loop
      vertex 24.3394 2.57776 5
      vertex 24.6729 2.51141 2
      vertex 24.3394 2.57776 2
    endloop
  endfacet
  facet normal 0.831398 -0.555677 0
    outer loop
      vertex 26.0627 -1.58278 5
      vertex 26.2517 -1.3 2
      vertex 26.2517 -1.3 5
    endloop
  endfacet
  facet normal 0.831398 -0.555677 0
    outer loop
      vertex 26.2517 -1.3 2
      vertex 26.0627 -1.58278 5
      vertex 26.0627 -1.58278 2
    endloop
  endfacet
  facet normal -0.751902 -0.659275 0
    outer loop
      vertex 22.1615 -1.83848 2
      vertex 21.9373 -1.58278 5
      vertex 21.9373 -1.58278 2
    endloop
  endfacet
  facet normal -0.751902 -0.659275 0
    outer loop
      vertex 21.9373 -1.58278 5
      vertex 22.1615 -1.83848 2
      vertex 22.1615 -1.83848 5
    endloop
  endfacet
  facet normal -0.195126 -0.980778 0
    outer loop
      vertex 23.3271 -2.51141 2
      vertex 23.6606 -2.57776 5
      vertex 23.3271 -2.51141 5
    endloop
  endfacet
  facet normal -0.195126 -0.980778 -0
    outer loop
      vertex 23.6606 -2.57776 5
      vertex 23.3271 -2.51141 2
      vertex 23.6606 -2.57776 2
    endloop
  endfacet
  facet normal 0.555548 0.831484 -0
    outer loop
      vertex 25.5828 2.06272 2
      vertex 25.3 2.25167 5
      vertex 25.5828 2.06272 5
    endloop
  endfacet
  facet normal 0.555548 0.831484 0
    outer loop
      vertex 25.3 2.25167 5
      vertex 25.5828 2.06272 2
      vertex 25.3 2.25167 2
    endloop
  endfacet
  facet normal 0.997867 -0.0652762 0
    outer loop
      vertex 26.5778 -0.339368 5
      vertex 26.6 0 2
      vertex 26.6 0 5
    endloop
  endfacet
  facet normal 0.997867 -0.0652762 0
    outer loop
      vertex 26.6 0 2
      vertex 26.5778 -0.339368 5
      vertex 26.5778 -0.339368 2
    endloop
  endfacet
  facet normal -0.195126 0.980778 0
    outer loop
      vertex 23.6606 2.57776 2
      vertex 23.3271 2.51141 5
      vertex 23.6606 2.57776 5
    endloop
  endfacet
  facet normal -0.195126 0.980778 0
    outer loop
      vertex 23.3271 2.51141 5
      vertex 23.6606 2.57776 2
      vertex 23.3271 2.51141 2
    endloop
  endfacet
  facet normal 0.659341 0.751844 -0
    outer loop
      vertex 25.8385 1.83848 2
      vertex 25.5828 2.06272 5
      vertex 25.8385 1.83848 5
    endloop
  endfacet
  facet normal 0.659341 0.751844 0
    outer loop
      vertex 25.5828 2.06272 5
      vertex 25.8385 1.83848 2
      vertex 25.5828 2.06272 2
    endloop
  endfacet
  facet normal 0.751902 0.659275 0
    outer loop
      vertex 26.0627 1.58278 5
      vertex 25.8385 1.83848 2
      vertex 25.8385 1.83848 5
    endloop
  endfacet
  facet normal 0.751902 0.659275 0
    outer loop
      vertex 25.8385 1.83848 2
      vertex 26.0627 1.58278 5
      vertex 26.0627 1.58278 2
    endloop
  endfacet
  facet normal -0.896897 -0.442239 0
    outer loop
      vertex 21.7483 -1.3 2
      vertex 21.5979 -0.994976 5
      vertex 21.5979 -0.994976 2
    endloop
  endfacet
  facet normal -0.896897 -0.442239 0
    outer loop
      vertex 21.5979 -0.994976 5
      vertex 21.7483 -1.3 2
      vertex 21.7483 -1.3 5
    endloop
  endfacet
  facet normal -0.321391 -0.946946 0
    outer loop
      vertex 23.005 -2.40209 2
      vertex 23.3271 -2.51141 5
      vertex 23.005 -2.40209 5
    endloop
  endfacet
  facet normal -0.321391 -0.946946 -0
    outer loop
      vertex 23.3271 -2.51141 5
      vertex 23.005 -2.40209 2
      vertex 23.3271 -2.51141 2
    endloop
  endfacet
  facet normal 0.0653872 -0.99786 0
    outer loop
      vertex 24 -2.6 2
      vertex 24.3394 -2.57776 5
      vertex 24 -2.6 5
    endloop
  endfacet
  facet normal 0.0653872 -0.99786 0
    outer loop
      vertex 24.3394 -2.57776 5
      vertex 24 -2.6 2
      vertex 24.3394 -2.57776 2
    endloop
  endfacet
  facet normal 0.555548 -0.831484 0
    outer loop
      vertex 25.3 -2.25167 2
      vertex 25.5828 -2.06272 5
      vertex 25.3 -2.25167 5
    endloop
  endfacet
  facet normal 0.555548 -0.831484 0
    outer loop
      vertex 25.5828 -2.06272 5
      vertex 25.3 -2.25167 2
      vertex 25.5828 -2.06272 2
    endloop
  endfacet
  facet normal 0.946948 -0.321386 0
    outer loop
      vertex 26.4021 -0.994976 5
      vertex 26.5114 -0.672929 2
      vertex 26.5114 -0.672929 5
    endloop
  endfacet
  facet normal 0.946948 -0.321386 0
    outer loop
      vertex 26.5114 -0.672929 2
      vertex 26.4021 -0.994976 5
      vertex 26.4021 -0.994976 2
    endloop
  endfacet
  facet normal 0.442314 0.89686 -0
    outer loop
      vertex 25.3 2.25167 2
      vertex 24.995 2.40209 5
      vertex 25.3 2.25167 5
    endloop
  endfacet
  facet normal 0.442314 0.89686 0
    outer loop
      vertex 24.995 2.40209 5
      vertex 25.3 2.25167 2
      vertex 24.995 2.40209 2
    endloop
  endfacet
  facet normal 0.831398 0.555677 0
    outer loop
      vertex 26.2517 1.3 5
      vertex 26.0627 1.58278 2
      vertex 26.0627 1.58278 5
    endloop
  endfacet
  facet normal 0.831398 0.555677 0
    outer loop
      vertex 26.0627 1.58278 2
      vertex 26.2517 1.3 5
      vertex 26.2517 1.3 2
    endloop
  endfacet
  facet normal 0.659341 -0.751844 0
    outer loop
      vertex 25.5828 -2.06272 2
      vertex 25.8385 -1.83848 5
      vertex 25.5828 -2.06272 5
    endloop
  endfacet
  facet normal 0.659341 -0.751844 0
    outer loop
      vertex 25.8385 -1.83848 5
      vertex 25.5828 -2.06272 2
      vertex 25.8385 -1.83848 2
    endloop
  endfacet
  facet normal 0.751902 -0.659275 0
    outer loop
      vertex 25.8385 -1.83848 5
      vertex 26.0627 -1.58278 2
      vertex 26.0627 -1.58278 5
    endloop
  endfacet
  facet normal 0.751902 -0.659275 0
    outer loop
      vertex 26.0627 -1.58278 2
      vertex 25.8385 -1.83848 5
      vertex 25.8385 -1.83848 2
    endloop
  endfacet
  facet normal 0.321391 0.946946 -0
    outer loop
      vertex 24.995 2.40209 2
      vertex 24.6729 2.51141 5
      vertex 24.995 2.40209 5
    endloop
  endfacet
  facet normal 0.321391 0.946946 0
    outer loop
      vertex 24.6729 2.51141 5
      vertex 24.995 2.40209 2
      vertex 24.6729 2.51141 2
    endloop
  endfacet
  facet normal -0.0653872 0.99786 0
    outer loop
      vertex 24 2.6 2
      vertex 23.6606 2.57776 5
      vertex 24 2.6 5
    endloop
  endfacet
  facet normal -0.0653872 0.99786 0
    outer loop
      vertex 23.6606 2.57776 5
      vertex 24 2.6 2
      vertex 23.6606 2.57776 2
    endloop
  endfacet
  facet normal -0.659341 -0.751844 0
    outer loop
      vertex 22.1615 -1.83848 2
      vertex 22.4172 -2.06272 5
      vertex 22.1615 -1.83848 5
    endloop
  endfacet
  facet normal -0.659341 -0.751844 -0
    outer loop
      vertex 22.4172 -2.06272 5
      vertex 22.1615 -1.83848 2
      vertex 22.4172 -2.06272 2
    endloop
  endfacet
  facet normal 0.896897 -0.442239 0
    outer loop
      vertex 26.2517 -1.3 5
      vertex 26.4021 -0.994976 2
      vertex 26.4021 -0.994976 5
    endloop
  endfacet
  facet normal 0.896897 -0.442239 0
    outer loop
      vertex 26.4021 -0.994976 2
      vertex 26.2517 -1.3 5
      vertex 26.2517 -1.3 2
    endloop
  endfacet
  facet normal -0.997867 0.0652762 0
    outer loop
      vertex 21.4 0 2
      vertex 21.4222 0.339368 5
      vertex 21.4222 0.339368 2
    endloop
  endfacet
  facet normal -0.997867 0.0652762 0
    outer loop
      vertex 21.4222 0.339368 5
      vertex 21.4 0 2
      vertex 21.4 0 5
    endloop
  endfacet
  facet normal 0.442314 -0.89686 0
    outer loop
      vertex 24.995 -2.40209 2
      vertex 25.3 -2.25167 5
      vertex 24.995 -2.40209 5
    endloop
  endfacet
  facet normal 0.442314 -0.89686 0
    outer loop
      vertex 25.3 -2.25167 5
      vertex 24.995 -2.40209 2
      vertex 25.3 -2.25167 2
    endloop
  endfacet
  facet normal -0.442314 -0.89686 0
    outer loop
      vertex 22.7 -2.25167 2
      vertex 23.005 -2.40209 5
      vertex 22.7 -2.25167 5
    endloop
  endfacet
  facet normal -0.442314 -0.89686 -0
    outer loop
      vertex 23.005 -2.40209 5
      vertex 22.7 -2.25167 2
      vertex 23.005 -2.40209 2
    endloop
  endfacet
  facet normal -0.442314 0.89686 0
    outer loop
      vertex 23.005 2.40209 2
      vertex 22.7 2.25167 5
      vertex 23.005 2.40209 5
    endloop
  endfacet
  facet normal -0.442314 0.89686 0
    outer loop
      vertex 22.7 2.25167 5
      vertex 23.005 2.40209 2
      vertex 22.7 2.25167 2
    endloop
  endfacet
  facet normal -0.896897 0.442239 0
    outer loop
      vertex 21.5979 0.994976 2
      vertex 21.7483 1.3 5
      vertex 21.7483 1.3 2
    endloop
  endfacet
  facet normal -0.896897 0.442239 0
    outer loop
      vertex 21.7483 1.3 5
      vertex 21.5979 0.994976 2
      vertex 21.5979 0.994976 5
    endloop
  endfacet
  facet normal -0.831398 0.555677 0
    outer loop
      vertex 21.7483 1.3 2
      vertex 21.9373 1.58278 5
      vertex 21.9373 1.58278 2
    endloop
  endfacet
  facet normal -0.831398 0.555677 0
    outer loop
      vertex 21.9373 1.58278 5
      vertex 21.7483 1.3 2
      vertex 21.7483 1.3 5
    endloop
  endfacet
  facet normal -0.555548 -0.831484 0
    outer loop
      vertex 22.4172 -2.06272 2
      vertex 22.7 -2.25167 5
      vertex 22.4172 -2.06272 5
    endloop
  endfacet
  facet normal -0.555548 -0.831484 -0
    outer loop
      vertex 22.7 -2.25167 5
      vertex 22.4172 -2.06272 2
      vertex 22.7 -2.25167 2
    endloop
  endfacet
  facet normal 0 0 1
    outer loop
      vertex 25.4 0 5
      vertex 26.6 0 5
      vertex 26.5778 0.339368 5
    endloop
  endfacet
  facet normal 0 0 1
    outer loop
      vertex 25.388 0.182736 5
      vertex 26.5778 0.339368 5
      vertex 26.5114 0.672929 5
    endloop
  endfacet
  facet normal 0 0 1
    outer loop
      vertex 26.6 0 5
      vertex 25.4 0 5
      vertex 26.5778 -0.339368 5
    endloop
  endfacet
  facet normal 0 0 1
    outer loop
      vertex 25.3523 0.362347 5
      vertex 26.5114 0.672929 5
      vertex 26.4021 0.994976 5
    endloop
  endfacet
  facet normal -0 0 1
    outer loop
      vertex 25.388 -0.182736 5
      vertex 26.5778 -0.339368 5
      vertex 25.4 0 5
    endloop
  endfacet
  facet normal 0 0 1
    outer loop
      vertex 25.2934 0.535756 5
      vertex 26.4021 0.994976 5
      vertex 26.2517 1.3 5
    endloop
  endfacet
  facet normal 0 0 1
    outer loop
      vertex 26.5778 -0.339368 5
      vertex 25.388 -0.182736 5
      vertex 26.5114 -0.672929 5
    endloop
  endfacet
  facet normal 0 0 1
    outer loop
      vertex 25.2124 0.7 5
      vertex 26.2517 1.3 5
      vertex 26.0627 1.58278 5
    endloop
  endfacet
  facet normal -0 0 1
    outer loop
      vertex 25.3523 -0.362347 5
      vertex 26.5114 -0.672929 5
      vertex 25.388 -0.182736 5
    endloop
  endfacet
  facet normal 0 0 1
    outer loop
      vertex 25.1107 0.852265 5
      vertex 26.0627 1.58278 5
      vertex 25.8385 1.83848 5
    endloop
  endfacet
  facet normal 0 0 1
    outer loop
      vertex 26.5114 -0.672929 5
      vertex 25.3523 -0.362347 5
      vertex 26.4021 -0.994976 5
    endloop
  endfacet
  facet normal 0 0 1
    outer loop
      vertex 24.9899 0.989949 5
      vertex 25.8385 1.83848 5
      vertex 25.5828 2.06272 5
    endloop
  endfacet
  facet normal -0 0 1
    outer loop
      vertex 25.2934 -0.535756 5
      vertex 26.4021 -0.994976 5
      vertex 25.3523 -0.362347 5
    endloop
  endfacet
  facet normal 0 0 1
    outer loop
      vertex 26.4021 -0.994976 5
      vertex 25.2934 -0.535756 5
      vertex 26.2517 -1.3 5
    endloop
  endfacet
  facet normal 0 0 1
    outer loop
      vertex 26.5778 0.339368 5
      vertex 25.388 0.182736 5
      vertex 25.4 0 5
    endloop
  endfacet
  facet normal 0 0 1
    outer loop
      vertex 26.5114 0.672929 5
      vertex 25.3523 0.362347 5
      vertex 25.388 0.182736 5
    endloop
  endfacet
  facet normal 0 0 1
    outer loop
      vertex 24.8523 1.11069 5
      vertex 25.5828 2.06272 5
      vertex 25.3 2.25167 5
    endloop
  endfacet
  facet normal 0 0 1
    outer loop
      vertex 26.4021 0.994976 5
      vertex 25.2934 0.535756 5
      vertex 25.3523 0.362347 5
    endloop
  endfacet
  facet normal 0 0 1
    outer loop
      vertex 26.2517 1.3 5
      vertex 25.2124 0.7 5
      vertex 25.2934 0.535756 5
    endloop
  endfacet
  facet normal 0 0 1
    outer loop
      vertex 26.0627 1.58278 5
      vertex 25.1107 0.852265 5
      vertex 25.2124 0.7 5
    endloop
  endfacet
  facet normal 0 0 1
    outer loop
      vertex 24.7 1.21243 5
      vertex 25.3 2.25167 5
      vertex 24.995 2.40209 5
    endloop
  endfacet
  facet normal 0 0 1
    outer loop
      vertex 25.8385 1.83848 5
      vertex 24.9899 0.989949 5
      vertex 25.1107 0.852265 5
    endloop
  endfacet
  facet normal 0 0 1
    outer loop
      vertex 25.5828 2.06272 5
      vertex 24.8523 1.11069 5
      vertex 24.9899 0.989949 5
    endloop
  endfacet
  facet normal 0 0 1
    outer loop
      vertex 25.3 2.25167 5
      vertex 24.7 1.21243 5
      vertex 24.8523 1.11069 5
    endloop
  endfacet
  facet normal 0 0 1
    outer loop
      vertex 24.5358 1.29343 5
      vertex 24.995 2.40209 5
      vertex 24.6729 2.51141 5
    endloop
  endfacet
  facet normal 0 0 1
    outer loop
      vertex 24.995 2.40209 5
      vertex 24.5358 1.29343 5
      vertex 24.7 1.21243 5
    endloop
  endfacet
  facet normal 0 0 1
    outer loop
      vertex 24.6729 2.51141 5
      vertex 24.3623 1.3523 5
      vertex 24.5358 1.29343 5
    endloop
  endfacet
  facet normal 0 0 1
    outer loop
      vertex 24.3394 2.57776 5
      vertex 24.3623 1.3523 5
      vertex 24.6729 2.51141 5
    endloop
  endfacet
  facet normal 0 0 1
    outer loop
      vertex 24.3394 2.57776 5
      vertex 24.1827 1.38802 5
      vertex 24.3623 1.3523 5
    endloop
  endfacet
  facet normal 0 0 1
    outer loop
      vertex 24 2.6 5
      vertex 24.1827 1.38802 5
      vertex 24.3394 2.57776 5
    endloop
  endfacet
  facet normal 0 0 1
    outer loop
      vertex 24 2.6 5
      vertex 24 1.4 5
      vertex 24.1827 1.38802 5
    endloop
  endfacet
  facet normal 0 0 1
    outer loop
      vertex 24 2.6 5
      vertex 23.8173 1.38802 5
      vertex 24 1.4 5
    endloop
  endfacet
  facet normal -0 0 1
    outer loop
      vertex 23.6606 2.57776 5
      vertex 23.8173 1.38802 5
      vertex 24 2.6 5
    endloop
  endfacet
  facet normal 0 0 1
    outer loop
      vertex 23.6606 2.57776 5
      vertex 23.6377 1.3523 5
      vertex 23.8173 1.38802 5
    endloop
  endfacet
  facet normal -0 0 1
    outer loop
      vertex 23.3271 2.51141 5
      vertex 23.6377 1.3523 5
      vertex 23.6606 2.57776 5
    endloop
  endfacet
  facet normal 0 0 1
    outer loop
      vertex 23.6377 1.3523 5
      vertex 23.3271 2.51141 5
      vertex 23.4642 1.29343 5
    endloop
  endfacet
  facet normal -0 0 1
    outer loop
      vertex 23.005 2.40209 5
      vertex 23.4642 1.29343 5
      vertex 23.3271 2.51141 5
    endloop
  endfacet
  facet normal 0 0 1
    outer loop
      vertex 23.4642 1.29343 5
      vertex 23.005 2.40209 5
      vertex 23.3 1.21243 5
    endloop
  endfacet
  facet normal -0 0 1
    outer loop
      vertex 22.7 2.25167 5
      vertex 23.3 1.21243 5
      vertex 23.005 2.40209 5
    endloop
  endfacet
  facet normal 0 0 1
    outer loop
      vertex 23.3 1.21243 5
      vertex 22.7 2.25167 5
      vertex 23.1477 1.11069 5
    endloop
  endfacet
  facet normal -0 0 1
    outer loop
      vertex 22.4172 2.06272 5
      vertex 23.1477 1.11069 5
      vertex 22.7 2.25167 5
    endloop
  endfacet
  facet normal 0 0 1
    outer loop
      vertex 23.1477 1.11069 5
      vertex 22.4172 2.06272 5
      vertex 23.0101 0.989949 5
    endloop
  endfacet
  facet normal -0 0 1
    outer loop
      vertex 22.1615 1.83848 5
      vertex 23.0101 0.989949 5
      vertex 22.4172 2.06272 5
    endloop
  endfacet
  facet normal 0 0 1
    outer loop
      vertex 23.0101 0.989949 5
      vertex 22.1615 1.83848 5
      vertex 22.8893 0.852265 5
    endloop
  endfacet
  facet normal -0 0 1
    outer loop
      vertex 21.9373 1.58278 5
      vertex 22.8893 0.852265 5
      vertex 22.1615 1.83848 5
    endloop
  endfacet
  facet normal 0 0 1
    outer loop
      vertex 22.8893 0.852265 5
      vertex 21.9373 1.58278 5
      vertex 22.7876 0.7 5
    endloop
  endfacet
  facet normal -0 0 1
    outer loop
      vertex 21.7483 1.3 5
      vertex 22.7876 0.7 5
      vertex 21.9373 1.58278 5
    endloop
  endfacet
  facet normal 0 0 1
    outer loop
      vertex 22.7876 0.7 5
      vertex 21.7483 1.3 5
      vertex 22.7066 0.535756 5
    endloop
  endfacet
  facet normal -0 0 1
    outer loop
      vertex 25.2124 -0.7 5
      vertex 26.2517 -1.3 5
      vertex 25.2934 -0.535756 5
    endloop
  endfacet
  facet normal 0 0 1
    outer loop
      vertex 26.2517 -1.3 5
      vertex 25.2124 -0.7 5
      vertex 26.0627 -1.58278 5
    endloop
  endfacet
  facet normal -0 0 1
    outer loop
      vertex 25.1107 -0.852265 5
      vertex 26.0627 -1.58278 5
      vertex 25.2124 -0.7 5
    endloop
  endfacet
  facet normal 0 0 1
    outer loop
      vertex 26.0627 -1.58278 5
      vertex 25.1107 -0.852265 5
      vertex 25.8385 -1.83848 5
    endloop
  endfacet
  facet normal -0 0 1
    outer loop
      vertex 24.9899 -0.989949 5
      vertex 25.8385 -1.83848 5
      vertex 25.1107 -0.852265 5
    endloop
  endfacet
  facet normal 0 0 1
    outer loop
      vertex 25.8385 -1.83848 5
      vertex 24.9899 -0.989949 5
      vertex 25.5828 -2.06272 5
    endloop
  endfacet
  facet normal -0 0 1
    outer loop
      vertex 24.8523 -1.11069 5
      vertex 25.5828 -2.06272 5
      vertex 24.9899 -0.989949 5
    endloop
  endfacet
  facet normal 0 0 1
    outer loop
      vertex 25.5828 -2.06272 5
      vertex 24.8523 -1.11069 5
      vertex 25.3 -2.25167 5
    endloop
  endfacet
  facet normal -0 0 1
    outer loop
      vertex 24.7 -1.21243 5
      vertex 25.3 -2.25167 5
      vertex 24.8523 -1.11069 5
    endloop
  endfacet
  facet normal 0 0 1
    outer loop
      vertex 25.3 -2.25167 5
      vertex 24.7 -1.21243 5
      vertex 24.995 -2.40209 5
    endloop
  endfacet
  facet normal -0 0 1
    outer loop
      vertex 24.5358 -1.29343 5
      vertex 24.995 -2.40209 5
      vertex 24.7 -1.21243 5
    endloop
  endfacet
  facet normal 0 0 1
    outer loop
      vertex 24.995 -2.40209 5
      vertex 24.5358 -1.29343 5
      vertex 24.6729 -2.51141 5
    endloop
  endfacet
  facet normal -0 0 1
    outer loop
      vertex 24.3623 -1.3523 5
      vertex 24.6729 -2.51141 5
      vertex 24.5358 -1.29343 5
    endloop
  endfacet
  facet normal 0 0 1
    outer loop
      vertex 24.3623 -1.3523 5
      vertex 24.3394 -2.57776 5
      vertex 24.6729 -2.51141 5
    endloop
  endfacet
  facet normal -0 0 1
    outer loop
      vertex 24.1827 -1.38802 5
      vertex 24.3394 -2.57776 5
      vertex 24.3623 -1.3523 5
    endloop
  endfacet
  facet normal -0 0 1
    outer loop
      vertex 24 -1.4 5
      vertex 24.3394 -2.57776 5
      vertex 24.1827 -1.38802 5
    endloop
  endfacet
  facet normal 0 0 1
    outer loop
      vertex 24 -1.4 5
      vertex 24 -2.6 5
      vertex 24.3394 -2.57776 5
    endloop
  endfacet
  facet normal 0 0 1
    outer loop
      vertex 23.8173 -1.38802 5
      vertex 24 -2.6 5
      vertex 24 -1.4 5
    endloop
  endfacet
  facet normal 0 0 1
    outer loop
      vertex 23.8173 -1.38802 5
      vertex 23.6606 -2.57776 5
      vertex 24 -2.6 5
    endloop
  endfacet
  facet normal 0 0 1
    outer loop
      vertex 23.6377 -1.3523 5
      vertex 23.6606 -2.57776 5
      vertex 23.8173 -1.38802 5
    endloop
  endfacet
  facet normal 0 0 1
    outer loop
      vertex 23.3271 -2.51141 5
      vertex 23.6377 -1.3523 5
      vertex 23.4642 -1.29343 5
    endloop
  endfacet
  facet normal 0 0 1
    outer loop
      vertex 23.6377 -1.3523 5
      vertex 23.3271 -2.51141 5
      vertex 23.6606 -2.57776 5
    endloop
  endfacet
  facet normal 0 0 1
    outer loop
      vertex 23.005 -2.40209 5
      vertex 23.4642 -1.29343 5
      vertex 23.3 -1.21243 5
    endloop
  endfacet
  facet normal 0 0 1
    outer loop
      vertex 22.7 -2.25167 5
      vertex 23.3 -1.21243 5
      vertex 23.1477 -1.11069 5
    endloop
  endfacet
  facet normal 0 0 1
    outer loop
      vertex 22.4172 -2.06272 5
      vertex 23.1477 -1.11069 5
      vertex 23.0101 -0.989949 5
    endloop
  endfacet
  facet normal 0 0 1
    outer loop
      vertex 23.4642 -1.29343 5
      vertex 23.005 -2.40209 5
      vertex 23.3271 -2.51141 5
    endloop
  endfacet
  facet normal 0 0 1
    outer loop
      vertex 22.1615 -1.83848 5
      vertex 23.0101 -0.989949 5
      vertex 22.8893 -0.852265 5
    endloop
  endfacet
  facet normal 0 0 1
    outer loop
      vertex 21.9373 -1.58278 5
      vertex 22.8893 -0.852265 5
      vertex 22.7876 -0.7 5
    endloop
  endfacet
  facet normal 0 0 1
    outer loop
      vertex 21.7483 -1.3 5
      vertex 22.7876 -0.7 5
      vertex 22.7066 -0.535756 5
    endloop
  endfacet
  facet normal 0 0 1
    outer loop
      vertex 23.3 -1.21243 5
      vertex 22.7 -2.25167 5
      vertex 23.005 -2.40209 5
    endloop
  endfacet
  facet normal 0 0 1
    outer loop
      vertex 21.5979 -0.994976 5
      vertex 22.7066 -0.535756 5
      vertex 22.6477 -0.362347 5
    endloop
  endfacet
  facet normal 0 0 1
    outer loop
      vertex 21.4886 -0.672929 5
      vertex 22.6477 -0.362347 5
      vertex 22.612 -0.182736 5
    endloop
  endfacet
  facet normal 0 0 1
    outer loop
      vertex 21.4222 -0.339368 5
      vertex 22.612 -0.182736 5
      vertex 22.6 0 5
    endloop
  endfacet
  facet normal -0 0 1
    outer loop
      vertex 21.5979 0.994976 5
      vertex 22.7066 0.535756 5
      vertex 21.7483 1.3 5
    endloop
  endfacet
  facet normal 0 0 1
    outer loop
      vertex 23.1477 -1.11069 5
      vertex 22.4172 -2.06272 5
      vertex 22.7 -2.25167 5
    endloop
  endfacet
  facet normal 0 0 1
    outer loop
      vertex 22.7066 0.535756 5
      vertex 21.5979 0.994976 5
      vertex 22.6477 0.362347 5
    endloop
  endfacet
  facet normal 0 0 1
    outer loop
      vertex 23.0101 -0.989949 5
      vertex 22.1615 -1.83848 5
      vertex 22.4172 -2.06272 5
    endloop
  endfacet
  facet normal -0 0 1
    outer loop
      vertex 21.4886 0.672929 5
      vertex 22.6477 0.362347 5
      vertex 21.5979 0.994976 5
    endloop
  endfacet
  facet normal 0 0 1
    outer loop
      vertex 22.8893 -0.852265 5
      vertex 21.9373 -1.58278 5
      vertex 22.1615 -1.83848 5
    endloop
  endfacet
  facet normal 0 0 1
    outer loop
      vertex 22.6477 0.362347 5
      vertex 21.4886 0.672929 5
      vertex 22.612 0.182736 5
    endloop
  endfacet
  facet normal 0 0 1
    outer loop
      vertex 22.7876 -0.7 5
      vertex 21.7483 -1.3 5
      vertex 21.9373 -1.58278 5
    endloop
  endfacet
  facet normal -0 0 1
    outer loop
      vertex 21.4222 0.339368 5
      vertex 22.612 0.182736 5
      vertex 21.4886 0.672929 5
    endloop
  endfacet
  facet normal 0 0 1
    outer loop
      vertex 22.7066 -0.535756 5
      vertex 21.5979 -0.994976 5
      vertex 21.7483 -1.3 5
    endloop
  endfacet
  facet normal 0 0 1
    outer loop
      vertex 22.612 0.182736 5
      vertex 21.4222 0.339368 5
      vertex 22.6 0 5
    endloop
  endfacet
  facet normal 0 0 1
    outer loop
      vertex 22.6477 -0.362347 5
      vertex 21.4886 -0.672929 5
      vertex 21.5979 -0.994976 5
    endloop
  endfacet
  facet normal 0 0 1
    outer loop
      vertex 21.4 0 5
      vertex 22.6 0 5
      vertex 21.4222 0.339368 5
    endloop
  endfacet
  facet normal 0 0 1
    outer loop
      vertex 22.612 -0.182736 5
      vertex 21.4222 -0.339368 5
      vertex 21.4886 -0.672929 5
    endloop
  endfacet
  facet normal 0 0 1
    outer loop
      vertex 22.6 0 5
      vertex 21.4 0 5
      vertex 21.4222 -0.339368 5
    endloop
  endfacet
  facet normal 0.980813 -0.194949 0
    outer loop
      vertex 25.3523 -0.362347 7
      vertex 25.388 -0.182736 5
      vertex 25.388 -0.182736 7
    endloop
  endfacet
  facet normal 0.980813 -0.194949 0
    outer loop
      vertex 25.388 -0.182736 5
      vertex 25.3523 -0.362347 7
      vertex 25.3523 -0.362347 5
    endloop
  endfacet
  facet normal 0.980813 0.194949 0
    outer loop
      vertex 25.388 0.182736 7
      vertex 25.3523 0.362347 5
      vertex 25.3523 0.362347 7
    endloop
  endfacet
  facet normal 0.980813 0.194949 0
    outer loop
      vertex 25.3523 0.362347 5
      vertex 25.388 0.182736 7
      vertex 25.388 0.182736 5
    endloop
  endfacet
  facet normal 0.997851 0.0655274 0
    outer loop
      vertex 25.4 0 7
      vertex 25.388 0.182736 5
      vertex 25.388 0.182736 7
    endloop
  endfacet
  facet normal 0.997851 0.0655274 0
    outer loop
      vertex 25.388 0.182736 5
      vertex 25.4 0 7
      vertex 25.4 0 5
    endloop
  endfacet
  facet normal 0.946871 0.321614 0
    outer loop
      vertex 25.3523 0.362347 7
      vertex 25.2934 0.535756 5
      vertex 25.2934 0.535756 7
    endloop
  endfacet
  facet normal 0.946871 0.321614 0
    outer loop
      vertex 25.2934 0.535756 5
      vertex 25.3523 0.362347 7
      vertex 25.3523 0.362347 5
    endloop
  endfacet
  facet normal -0.997851 0.0655274 0
    outer loop
      vertex 22.6 0 5
      vertex 22.612 0.182736 7
      vertex 22.612 0.182736 5
    endloop
  endfacet
  facet normal -0.997851 0.0655274 0
    outer loop
      vertex 22.612 0.182736 7
      vertex 22.6 0 5
      vertex 22.6 0 7
    endloop
  endfacet
  facet normal 0.442401 -0.896817 0
    outer loop
      vertex 24.5358 -1.29343 5
      vertex 24.7 -1.21243 7
      vertex 24.5358 -1.29343 7
    endloop
  endfacet
  facet normal 0.442401 -0.896817 0
    outer loop
      vertex 24.7 -1.21243 7
      vertex 24.5358 -1.29343 5
      vertex 24.7 -1.21243 5
    endloop
  endfacet
  facet normal 0.195066 0.98079 -0
    outer loop
      vertex 24.3623 1.3523 5
      vertex 24.1827 1.38802 7
      vertex 24.3623 1.3523 7
    endloop
  endfacet
  facet normal 0.195066 0.98079 0
    outer loop
      vertex 24.1827 1.38802 7
      vertex 24.3623 1.3523 5
      vertex 24.1827 1.38802 5
    endloop
  endfacet
  facet normal 0.195066 -0.98079 0
    outer loop
      vertex 24.1827 -1.38802 5
      vertex 24.3623 -1.3523 7
      vertex 24.1827 -1.38802 7
    endloop
  endfacet
  facet normal 0.195066 -0.98079 0
    outer loop
      vertex 24.3623 -1.3523 7
      vertex 24.1827 -1.38802 5
      vertex 24.3623 -1.3523 5
    endloop
  endfacet
  facet normal 0.0654315 -0.997857 0
    outer loop
      vertex 24 -1.4 5
      vertex 24.1827 -1.38802 7
      vertex 24 -1.4 7
    endloop
  endfacet
  facet normal 0.0654315 -0.997857 0
    outer loop
      vertex 24.1827 -1.38802 7
      vertex 24 -1.4 5
      vertex 24.1827 -1.38802 5
    endloop
  endfacet
  facet normal -0.659559 0.751653 0
    outer loop
      vertex 23.1477 1.11069 5
      vertex 23.0101 0.989949 7
      vertex 23.1477 1.11069 7
    endloop
  endfacet
  facet normal -0.659559 0.751653 0
    outer loop
      vertex 23.0101 0.989949 7
      vertex 23.1477 1.11069 5
      vertex 23.0101 0.989949 5
    endloop
  endfacet
  facet normal -0.831571 0.555418 0
    outer loop
      vertex 22.7876 0.7 5
      vertex 22.8893 0.852265 7
      vertex 22.8893 0.852265 5
    endloop
  endfacet
  facet normal -0.831571 0.555418 0
    outer loop
      vertex 22.8893 0.852265 7
      vertex 22.7876 0.7 5
      vertex 22.7876 0.7 7
    endloop
  endfacet
  facet normal 0.321316 0.946972 -0
    outer loop
      vertex 24.5358 1.29343 5
      vertex 24.3623 1.3523 7
      vertex 24.5358 1.29343 7
    endloop
  endfacet
  facet normal 0.321316 0.946972 0
    outer loop
      vertex 24.3623 1.3523 7
      vertex 24.5358 1.29343 5
      vertex 24.3623 1.3523 5
    endloop
  endfacet
  facet normal 0.659559 -0.751653 0
    outer loop
      vertex 24.8523 -1.11069 5
      vertex 24.9899 -0.989949 7
      vertex 24.8523 -1.11069 7
    endloop
  endfacet
  facet normal 0.659559 -0.751653 0
    outer loop
      vertex 24.9899 -0.989949 7
      vertex 24.8523 -1.11069 5
      vertex 24.9899 -0.989949 5
    endloop
  endfacet
  facet normal -0.442401 0.896817 0
    outer loop
      vertex 23.4642 1.29343 5
      vertex 23.3 1.21243 7
      vertex 23.4642 1.29343 7
    endloop
  endfacet
  facet normal -0.442401 0.896817 0
    outer loop
      vertex 23.3 1.21243 7
      vertex 23.4642 1.29343 5
      vertex 23.3 1.21243 5
    endloop
  endfacet
  facet normal -0.0654315 -0.997857 0
    outer loop
      vertex 23.8173 -1.38802 5
      vertex 24 -1.4 7
      vertex 23.8173 -1.38802 7
    endloop
  endfacet
  facet normal -0.0654315 -0.997857 -0
    outer loop
      vertex 24 -1.4 7
      vertex 23.8173 -1.38802 5
      vertex 24 -1.4 5
    endloop
  endfacet
  facet normal 0.751693 -0.659514 0
    outer loop
      vertex 24.9899 -0.989949 7
      vertex 25.1107 -0.852265 5
      vertex 25.1107 -0.852265 7
    endloop
  endfacet
  facet normal 0.751693 -0.659514 0
    outer loop
      vertex 25.1107 -0.852265 5
      vertex 24.9899 -0.989949 7
      vertex 24.9899 -0.989949 5
    endloop
  endfacet
  facet normal -0.946871 -0.321614 0
    outer loop
      vertex 22.7066 -0.535756 5
      vertex 22.6477 -0.362347 7
      vertex 22.6477 -0.362347 5
    endloop
  endfacet
  facet normal -0.946871 -0.321614 0
    outer loop
      vertex 22.6477 -0.362347 7
      vertex 22.7066 -0.535756 5
      vertex 22.7066 -0.535756 7
    endloop
  endfacet
  facet normal 0.321316 -0.946972 0
    outer loop
      vertex 24.3623 -1.3523 5
      vertex 24.5358 -1.29343 7
      vertex 24.3623 -1.3523 7
    endloop
  endfacet
  facet normal 0.321316 -0.946972 0
    outer loop
      vertex 24.5358 -1.29343 7
      vertex 24.3623 -1.3523 5
      vertex 24.5358 -1.29343 5
    endloop
  endfacet
  facet normal -0.321316 0.946972 0
    outer loop
      vertex 23.6377 1.3523 5
      vertex 23.4642 1.29343 7
      vertex 23.6377 1.3523 7
    endloop
  endfacet
  facet normal -0.321316 0.946972 0
    outer loop
      vertex 23.4642 1.29343 7
      vertex 23.6377 1.3523 5
      vertex 23.4642 1.29343 5
    endloop
  endfacet
  facet normal -0.555481 0.831529 0
    outer loop
      vertex 23.3 1.21243 5
      vertex 23.1477 1.11069 7
      vertex 23.3 1.21243 7
    endloop
  endfacet
  facet normal -0.555481 0.831529 0
    outer loop
      vertex 23.1477 1.11069 7
      vertex 23.3 1.21243 5
      vertex 23.1477 1.11069 5
    endloop
  endfacet
  facet normal -0.946871 0.321614 0
    outer loop
      vertex 22.6477 0.362347 5
      vertex 22.7066 0.535756 7
      vertex 22.7066 0.535756 5
    endloop
  endfacet
  facet normal -0.946871 0.321614 0
    outer loop
      vertex 22.7066 0.535756 7
      vertex 22.6477 0.362347 5
      vertex 22.6477 0.362347 7
    endloop
  endfacet
  facet normal 0.896864 0.442305 0
    outer loop
      vertex 25.2934 0.535756 7
      vertex 25.2124 0.7 5
      vertex 25.2124 0.7 7
    endloop
  endfacet
  facet normal 0.896864 0.442305 0
    outer loop
      vertex 25.2124 0.7 5
      vertex 25.2934 0.535756 7
      vertex 25.2934 0.535756 5
    endloop
  endfacet
  facet normal -0.195066 0.98079 0
    outer loop
      vertex 23.8173 1.38802 5
      vertex 23.6377 1.3523 7
      vertex 23.8173 1.38802 7
    endloop
  endfacet
  facet normal -0.195066 0.98079 0
    outer loop
      vertex 23.6377 1.3523 7
      vertex 23.8173 1.38802 5
      vertex 23.6377 1.3523 5
    endloop
  endfacet
  facet normal 0.659559 0.751653 -0
    outer loop
      vertex 24.9899 0.989949 5
      vertex 24.8523 1.11069 7
      vertex 24.9899 0.989949 7
    endloop
  endfacet
  facet normal 0.659559 0.751653 0
    outer loop
      vertex 24.8523 1.11069 7
      vertex 24.9899 0.989949 5
      vertex 24.8523 1.11069 5
    endloop
  endfacet
  facet normal 0.997851 -0.0655274 0
    outer loop
      vertex 25.388 -0.182736 7
      vertex 25.4 0 5
      vertex 25.4 0 7
    endloop
  endfacet
  facet normal 0.997851 -0.0655274 0
    outer loop
      vertex 25.4 0 5
      vertex 25.388 -0.182736 7
      vertex 25.388 -0.182736 5
    endloop
  endfacet
  facet normal 0.442401 0.896817 -0
    outer loop
      vertex 24.7 1.21243 5
      vertex 24.5358 1.29343 7
      vertex 24.7 1.21243 7
    endloop
  endfacet
  facet normal 0.442401 0.896817 0
    outer loop
      vertex 24.5358 1.29343 7
      vertex 24.7 1.21243 5
      vertex 24.5358 1.29343 5
    endloop
  endfacet
  facet normal -0.321316 -0.946972 0
    outer loop
      vertex 23.4642 -1.29343 5
      vertex 23.6377 -1.3523 7
      vertex 23.4642 -1.29343 7
    endloop
  endfacet
  facet normal -0.321316 -0.946972 -0
    outer loop
      vertex 23.6377 -1.3523 7
      vertex 23.4642 -1.29343 5
      vertex 23.6377 -1.3523 5
    endloop
  endfacet
  facet normal -0.980813 0.194949 0
    outer loop
      vertex 22.612 0.182736 5
      vertex 22.6477 0.362347 7
      vertex 22.6477 0.362347 5
    endloop
  endfacet
  facet normal -0.980813 0.194949 0
    outer loop
      vertex 22.6477 0.362347 7
      vertex 22.612 0.182736 5
      vertex 22.612 0.182736 7
    endloop
  endfacet
  facet normal -0.0654315 0.997857 0
    outer loop
      vertex 24 1.4 5
      vertex 23.8173 1.38802 7
      vertex 24 1.4 7
    endloop
  endfacet
  facet normal -0.0654315 0.997857 0
    outer loop
      vertex 23.8173 1.38802 7
      vertex 24 1.4 5
      vertex 23.8173 1.38802 5
    endloop
  endfacet
  facet normal 0.946871 -0.321614 0
    outer loop
      vertex 25.2934 -0.535756 7
      vertex 25.3523 -0.362347 5
      vertex 25.3523 -0.362347 7
    endloop
  endfacet
  facet normal 0.946871 -0.321614 0
    outer loop
      vertex 25.3523 -0.362347 5
      vertex 25.2934 -0.535756 7
      vertex 25.2934 -0.535756 5
    endloop
  endfacet
  facet normal 0.831571 0.555418 0
    outer loop
      vertex 25.2124 0.7 7
      vertex 25.1107 0.852265 5
      vertex 25.1107 0.852265 7
    endloop
  endfacet
  facet normal 0.831571 0.555418 0
    outer loop
      vertex 25.1107 0.852265 5
      vertex 25.2124 0.7 7
      vertex 25.2124 0.7 5
    endloop
  endfacet
  facet normal 0.751693 0.659514 0
    outer loop
      vertex 25.1107 0.852265 7
      vertex 24.9899 0.989949 5
      vertex 24.9899 0.989949 7
    endloop
  endfacet
  facet normal 0.751693 0.659514 0
    outer loop
      vertex 24.9899 0.989949 5
      vertex 25.1107 0.852265 7
      vertex 25.1107 0.852265 5
    endloop
  endfacet
  facet normal -0.896864 -0.442305 0
    outer loop
      vertex 22.7876 -0.7 5
      vertex 22.7066 -0.535756 7
      vertex 22.7066 -0.535756 5
    endloop
  endfacet
  facet normal -0.896864 -0.442305 0
    outer loop
      vertex 22.7066 -0.535756 7
      vertex 22.7876 -0.7 5
      vertex 22.7876 -0.7 7
    endloop
  endfacet
  facet normal 0.896864 -0.442305 0
    outer loop
      vertex 25.2124 -0.7 7
      vertex 25.2934 -0.535756 5
      vertex 25.2934 -0.535756 7
    endloop
  endfacet
  facet normal 0.896864 -0.442305 0
    outer loop
      vertex 25.2934 -0.535756 5
      vertex 25.2124 -0.7 7
      vertex 25.2124 -0.7 5
    endloop
  endfacet
  facet normal -0.751693 -0.659514 0
    outer loop
      vertex 23.0101 -0.989949 5
      vertex 22.8893 -0.852265 7
      vertex 22.8893 -0.852265 5
    endloop
  endfacet
  facet normal -0.751693 -0.659514 0
    outer loop
      vertex 22.8893 -0.852265 7
      vertex 23.0101 -0.989949 5
      vertex 23.0101 -0.989949 7
    endloop
  endfacet
  facet normal 0.831571 -0.555418 0
    outer loop
      vertex 25.1107 -0.852265 7
      vertex 25.2124 -0.7 5
      vertex 25.2124 -0.7 7
    endloop
  endfacet
  facet normal 0.831571 -0.555418 0
    outer loop
      vertex 25.2124 -0.7 5
      vertex 25.1107 -0.852265 7
      vertex 25.1107 -0.852265 5
    endloop
  endfacet
  facet normal -0.751693 0.659514 0
    outer loop
      vertex 22.8893 0.852265 5
      vertex 23.0101 0.989949 7
      vertex 23.0101 0.989949 5
    endloop
  endfacet
  facet normal -0.751693 0.659514 0
    outer loop
      vertex 23.0101 0.989949 7
      vertex 22.8893 0.852265 5
      vertex 22.8893 0.852265 7
    endloop
  endfacet
  facet normal 0.0654315 0.997857 -0
    outer loop
      vertex 24.1827 1.38802 5
      vertex 24 1.4 7
      vertex 24.1827 1.38802 7
    endloop
  endfacet
  facet normal 0.0654315 0.997857 0
    outer loop
      vertex 24 1.4 7
      vertex 24.1827 1.38802 5
      vertex 24 1.4 5
    endloop
  endfacet
  facet normal 0.555481 0.831529 -0
    outer loop
      vertex 24.8523 1.11069 5
      vertex 24.7 1.21243 7
      vertex 24.8523 1.11069 7
    endloop
  endfacet
  facet normal 0.555481 0.831529 0
    outer loop
      vertex 24.7 1.21243 7
      vertex 24.8523 1.11069 5
      vertex 24.7 1.21243 5
    endloop
  endfacet
  facet normal -0.442401 -0.896817 0
    outer loop
      vertex 23.3 -1.21243 5
      vertex 23.4642 -1.29343 7
      vertex 23.3 -1.21243 7
    endloop
  endfacet
  facet normal -0.442401 -0.896817 -0
    outer loop
      vertex 23.4642 -1.29343 7
      vertex 23.3 -1.21243 5
      vertex 23.4642 -1.29343 5
    endloop
  endfacet
  facet normal -0.831571 -0.555418 0
    outer loop
      vertex 22.8893 -0.852265 5
      vertex 22.7876 -0.7 7
      vertex 22.7876 -0.7 5
    endloop
  endfacet
  facet normal -0.831571 -0.555418 0
    outer loop
      vertex 22.7876 -0.7 7
      vertex 22.8893 -0.852265 5
      vertex 22.8893 -0.852265 7
    endloop
  endfacet
  facet normal -0.980813 -0.194949 0
    outer loop
      vertex 22.6477 -0.362347 5
      vertex 22.612 -0.182736 7
      vertex 22.612 -0.182736 5
    endloop
  endfacet
  facet normal -0.980813 -0.194949 0
    outer loop
      vertex 22.612 -0.182736 7
      vertex 22.6477 -0.362347 5
      vertex 22.6477 -0.362347 7
    endloop
  endfacet
  facet normal -0.195066 -0.98079 0
    outer loop
      vertex 23.6377 -1.3523 5
      vertex 23.8173 -1.38802 7
      vertex 23.6377 -1.3523 7
    endloop
  endfacet
  facet normal -0.195066 -0.98079 -0
    outer loop
      vertex 23.8173 -1.38802 7
      vertex 23.6377 -1.3523 5
      vertex 23.8173 -1.38802 5
    endloop
  endfacet
  facet normal -0.659559 -0.751653 0
    outer loop
      vertex 23.0101 -0.989949 5
      vertex 23.1477 -1.11069 7
      vertex 23.0101 -0.989949 7
    endloop
  endfacet
  facet normal -0.659559 -0.751653 -0
    outer loop
      vertex 23.1477 -1.11069 7
      vertex 23.0101 -0.989949 5
      vertex 23.1477 -1.11069 5
    endloop
  endfacet
  facet normal -0.896864 0.442305 0
    outer loop
      vertex 22.7066 0.535756 5
      vertex 22.7876 0.7 7
      vertex 22.7876 0.7 5
    endloop
  endfacet
  facet normal -0.896864 0.442305 0
    outer loop
      vertex 22.7876 0.7 7
      vertex 22.7066 0.535756 5
      vertex 22.7066 0.535756 7
    endloop
  endfacet
  facet normal -0.997851 -0.0655274 0
    outer loop
      vertex 22.612 -0.182736 5
      vertex 22.6 0 7
      vertex 22.6 0 5
    endloop
  endfacet
  facet normal -0.997851 -0.0655274 0
    outer loop
      vertex 22.6 0 7
      vertex 22.612 -0.182736 5
      vertex 22.612 -0.182736 7
    endloop
  endfacet
  facet normal 0.555481 -0.831529 0
    outer loop
      vertex 24.7 -1.21243 5
      vertex 24.8523 -1.11069 7
      vertex 24.7 -1.21243 7
    endloop
  endfacet
  facet normal 0.555481 -0.831529 0
    outer loop
      vertex 24.8523 -1.11069 7
      vertex 24.7 -1.21243 5
      vertex 24.8523 -1.11069 5
    endloop
  endfacet
  facet normal -0.555481 -0.831529 0
    outer loop
      vertex 23.1477 -1.11069 5
      vertex 23.3 -1.21243 7
      vertex 23.1477 -1.11069 7
    endloop
  endfacet
  facet normal -0.555481 -0.831529 -0
    outer loop
      vertex 23.3 -1.21243 7
      vertex 23.1477 -1.11069 5
      vertex 23.3 -1.21243 5
    endloop
  endfacet
  facet normal 0.934564 0.0613714 0.350462
    outer loop
      vertex 25.388 0.182736 7
      vertex 25.1 0 7.8
      vertex 25.4 0 7
    endloop
  endfacet
  facet normal -0.88681 0.301213 0.350482
    outer loop
      vertex 22.7066 0.535756 7
      vertex 22.6477 0.362347 7
      vertex 22.9375 0.2847 7.8
    endloop
  endfacet
  facet normal 0.839984 -0.414254 0.350458
    outer loop
      vertex 25.2934 -0.535756 7
      vertex 24.9526 -0.549999 7.8
      vertex 25.2124 -0.7 7
    endloop
  endfacet
  facet normal 0.918599 0.182583 0.350484
    outer loop
      vertex 25.3523 0.362347 7
      vertex 25.0625 0.2847 7.8
      vertex 25.388 0.182736 7
    endloop
  endfacet
  facet normal -0.414381 -0.839922 0.350455
    outer loop
      vertex 23.579 -1.01627 7.8
      vertex 23.45 -0.952627 7.8
      vertex 23.4642 -1.29343 7
    endloop
  endfacet
  facet normal 0.18274 0.918582 0.350449
    outer loop
      vertex 24.1827 1.38802 7
      vertex 24.1436 1.09059 7.8
      vertex 24.2847 1.06252 7.8
    endloop
  endfacet
  facet normal -0.18274 -0.918582 0.350449
    outer loop
      vertex 23.8564 -1.09059 7.8
      vertex 23.7153 -1.06252 7.8
      vertex 23.8173 -1.38802 7
    endloop
  endfacet
  facet normal 0.88681 0.301213 0.350482
    outer loop
      vertex 25.2934 0.535756 7
      vertex 25.0625 0.2847 7.8
      vertex 25.3523 0.362347 7
    endloop
  endfacet
  facet normal 0.704069 0.617638 0.350442
    outer loop
      vertex 24.9899 0.989949 7
      vertex 24.7778 0.777817 7.8
      vertex 24.8727 0.669637 7.8
    endloop
  endfacet
  facet normal -0.886998 -0.300763 0.350395
    outer loop
      vertex 22.9375 -0.2847 7.8
      vertex 22.7066 -0.535756 7
      vertex 22.9837 -0.420951 7.8
    endloop
  endfacet
  facet normal 0.778854 0.520156 0.350463
    outer loop
      vertex 25.2124 0.7 7
      vertex 24.8727 0.669637 7.8
      vertex 24.9526 0.549999 7.8
    endloop
  endfacet
  facet normal 0.934564 -0.0613714 0.350462
    outer loop
      vertex 25.4 0 7
      vertex 25.1 0 7.8
      vertex 25.388 -0.182736 7
    endloop
  endfacet
  facet normal -0.182695 0.918587 0.350457
    outer loop
      vertex 23.8173 1.38802 7
      vertex 23.6377 1.3523 7
      vertex 23.7153 1.06252 7.8
    endloop
  endfacet
  facet normal -0.778832 0.520193 0.350455
    outer loop
      vertex 22.8893 0.852265 7
      vertex 22.7876 0.7 7
      vertex 23.1273 0.669637 7.8
    endloop
  endfacet
  facet normal -0.414342 0.839938 0.350462
    outer loop
      vertex 23.4642 1.29343 7
      vertex 23.3 1.21243 7
      vertex 23.45 0.952627 7.8
    endloop
  endfacet
  facet normal 0.70402 -0.617687 0.350455
    outer loop
      vertex 25.1107 -0.852265 7
      vertex 24.8727 -0.669637 7.8
      vertex 24.9899 -0.989949 7
    endloop
  endfacet
  facet normal 0.0612816 0.934569 0.350464
    outer loop
      vertex 24 1.4 7
      vertex 24 1.1 7.8
      vertex 24.1827 1.38802 7
    endloop
  endfacet
  facet normal 0.778832 -0.520193 0.350455
    outer loop
      vertex 25.2124 -0.7 7
      vertex 24.8727 -0.669637 7.8
      vertex 25.1107 -0.852265 7
    endloop
  endfacet
  facet normal 0.300938 0.886915 0.350454
    outer loop
      vertex 24.3623 1.3523 7
      vertex 24.2847 1.06252 7.8
      vertex 24.5358 1.29343 7
    endloop
  endfacet
  facet normal 0.88681 -0.301213 0.350482
    outer loop
      vertex 25.3523 -0.362347 7
      vertex 25.0625 -0.2847 7.8
      vertex 25.2934 -0.535756 7
    endloop
  endfacet
  facet normal 0.0612816 -0.934569 0.350464
    outer loop
      vertex 24 -1.1 7.8
      vertex 24 -1.4 7
      vertex 24.1827 -1.38802 7
    endloop
  endfacet
  facet normal 0.839984 0.414254 0.350458
    outer loop
      vertex 25.2124 0.7 7
      vertex 24.9526 0.549999 7.8
      vertex 25.2934 0.535756 7
    endloop
  endfacet
  facet normal -0.778854 0.520156 0.350463
    outer loop
      vertex 23.1273 0.669637 7.8
      vertex 22.7876 0.7 7
      vertex 23.0474 0.549999 7.8
    endloop
  endfacet
  facet normal -0.061242 0.934575 0.350456
    outer loop
      vertex 24 1.1 7.8
      vertex 23.8173 1.38802 7
      vertex 23.8564 1.09059 7.8
    endloop
  endfacet
  facet normal -0.300938 0.886915 0.350454
    outer loop
      vertex 23.6377 1.3523 7
      vertex 23.4642 1.29343 7
      vertex 23.7153 1.06252 7.8
    endloop
  endfacet
  facet normal 0.414342 0.839938 0.350462
    outer loop
      vertex 24.7 1.21243 7
      vertex 24.5358 1.29343 7
      vertex 24.55 0.952627 7.8
    endloop
  endfacet
  facet normal 0.414342 -0.839938 0.350462
    outer loop
      vertex 24.55 -0.952627 7.8
      vertex 24.5358 -1.29343 7
      vertex 24.7 -1.21243 7
    endloop
  endfacet
  facet normal 0.617468 0.704219 0.35044
    outer loop
      vertex 24.9899 0.989949 7
      vertex 24.6696 0.872688 7.8
      vertex 24.7778 0.777817 7.8
    endloop
  endfacet
  facet normal 0.886998 -0.300763 0.350395
    outer loop
      vertex 25.0625 -0.2847 7.8
      vertex 25.0163 -0.420951 7.8
      vertex 25.2934 -0.535756 7
    endloop
  endfacet
  facet normal 0.520243 0.778779 0.350499
    outer loop
      vertex 24.7 1.21243 7
      vertex 24.6696 0.872688 7.8
      vertex 24.8523 1.11069 7
    endloop
  endfacet
  facet normal -0.414381 0.839922 0.350455
    outer loop
      vertex 23.4642 1.29343 7
      vertex 23.45 0.952627 7.8
      vertex 23.579 1.01627 7.8
    endloop
  endfacet
  facet normal -0.300938 -0.886915 0.350454
    outer loop
      vertex 23.7153 -1.06252 7.8
      vertex 23.4642 -1.29343 7
      vertex 23.6377 -1.3523 7
    endloop
  endfacet
  facet normal 0.300951 0.88691 0.350456
    outer loop
      vertex 24.5358 1.29343 7
      vertex 24.2847 1.06252 7.8
      vertex 24.421 1.01627 7.8
    endloop
  endfacet
  facet normal -0.918558 -0.182903 0.350426
    outer loop
      vertex 22.9094 -0.143579 7.8
      vertex 22.612 -0.182736 7
      vertex 22.9375 -0.2847 7.8
    endloop
  endfacet
  facet normal -0.617468 0.704219 0.35044
    outer loop
      vertex 23.3304 0.872688 7.8
      vertex 23.0101 0.989949 7
      vertex 23.2222 0.777817 7.8
    endloop
  endfacet
  facet normal 0.918558 0.182903 0.350426
    outer loop
      vertex 25.388 0.182736 7
      vertex 25.0625 0.2847 7.8
      vertex 25.0906 0.143579 7.8
    endloop
  endfacet
  facet normal -0.520243 -0.778779 0.350499
    outer loop
      vertex 23.3304 -0.872688 7.8
      vertex 23.1477 -1.11069 7
      vertex 23.3 -1.21243 7
    endloop
  endfacet
  facet normal 0.778832 0.520193 0.350455
    outer loop
      vertex 25.1107 0.852265 7
      vertex 24.8727 0.669637 7.8
      vertex 25.2124 0.7 7
    endloop
  endfacet
  facet normal -0.918599 0.182583 0.350484
    outer loop
      vertex 22.6477 0.362347 7
      vertex 22.612 0.182736 7
      vertex 22.9375 0.2847 7.8
    endloop
  endfacet
  facet normal 0.70402 0.617687 0.350455
    outer loop
      vertex 24.9899 0.989949 7
      vertex 24.8727 0.669637 7.8
      vertex 25.1107 0.852265 7
    endloop
  endfacet
  facet normal 0.300951 -0.88691 0.350456
    outer loop
      vertex 24.421 -1.01627 7.8
      vertex 24.2847 -1.06252 7.8
      vertex 24.5358 -1.29343 7
    endloop
  endfacet
  facet normal -0.934564 -0.0613714 0.350462
    outer loop
      vertex 22.9 0 7.8
      vertex 22.6 0 7
      vertex 22.612 -0.182736 7
    endloop
  endfacet
  facet normal 0.061242 -0.934575 0.350456
    outer loop
      vertex 24.1436 -1.09059 7.8
      vertex 24 -1.1 7.8
      vertex 24.1827 -1.38802 7
    endloop
  endfacet
  facet normal -0.520447 -0.778662 0.350457
    outer loop
      vertex 23.3304 -0.872688 7.8
      vertex 23.3 -1.21243 7
      vertex 23.45 -0.952627 7.8
    endloop
  endfacet
  facet normal -0.617717 0.703969 0.350504
    outer loop
      vertex 23.1477 1.11069 7
      vertex 23.0101 0.989949 7
      vertex 23.3304 0.872688 7.8
    endloop
  endfacet
  facet normal 0.839856 -0.414565 0.350398
    outer loop
      vertex 25.0163 -0.420951 7.8
      vertex 24.9526 -0.549999 7.8
      vertex 25.2934 -0.535756 7
    endloop
  endfacet
  facet normal 0.704069 -0.617638 0.350442
    outer loop
      vertex 24.8727 -0.669637 7.8
      vertex 24.7778 -0.777817 7.8
      vertex 24.9899 -0.989949 7
    endloop
  endfacet
  facet normal -0.934564 0.0613714 0.350462
    outer loop
      vertex 22.612 0.182736 7
      vertex 22.6 0 7
      vertex 22.9 0 7.8
    endloop
  endfacet
  facet normal -0.886998 0.300763 0.350395
    outer loop
      vertex 22.9837 0.420951 7.8
      vertex 22.7066 0.535756 7
      vertex 22.9375 0.2847 7.8
    endloop
  endfacet
  facet normal -0.934589 -0.0611868 0.350428
    outer loop
      vertex 22.9 0 7.8
      vertex 22.612 -0.182736 7
      vertex 22.9094 -0.143579 7.8
    endloop
  endfacet
  facet normal -0.300951 0.88691 0.350456
    outer loop
      vertex 23.7153 1.06252 7.8
      vertex 23.4642 1.29343 7
      vertex 23.579 1.01627 7.8
    endloop
  endfacet
  facet normal 0.934589 0.0611868 0.350428
    outer loop
      vertex 25.388 0.182736 7
      vertex 25.0906 0.143579 7.8
      vertex 25.1 0 7.8
    endloop
  endfacet
  facet normal -0.918558 0.182903 0.350426
    outer loop
      vertex 22.9375 0.2847 7.8
      vertex 22.612 0.182736 7
      vertex 22.9094 0.143579 7.8
    endloop
  endfacet
  facet normal 0.182695 -0.918587 0.350457
    outer loop
      vertex 24.2847 -1.06252 7.8
      vertex 24.1827 -1.38802 7
      vertex 24.3623 -1.3523 7
    endloop
  endfacet
  facet normal -0.704069 0.617638 0.350442
    outer loop
      vertex 23.2222 0.777817 7.8
      vertex 23.0101 0.989949 7
      vertex 23.1273 0.669637 7.8
    endloop
  endfacet
  facet normal -0.70402 0.617687 0.350455
    outer loop
      vertex 23.0101 0.989949 7
      vertex 22.8893 0.852265 7
      vertex 23.1273 0.669637 7.8
    endloop
  endfacet
  facet normal 0.182695 0.918587 0.350457
    outer loop
      vertex 24.3623 1.3523 7
      vertex 24.1827 1.38802 7
      vertex 24.2847 1.06252 7.8
    endloop
  endfacet
  facet normal -0.061242 -0.934575 0.350456
    outer loop
      vertex 23.8564 -1.09059 7.8
      vertex 23.8173 -1.38802 7
      vertex 24 -1.1 7.8
    endloop
  endfacet
  facet normal 0.617717 0.703969 0.350504
    outer loop
      vertex 24.8523 1.11069 7
      vertex 24.6696 0.872688 7.8
      vertex 24.9899 0.989949 7
    endloop
  endfacet
  facet normal 0.414381 0.839922 0.350455
    outer loop
      vertex 24.5358 1.29343 7
      vertex 24.421 1.01627 7.8
      vertex 24.55 0.952627 7.8
    endloop
  endfacet
  facet normal 0.300938 -0.886915 0.350454
    outer loop
      vertex 24.5358 -1.29343 7
      vertex 24.2847 -1.06252 7.8
      vertex 24.3623 -1.3523 7
    endloop
  endfacet
  facet normal -0.0612816 0.934569 0.350464
    outer loop
      vertex 24 1.4 7
      vertex 23.8173 1.38802 7
      vertex 24 1.1 7.8
    endloop
  endfacet
  facet normal -0.18274 0.918582 0.350449
    outer loop
      vertex 23.8173 1.38802 7
      vertex 23.7153 1.06252 7.8
      vertex 23.8564 1.09059 7.8
    endloop
  endfacet
  facet normal 0.778854 -0.520156 0.350463
    outer loop
      vertex 24.9526 -0.549999 7.8
      vertex 24.8727 -0.669637 7.8
      vertex 25.2124 -0.7 7
    endloop
  endfacet
  facet normal 0.617468 -0.704219 0.35044
    outer loop
      vertex 24.7778 -0.777817 7.8
      vertex 24.6696 -0.872688 7.8
      vertex 24.9899 -0.989949 7
    endloop
  endfacet
  facet normal 0.918599 -0.182583 0.350484
    outer loop
      vertex 25.388 -0.182736 7
      vertex 25.0625 -0.2847 7.8
      vertex 25.3523 -0.362347 7
    endloop
  endfacet
  facet normal -0.414342 -0.839938 0.350462
    outer loop
      vertex 23.45 -0.952627 7.8
      vertex 23.3 -1.21243 7
      vertex 23.4642 -1.29343 7
    endloop
  endfacet
  facet normal 0.886998 0.300763 0.350395
    outer loop
      vertex 25.2934 0.535756 7
      vertex 25.0163 0.420951 7.8
      vertex 25.0625 0.2847 7.8
    endloop
  endfacet
  facet normal 0.839856 0.414565 0.350398
    outer loop
      vertex 25.2934 0.535756 7
      vertex 24.9526 0.549999 7.8
      vertex 25.0163 0.420951 7.8
    endloop
  endfacet
  facet normal -0.182695 -0.918587 0.350457
    outer loop
      vertex 23.7153 -1.06252 7.8
      vertex 23.6377 -1.3523 7
      vertex 23.8173 -1.38802 7
    endloop
  endfacet
  facet normal 0.520447 0.778662 0.350457
    outer loop
      vertex 24.7 1.21243 7
      vertex 24.55 0.952627 7.8
      vertex 24.6696 0.872688 7.8
    endloop
  endfacet
  facet normal 0.520243 -0.778779 0.350499
    outer loop
      vertex 24.8523 -1.11069 7
      vertex 24.6696 -0.872688 7.8
      vertex 24.7 -1.21243 7
    endloop
  endfacet
  facet normal -0.300951 -0.88691 0.350456
    outer loop
      vertex 23.579 -1.01627 7.8
      vertex 23.4642 -1.29343 7
      vertex 23.7153 -1.06252 7.8
    endloop
  endfacet
  facet normal -0.88681 -0.301213 0.350482
    outer loop
      vertex 22.9375 -0.2847 7.8
      vertex 22.6477 -0.362347 7
      vertex 22.7066 -0.535756 7
    endloop
  endfacet
  facet normal 0.18274 -0.918582 0.350449
    outer loop
      vertex 24.2847 -1.06252 7.8
      vertex 24.1436 -1.09059 7.8
      vertex 24.1827 -1.38802 7
    endloop
  endfacet
  facet normal 0.061242 0.934575 0.350456
    outer loop
      vertex 24.1827 1.38802 7
      vertex 24 1.1 7.8
      vertex 24.1436 1.09059 7.8
    endloop
  endfacet
  facet normal -0.520447 0.778662 0.350457
    outer loop
      vertex 23.45 0.952627 7.8
      vertex 23.3 1.21243 7
      vertex 23.3304 0.872688 7.8
    endloop
  endfacet
  facet normal -0.918599 -0.182583 0.350484
    outer loop
      vertex 22.9375 -0.2847 7.8
      vertex 22.612 -0.182736 7
      vertex 22.6477 -0.362347 7
    endloop
  endfacet
  facet normal 0.617717 -0.703969 0.350504
    outer loop
      vertex 24.9899 -0.989949 7
      vertex 24.6696 -0.872688 7.8
      vertex 24.8523 -1.11069 7
    endloop
  endfacet
  facet normal -0.839984 0.414254 0.350458
    outer loop
      vertex 22.7876 0.7 7
      vertex 22.7066 0.535756 7
      vertex 23.0474 0.549999 7.8
    endloop
  endfacet
  facet normal -0.839856 0.414565 0.350398
    outer loop
      vertex 23.0474 0.549999 7.8
      vertex 22.7066 0.535756 7
      vertex 22.9837 0.420951 7.8
    endloop
  endfacet
  facet normal -0.0612816 -0.934569 0.350464
    outer loop
      vertex 24 -1.1 7.8
      vertex 23.8173 -1.38802 7
      vertex 24 -1.4 7
    endloop
  endfacet
  facet normal 0.414381 -0.839922 0.350455
    outer loop
      vertex 24.55 -0.952627 7.8
      vertex 24.421 -1.01627 7.8
      vertex 24.5358 -1.29343 7
    endloop
  endfacet
  facet normal 0.520447 -0.778662 0.350457
    outer loop
      vertex 24.6696 -0.872688 7.8
      vertex 24.55 -0.952627 7.8
      vertex 24.7 -1.21243 7
    endloop
  endfacet
  facet normal -0.778832 -0.520193 0.350455
    outer loop
      vertex 23.1273 -0.669637 7.8
      vertex 22.7876 -0.7 7
      vertex 22.8893 -0.852265 7
    endloop
  endfacet
  facet normal -0.704069 -0.617638 0.350442
    outer loop
      vertex 23.1273 -0.669637 7.8
      vertex 23.0101 -0.989949 7
      vertex 23.2222 -0.777817 7.8
    endloop
  endfacet
  facet normal 0 0 1
    outer loop
      vertex 25.0906 0.143579 7.8
      vertex 25.0906 -0.143579 7.8
      vertex 25.1 0 7.8
    endloop
  endfacet
  facet normal 0 0 1
    outer loop
      vertex 25.0625 0.2847 7.8
      vertex 25.0906 -0.143579 7.8
      vertex 25.0906 0.143579 7.8
    endloop
  endfacet
  facet normal 0 0 1
    outer loop
      vertex 25.0625 0.2847 7.8
      vertex 25.0625 -0.2847 7.8
      vertex 25.0906 -0.143579 7.8
    endloop
  endfacet
  facet normal 0 0 1
    outer loop
      vertex 25.0163 0.420951 7.8
      vertex 25.0625 -0.2847 7.8
      vertex 25.0625 0.2847 7.8
    endloop
  endfacet
  facet normal 0 0 1
    outer loop
      vertex 25.0163 0.420951 7.8
      vertex 25.0163 -0.420951 7.8
      vertex 25.0625 -0.2847 7.8
    endloop
  endfacet
  facet normal 0 0 1
    outer loop
      vertex 24.9526 0.549999 7.8
      vertex 25.0163 -0.420951 7.8
      vertex 25.0163 0.420951 7.8
    endloop
  endfacet
  facet normal 0 0 1
    outer loop
      vertex 24.9526 0.549999 7.8
      vertex 24.9526 -0.549999 7.8
      vertex 25.0163 -0.420951 7.8
    endloop
  endfacet
  facet normal 0 0 1
    outer loop
      vertex 24.8727 0.669637 7.8
      vertex 24.9526 -0.549999 7.8
      vertex 24.9526 0.549999 7.8
    endloop
  endfacet
  facet normal 0 0 1
    outer loop
      vertex 24.8727 0.669637 7.8
      vertex 24.8727 -0.669637 7.8
      vertex 24.9526 -0.549999 7.8
    endloop
  endfacet
  facet normal 0 0 1
    outer loop
      vertex 24.7778 0.777817 7.8
      vertex 24.8727 -0.669637 7.8
      vertex 24.8727 0.669637 7.8
    endloop
  endfacet
  facet normal 0 0 1
    outer loop
      vertex 24.7778 0.777817 7.8
      vertex 24.7778 -0.777817 7.8
      vertex 24.8727 -0.669637 7.8
    endloop
  endfacet
  facet normal 0 0 1
    outer loop
      vertex 24.6696 0.872688 7.8
      vertex 24.7778 -0.777817 7.8
      vertex 24.7778 0.777817 7.8
    endloop
  endfacet
  facet normal 0 0 1
    outer loop
      vertex 24.6696 0.872688 7.8
      vertex 24.6696 -0.872688 7.8
      vertex 24.7778 -0.777817 7.8
    endloop
  endfacet
  facet normal 0 0 1
    outer loop
      vertex 24.55 0.952627 7.8
      vertex 24.6696 -0.872688 7.8
      vertex 24.6696 0.872688 7.8
    endloop
  endfacet
  facet normal 0 0 1
    outer loop
      vertex 24.55 0.952627 7.8
      vertex 24.55 -0.952627 7.8
      vertex 24.6696 -0.872688 7.8
    endloop
  endfacet
  facet normal 0 0 1
    outer loop
      vertex 24.421 1.01627 7.8
      vertex 24.55 -0.952627 7.8
      vertex 24.55 0.952627 7.8
    endloop
  endfacet
  facet normal 0 0 1
    outer loop
      vertex 24.421 1.01627 7.8
      vertex 24.421 -1.01627 7.8
      vertex 24.55 -0.952627 7.8
    endloop
  endfacet
  facet normal 0 0 1
    outer loop
      vertex 24.2847 1.06252 7.8
      vertex 24.421 -1.01627 7.8
      vertex 24.421 1.01627 7.8
    endloop
  endfacet
  facet normal 0 0 1
    outer loop
      vertex 24.2847 1.06252 7.8
      vertex 24.2847 -1.06252 7.8
      vertex 24.421 -1.01627 7.8
    endloop
  endfacet
  facet normal 0 0 1
    outer loop
      vertex 24.1436 1.09059 7.8
      vertex 24.2847 -1.06252 7.8
      vertex 24.2847 1.06252 7.8
    endloop
  endfacet
  facet normal 0 0 1
    outer loop
      vertex 24.1436 1.09059 7.8
      vertex 24.1436 -1.09059 7.8
      vertex 24.2847 -1.06252 7.8
    endloop
  endfacet
  facet normal 0 0 1
    outer loop
      vertex 24 1.1 7.8
      vertex 24.1436 -1.09059 7.8
      vertex 24.1436 1.09059 7.8
    endloop
  endfacet
  facet normal 0 0 1
    outer loop
      vertex 24 1.1 7.8
      vertex 24 -1.1 7.8
      vertex 24.1436 -1.09059 7.8
    endloop
  endfacet
  facet normal -0 0 1
    outer loop
      vertex 23.8564 1.09059 7.8
      vertex 24 -1.1 7.8
      vertex 24 1.1 7.8
    endloop
  endfacet
  facet normal 0 0 1
    outer loop
      vertex 23.8564 1.09059 7.8
      vertex 23.8564 -1.09059 7.8
      vertex 24 -1.1 7.8
    endloop
  endfacet
  facet normal -0 0 1
    outer loop
      vertex 23.7153 1.06252 7.8
      vertex 23.8564 -1.09059 7.8
      vertex 23.8564 1.09059 7.8
    endloop
  endfacet
  facet normal 0 0 1
    outer loop
      vertex 23.7153 1.06252 7.8
      vertex 23.7153 -1.06252 7.8
      vertex 23.8564 -1.09059 7.8
    endloop
  endfacet
  facet normal -0 0 1
    outer loop
      vertex 23.579 1.01627 7.8
      vertex 23.7153 -1.06252 7.8
      vertex 23.7153 1.06252 7.8
    endloop
  endfacet
  facet normal 0 0 1
    outer loop
      vertex 23.579 1.01627 7.8
      vertex 23.579 -1.01627 7.8
      vertex 23.7153 -1.06252 7.8
    endloop
  endfacet
  facet normal -0 0 1
    outer loop
      vertex 23.45 0.952627 7.8
      vertex 23.579 -1.01627 7.8
      vertex 23.579 1.01627 7.8
    endloop
  endfacet
  facet normal 0 0 1
    outer loop
      vertex 23.45 0.952627 7.8
      vertex 23.45 -0.952627 7.8
      vertex 23.579 -1.01627 7.8
    endloop
  endfacet
  facet normal -0 0 1
    outer loop
      vertex 23.3304 0.872688 7.8
      vertex 23.45 -0.952627 7.8
      vertex 23.45 0.952627 7.8
    endloop
  endfacet
  facet normal 0 0 1
    outer loop
      vertex 23.3304 0.872688 7.8
      vertex 23.3304 -0.872688 7.8
      vertex 23.45 -0.952627 7.8
    endloop
  endfacet
  facet normal -0 0 1
    outer loop
      vertex 23.2222 0.777817 7.8
      vertex 23.3304 -0.872688 7.8
      vertex 23.3304 0.872688 7.8
    endloop
  endfacet
  facet normal 0 0 1
    outer loop
      vertex 23.2222 0.777817 7.8
      vertex 23.2222 -0.777817 7.8
      vertex 23.3304 -0.872688 7.8
    endloop
  endfacet
  facet normal -0 0 1
    outer loop
      vertex 23.1273 0.669637 7.8
      vertex 23.2222 -0.777817 7.8
      vertex 23.2222 0.777817 7.8
    endloop
  endfacet
  facet normal 0 0 1
    outer loop
      vertex 23.1273 0.669637 7.8
      vertex 23.1273 -0.669637 7.8
      vertex 23.2222 -0.777817 7.8
    endloop
  endfacet
  facet normal -0 0 1
    outer loop
      vertex 23.0474 0.549999 7.8
      vertex 23.1273 -0.669637 7.8
      vertex 23.1273 0.669637 7.8
    endloop
  endfacet
  facet normal 0 0 1
    outer loop
      vertex 23.0474 0.549999 7.8
      vertex 23.0474 -0.549999 7.8
      vertex 23.1273 -0.669637 7.8
    endloop
  endfacet
  facet normal -0 0 1
    outer loop
      vertex 22.9837 0.420951 7.8
      vertex 23.0474 -0.549999 7.8
      vertex 23.0474 0.549999 7.8
    endloop
  endfacet
  facet normal 0 0 1
    outer loop
      vertex 22.9837 0.420951 7.8
      vertex 22.9837 -0.420951 7.8
      vertex 23.0474 -0.549999 7.8
    endloop
  endfacet
  facet normal -0 0 1
    outer loop
      vertex 22.9375 0.2847 7.8
      vertex 22.9837 -0.420951 7.8
      vertex 22.9837 0.420951 7.8
    endloop
  endfacet
  facet normal 0 0 1
    outer loop
      vertex 22.9375 0.2847 7.8
      vertex 22.9375 -0.2847 7.8
      vertex 22.9837 -0.420951 7.8
    endloop
  endfacet
  facet normal -0 0 1
    outer loop
      vertex 22.9094 0.143579 7.8
      vertex 22.9375 -0.2847 7.8
      vertex 22.9375 0.2847 7.8
    endloop
  endfacet
  facet normal 0 0 1
    outer loop
      vertex 22.9094 0.143579 7.8
      vertex 22.9094 -0.143579 7.8
      vertex 22.9375 -0.2847 7.8
    endloop
  endfacet
  facet normal 0 -0 1
    outer loop
      vertex 22.9094 -0.143579 7.8
      vertex 22.9094 0.143579 7.8
      vertex 22.9 0 7.8
    endloop
  endfacet
  facet normal 0.918558 -0.182903 0.350426
    outer loop
      vertex 25.0906 -0.143579 7.8
      vertex 25.0625 -0.2847 7.8
      vertex 25.388 -0.182736 7
    endloop
  endfacet
  facet normal 0.934589 -0.0611868 0.350428
    outer loop
      vertex 25.1 0 7.8
      vertex 25.0906 -0.143579 7.8
      vertex 25.388 -0.182736 7
    endloop
  endfacet
  facet normal -0.70402 -0.617687 0.350455
    outer loop
      vertex 23.1273 -0.669637 7.8
      vertex 22.8893 -0.852265 7
      vertex 23.0101 -0.989949 7
    endloop
  endfacet
  facet normal -0.617468 -0.704219 0.35044
    outer loop
      vertex 23.2222 -0.777817 7.8
      vertex 23.0101 -0.989949 7
      vertex 23.3304 -0.872688 7.8
    endloop
  endfacet
  facet normal -0.520243 0.778779 0.350499
    outer loop
      vertex 23.3 1.21243 7
      vertex 23.1477 1.11069 7
      vertex 23.3304 0.872688 7.8
    endloop
  endfacet
  facet normal -0.617717 -0.703969 0.350504
    outer loop
      vertex 23.3304 -0.872688 7.8
      vertex 23.0101 -0.989949 7
      vertex 23.1477 -1.11069 7
    endloop
  endfacet
  facet normal -0.934589 0.0611868 0.350428
    outer loop
      vertex 22.9094 0.143579 7.8
      vertex 22.612 0.182736 7
      vertex 22.9 0 7.8
    endloop
  endfacet
  facet normal -0.839856 -0.414565 0.350398
    outer loop
      vertex 22.9837 -0.420951 7.8
      vertex 22.7066 -0.535756 7
      vertex 23.0474 -0.549999 7.8
    endloop
  endfacet
  facet normal -0.839984 -0.414254 0.350458
    outer loop
      vertex 23.0474 -0.549999 7.8
      vertex 22.7066 -0.535756 7
      vertex 22.7876 -0.7 7
    endloop
  endfacet
  facet normal -0.778854 -0.520156 0.350463
    outer loop
      vertex 23.0474 -0.549999 7.8
      vertex 22.7876 -0.7 7
      vertex 23.1273 -0.669637 7.8
    endloop
  endfacet
  facet normal 0.321574 -0.946885 0
    outer loop
      vertex 30.2765 -10.8978 0
      vertex 30.6481 -10.7716 2
      vertex 30.2765 -10.8978 2
    endloop
  endfacet
  facet normal 0.321574 -0.946885 0
    outer loop
      vertex 30.6481 -10.7716 2
      vertex 30.2765 -10.8978 0
      vertex 30.6481 -10.7716 0
    endloop
  endfacet
  facet normal 0 -1 0
    outer loop
      vertex -29.5 -11 0
      vertex 29.5 -11 2
      vertex -29.5 -11 2
    endloop
  endfacet
  facet normal 0 -1 -0
    outer loop
      vertex 29.5 -11 2
      vertex -29.5 -11 0
      vertex 29.5 -11 0
    endloop
  endfacet
  facet normal 0.19494 -0.980815 0
    outer loop
      vertex 29.8916 -10.9743 0
      vertex 30.2765 -10.8978 2
      vertex 29.8916 -10.9743 2
    endloop
  endfacet
  facet normal 0.19494 -0.980815 0
    outer loop
      vertex 30.2765 -10.8978 2
      vertex 29.8916 -10.9743 0
      vertex 30.2765 -10.8978 0
    endloop
  endfacet
  facet normal -0.0654873 0.997853 0
    outer loop
      vertex -29.5 11 0
      vertex -29.8916 10.9743 2
      vertex -29.5 11 2
    endloop
  endfacet
  facet normal -0.0654873 0.997853 0
    outer loop
      vertex -29.8916 10.9743 2
      vertex -29.5 11 0
      vertex -29.8916 10.9743 0
    endloop
  endfacet
  facet normal -0.555523 0.831501 0
    outer loop
      vertex -31 10.5981 0
      vertex -31.3263 10.3801 2
      vertex -31 10.5981 2
    endloop
  endfacet
  facet normal -0.555523 0.831501 0
    outer loop
      vertex -31.3263 10.3801 2
      vertex -31 10.5981 0
      vertex -31.3263 10.3801 0
    endloop
  endfacet
  facet normal 0.0654873 -0.997853 0
    outer loop
      vertex 29.5 -11 0
      vertex 29.8916 -10.9743 2
      vertex 29.5 -11 2
    endloop
  endfacet
  facet normal 0.0654873 -0.997853 0
    outer loop
      vertex 29.8916 -10.9743 2
      vertex 29.5 -11 0
      vertex 29.8916 -10.9743 0
    endloop
  endfacet
  facet normal -0.555523 -0.831501 0
    outer loop
      vertex -31.3263 -10.3801 0
      vertex -31 -10.5981 2
      vertex -31.3263 -10.3801 2
    endloop
  endfacet
  facet normal -0.555523 -0.831501 -0
    outer loop
      vertex -31 -10.5981 2
      vertex -31.3263 -10.3801 0
      vertex -31 -10.5981 0
    endloop
  endfacet
  facet normal -0.751746 -0.659453 0
    outer loop
      vertex -31.6213 -10.1213 0
      vertex -31.8801 -9.82628 2
      vertex -31.8801 -9.82628 0
    endloop
  endfacet
  facet normal -0.751746 -0.659453 0
    outer loop
      vertex -31.8801 -9.82628 2
      vertex -31.6213 -10.1213 0
      vertex -31.6213 -10.1213 2
    endloop
  endfacet
  facet normal -0.442211 -0.896911 0
    outer loop
      vertex -31 -10.5981 0
      vertex -30.6481 -10.7716 2
      vertex -31 -10.5981 2
    endloop
  endfacet
  facet normal -0.442211 -0.896911 -0
    outer loop
      vertex -30.6481 -10.7716 2
      vertex -31 -10.5981 0
      vertex -30.6481 -10.7716 0
    endloop
  endfacet
  facet normal -0.896931 0.442171 0
    outer loop
      vertex -32.2716 9.14806 0
      vertex -32.0981 9.5 2
      vertex -32.0981 9.5 0
    endloop
  endfacet
  facet normal -0.896931 0.442171 0
    outer loop
      vertex -32.0981 9.5 2
      vertex -32.2716 9.14806 0
      vertex -32.2716 9.14806 2
    endloop
  endfacet
  facet normal -1 0 0
    outer loop
      vertex -32.5 -8 0
      vertex -32.5 8 2
      vertex -32.5 8 0
    endloop
  endfacet
  facet normal -1 -0 0
    outer loop
      vertex -32.5 8 2
      vertex -32.5 -8 0
      vertex -32.5 -8 2
    endloop
  endfacet
  facet normal 0.980814 -0.194945 0
    outer loop
      vertex 32.3978 -8.77646 2
      vertex 32.4743 -8.39157 0
      vertex 32.4743 -8.39157 2
    endloop
  endfacet
  facet normal 0.980814 -0.194945 0
    outer loop
      vertex 32.4743 -8.39157 0
      vertex 32.3978 -8.77646 2
      vertex 32.3978 -8.77646 0
    endloop
  endfacet
  facet normal -0.831485 -0.555547 0
    outer loop
      vertex -31.8801 -9.82628 0
      vertex -32.0981 -9.5 2
      vertex -32.0981 -9.5 0
    endloop
  endfacet
  facet normal -0.831485 -0.555547 0
    outer loop
      vertex -32.0981 -9.5 2
      vertex -31.8801 -9.82628 0
      vertex -31.8801 -9.82628 2
    endloop
  endfacet
  facet normal 0.659478 0.751724 -0
    outer loop
      vertex 31.6213 10.1213 0
      vertex 31.3263 10.3801 2
      vertex 31.6213 10.1213 2
    endloop
  endfacet
  facet normal 0.659478 0.751724 0
    outer loop
      vertex 31.3263 10.3801 2
      vertex 31.6213 10.1213 0
      vertex 31.3263 10.3801 0
    endloop
  endfacet
  facet normal -0.321574 -0.946885 0
    outer loop
      vertex -30.6481 -10.7716 0
      vertex -30.2765 -10.8978 2
      vertex -30.6481 -10.7716 2
    endloop
  endfacet
  facet normal -0.321574 -0.946885 -0
    outer loop
      vertex -30.2765 -10.8978 2
      vertex -30.6481 -10.7716 0
      vertex -30.2765 -10.8978 0
    endloop
  endfacet
  facet normal 0 1 -0
    outer loop
      vertex 29.5 11 0
      vertex -29.5 11 2
      vertex 29.5 11 2
    endloop
  endfacet
  facet normal 0 1 0
    outer loop
      vertex -29.5 11 2
      vertex 29.5 11 0
      vertex -29.5 11 0
    endloop
  endfacet
  facet normal -0.19494 0.980815 0
    outer loop
      vertex -29.8916 10.9743 0
      vertex -30.2765 10.8978 2
      vertex -29.8916 10.9743 2
    endloop
  endfacet
  facet normal -0.19494 0.980815 0
    outer loop
      vertex -30.2765 10.8978 2
      vertex -29.8916 10.9743 0
      vertex -30.2765 10.8978 0
    endloop
  endfacet
  facet normal -0.442211 0.896911 0
    outer loop
      vertex -30.6481 10.7716 0
      vertex -31 10.5981 2
      vertex -30.6481 10.7716 2
    endloop
  endfacet
  facet normal -0.442211 0.896911 0
    outer loop
      vertex -31 10.5981 2
      vertex -30.6481 10.7716 0
      vertex -31 10.5981 0
    endloop
  endfacet
  facet normal 0.997853 0.0654923 0
    outer loop
      vertex 32.5 8 2
      vertex 32.4743 8.39157 0
      vertex 32.4743 8.39157 2
    endloop
  endfacet
  facet normal 0.997853 0.0654923 0
    outer loop
      vertex 32.4743 8.39157 0
      vertex 32.5 8 2
      vertex 32.5 8 0
    endloop
  endfacet
  facet normal 1 -0 0
    outer loop
      vertex 32.5 -8 2
      vertex 32.5 8 0
      vertex 32.5 8 2
    endloop
  endfacet
  facet normal 1 0 0
    outer loop
      vertex 32.5 8 0
      vertex 32.5 -8 2
      vertex 32.5 -8 0
    endloop
  endfacet
  facet normal -0.321574 0.946885 0
    outer loop
      vertex -30.2765 10.8978 0
      vertex -30.6481 10.7716 2
      vertex -30.2765 10.8978 2
    endloop
  endfacet
  facet normal -0.321574 0.946885 0
    outer loop
      vertex -30.6481 10.7716 2
      vertex -30.2765 10.8978 0
      vertex -30.6481 10.7716 0
    endloop
  endfacet
  facet normal 0.751746 0.659453 0
    outer loop
      vertex 31.8801 9.82628 2
      vertex 31.6213 10.1213 0
      vertex 31.6213 10.1213 2
    endloop
  endfacet
  facet normal 0.751746 0.659453 0
    outer loop
      vertex 31.6213 10.1213 0
      vertex 31.8801 9.82628 2
      vertex 31.8801 9.82628 0
    endloop
  endfacet
  facet normal -0.997853 -0.0654923 0
    outer loop
      vertex -32.4743 -8.39157 0
      vertex -32.5 -8 2
      vertex -32.5 -8 0
    endloop
  endfacet
  facet normal -0.997853 -0.0654923 0
    outer loop
      vertex -32.5 -8 2
      vertex -32.4743 -8.39157 0
      vertex -32.4743 -8.39157 2
    endloop
  endfacet
  facet normal 0.19494 0.980815 -0
    outer loop
      vertex 30.2765 10.8978 0
      vertex 29.8916 10.9743 2
      vertex 30.2765 10.8978 2
    endloop
  endfacet
  facet normal 0.19494 0.980815 0
    outer loop
      vertex 29.8916 10.9743 2
      vertex 30.2765 10.8978 0
      vertex 29.8916 10.9743 0
    endloop
  endfacet
  facet normal -0.19494 -0.980815 0
    outer loop
      vertex -30.2765 -10.8978 0
      vertex -29.8916 -10.9743 2
      vertex -30.2765 -10.8978 2
    endloop
  endfacet
  facet normal -0.19494 -0.980815 -0
    outer loop
      vertex -29.8916 -10.9743 2
      vertex -30.2765 -10.8978 0
      vertex -29.8916 -10.9743 0
    endloop
  endfacet
  facet normal -0.0654873 -0.997853 0
    outer loop
      vertex -29.8916 -10.9743 0
      vertex -29.5 -11 2
      vertex -29.8916 -10.9743 2
    endloop
  endfacet
  facet normal -0.0654873 -0.997853 -0
    outer loop
      vertex -29.5 -11 2
      vertex -29.8916 -10.9743 0
      vertex -29.5 -11 0
    endloop
  endfacet
  facet normal 0.321574 0.946885 -0
    outer loop
      vertex 30.6481 10.7716 0
      vertex 30.2765 10.8978 2
      vertex 30.6481 10.7716 2
    endloop
  endfacet
  facet normal 0.321574 0.946885 0
    outer loop
      vertex 30.2765 10.8978 2
      vertex 30.6481 10.7716 0
      vertex 30.2765 10.8978 0
    endloop
  endfacet
  facet normal -0.751746 0.659453 0
    outer loop
      vertex -31.8801 9.82628 0
      vertex -31.6213 10.1213 2
      vertex -31.6213 10.1213 0
    endloop
  endfacet
  facet normal -0.751746 0.659453 0
    outer loop
      vertex -31.6213 10.1213 2
      vertex -31.8801 9.82628 0
      vertex -31.8801 9.82628 2
    endloop
  endfacet
  facet normal -0.831485 0.555547 0
    outer loop
      vertex -32.0981 9.5 0
      vertex -31.8801 9.82628 2
      vertex -31.8801 9.82628 0
    endloop
  endfacet
  facet normal -0.831485 0.555547 0
    outer loop
      vertex -31.8801 9.82628 2
      vertex -32.0981 9.5 0
      vertex -32.0981 9.5 2
    endloop
  endfacet
  facet normal -0.659478 -0.751724 0
    outer loop
      vertex -31.6213 -10.1213 0
      vertex -31.3263 -10.3801 2
      vertex -31.6213 -10.1213 2
    endloop
  endfacet
  facet normal -0.659478 -0.751724 -0
    outer loop
      vertex -31.3263 -10.3801 2
      vertex -31.6213 -10.1213 0
      vertex -31.3263 -10.3801 0
    endloop
  endfacet
  facet normal -0.946885 0.321574 0
    outer loop
      vertex -32.3978 8.77646 0
      vertex -32.2716 9.14806 2
      vertex -32.2716 9.14806 0
    endloop
  endfacet
  facet normal -0.946885 0.321574 0
    outer loop
      vertex -32.2716 9.14806 2
      vertex -32.3978 8.77646 0
      vertex -32.3978 8.77646 2
    endloop
  endfacet
  facet normal 0.0654873 0.997853 -0
    outer loop
      vertex 29.8916 10.9743 0
      vertex 29.5 11 2
      vertex 29.8916 10.9743 2
    endloop
  endfacet
  facet normal 0.0654873 0.997853 0
    outer loop
      vertex 29.5 11 2
      vertex 29.8916 10.9743 0
      vertex 29.5 11 0
    endloop
  endfacet
  facet normal -0.659478 0.751724 0
    outer loop
      vertex -31.3263 10.3801 0
      vertex -31.6213 10.1213 2
      vertex -31.3263 10.3801 2
    endloop
  endfacet
  facet normal -0.659478 0.751724 0
    outer loop
      vertex -31.6213 10.1213 2
      vertex -31.3263 10.3801 0
      vertex -31.6213 10.1213 0
    endloop
  endfacet
  facet normal 0.751746 -0.659453 0
    outer loop
      vertex 31.6213 -10.1213 2
      vertex 31.8801 -9.82628 0
      vertex 31.8801 -9.82628 2
    endloop
  endfacet
  facet normal 0.751746 -0.659453 0
    outer loop
      vertex 31.8801 -9.82628 0
      vertex 31.6213 -10.1213 2
      vertex 31.6213 -10.1213 0
    endloop
  endfacet
  facet normal 0.659478 -0.751724 0
    outer loop
      vertex 31.3263 -10.3801 0
      vertex 31.6213 -10.1213 2
      vertex 31.3263 -10.3801 2
    endloop
  endfacet
  facet normal 0.659478 -0.751724 0
    outer loop
      vertex 31.6213 -10.1213 2
      vertex 31.3263 -10.3801 0
      vertex 31.6213 -10.1213 0
    endloop
  endfacet
  facet normal -0.980814 0.194945 0
    outer loop
      vertex -32.4743 8.39157 0
      vertex -32.3978 8.77646 2
      vertex -32.3978 8.77646 0
    endloop
  endfacet
  facet normal -0.980814 0.194945 0
    outer loop
      vertex -32.3978 8.77646 2
      vertex -32.4743 8.39157 0
      vertex -32.4743 8.39157 2
    endloop
  endfacet
  facet normal -0.997853 0.0654923 0
    outer loop
      vertex -32.5 8 0
      vertex -32.4743 8.39157 2
      vertex -32.4743 8.39157 0
    endloop
  endfacet
  facet normal -0.997853 0.0654923 0
    outer loop
      vertex -32.4743 8.39157 2
      vertex -32.5 8 0
      vertex -32.5 8 2
    endloop
  endfacet
  facet normal -0.896931 -0.442171 0
    outer loop
      vertex -32.0981 -9.5 0
      vertex -32.2716 -9.14806 2
      vertex -32.2716 -9.14806 0
    endloop
  endfacet
  facet normal -0.896931 -0.442171 0
    outer loop
      vertex -32.2716 -9.14806 2
      vertex -32.0981 -9.5 0
      vertex -32.0981 -9.5 2
    endloop
  endfacet
  facet normal 0.896931 -0.442171 0
    outer loop
      vertex 32.0981 -9.5 2
      vertex 32.2716 -9.14806 0
      vertex 32.2716 -9.14806 2
    endloop
  endfacet
  facet normal 0.896931 -0.442171 0
    outer loop
      vertex 32.2716 -9.14806 0
      vertex 32.0981 -9.5 2
      vertex 32.0981 -9.5 0
    endloop
  endfacet
  facet normal 0.831485 0.555547 0
    outer loop
      vertex 32.0981 9.5 2
      vertex 31.8801 9.82628 0
      vertex 31.8801 9.82628 2
    endloop
  endfacet
  facet normal 0.831485 0.555547 0
    outer loop
      vertex 31.8801 9.82628 0
      vertex 32.0981 9.5 2
      vertex 32.0981 9.5 0
    endloop
  endfacet
  facet normal 0 0 -1
    outer loop
      vertex 29.5 -11 0
      vertex 32.5 -8 0
      vertex 32.4743 -8.39157 0
    endloop
  endfacet
  facet normal -0 0 -1
    outer loop
      vertex 32.5 -8 0
      vertex 29.5 -11 0
      vertex 32.5 8 0
    endloop
  endfacet
  facet normal 0 0 -1
    outer loop
      vertex 29.5 -11 0
      vertex 32.4743 -8.39157 0
      vertex 32.3978 -8.77646 0
    endloop
  endfacet
  facet normal 0 0 -1
    outer loop
      vertex 29.5 11 0
      vertex 32.5 8 0
      vertex 29.5 -11 0
    endloop
  endfacet
  facet normal 0 0 -1
    outer loop
      vertex 29.5 -11 0
      vertex 32.3978 -8.77646 0
      vertex 32.2716 -9.14806 0
    endloop
  endfacet
  facet normal 0 0 -1
    outer loop
      vertex 32.5 8 0
      vertex 29.5 11 0
      vertex 32.4743 8.39157 0
    endloop
  endfacet
  facet normal 0 0 -1
    outer loop
      vertex 29.5 -11 0
      vertex 32.2716 -9.14806 0
      vertex 32.0981 -9.5 0
    endloop
  endfacet
  facet normal 0 0 -1
    outer loop
      vertex 32.4743 8.39157 0
      vertex 29.5 11 0
      vertex 32.3978 8.77646 0
    endloop
  endfacet
  facet normal 0 0 -1
    outer loop
      vertex 29.5 -11 0
      vertex 32.0981 -9.5 0
      vertex 31.8801 -9.82628 0
    endloop
  endfacet
  facet normal 0 0 -1
    outer loop
      vertex 32.3978 8.77646 0
      vertex 29.5 11 0
      vertex 32.2716 9.14806 0
    endloop
  endfacet
  facet normal 0 0 -1
    outer loop
      vertex 29.5 -11 0
      vertex 31.8801 -9.82628 0
      vertex 31.6213 -10.1213 0
    endloop
  endfacet
  facet normal 0 0 -1
    outer loop
      vertex 32.2716 9.14806 0
      vertex 29.5 11 0
      vertex 32.0981 9.5 0
    endloop
  endfacet
  facet normal 0 0 -1
    outer loop
      vertex 29.5 -11 0
      vertex 31.6213 -10.1213 0
      vertex 31.3263 -10.3801 0
    endloop
  endfacet
  facet normal 0 0 -1
    outer loop
      vertex 32.0981 9.5 0
      vertex 29.5 11 0
      vertex 31.8801 9.82628 0
    endloop
  endfacet
  facet normal 0 0 -1
    outer loop
      vertex 29.5 -11 0
      vertex 31.3263 -10.3801 0
      vertex 31 -10.5981 0
    endloop
  endfacet
  facet normal 0 0 -1
    outer loop
      vertex 31.8801 9.82628 0
      vertex 29.5 11 0
      vertex 31.6213 10.1213 0
    endloop
  endfacet
  facet normal 0 0 -1
    outer loop
      vertex 29.5 -11 0
      vertex 31 -10.5981 0
      vertex 30.6481 -10.7716 0
    endloop
  endfacet
  facet normal 0 0 -1
    outer loop
      vertex 31.6213 10.1213 0
      vertex 29.5 11 0
      vertex 31.3263 10.3801 0
    endloop
  endfacet
  facet normal 0 0 -1
    outer loop
      vertex 29.5 -11 0
      vertex 30.6481 -10.7716 0
      vertex 30.2765 -10.8978 0
    endloop
  endfacet
  facet normal 0 0 -1
    outer loop
      vertex 31.3263 10.3801 0
      vertex 29.5 11 0
      vertex 31 10.5981 0
    endloop
  endfacet
  facet normal 0 0 -1
    outer loop
      vertex 29.5 -11 0
      vertex 30.2765 -10.8978 0
      vertex 29.8916 -10.9743 0
    endloop
  endfacet
  facet normal 0 0 -1
    outer loop
      vertex 31 10.5981 0
      vertex 29.5 11 0
      vertex 30.6481 10.7716 0
    endloop
  endfacet
  facet normal 0 0 -1
    outer loop
      vertex 30.6481 10.7716 0
      vertex 29.5 11 0
      vertex 30.2765 10.8978 0
    endloop
  endfacet
  facet normal 0 0 -1
    outer loop
      vertex 30.2765 10.8978 0
      vertex 29.5 11 0
      vertex 29.8916 10.9743 0
    endloop
  endfacet
  facet normal 0 0 -1
    outer loop
      vertex -29.5 -11 0
      vertex 29.5 11 0
      vertex 29.5 -11 0
    endloop
  endfacet
  facet normal 0 0 -1
    outer loop
      vertex -29.5 -11 0
      vertex -29.5 11 0
      vertex 29.5 11 0
    endloop
  endfacet
  facet normal 0 0 -1
    outer loop
      vertex -32.5 -8 0
      vertex -29.5 -11 0
      vertex -29.8916 -10.9743 0
    endloop
  endfacet
  facet normal 0 0 -1
    outer loop
      vertex -29.5 -11 0
      vertex -32.5 -8 0
      vertex -29.5 11 0
    endloop
  endfacet
  facet normal 0 0 -1
    outer loop
      vertex -32.5 -8 0
      vertex -29.8916 -10.9743 0
      vertex -30.2765 -10.8978 0
    endloop
  endfacet
  facet normal 0 0 -1
    outer loop
      vertex -32.5 8 0
      vertex -29.5 11 0
      vertex -32.5 -8 0
    endloop
  endfacet
  facet normal 0 0 -1
    outer loop
      vertex -32.5 -8 0
      vertex -30.2765 -10.8978 0
      vertex -30.6481 -10.7716 0
    endloop
  endfacet
  facet normal 0 0 -1
    outer loop
      vertex -29.5 11 0
      vertex -32.5 8 0
      vertex -29.8916 10.9743 0
    endloop
  endfacet
  facet normal 0 0 -1
    outer loop
      vertex -32.5 -8 0
      vertex -30.6481 -10.7716 0
      vertex -31 -10.5981 0
    endloop
  endfacet
  facet normal 0 0 -1
    outer loop
      vertex -29.8916 10.9743 0
      vertex -32.5 8 0
      vertex -30.2765 10.8978 0
    endloop
  endfacet
  facet normal 0 0 -1
    outer loop
      vertex -32.5 -8 0
      vertex -31 -10.5981 0
      vertex -31.3263 -10.3801 0
    endloop
  endfacet
  facet normal 0 0 -1
    outer loop
      vertex -30.2765 10.8978 0
      vertex -32.5 8 0
      vertex -30.6481 10.7716 0
    endloop
  endfacet
  facet normal 0 0 -1
    outer loop
      vertex -32.5 -8 0
      vertex -31.3263 -10.3801 0
      vertex -31.6213 -10.1213 0
    endloop
  endfacet
  facet normal 0 0 -1
    outer loop
      vertex -30.6481 10.7716 0
      vertex -32.5 8 0
      vertex -31 10.5981 0
    endloop
  endfacet
  facet normal 0 0 -1
    outer loop
      vertex -32.5 -8 0
      vertex -31.6213 -10.1213 0
      vertex -31.8801 -9.82628 0
    endloop
  endfacet
  facet normal 0 0 -1
    outer loop
      vertex -31 10.5981 0
      vertex -32.5 8 0
      vertex -31.3263 10.3801 0
    endloop
  endfacet
  facet normal 0 0 -1
    outer loop
      vertex -32.5 -8 0
      vertex -31.8801 -9.82628 0
      vertex -32.0981 -9.5 0
    endloop
  endfacet
  facet normal 0 0 -1
    outer loop
      vertex -31.3263 10.3801 0
      vertex -32.5 8 0
      vertex -31.6213 10.1213 0
    endloop
  endfacet
  facet normal 0 0 -1
    outer loop
      vertex -32.5 -8 0
      vertex -32.0981 -9.5 0
      vertex -32.2716 -9.14806 0
    endloop
  endfacet
  facet normal 0 0 -1
    outer loop
      vertex -31.6213 10.1213 0
      vertex -32.5 8 0
      vertex -31.8801 9.82628 0
    endloop
  endfacet
  facet normal 0 0 -1
    outer loop
      vertex -32.5 -8 0
      vertex -32.2716 -9.14806 0
      vertex -32.3978 -8.77646 0
    endloop
  endfacet
  facet normal 0 0 -1
    outer loop
      vertex -31.8801 9.82628 0
      vertex -32.5 8 0
      vertex -32.0981 9.5 0
    endloop
  endfacet
  facet normal 0 0 -1
    outer loop
      vertex -32.5 -8 0
      vertex -32.3978 -8.77646 0
      vertex -32.4743 -8.39157 0
    endloop
  endfacet
  facet normal 0 0 -1
    outer loop
      vertex -32.0981 9.5 0
      vertex -32.5 8 0
      vertex -32.2716 9.14806 0
    endloop
  endfacet
  facet normal 0 0 -1
    outer loop
      vertex -32.2716 9.14806 0
      vertex -32.5 8 0
      vertex -32.3978 8.77646 0
    endloop
  endfacet
  facet normal 0 0 -1
    outer loop
      vertex -32.3978 8.77646 0
      vertex -32.5 8 0
      vertex -32.4743 8.39157 0
    endloop
  endfacet
  facet normal 0.896931 0.442171 0
    outer loop
      vertex 32.2716 9.14806 2
      vertex 32.0981 9.5 0
      vertex 32.0981 9.5 2
    endloop
  endfacet
  facet normal 0.896931 0.442171 0
    outer loop
      vertex 32.0981 9.5 0
      vertex 32.2716 9.14806 2
      vertex 32.2716 9.14806 0
    endloop
  endfacet
  facet normal 0.946885 -0.321574 0
    outer loop
      vertex 32.2716 -9.14806 2
      vertex 32.3978 -8.77646 0
      vertex 32.3978 -8.77646 2
    endloop
  endfacet
  facet normal 0.946885 -0.321574 0
    outer loop
      vertex 32.3978 -8.77646 0
      vertex 32.2716 -9.14806 2
      vertex 32.2716 -9.14806 0
    endloop
  endfacet
  facet normal 0.980814 0.194945 0
    outer loop
      vertex 32.4743 8.39157 2
      vertex 32.3978 8.77646 0
      vertex 32.3978 8.77646 2
    endloop
  endfacet
  facet normal 0.980814 0.194945 0
    outer loop
      vertex 32.3978 8.77646 0
      vertex 32.4743 8.39157 2
      vertex 32.4743 8.39157 0
    endloop
  endfacet
  facet normal 0.946885 0.321574 0
    outer loop
      vertex 32.3978 8.77646 2
      vertex 32.2716 9.14806 0
      vertex 32.2716 9.14806 2
    endloop
  endfacet
  facet normal 0.946885 0.321574 0
    outer loop
      vertex 32.2716 9.14806 0
      vertex 32.3978 8.77646 2
      vertex 32.3978 8.77646 0
    endloop
  endfacet
  facet normal -0.946885 -0.321574 0
    outer loop
      vertex -32.2716 -9.14806 0
      vertex -32.3978 -8.77646 2
      vertex -32.3978 -8.77646 0
    endloop
  endfacet
  facet normal -0.946885 -0.321574 0
    outer loop
      vertex -32.3978 -8.77646 2
      vertex -32.2716 -9.14806 0
      vertex -32.2716 -9.14806 2
    endloop
  endfacet
  facet normal 0.555523 0.831501 -0
    outer loop
      vertex 31.3263 10.3801 0
      vertex 31 10.5981 2
      vertex 31.3263 10.3801 2
    endloop
  endfacet
  facet normal 0.555523 0.831501 0
    outer loop
      vertex 31 10.5981 2
      vertex 31.3263 10.3801 0
      vertex 31 10.5981 0
    endloop
  endfacet
  facet normal 0.442211 0.896911 -0
    outer loop
      vertex 31 10.5981 0
      vertex 30.6481 10.7716 2
      vertex 31 10.5981 2
    endloop
  endfacet
  facet normal 0.442211 0.896911 0
    outer loop
      vertex 30.6481 10.7716 2
      vertex 31 10.5981 0
      vertex 30.6481 10.7716 0
    endloop
  endfacet
  facet normal 0.831485 -0.555547 0
    outer loop
      vertex 31.8801 -9.82628 2
      vertex 32.0981 -9.5 0
      vertex 32.0981 -9.5 2
    endloop
  endfacet
  facet normal 0.831485 -0.555547 0
    outer loop
      vertex 32.0981 -9.5 0
      vertex 31.8801 -9.82628 2
      vertex 31.8801 -9.82628 0
    endloop
  endfacet
  facet normal -0.980814 -0.194945 0
    outer loop
      vertex -32.3978 -8.77646 0
      vertex -32.4743 -8.39157 2
      vertex -32.4743 -8.39157 0
    endloop
  endfacet
  facet normal -0.980814 -0.194945 0
    outer loop
      vertex -32.4743 -8.39157 2
      vertex -32.3978 -8.77646 0
      vertex -32.3978 -8.77646 2
    endloop
  endfacet
  facet normal 0.997853 -0.0654923 0
    outer loop
      vertex 32.4743 -8.39157 2
      vertex 32.5 -8 0
      vertex 32.5 -8 2
    endloop
  endfacet
  facet normal 0.997853 -0.0654923 0
    outer loop
      vertex 32.5 -8 0
      vertex 32.4743 -8.39157 2
      vertex 32.4743 -8.39157 0
    endloop
  endfacet
  facet normal 0.442211 -0.896911 0
    outer loop
      vertex 30.6481 -10.7716 0
      vertex 31 -10.5981 2
      vertex 30.6481 -10.7716 2
    endloop
  endfacet
  facet normal 0.442211 -0.896911 0
    outer loop
      vertex 31 -10.5981 2
      vertex 30.6481 -10.7716 0
      vertex 31 -10.5981 0
    endloop
  endfacet
  facet normal 0.555523 -0.831501 0
    outer loop
      vertex 31 -10.5981 0
      vertex 31.3263 -10.3801 2
      vertex 31 -10.5981 2
    endloop
  endfacet
  facet normal 0.555523 -0.831501 0
    outer loop
      vertex 31.3263 -10.3801 2
      vertex 31 -10.5981 0
      vertex 31.3263 -10.3801 0
    endloop
  endfacet
endsolid OpenSCAD_Model
