solid OpenSCAD_Model
  facet normal -1 0 0
    outer loop
      vertex -25.1 -91.8 0
      vertex -25.1 -88.4 1.025
      vertex -25.1 -88.4 0
    endloop
  endfacet
  facet normal -1 -0 0
    outer loop
      vertex -25.1 -88.4 1.025
      vertex -25.1 -91.8 0
      vertex -25.1 -91.8 1.025
    endloop
  endfacet
  facet normal 0 0 -1
    outer loop
      vertex -29.9 -91.8 1.025
      vertex -25.1 -88.4 1.025
      vertex -25.1 -91.8 1.025
    endloop
  endfacet
  facet normal -0 0 -1
    outer loop
      vertex -25.1 -88.4 1.025
      vertex -29.9 -91.8 1.025
      vertex -29.9 -88.4 1.025
    endloop
  endfacet
  facet normal 1 -0 0
    outer loop
      vertex -29.9 -91.8 1.025
      vertex -29.9 -88.4 0
      vertex -29.9 -88.4 1.025
    endloop
  endfacet
  facet normal 1 0 0
    outer loop
      vertex -29.9 -88.4 0
      vertex -29.9 -91.8 1.025
      vertex -29.9 -91.8 0
    endloop
  endfacet
  facet normal 0 -1 0
    outer loop
      vertex -29.9 -88.4 0
      vertex -25.1 -88.4 1.025
      vertex -29.9 -88.4 1.025
    endloop
  endfacet
  facet normal 0 -1 -0
    outer loop
      vertex -25.1 -88.4 1.025
      vertex -29.9 -88.4 0
      vertex -25.1 -88.4 0
    endloop
  endfacet
  facet normal 0 1 -0
    outer loop
      vertex -25.1 -91.8 0
      vertex -29.9 -91.8 1.025
      vertex -25.1 -91.8 1.025
    endloop
  endfacet
  facet normal 0 1 0
    outer loop
      vertex -29.9 -91.8 1.025
      vertex -25.1 -91.8 0
      vertex -29.9 -91.8 0
    endloop
  endfacet
  facet normal -1 0 0
    outer loop
      vertex 29.9 -91.8 0
      vertex 29.9 -88.4 1.025
      vertex 29.9 -88.4 0
    endloop
  endfacet
  facet normal -1 -0 0
    outer loop
      vertex 29.9 -88.4 1.025
      vertex 29.9 -91.8 0
      vertex 29.9 -91.8 1.025
    endloop
  endfacet
  facet normal 0 0 -1
    outer loop
      vertex 25.1 -91.8 1.025
      vertex 29.9 -88.4 1.025
      vertex 29.9 -91.8 1.025
    endloop
  endfacet
  facet normal -0 0 -1
    outer loop
      vertex 29.9 -88.4 1.025
      vertex 25.1 -91.8 1.025
      vertex 25.1 -88.4 1.025
    endloop
  endfacet
  facet normal 1 -0 0
    outer loop
      vertex 25.1 -91.8 1.025
      vertex 25.1 -88.4 0
      vertex 25.1 -88.4 1.025
    endloop
  endfacet
  facet normal 1 0 0
    outer loop
      vertex 25.1 -88.4 0
      vertex 25.1 -91.8 1.025
      vertex 25.1 -91.8 0
    endloop
  endfacet
  facet normal 0 -1 0
    outer loop
      vertex 25.1 -88.4 0
      vertex 29.9 -88.4 1.025
      vertex 25.1 -88.4 1.025
    endloop
  endfacet
  facet normal 0 -1 -0
    outer loop
      vertex 29.9 -88.4 1.025
      vertex 25.1 -88.4 0
      vertex 29.9 -88.4 0
    endloop
  endfacet
  facet normal 0 1 -0
    outer loop
      vertex 29.9 -91.8 0
      vertex 25.1 -91.8 1.025
      vertex 29.9 -91.8 1.025
    endloop
  endfacet
  facet normal 0 1 0
    outer loop
      vertex 25.1 -91.8 1.025
      vertex 29.9 -91.8 0
      vertex 25.1 -91.8 0
    endloop
  endfacet
  facet normal 0 0 -1
    outer loop
      vertex -67 -49 6.41
      vertex -64.8 -41 6.41
      vertex -64.8 -49 6.41
    endloop
  endfacet
  facet normal -0 0 -1
    outer loop
      vertex -64.8 -41 6.41
      vertex -67 -49 6.41
      vertex -67 -41 6.41
    endloop
  endfacet
  facet normal -0 0 1
    outer loop
      vertex -67 -41 3.36
      vertex -64.8 -49 3.36
      vertex -64.8 -41 3.36
    endloop
  endfacet
  facet normal 0 0 1
    outer loop
      vertex -64.8 -49 3.36
      vertex -67 -41 3.36
      vertex -67 -49 3.36
    endloop
  endfacet
  facet normal 0 -1 0
    outer loop
      vertex -67 -41 3.36
      vertex -64.8 -41 6.41
      vertex -67 -41 6.41
    endloop
  endfacet
  facet normal 0 -1 -0
    outer loop
      vertex -64.8 -41 6.41
      vertex -67 -41 3.36
      vertex -64.8 -41 3.36
    endloop
  endfacet
  facet normal 0 1 -0
    outer loop
      vertex -64.8 -49 3.36
      vertex -67 -49 6.41
      vertex -64.8 -49 6.41
    endloop
  endfacet
  facet normal 0 1 0
    outer loop
      vertex -67 -49 6.41
      vertex -64.8 -49 3.36
      vertex -67 -49 3.36
    endloop
  endfacet
  facet normal 0 0 -1
    outer loop
      vertex -67 61 6.41
      vertex -64.8 69 6.41
      vertex -64.8 61 6.41
    endloop
  endfacet
  facet normal -0 0 -1
    outer loop
      vertex -64.8 69 6.41
      vertex -67 61 6.41
      vertex -67 69 6.41
    endloop
  endfacet
  facet normal -0 0 1
    outer loop
      vertex -67 69 3.36
      vertex -64.8 61 3.36
      vertex -64.8 69 3.36
    endloop
  endfacet
  facet normal 0 0 1
    outer loop
      vertex -64.8 61 3.36
      vertex -67 69 3.36
      vertex -67 61 3.36
    endloop
  endfacet
  facet normal 0 -1 0
    outer loop
      vertex -67 69 3.36
      vertex -64.8 69 6.41
      vertex -67 69 6.41
    endloop
  endfacet
  facet normal 0 -1 -0
    outer loop
      vertex -64.8 69 6.41
      vertex -67 69 3.36
      vertex -64.8 69 3.36
    endloop
  endfacet
  facet normal 0 1 -0
    outer loop
      vertex -64.8 61 3.36
      vertex -67 61 6.41
      vertex -64.8 61 6.41
    endloop
  endfacet
  facet normal 0 1 0
    outer loop
      vertex -67 61 6.41
      vertex -64.8 61 3.36
      vertex -67 61 3.36
    endloop
  endfacet
  facet normal 0 0 -1
    outer loop
      vertex 64.8 -49 6.41
      vertex 67 -41 6.41
      vertex 67 -49 6.41
    endloop
  endfacet
  facet normal -0 0 -1
    outer loop
      vertex 67 -41 6.41
      vertex 64.8 -49 6.41
      vertex 64.8 -41 6.41
    endloop
  endfacet
  facet normal -0 0 1
    outer loop
      vertex 64.8 -41 3.36
      vertex 67 -49 3.36
      vertex 67 -41 3.36
    endloop
  endfacet
  facet normal 0 0 1
    outer loop
      vertex 67 -49 3.36
      vertex 64.8 -41 3.36
      vertex 64.8 -49 3.36
    endloop
  endfacet
  facet normal 0 -1 0
    outer loop
      vertex 64.8 -41 3.36
      vertex 67 -41 6.41
      vertex 64.8 -41 6.41
    endloop
  endfacet
  facet normal 0 -1 -0
    outer loop
      vertex 67 -41 6.41
      vertex 64.8 -41 3.36
      vertex 67 -41 3.36
    endloop
  endfacet
  facet normal 0 1 -0
    outer loop
      vertex 67 -49 3.36
      vertex 64.8 -49 6.41
      vertex 67 -49 6.41
    endloop
  endfacet
  facet normal 0 1 0
    outer loop
      vertex 64.8 -49 6.41
      vertex 67 -49 3.36
      vertex 64.8 -49 3.36
    endloop
  endfacet
  facet normal 0 0 -1
    outer loop
      vertex 64.8 61 6.41
      vertex 67 69 6.41
      vertex 67 61 6.41
    endloop
  endfacet
  facet normal -0 0 -1
    outer loop
      vertex 67 69 6.41
      vertex 64.8 61 6.41
      vertex 64.8 69 6.41
    endloop
  endfacet
  facet normal -0 0 1
    outer loop
      vertex 64.8 69 3.36
      vertex 67 61 3.36
      vertex 67 69 3.36
    endloop
  endfacet
  facet normal 0 0 1
    outer loop
      vertex 67 61 3.36
      vertex 64.8 69 3.36
      vertex 64.8 61 3.36
    endloop
  endfacet
  facet normal 0 -1 0
    outer loop
      vertex 64.8 69 3.36
      vertex 67 69 6.41
      vertex 64.8 69 6.41
    endloop
  endfacet
  facet normal 0 -1 -0
    outer loop
      vertex 67 69 6.41
      vertex 64.8 69 3.36
      vertex 67 69 3.36
    endloop
  endfacet
  facet normal 0 1 -0
    outer loop
      vertex 67 61 3.36
      vertex 64.8 61 6.41
      vertex 67 61 6.41
    endloop
  endfacet
  facet normal 0 1 0
    outer loop
      vertex 64.8 61 6.41
      vertex 67 61 3.36
      vertex 64.8 61 3.36
    endloop
  endfacet
  facet normal 0 0 -1
    outer loop
      vertex -67 -33 8.1
      vertex -64.8 -25 8.1
      vertex -64.8 -33 8.1
    endloop
  endfacet
  facet normal -0 0 -1
    outer loop
      vertex -64.8 -25 8.1
      vertex -67 -33 8.1
      vertex -67 -25 8.1
    endloop
  endfacet
  facet normal -0 0 1
    outer loop
      vertex -67 -25 6.1
      vertex -64.8 -33 6.1
      vertex -64.8 -25 6.1
    endloop
  endfacet
  facet normal 0 0 1
    outer loop
      vertex -64.8 -33 6.1
      vertex -67 -25 6.1
      vertex -67 -33 6.1
    endloop
  endfacet
  facet normal 0 -1 0
    outer loop
      vertex -67 -25 6.1
      vertex -64.8 -25 8.1
      vertex -67 -25 8.1
    endloop
  endfacet
  facet normal 0 -1 -0
    outer loop
      vertex -64.8 -25 8.1
      vertex -67 -25 6.1
      vertex -64.8 -25 6.1
    endloop
  endfacet
  facet normal 0 1 -0
    outer loop
      vertex -64.8 -33 6.1
      vertex -67 -33 8.1
      vertex -64.8 -33 8.1
    endloop
  endfacet
  facet normal 0 1 0
    outer loop
      vertex -67 -33 8.1
      vertex -64.8 -33 6.1
      vertex -67 -33 6.1
    endloop
  endfacet
  facet normal 0 0 -1
    outer loop
      vertex -67 43 8.1
      vertex -64.8 51 8.1
      vertex -64.8 43 8.1
    endloop
  endfacet
  facet normal -0 0 -1
    outer loop
      vertex -64.8 51 8.1
      vertex -67 43 8.1
      vertex -67 51 8.1
    endloop
  endfacet
  facet normal -0 0 1
    outer loop
      vertex -67 51 6.1
      vertex -64.8 43 6.1
      vertex -64.8 51 6.1
    endloop
  endfacet
  facet normal 0 0 1
    outer loop
      vertex -64.8 43 6.1
      vertex -67 51 6.1
      vertex -67 43 6.1
    endloop
  endfacet
  facet normal 0 -1 0
    outer loop
      vertex -67 51 6.1
      vertex -64.8 51 8.1
      vertex -67 51 8.1
    endloop
  endfacet
  facet normal 0 -1 -0
    outer loop
      vertex -64.8 51 8.1
      vertex -67 51 6.1
      vertex -64.8 51 6.1
    endloop
  endfacet
  facet normal 0 1 -0
    outer loop
      vertex -64.8 43 6.1
      vertex -67 43 8.1
      vertex -64.8 43 8.1
    endloop
  endfacet
  facet normal 0 1 0
    outer loop
      vertex -67 43 8.1
      vertex -64.8 43 6.1
      vertex -67 43 6.1
    endloop
  endfacet
  facet normal 0 0 -1
    outer loop
      vertex 64.8 -33 8.1
      vertex 67 -25 8.1
      vertex 67 -33 8.1
    endloop
  endfacet
  facet normal -0 0 -1
    outer loop
      vertex 67 -25 8.1
      vertex 64.8 -33 8.1
      vertex 64.8 -25 8.1
    endloop
  endfacet
  facet normal -0 0 1
    outer loop
      vertex 64.8 -25 6.1
      vertex 67 -33 6.1
      vertex 67 -25 6.1
    endloop
  endfacet
  facet normal 0 0 1
    outer loop
      vertex 67 -33 6.1
      vertex 64.8 -25 6.1
      vertex 64.8 -33 6.1
    endloop
  endfacet
  facet normal 0 -1 0
    outer loop
      vertex 64.8 -25 6.1
      vertex 67 -25 8.1
      vertex 64.8 -25 8.1
    endloop
  endfacet
  facet normal 0 -1 -0
    outer loop
      vertex 67 -25 8.1
      vertex 64.8 -25 6.1
      vertex 67 -25 6.1
    endloop
  endfacet
  facet normal 0 1 -0
    outer loop
      vertex 67 -33 6.1
      vertex 64.8 -33 8.1
      vertex 67 -33 8.1
    endloop
  endfacet
  facet normal 0 1 0
    outer loop
      vertex 64.8 -33 8.1
      vertex 67 -33 6.1
      vertex 64.8 -33 6.1
    endloop
  endfacet
  facet normal 0 0 -1
    outer loop
      vertex 64.8 43 8.1
      vertex 67 51 8.1
      vertex 67 43 8.1
    endloop
  endfacet
  facet normal -0 0 -1
    outer loop
      vertex 67 51 8.1
      vertex 64.8 43 8.1
      vertex 64.8 51 8.1
    endloop
  endfacet
  facet normal -0 0 1
    outer loop
      vertex 64.8 51 6.1
      vertex 67 43 6.1
      vertex 67 51 6.1
    endloop
  endfacet
  facet normal 0 0 1
    outer loop
      vertex 67 43 6.1
      vertex 64.8 51 6.1
      vertex 64.8 43 6.1
    endloop
  endfacet
  facet normal 0 -1 0
    outer loop
      vertex 64.8 51 6.1
      vertex 67 51 8.1
      vertex 64.8 51 8.1
    endloop
  endfacet
  facet normal 0 -1 -0
    outer loop
      vertex 67 51 8.1
      vertex 64.8 51 6.1
      vertex 67 51 6.1
    endloop
  endfacet
  facet normal 0 1 -0
    outer loop
      vertex 67 43 6.1
      vertex 64.8 43 8.1
      vertex 67 43 8.1
    endloop
  endfacet
  facet normal 0 1 0
    outer loop
      vertex 64.8 43 8.1
      vertex 67 43 6.1
      vertex 64.8 43 6.1
    endloop
  endfacet
  facet normal -1 0 0
    outer loop
      vertex 12.0106 -92.1822 7.03051
      vertex 12.0106 -91.8 7.2
      vertex 12.0106 -91.8 7.01382
    endloop
  endfacet
  facet normal -1 0 0
    outer loop
      vertex 12.0106 -92.8742 7.1216
      vertex 12.0106 -91.8 7.2
      vertex 12.0106 -92.1822 7.03051
    endloop
  endfacet
  facet normal -1 -0 0
    outer loop
      vertex 12.0106 -91.8 7.2
      vertex 12.0106 -92.8742 7.1216
      vertex 12.0106 -93.2278 7.2
    endloop
  endfacet
  facet normal 1 0 0
    outer loop
      vertex 7.98939 -91.8 7.2
      vertex 7.98939 -92.1822 7.03051
      vertex 7.98939 -91.8 7.01382
    endloop
  endfacet
  facet normal 1 0 0
    outer loop
      vertex 7.98939 -91.8 7.2
      vertex 7.98939 -92.8742 7.1216
      vertex 7.98939 -92.1822 7.03051
    endloop
  endfacet
  facet normal 1 0 -0
    outer loop
      vertex 7.98939 -92.8742 7.1216
      vertex 7.98939 -91.8 7.2
      vertex 7.98939 -93.2278 7.2
    endloop
  endfacet
  facet normal 0 0 1
    outer loop
      vertex 10.2346 -91.8 5.38939
      vertex 10 -91.8849 5.38939
      vertex 10.153 -91.8545 5.38939
    endloop
  endfacet
  facet normal -0 0 1
    outer loop
      vertex 9.76542 -91.8 5.38939
      vertex 10 -91.8849 5.38939
      vertex 10.2346 -91.8 5.38939
    endloop
  endfacet
  facet normal 0 0 1
    outer loop
      vertex 10 -91.8849 5.38939
      vertex 9.76542 -91.8 5.38939
      vertex 9.84695 -91.8545 5.38939
    endloop
  endfacet
  facet normal 0.381585 0.0758968 0.921213
    outer loop
      vertex 8.94778 -92.6181 5.72593
      vertex 9.63051 -92.3353 5.41983
      vertex 8.86108 -92.1822 5.72593
    endloop
  endfacet
  facet normal 0.381585 0.0758932 0.921213
    outer loop
      vertex 9.63051 -92.3353 5.41983
      vertex 9.60006 -92.1822 5.41983
      vertex 8.86108 -92.1822 5.72593
    endloop
  endfacet
  facet normal 0.382377 0.0403113 0.923127
    outer loop
      vertex 8.86108 -91.8 5.70924
      vertex 9.60006 -92.1822 5.41983
      vertex 9.60006 -91.8 5.40314
    endloop
  endfacet
  facet normal 0.382377 0.0403113 0.923127
    outer loop
      vertex 9.60006 -92.1822 5.41983
      vertex 8.86108 -91.8 5.70924
      vertex 8.86108 -92.1822 5.72593
    endloop
  endfacet
  facet normal 0.923754 0.0167084 0.382622
    outer loop
      vertex 7.98939 -92.1822 7.03051
      vertex 8.12768 -91.8 6.67995
      vertex 7.98939 -91.8 7.01382
    endloop
  endfacet
  facet normal 0.92375 0.0167176 0.38263
    outer loop
      vertex 8.12768 -91.8 6.67995
      vertex 7.98939 -92.1822 7.03051
      vertex 8.29549 -92.1822 6.29152
    endloop
  endfacet
  facet normal -0.706764 0.0308637 0.706776
    outer loop
      vertex 11.1389 -92.1822 5.72593
      vertex 11.7045 -91.8 6.27483
      vertex 11.1389 -91.8 5.70924
    endloop
  endfacet
  facet normal -0.706764 0.0308637 0.706776
    outer loop
      vertex 11.7045 -91.8 6.27483
      vertex 11.1389 -92.1822 5.72593
      vertex 11.7045 -92.1822 6.29152
    endloop
  endfacet
  facet normal 0.0291043 0.043539 0.998628
    outer loop
      vertex 9.72253 -91.8 5.39064
      vertex 9.84695 -91.8545 5.38939
      vertex 9.76542 -91.8 5.38939
    endloop
  endfacet
  facet normal 0.0291311 0.0436003 0.998624
    outer loop
      vertex 9.84695 -91.8545 5.38939
      vertex 9.72253 -91.8 5.39064
      vertex 9.84695 -92.5517 5.41983
    endloop
  endfacet
  facet normal 0.923747 0.0167091 0.382637
    outer loop
      vertex 8.29549 -92.1822 6.29152
      vertex 8.29549 -91.8 6.27483
      vertex 8.12768 -91.8 6.67995
    endloop
  endfacet
  facet normal 0.214086 0.0426152 0.975885
    outer loop
      vertex 9.60006 -92.1822 5.41983
      vertex 9.63051 -91.8 5.39646
      vertex 9.60006 -91.8 5.40314
    endloop
  endfacet
  facet normal 0.214208 0.0426038 0.975858
    outer loop
      vertex 9.63051 -91.8 5.39646
      vertex 9.60006 -92.1822 5.41983
      vertex 9.63051 -92.3353 5.41983
    endloop
  endfacet
  facet normal 0.70677 0.0308634 0.70677
    outer loop
      vertex 8.86108 -92.1822 5.72593
      vertex 8.29549 -91.8 6.27483
      vertex 8.29549 -92.1822 6.29152
    endloop
  endfacet
  facet normal 0.70677 0.0308634 0.70677
    outer loop
      vertex 8.29549 -91.8 6.27483
      vertex 8.86108 -92.1822 5.72593
      vertex 8.86108 -91.8 5.70924
    endloop
  endfacet
  facet normal -0.214422 0.042612 0.975811
    outer loop
      vertex 10.3695 -91.8 5.39646
      vertex 10.3999 -92.1822 5.41983
      vertex 10.3999 -91.8 5.40314
    endloop
  endfacet
  facet normal -0.214544 0.0426006 0.975785
    outer loop
      vertex 10.3999 -92.1822 5.41983
      vertex 10.3695 -91.8 5.39646
      vertex 10.3695 -92.3353 5.41983
    endloop
  endfacet
  facet normal 0.00866359 0.0436172 0.999011
    outer loop
      vertex 9.84695 -92.5517 5.41983
      vertex 10 -91.8849 5.38939
      vertex 9.84695 -91.8545 5.38939
    endloop
  endfacet
  facet normal 0.00869084 0.0436109 0.999011
    outer loop
      vertex 10 -91.8849 5.38939
      vertex 9.84695 -92.5517 5.41983
      vertex 10 -92.5822 5.41983
    endloop
  endfacet
  facet normal -0.0290975 0.0435662 0.998627
    outer loop
      vertex 10.153 -91.8545 5.38939
      vertex 10.2775 -91.8 5.39064
      vertex 10.2346 -91.8 5.38939
    endloop
  endfacet
  facet normal -0.0291124 0.0436003 0.998625
    outer loop
      vertex 10.2775 -91.8 5.39064
      vertex 10.153 -91.8545 5.38939
      vertex 10.153 -92.5517 5.41983
    endloop
  endfacet
  facet normal -0.923751 0.0166934 0.38263
    outer loop
      vertex 12.0106 -92.1822 7.03051
      vertex 11.8723 -91.8 6.67995
      vertex 11.7045 -92.1822 6.29152
    endloop
  endfacet
  facet normal -0.923744 0.0167094 0.382645
    outer loop
      vertex 11.8723 -91.8 6.67995
      vertex 12.0106 -92.1822 7.03051
      vertex 12.0106 -91.8 7.01382
    endloop
  endfacet
  facet normal -0.923756 0.0167083 0.382618
    outer loop
      vertex 11.8723 -91.8 6.67995
      vertex 11.7045 -91.8 6.27483
      vertex 11.7045 -92.1822 6.29152
    endloop
  endfacet
  facet normal -0.00866642 0.0436172 0.999011
    outer loop
      vertex 10 -91.8849 5.38939
      vertex 10.153 -92.5517 5.41983
      vertex 10.153 -91.8545 5.38939
    endloop
  endfacet
  facet normal -0.00869368 0.0436109 0.999011
    outer loop
      vertex 10.153 -92.5517 5.41983
      vertex 10 -91.8849 5.38939
      vertex 10 -92.5822 5.41983
    endloop
  endfacet
  facet normal 0.0299767 0.043593 0.9986
    outer loop
      vertex 9.7172 -92.465 5.41983
      vertex 9.72253 -91.8 5.39064
      vertex 9.7172 -91.8 5.3908
    endloop
  endfacet
  facet normal 0.0291344 0.0436008 0.998624
    outer loop
      vertex 9.72253 -91.8 5.39064
      vertex 9.7172 -92.465 5.41983
      vertex 9.84695 -92.5517 5.41983
    endloop
  endfacet
  facet normal -0.382368 0.0403115 0.92313
    outer loop
      vertex 10.3999 -91.8 5.40314
      vertex 11.1389 -92.1822 5.72593
      vertex 11.1389 -91.8 5.70924
    endloop
  endfacet
  facet normal -0.382368 0.0403115 0.92313
    outer loop
      vertex 11.1389 -92.1822 5.72593
      vertex 10.3999 -91.8 5.40314
      vertex 10.3999 -92.1822 5.41983
    endloop
  endfacet
  facet normal 0.0650897 0.0435237 0.99693
    outer loop
      vertex 9.63051 -92.3353 5.41983
      vertex 9.7172 -91.8 5.3908
      vertex 9.63051 -91.8 5.39646
    endloop
  endfacet
  facet normal 0.0651119 0.0435201 0.996929
    outer loop
      vertex 9.7172 -91.8 5.3908
      vertex 9.63051 -92.3353 5.41983
      vertex 9.7172 -92.465 5.41983
    endloop
  endfacet
  facet normal -0.0301462 0.0435928 0.998594
    outer loop
      vertex 10.2775 -91.8 5.39064
      vertex 10.2828 -92.465 5.41983
      vertex 10.2828 -91.8 5.3908
    endloop
  endfacet
  facet normal -0.0291241 0.0436022 0.998624
    outer loop
      vertex 10.2828 -92.465 5.41983
      vertex 10.2775 -91.8 5.39064
      vertex 10.153 -92.5517 5.41983
    endloop
  endfacet
  facet normal -0.0650822 0.0435237 0.99693
    outer loop
      vertex 10.2828 -91.8 5.3908
      vertex 10.3695 -92.3353 5.41983
      vertex 10.3695 -91.8 5.39646
    endloop
  endfacet
  facet normal -0.0651044 0.0435201 0.996929
    outer loop
      vertex 10.3695 -92.3353 5.41983
      vertex 10.2828 -91.8 5.3908
      vertex 10.2828 -92.465 5.41983
    endloop
  endfacet
  facet normal -0.381579 0.0757676 0.921226
    outer loop
      vertex 11.1389 -92.1822 5.72593
      vertex 10.3999 -92.1822 5.41983
      vertex 10.3695 -92.3353 5.41983
    endloop
  endfacet
  facet normal -0.381598 0.0758994 0.921207
    outer loop
      vertex 11.0522 -92.6181 5.72593
      vertex 11.1389 -92.1822 5.72593
      vertex 10.3695 -92.3353 5.41983
    endloop
  endfacet
  facet normal 0.700193 0.1393 0.700232
    outer loop
      vertex 8.94778 -93.31 5.81703
      vertex 8.86108 -92.8742 5.81703
      vertex 8.42523 -93.5265 6.38262
    endloop
  endfacet
  facet normal -0.922709 0.05031 0.382199
    outer loop
      vertex 12.0106 -92.8742 7.1216
      vertex 12.0106 -92.1822 7.03051
      vertex 11.7045 -92.1822 6.29152
    endloop
  endfacet
  facet normal -0.704057 0.0926889 0.704069
    outer loop
      vertex 11.1389 -92.8742 5.81703
      vertex 11.7045 -92.1822 6.29152
      vertex 11.1389 -92.1822 5.72593
    endloop
  endfacet
  facet normal -0.704057 0.0926889 0.704069
    outer loop
      vertex 11.7045 -92.1822 6.29152
      vertex 11.1389 -92.8742 5.81703
      vertex 11.7045 -92.8742 6.38262
    endloop
  endfacet
  facet normal 0.922709 0.05031 0.382199
    outer loop
      vertex 8.29549 -92.1822 6.29152
      vertex 7.98939 -92.1822 7.03051
      vertex 7.98939 -92.8742 7.1216
    endloop
  endfacet
  facet normal -0.363714 0.121599 0.92354
    outer loop
      vertex 11.0522 -93.31 5.81703
      vertex 11.0522 -92.6181 5.72593
      vertex 10.3695 -93.0272 5.51093
    endloop
  endfacet
  facet normal -0.922707 0.0503161 0.382203
    outer loop
      vertex 12.0106 -92.8742 7.1216
      vertex 11.7045 -92.1822 6.29152
      vertex 11.7045 -92.8742 6.38262
    endloop
  endfacet
  facet normal 0.922707 0.0503161 0.382203
    outer loop
      vertex 8.29549 -92.8742 6.38262
      vertex 8.29549 -92.1822 6.29152
      vertex 7.98939 -92.8742 7.1216
    endloop
  endfacet
  facet normal 0.548638 0.109124 0.828908
    outer loop
      vertex 8.86108 -92.8742 5.81703
      vertex 8.94778 -92.6181 5.72593
      vertex 8.86108 -92.1822 5.72593
    endloop
  endfacet
  facet normal 0.548605 0.109142 0.828927
    outer loop
      vertex 8.94778 -92.6181 5.72593
      vertex 8.86108 -92.8742 5.81703
      vertex 8.94778 -93.31 5.81703
    endloop
  endfacet
  facet normal -0.363714 0.121599 0.92354
    outer loop
      vertex 11.0522 -92.6181 5.72593
      vertex 10.3695 -92.3353 5.41983
      vertex 10.3695 -93.0272 5.51093
    endloop
  endfacet
  facet normal -0.0868523 0.130028 0.987699
    outer loop
      vertex 10.2828 -93.157 5.51093
      vertex 10.153 -92.5517 5.41983
      vertex 10.153 -93.2437 5.51093
    endloop
  endfacet
  facet normal -0.0260101 0.130477 0.99111
    outer loop
      vertex 10 -92.5822 5.41983
      vertex 10.153 -93.2437 5.51093
      vertex 10.153 -92.5517 5.41983
    endloop
  endfacet
  facet normal -0.0259286 0.130496 0.99111
    outer loop
      vertex 10.153 -93.2437 5.51093
      vertex 10 -92.5822 5.41983
      vertex 10 -93.2741 5.51093
    endloop
  endfacet
  facet normal -0.0868523 0.130028 0.987699
    outer loop
      vertex 10.2828 -93.157 5.51093
      vertex 10.2828 -92.465 5.41983
      vertex 10.153 -92.5517 5.41983
    endloop
  endfacet
  facet normal 0.0868855 0.130028 0.987696
    outer loop
      vertex 9.84695 -92.5517 5.41983
      vertex 9.7172 -92.465 5.41983
      vertex 9.7172 -93.157 5.51093
    endloop
  endfacet
  facet normal 0.0260016 0.130477 0.99111
    outer loop
      vertex 9.84695 -93.2437 5.51093
      vertex 10 -92.5822 5.41983
      vertex 9.84695 -92.5517 5.41983
    endloop
  endfacet
  facet normal 0.0259201 0.130496 0.99111
    outer loop
      vertex 10 -92.5822 5.41983
      vertex 9.84695 -93.2437 5.51093
      vertex 10 -93.2741 5.51093
    endloop
  endfacet
  facet normal -0.548638 0.109124 0.828908
    outer loop
      vertex 11.0522 -92.6181 5.72593
      vertex 11.1389 -92.8742 5.81703
      vertex 11.1389 -92.1822 5.72593
    endloop
  endfacet
  facet normal -0.548605 0.109142 0.828927
    outer loop
      vertex 11.1389 -92.8742 5.81703
      vertex 11.0522 -92.6181 5.72593
      vertex 11.0522 -93.31 5.81703
    endloop
  endfacet
  facet normal -0.191662 0.12812 0.973063
    outer loop
      vertex 10.2828 -92.465 5.41983
      vertex 10.3695 -93.0272 5.51093
      vertex 10.3695 -92.3353 5.41983
    endloop
  endfacet
  facet normal -0.191778 0.128099 0.973043
    outer loop
      vertex 10.3695 -93.0272 5.51093
      vertex 10.2828 -92.465 5.41983
      vertex 10.2828 -93.157 5.51093
    endloop
  endfacet
  facet normal 0.700216 0.13927 0.700216
    outer loop
      vertex 8.42523 -93.5265 6.38262
      vertex 8.86108 -92.8742 5.81703
      vertex 8.29549 -92.8742 6.38262
    endloop
  endfacet
  facet normal 0.704063 0.092688 0.704063
    outer loop
      vertex 8.86108 -92.8742 5.81703
      vertex 8.29549 -92.1822 6.29152
      vertex 8.29549 -92.8742 6.38262
    endloop
  endfacet
  facet normal 0.704063 0.092688 0.704063
    outer loop
      vertex 8.29549 -92.1822 6.29152
      vertex 8.86108 -92.8742 5.81703
      vertex 8.86108 -92.1822 5.72593
    endloop
  endfacet
  facet normal 0.3637 0.1216 0.923545
    outer loop
      vertex 9.63051 -93.0272 5.51093
      vertex 9.63051 -92.3353 5.41983
      vertex 8.94778 -92.6181 5.72593
    endloop
  endfacet
  facet normal 0.3637 0.1216 0.923545
    outer loop
      vertex 9.63051 -93.0272 5.51093
      vertex 8.94778 -92.6181 5.72593
      vertex 8.94778 -93.31 5.81703
    endloop
  endfacet
  facet normal 0.191684 0.128119 0.973059
    outer loop
      vertex 9.63051 -93.0272 5.51093
      vertex 9.7172 -92.465 5.41983
      vertex 9.63051 -92.3353 5.41983
    endloop
  endfacet
  facet normal 0.1918 0.128098 0.973038
    outer loop
      vertex 9.7172 -92.465 5.41983
      vertex 9.63051 -93.0272 5.51093
      vertex 9.7172 -93.157 5.51093
    endloop
  endfacet
  facet normal -0.700214 0.139227 0.700226
    outer loop
      vertex 11.5748 -93.5265 6.38262
      vertex 11.7045 -92.8742 6.38262
      vertex 11.1389 -92.8742 5.81703
    endloop
  endfacet
  facet normal -0.700163 0.139294 0.700264
    outer loop
      vertex 11.5748 -93.5265 6.38262
      vertex 11.1389 -92.8742 5.81703
      vertex 11.0522 -93.31 5.81703
    endloop
  endfacet
  facet normal 0.0868855 0.130028 0.987696
    outer loop
      vertex 9.84695 -93.2437 5.51093
      vertex 9.84695 -92.5517 5.41983
      vertex 9.7172 -93.157 5.51093
    endloop
  endfacet
  facet normal -0.308233 0.205885 0.928765
    outer loop
      vertex 10.2828 -93.157 5.51093
      vertex 10.3695 -93.7086 5.66198
      vertex 10.3695 -93.0272 5.51093
    endloop
  endfacet
  facet normal -0.308058 0.205926 0.928814
    outer loop
      vertex 10.3695 -93.7086 5.66198
      vertex 10.2828 -93.157 5.51093
      vertex 10.2828 -93.8383 5.66198
    endloop
  endfacet
  facet normal -0.323467 0.216227 0.921203
    outer loop
      vertex 11.0522 -93.9914 5.96808
      vertex 10.3695 -93.7086 5.66198
      vertex 10.2828 -93.8383 5.66198
    endloop
  endfacet
  facet normal -0.328743 0.204393 0.922037
    outer loop
      vertex 11.0522 -93.9914 5.96808
      vertex 10.3695 -93.0272 5.51093
      vertex 10.3695 -93.7086 5.66198
    endloop
  endfacet
  facet normal 0.695174 0.155573 0.701805
    outer loop
      vertex 8.94778 -93.31 5.81703
      vertex 8.92699 -94 5.99058
      vertex 8.94778 -93.9914 5.96808
    endloop
  endfacet
  facet normal 0.695163 0.155576 0.701815
    outer loop
      vertex 8.42523 -93.5265 6.38262
      vertex 8.92699 -94 5.99058
      vertex 8.94778 -93.31 5.81703
    endloop
  endfacet
  facet normal 0.695172 0.155597 0.701802
    outer loop
      vertex 8.92699 -94 5.99058
      vertex 8.42523 -93.5265 6.38262
      vertex 8.42523 -94 6.4876
    endloop
  endfacet
  facet normal 0.32873 0.204394 0.922041
    outer loop
      vertex 9.63051 -93.0272 5.51093
      vertex 8.94778 -93.31 5.81703
      vertex 8.94778 -93.9914 5.96808
    endloop
  endfacet
  facet normal -0.92057 0.0845456 0.381318
    outer loop
      vertex 11.7045 -92.8742 6.38262
      vertex 12.0106 -93.2278 7.2
      vertex 12.0106 -92.8742 7.1216
    endloop
  endfacet
  facet normal -0.920571 0.0845411 0.381316
    outer loop
      vertex 11.7045 -93.5555 6.53367
      vertex 12.0106 -93.2278 7.2
      vertex 11.7045 -92.8742 6.38262
    endloop
  endfacet
  facet normal -0.920572 0.0845567 0.381309
    outer loop
      vertex 12.0106 -93.2278 7.2
      vertex 11.7045 -93.5555 6.53367
      vertex 11.9805 -93.5555 7.2
    endloop
  endfacet
  facet normal -0.736442 0.14643 0.660463
    outer loop
      vertex 11.5748 -93.5265 6.38262
      vertex 11.7045 -93.5555 6.53367
      vertex 11.7045 -92.8742 6.38262
    endloop
  endfacet
  facet normal -0.736441 0.146432 0.660463
    outer loop
      vertex 11.5748 -94 6.4876
      vertex 11.7045 -93.5555 6.53367
      vertex 11.5748 -93.5265 6.38262
    endloop
  endfacet
  facet normal -0.736571 0.146486 0.660307
    outer loop
      vertex 11.7045 -93.5555 6.53367
      vertex 11.5748 -94 6.4876
      vertex 11.6161 -94 6.53367
    endloop
  endfacet
  facet normal 0.736338 0.146455 0.660574
    outer loop
      vertex 8.29549 -93.5555 6.53367
      vertex 8.42523 -93.5265 6.38262
      vertex 8.29549 -92.8742 6.38262
    endloop
  endfacet
  facet normal 0.73626 0.146424 0.660668
    outer loop
      vertex 8.42523 -94 6.4876
      vertex 8.29549 -93.5555 6.53367
      vertex 8.38389 -94 6.53367
    endloop
  endfacet
  facet normal 0.736338 0.146456 0.660574
    outer loop
      vertex 8.29549 -93.5555 6.53367
      vertex 8.42523 -94 6.4876
      vertex 8.42523 -93.5265 6.38262
    endloop
  endfacet
  facet normal 0.92057 0.0845456 0.381318
    outer loop
      vertex 7.98939 -93.2278 7.2
      vertex 8.29549 -92.8742 6.38262
      vertex 7.98939 -92.8742 7.1216
    endloop
  endfacet
  facet normal 0.920572 0.0845567 0.381309
    outer loop
      vertex 8.29549 -93.5555 6.53367
      vertex 7.98939 -93.2278 7.2
      vertex 8.01949 -93.5555 7.2
    endloop
  endfacet
  facet normal 0.920571 0.0845411 0.381316
    outer loop
      vertex 7.98939 -93.2278 7.2
      vertex 8.29549 -93.5555 6.53367
      vertex 8.29549 -92.8742 6.38262
    endloop
  endfacet
  facet normal -0.695143 0.155603 0.701829
    outer loop
      vertex 11.5748 -93.5265 6.38262
      vertex 11.073 -94 5.99058
      vertex 11.5748 -94 6.4876
    endloop
  endfacet
  facet normal -0.695131 0.155575 0.701847
    outer loop
      vertex 11.0522 -93.31 5.81703
      vertex 11.073 -94 5.99058
      vertex 11.5748 -93.5265 6.38262
    endloop
  endfacet
  facet normal -0.695002 0.155609 0.701968
    outer loop
      vertex 11.073 -94 5.99058
      vertex 11.0522 -93.31 5.81703
      vertex 11.0522 -93.9914 5.96808
    endloop
  endfacet
  facet normal 0.323491 0.216105 0.921223
    outer loop
      vertex 8.94778 -93.9914 5.96808
      vertex 9.55554 -94 5.75668
      vertex 9.7172 -93.8383 5.66198
    endloop
  endfacet
  facet normal 0.323481 0.216281 0.921186
    outer loop
      vertex 9.55554 -94 5.75668
      vertex 8.94778 -93.9914 5.96808
      vertex 8.95353 -94 5.96808
    endloop
  endfacet
  facet normal -0.143092 0.214225 0.966247
    outer loop
      vertex 10.153 -93.2437 5.51093
      vertex 10.2828 -93.8383 5.66198
      vertex 10.2828 -93.157 5.51093
    endloop
  endfacet
  facet normal -0.143092 0.214225 0.966247
    outer loop
      vertex 10.2828 -93.8383 5.66198
      vertex 10.153 -93.2437 5.51093
      vertex 10.153 -93.925 5.66198
    endloop
  endfacet
  facet normal -0.323616 0.21449 0.921557
    outer loop
      vertex 11.0522 -93.9914 5.96808
      vertex 10.4445 -94 5.75668
      vertex 11.0465 -94 5.96808
    endloop
  endfacet
  facet normal -0.323526 0.215998 0.921236
    outer loop
      vertex 10.4445 -94 5.75668
      vertex 11.0522 -93.9914 5.96808
      vertex 10.2828 -93.8383 5.66198
    endloop
  endfacet
  facet normal 0.0429538 0.216253 0.975392
    outer loop
      vertex 9.84695 -93.925 5.66198
      vertex 10 -93.2741 5.51093
      vertex 9.84695 -93.2437 5.51093
    endloop
  endfacet
  facet normal 0.0430888 0.216221 0.975393
    outer loop
      vertex 10 -93.2741 5.51093
      vertex 9.84695 -93.925 5.66198
      vertex 10 -93.9555 5.66198
    endloop
  endfacet
  facet normal 0.323467 0.216201 0.921209
    outer loop
      vertex 9.7172 -93.8383 5.66198
      vertex 9.63051 -93.7086 5.66198
      vertex 8.94778 -93.9914 5.96808
    endloop
  endfacet
  facet normal 0.32873 0.204394 0.922041
    outer loop
      vertex 9.63051 -93.7086 5.66198
      vertex 9.63051 -93.0272 5.51093
      vertex 8.94778 -93.9914 5.96808
    endloop
  endfacet
  facet normal -0.0429678 0.216253 0.975392
    outer loop
      vertex 10 -93.2741 5.51093
      vertex 10.153 -93.925 5.66198
      vertex 10.153 -93.2437 5.51093
    endloop
  endfacet
  facet normal -0.0431029 0.216221 0.975393
    outer loop
      vertex 10.153 -93.925 5.66198
      vertex 10 -93.2741 5.51093
      vertex 10 -93.9555 5.66198
    endloop
  endfacet
  facet normal 0.308266 0.205883 0.928754
    outer loop
      vertex 9.63051 -93.7086 5.66198
      vertex 9.7172 -93.157 5.51093
      vertex 9.63051 -93.0272 5.51093
    endloop
  endfacet
  facet normal 0.30809 0.205924 0.928804
    outer loop
      vertex 9.7172 -93.157 5.51093
      vertex 9.63051 -93.7086 5.66198
      vertex 9.7172 -93.8383 5.66198
    endloop
  endfacet
  facet normal -0.328743 0.204393 0.922037
    outer loop
      vertex 11.0522 -93.9914 5.96808
      vertex 11.0522 -93.31 5.81703
      vertex 10.3695 -93.0272 5.51093
    endloop
  endfacet
  facet normal 0.143146 0.214223 0.966239
    outer loop
      vertex 9.7172 -93.8383 5.66198
      vertex 9.84695 -93.2437 5.51093
      vertex 9.7172 -93.157 5.51093
    endloop
  endfacet
  facet normal 0.143146 0.214223 0.966239
    outer loop
      vertex 9.84695 -93.2437 5.51093
      vertex 9.7172 -93.8383 5.66198
      vertex 9.84695 -93.925 5.66198
    endloop
  endfacet
  facet normal 0.917227 0.119766 0.379936
    outer loop
      vertex 8.29549 -94 6.67381
      vertex 8.01949 -93.5555 7.2
      vertex 8.07753 -94 7.2
    endloop
  endfacet
  facet normal 0.917229 0.119781 0.379925
    outer loop
      vertex 8.01949 -93.5555 7.2
      vertex 8.29549 -94 6.67381
      vertex 8.29549 -93.5555 6.53367
    endloop
  endfacet
  facet normal -0.83407 0.165876 0.52613
    outer loop
      vertex 11.7045 -94 6.67381
      vertex 11.7045 -93.5555 6.53367
      vertex 11.6161 -94 6.53367
    endloop
  endfacet
  facet normal -0.41413 0.274481 0.867846
    outer loop
      vertex 11.0522 -94 5.9708
      vertex 11.0522 -93.9914 5.96808
      vertex 11.0465 -94 5.96808
    endloop
  endfacet
  facet normal -0.917229 0.119781 0.379925
    outer loop
      vertex 11.7045 -94 6.67381
      vertex 11.9805 -93.5555 7.2
      vertex 11.7045 -93.5555 6.53367
    endloop
  endfacet
  facet normal -0.917211 0.119681 0.38
    outer loop
      vertex 11.9805 -93.5555 7.2
      vertex 11.7045 -94 6.67381
      vertex 11.9225 -94 7.2
    endloop
  endfacet
  facet normal 0.0598007 0.300082 0.952037
    outer loop
      vertex 9.84695 -94 5.68562
      vertex 10 -93.9555 5.66198
      vertex 9.84695 -93.925 5.66198
    endloop
  endfacet
  facet normal 0.0597112 0.300348 0.951959
    outer loop
      vertex 10 -93.9555 5.66198
      vertex 9.84695 -94 5.68562
      vertex 10 -94 5.67602
    endloop
  endfacet
  facet normal 0.83407 0.165876 0.52613
    outer loop
      vertex 8.38389 -94 6.53367
      vertex 8.29549 -93.5555 6.53367
      vertex 8.29549 -94 6.67381
    endloop
  endfacet
  facet normal 0.671877 0.223351 0.706184
    outer loop
      vertex 8.94778 -94 5.9708
      vertex 8.94778 -93.9914 5.96808
      vertex 8.92699 -94 5.99058
    endloop
  endfacet
  facet normal -0.6717 0.2234 0.706337
    outer loop
      vertex 11.073 -94 5.99058
      vertex 11.0522 -93.9914 5.96808
      vertex 11.0522 -94 5.9708
    endloop
  endfacet
  facet normal -0.196877 0.294748 0.935074
    outer loop
      vertex 10.153 -93.925 5.66198
      vertex 10.2828 -94 5.71295
      vertex 10.2828 -93.8383 5.66198
    endloop
  endfacet
  facet normal -0.196885 0.294736 0.935076
    outer loop
      vertex 10.2828 -94 5.71295
      vertex 10.153 -93.925 5.66198
      vertex 10.153 -94 5.68562
    endloop
  endfacet
  facet normal 0.19695 0.294743 0.93506
    outer loop
      vertex 9.7172 -94 5.71295
      vertex 9.84695 -93.925 5.66198
      vertex 9.7172 -93.8383 5.66198
    endloop
  endfacet
  facet normal 0.196958 0.294732 0.935062
    outer loop
      vertex 9.84695 -93.925 5.66198
      vertex 9.7172 -94 5.71295
      vertex 9.84695 -94 5.68562
    endloop
  endfacet
  facet normal -0.0598202 0.300082 0.952036
    outer loop
      vertex 10 -93.9555 5.66198
      vertex 10.153 -94 5.68562
      vertex 10.153 -93.925 5.66198
    endloop
  endfacet
  facet normal -0.0597307 0.300348 0.951958
    outer loop
      vertex 10.153 -94 5.68562
      vertex 10 -93.9555 5.66198
      vertex 10 -94 5.67602
    endloop
  endfacet
  facet normal 0.249813 0.2911 0.923501
    outer loop
      vertex 9.7172 -94 5.71295
      vertex 9.7172 -93.8383 5.66198
      vertex 9.55554 -94 5.75668
    endloop
  endfacet
  facet normal -0.249755 0.291104 0.923515
    outer loop
      vertex 10.4445 -94 5.75668
      vertex 10.2828 -93.8383 5.66198
      vertex 10.2828 -94 5.71295
    endloop
  endfacet
  facet normal 0.41114 0.27489 0.869137
    outer loop
      vertex 8.95353 -94 5.96808
      vertex 8.94778 -93.9914 5.96808
      vertex 8.94778 -94 5.9708
    endloop
  endfacet
  facet normal -1 0 0
    outer loop
      vertex 13.1 -94 7.2
      vertex 13.1 -91.8 9
      vertex 13.1 -91.8 7.2
    endloop
  endfacet
  facet normal -1 -0 0
    outer loop
      vertex 13.1 -91.8 9
      vertex 13.1 -94 7.2
      vertex 13.1 -94 9
    endloop
  endfacet
  facet normal 0 0 1
    outer loop
      vertex 7.98939 -91.8 7.2
      vertex 6.9 -91.8 7.2
      vertex 7.98939 -93.2278 7.2
    endloop
  endfacet
  facet normal 0 0 1
    outer loop
      vertex 6.9 -94 7.2
      vertex 7.98939 -93.2278 7.2
      vertex 6.9 -91.8 7.2
    endloop
  endfacet
  facet normal 0 0 1
    outer loop
      vertex 7.98939 -93.2278 7.2
      vertex 6.9 -94 7.2
      vertex 8.01949 -93.5555 7.2
    endloop
  endfacet
  facet normal 0 0 1
    outer loop
      vertex 8.01949 -93.5555 7.2
      vertex 6.9 -94 7.2
      vertex 8.07753 -94 7.2
    endloop
  endfacet
  facet normal 0 0 1
    outer loop
      vertex 12.0106 -93.2278 7.2
      vertex 13.1 -91.8 7.2
      vertex 12.0106 -91.8 7.2
    endloop
  endfacet
  facet normal 0 0 1
    outer loop
      vertex 13.1 -91.8 7.2
      vertex 12.0106 -93.2278 7.2
      vertex 13.1 -94 7.2
    endloop
  endfacet
  facet normal -0 0 1
    outer loop
      vertex 11.9805 -93.5555 7.2
      vertex 13.1 -94 7.2
      vertex 12.0106 -93.2278 7.2
    endloop
  endfacet
  facet normal 0 0 1
    outer loop
      vertex 13.1 -94 7.2
      vertex 11.9805 -93.5555 7.2
      vertex 11.9225 -94 7.2
    endloop
  endfacet
  facet normal 1 -0 0
    outer loop
      vertex 6.9 -94 9
      vertex 6.9 -91.8 7.2
      vertex 6.9 -91.8 9
    endloop
  endfacet
  facet normal 1 0 0
    outer loop
      vertex 6.9 -91.8 7.2
      vertex 6.9 -94 9
      vertex 6.9 -94 7.2
    endloop
  endfacet
  facet normal 0.0653646 -0.997861 0
    outer loop
      vertex 59 -94 0.599999
      vertex 60.0442 -93.9316 9
      vertex 59 -94 9
    endloop
  endfacet
  facet normal 0.0653646 -0.997861 0
    outer loop
      vertex 60.0442 -93.9316 9
      vertex 59 -94 0.599999
      vertex 60.0442 -93.9316 0.599999
    endloop
  endfacet
  facet normal -0.694287 0.138127 -0.706319
    outer loop
      vertex -66.1479 87.9153 0
      vertex -66.9316 87.0442 0.599999
      vertex -66.7274 88.0706 0.599999
    endloop
  endfacet
  facet normal -0.393298 0.588557 -0.706341
    outer loop
      vertex -62.7 92.4086 0
      vertex -63.5048 91.8708 0
      vertex -63 92.9282 0.599999
    endloop
  endfacet
  facet normal -0.588554 -0.393271 -0.706358
    outer loop
      vertex -65.3468 -90.8701 0.599999
      vertex -65.9282 -90 0.599999
      vertex -64.8708 -90.5048 0
    endloop
  endfacet
  facet normal 0 1 -0
    outer loop
      vertex 59 94 0.599999
      vertex -59 94 9
      vertex 59 94 9
    endloop
  endfacet
  facet normal 0 1 0
    outer loop
      vertex -59 94 9
      vertex 59 94 0.599999
      vertex -59 94 0.599999
    endloop
  endfacet
  facet normal 0.555582 -0.831462 0
    outer loop
      vertex 63 -92.9282 0.599999
      vertex 63.8701 -92.3468 9
      vertex 63 -92.9282 9
    endloop
  endfacet
  facet normal 0.555582 -0.831462 0
    outer loop
      vertex 63.8701 -92.3468 9
      vertex 63 -92.9282 0.599999
      vertex 63.8701 -92.3468 0.599999
    endloop
  endfacet
  facet normal 0.532225 -0.466678 -0.706362
    outer loop
      vertex 65.3468 -90.8701 0.599999
      vertex 64.6569 -91.6569 0.599999
      vertex 64.8708 -90.5048 0
    endloop
  endfacet
  facet normal 1 0 0
    outer loop
      vertex 67 86 9
      vertex 67 69 6.41
      vertex 67 86 0.599999
    endloop
  endfacet
  facet normal 1 -0 0
    outer loop
      vertex 67 51 8.1
      vertex 67 69 6.41
      vertex 67 86 9
    endloop
  endfacet
  facet normal 1 0 0
    outer loop
      vertex 67 51 6.1
      vertex 67 61 6.41
      vertex 67 51 8.1
    endloop
  endfacet
  facet normal 1 0 0
    outer loop
      vertex 67 69 6.41
      vertex 67 51 8.1
      vertex 67 61 6.41
    endloop
  endfacet
  facet normal 1 0 0
    outer loop
      vertex 67 86 9
      vertex 67 43 8.1
      vertex 67 51 8.1
    endloop
  endfacet
  facet normal 1 0 0
    outer loop
      vertex 67 43 8.1
      vertex 67 -25 8.1
      vertex 67 43 6.1
    endloop
  endfacet
  facet normal 1 0 0
    outer loop
      vertex 67 86 9
      vertex 67 -25 8.1
      vertex 67 43 8.1
    endloop
  endfacet
  facet normal 1 0 0
    outer loop
      vertex 67 86 9
      vertex 67 -33 8.1
      vertex 67 -25 8.1
    endloop
  endfacet
  facet normal 1 0 0
    outer loop
      vertex 67 -33 8.1
      vertex 67 -41 6.41
      vertex 67 -33 6.1
    endloop
  endfacet
  facet normal 1 0 0
    outer loop
      vertex 67 -33 8.1
      vertex 67 -49 6.41
      vertex 67 -41 6.41
    endloop
  endfacet
  facet normal 1 0 0
    outer loop
      vertex 67 -49 6.41
      vertex 67 -86 9
      vertex 67 -49 3.36
    endloop
  endfacet
  facet normal 1 0 0
    outer loop
      vertex 67 -33 8.1
      vertex 67 -86 9
      vertex 67 -49 6.41
    endloop
  endfacet
  facet normal 1 -0 0
    outer loop
      vertex 67 -86 9
      vertex 67 -33 8.1
      vertex 67 86 9
    endloop
  endfacet
  facet normal 1 -0 0
    outer loop
      vertex 67 69 3.36
      vertex 67 86 0.599999
      vertex 67 69 6.41
    endloop
  endfacet
  facet normal 1 -0 0
    outer loop
      vertex 67 61 3.36
      vertex 67 86 0.599999
      vertex 67 69 3.36
    endloop
  endfacet
  facet normal 1 0 0
    outer loop
      vertex 67 61 6.41
      vertex 67 51 6.1
      vertex 67 61 3.36
    endloop
  endfacet
  facet normal 1 -0 0
    outer loop
      vertex 67 43 6.1
      vertex 67 61 3.36
      vertex 67 51 6.1
    endloop
  endfacet
  facet normal 1 0 0
    outer loop
      vertex 67 -25 6.1
      vertex 67 43 6.1
      vertex 67 -25 8.1
    endloop
  endfacet
  facet normal 1 0 0
    outer loop
      vertex 67 -41 3.36
      vertex 67 43 6.1
      vertex 67 -25 6.1
    endloop
  endfacet
  facet normal 1 0 0
    outer loop
      vertex 67 43 6.1
      vertex 67 -41 3.36
      vertex 67 61 3.36
    endloop
  endfacet
  facet normal 1 0 0
    outer loop
      vertex 67 -41 3.36
      vertex 67 -25 6.1
      vertex 67 -33 6.1
    endloop
  endfacet
  facet normal 1 0 0
    outer loop
      vertex 67 -41 3.36
      vertex 67 -33 6.1
      vertex 67 -41 6.41
    endloop
  endfacet
  facet normal 1 0 0
    outer loop
      vertex 67 61 3.36
      vertex 67 -41 3.36
      vertex 67 86 0.599999
    endloop
  endfacet
  facet normal 1 0 0
    outer loop
      vertex 67 -86 0.599999
      vertex 67 -41 3.36
      vertex 67 -49 3.36
    endloop
  endfacet
  facet normal 1 0 0
    outer loop
      vertex 67 -41 3.36
      vertex 67 -86 0.599999
      vertex 67 86 0.599999
    endloop
  endfacet
  facet normal 1 0 0
    outer loop
      vertex 67 -86 0.599999
      vertex 67 -49 3.36
      vertex 67 -86 9
    endloop
  endfacet
  facet normal 0.393271 -0.588554 -0.706358
    outer loop
      vertex 63.8701 -92.3468 0.599999
      vertex 63 -92.9282 0.599999
      vertex 63.5048 -91.8708 0
    endloop
  endfacet
  facet normal -0.980779 0.195124 0
    outer loop
      vertex -66.9316 87.0442 0.599999
      vertex -66.7274 88.0706 9
      vertex -66.7274 88.0706 0.599999
    endloop
  endfacet
  facet normal -0.980779 0.195124 0
    outer loop
      vertex -66.7274 88.0706 9
      vertex -66.9316 87.0442 0.599999
      vertex -66.9316 87.0442 9
    endloop
  endfacet
  facet normal 0.555582 0.831462 -0
    outer loop
      vertex 63.8701 92.3468 0.599999
      vertex 63 92.9282 9
      vertex 63.8701 92.3468 9
    endloop
  endfacet
  facet normal 0.555582 0.831462 0
    outer loop
      vertex 63 92.9282 9
      vertex 63.8701 92.3468 0.599999
      vertex 63 92.9282 0.599999
    endloop
  endfacet
  facet normal 0.313078 0.634883 -0.706332
    outer loop
      vertex 63 92.9282 0.599999
      vertex 61.8319 92.8367 0
      vertex 62.0615 93.391 0.599999
    endloop
  endfacet
  facet normal 0.13806 -0.694251 -0.706368
    outer loop
      vertex 60.0442 -93.9316 0.599999
      vertex 59.9659 -93.3367 0
      vertex 60.9153 -93.1479 0
    endloop
  endfacet
  facet normal -0.442276 0.896879 0
    outer loop
      vertex -62.0615 93.391 0.599999
      vertex -63 92.9282 9
      vertex -62.0615 93.391 9
    endloop
  endfacet
  facet normal -0.442276 0.896879 0
    outer loop
      vertex -63 92.9282 9
      vertex -62.0615 93.391 0.599999
      vertex -63 92.9282 0.599999
    endloop
  endfacet
  facet normal 0.94692 0.321469 0
    outer loop
      vertex 66.7274 88.0706 9
      vertex 66.391 89.0615 0.599999
      vertex 66.391 89.0615 9
    endloop
  endfacet
  facet normal 0.94692 0.321469 0
    outer loop
      vertex 66.391 89.0615 0.599999
      vertex 66.7274 88.0706 9
      vertex 66.7274 88.0706 0.599999
    endloop
  endfacet
  facet normal 0.588554 -0.393271 -0.706358
    outer loop
      vertex 65.3468 -90.8701 0.599999
      vertex 64.8708 -90.5048 0
      vertex 65.9282 -90 0.599999
    endloop
  endfacet
  facet normal 0.588557 0.393298 -0.706341
    outer loop
      vertex 65.4086 89.7 0
      vertex 64.8708 90.5048 0
      vertex 65.9282 90 0.599999
    endloop
  endfacet
  facet normal 0.706349 0.0462692 -0.70635
    outer loop
      vertex 67 86 0.599999
      vertex 66.4 86 0
      vertex 66.9316 87.0442 0.599999
    endloop
  endfacet
  facet normal 0.997861 -0.0653646 0
    outer loop
      vertex 66.9316 -87.0442 9
      vertex 67 -86 0.599999
      vertex 67 -86 9
    endloop
  endfacet
  facet normal 0.997861 -0.0653646 0
    outer loop
      vertex 67 -86 0.599999
      vertex 66.9316 -87.0442 9
      vertex 66.9316 -87.0442 0.599999
    endloop
  endfacet
  facet normal -0.532201 -0.466682 -0.706378
    outer loop
      vertex -64.6569 -91.6569 0.599999
      vertex -64.8708 -90.5048 0
      vertex -64.2326 -91.2326 0
    endloop
  endfacet
  facet normal -0.555582 -0.831462 0
    outer loop
      vertex -63.8701 -92.3468 0.599999
      vertex -63 -92.9282 9
      vertex -63.8701 -92.3468 9
    endloop
  endfacet
  facet normal -0.555582 -0.831462 -0
    outer loop
      vertex -63 -92.9282 9
      vertex -63.8701 -92.3468 0.599999
      vertex -63 -92.9282 0.599999
    endloop
  endfacet
  facet normal -0.0462891 0.70633 -0.706368
    outer loop
      vertex -59.9659 93.3367 0
      vertex -60.0442 93.9316 0.599999
      vertex -59 93.4 0
    endloop
  endfacet
  facet normal 0.393298 -0.588557 -0.706341
    outer loop
      vertex 63 -92.9282 0.599999
      vertex 62.7 -92.4086 0
      vertex 63.5048 -91.8708 0
    endloop
  endfacet
  facet normal -0.896879 0.442276 0
    outer loop
      vertex -66.391 89.0615 0.599999
      vertex -65.9282 90 9
      vertex -65.9282 90 0.599999
    endloop
  endfacet
  facet normal -0.896879 0.442276 0
    outer loop
      vertex -65.9282 90 9
      vertex -66.391 89.0615 0.599999
      vertex -66.391 89.0615 9
    endloop
  endfacet
  facet normal -0.94692 0.321469 0
    outer loop
      vertex -66.7274 88.0706 0.599999
      vertex -66.391 89.0615 9
      vertex -66.391 89.0615 0.599999
    endloop
  endfacet
  facet normal -0.94692 0.321469 0
    outer loop
      vertex -66.391 89.0615 9
      vertex -66.7274 88.0706 0.599999
      vertex -66.7274 88.0706 9
    endloop
  endfacet
  facet normal 0.227566 0.670319 -0.706319
    outer loop
      vertex 62.0615 93.391 0.599999
      vertex 60.9153 93.1479 0
      vertex 61.0706 93.7274 0.599999
    endloop
  endfacet
  facet normal -0.393271 0.588554 -0.706358
    outer loop
      vertex -63.5048 91.8708 0
      vertex -63.8701 92.3468 0.599999
      vertex -63 92.9282 0.599999
    endloop
  endfacet
  facet normal -0.466682 -0.532201 -0.706378
    outer loop
      vertex -63.5048 -91.8708 0
      vertex -64.6569 -91.6569 0.599999
      vertex -64.2326 -91.2326 0
    endloop
  endfacet
  facet normal -0.659289 0.75189 0
    outer loop
      vertex -63.8701 92.3468 0.599999
      vertex -64.6569 91.6569 9
      vertex -63.8701 92.3468 9
    endloop
  endfacet
  facet normal -0.659289 0.75189 0
    outer loop
      vertex -64.6569 91.6569 9
      vertex -63.8701 92.3468 0.599999
      vertex -64.6569 91.6569 0.599999
    endloop
  endfacet
  facet normal -0.227577 0.6703 -0.706333
    outer loop
      vertex -61.8319 92.8367 0
      vertex -62.0615 93.391 0.599999
      vertex -60.9153 93.1479 0
    endloop
  endfacet
  facet normal 0.70633 0.0462891 -0.706368
    outer loop
      vertex 66.4 86 0
      vertex 66.3367 86.9659 0
      vertex 66.9316 87.0442 0.599999
    endloop
  endfacet
  facet normal 0.75189 0.659289 0
    outer loop
      vertex 65.3468 90.8701 9
      vertex 64.6569 91.6569 0.599999
      vertex 64.6569 91.6569 9
    endloop
  endfacet
  facet normal 0.75189 0.659289 0
    outer loop
      vertex 64.6569 91.6569 0.599999
      vertex 65.3468 90.8701 9
      vertex 65.3468 90.8701 0.599999
    endloop
  endfacet
  facet normal -0.588557 -0.393298 -0.706341
    outer loop
      vertex -64.8708 -90.5048 0
      vertex -65.9282 -90 0.599999
      vertex -65.4086 -89.7 0
    endloop
  endfacet
  facet normal 0.466682 0.532201 -0.706378
    outer loop
      vertex 64.2326 91.2326 0
      vertex 63.5048 91.8708 0
      vertex 64.6569 91.6569 0.599999
    endloop
  endfacet
  facet normal 0 0.707106 -0.707107
    outer loop
      vertex -59 93.4 0
      vertex 59 94 0.599999
      vertex 59 93.4 0
    endloop
  endfacet
  facet normal 0 0.707106 -0.707107
    outer loop
      vertex 59 94 0.599999
      vertex -59 93.4 0
      vertex -59 94 0.599999
    endloop
  endfacet
  facet normal -0.442276 -0.896879 0
    outer loop
      vertex -63 -92.9282 0.599999
      vertex -62.0615 -93.391 9
      vertex -63 -92.9282 9
    endloop
  endfacet
  facet normal -0.442276 -0.896879 -0
    outer loop
      vertex -62.0615 -93.391 9
      vertex -63 -92.9282 0.599999
      vertex -62.0615 -93.391 0.599999
    endloop
  endfacet
  facet normal 0.980779 0.195124 0
    outer loop
      vertex 66.9316 87.0442 9
      vertex 66.7274 88.0706 0.599999
      vertex 66.7274 88.0706 9
    endloop
  endfacet
  facet normal 0.980779 0.195124 0
    outer loop
      vertex 66.7274 88.0706 0.599999
      vertex 66.9316 87.0442 9
      vertex 66.9316 87.0442 0.599999
    endloop
  endfacet
  facet normal 0.896879 0.442276 0
    outer loop
      vertex 66.391 89.0615 9
      vertex 65.9282 90 0.599999
      vertex 65.9282 90 9
    endloop
  endfacet
  facet normal 0.896879 0.442276 0
    outer loop
      vertex 65.9282 90 0.599999
      vertex 66.391 89.0615 9
      vertex 66.391 89.0615 0.599999
    endloop
  endfacet
  facet normal 0 0 -1
    outer loop
      vertex 59 -93.4 0
      vertex 66.4 -86 0
      vertex 66.3367 -86.9659 0
    endloop
  endfacet
  facet normal 0 0 -1
    outer loop
      vertex 66.4 -86 0
      vertex 48.4 -79.95 0
      vertex 66.4 86 0
    endloop
  endfacet
  facet normal 0 0 -1
    outer loop
      vertex 59 -93.4 0
      vertex 66.3367 -86.9659 0
      vertex 66.1479 -87.9153 0
    endloop
  endfacet
  facet normal 0 0 -1
    outer loop
      vertex 48.4 79.95 0
      vertex 66.4 86 0
      vertex 48.4 -79.95 0
    endloop
  endfacet
  facet normal 0 0 -1
    outer loop
      vertex 59 -93.4 0
      vertex 66.1479 -87.9153 0
      vertex 65.8367 -88.8319 0
    endloop
  endfacet
  facet normal 0 0 -1
    outer loop
      vertex 48.3961 80.0087 0
      vertex 66.4 86 0
      vertex 48.4 79.95 0
    endloop
  endfacet
  facet normal 0 0 -1
    outer loop
      vertex 59 -93.4 0
      vertex 65.8367 -88.8319 0
      vertex 65.4086 -89.7 0
    endloop
  endfacet
  facet normal 0 0 -1
    outer loop
      vertex 48.3847 80.0665 0
      vertex 66.4 86 0
      vertex 48.3961 80.0087 0
    endloop
  endfacet
  facet normal 0 0 -1
    outer loop
      vertex 59 -93.4 0
      vertex 65.4086 -89.7 0
      vertex 64.8708 -90.5048 0
    endloop
  endfacet
  facet normal 0 0 -1
    outer loop
      vertex 48.3657 80.1222 0
      vertex 66.4 86 0
      vertex 48.3847 80.0665 0
    endloop
  endfacet
  facet normal 0 0 -1
    outer loop
      vertex 59 -93.4 0
      vertex 64.8708 -90.5048 0
      vertex 64.2326 -91.2326 0
    endloop
  endfacet
  facet normal 0 -0 -1
    outer loop
      vertex 59 93.4 0
      vertex 66.4 86 0
      vertex 48.3657 80.1222 0
    endloop
  endfacet
  facet normal 0 0 -1
    outer loop
      vertex 59 -93.4 0
      vertex 64.2326 -91.2326 0
      vertex 63.5048 -91.8708 0
    endloop
  endfacet
  facet normal 0 0 -1
    outer loop
      vertex 66.4 86 0
      vertex 59 93.4 0
      vertex 66.3367 86.9659 0
    endloop
  endfacet
  facet normal 0 0 -1
    outer loop
      vertex 59 -93.4 0
      vertex 63.5048 -91.8708 0
      vertex 62.7 -92.4086 0
    endloop
  endfacet
  facet normal 0 0 -1
    outer loop
      vertex 66.3367 86.9659 0
      vertex 59 93.4 0
      vertex 66.1479 87.9153 0
    endloop
  endfacet
  facet normal 0 0 -1
    outer loop
      vertex 59 -93.4 0
      vertex 62.7 -92.4086 0
      vertex 61.8319 -92.8367 0
    endloop
  endfacet
  facet normal 0 0 -1
    outer loop
      vertex 66.1479 87.9153 0
      vertex 59 93.4 0
      vertex 65.8367 88.8319 0
    endloop
  endfacet
  facet normal 0 0 -1
    outer loop
      vertex 59 -93.4 0
      vertex 61.8319 -92.8367 0
      vertex 60.9153 -93.1479 0
    endloop
  endfacet
  facet normal 0 0 -1
    outer loop
      vertex 65.8367 88.8319 0
      vertex 59 93.4 0
      vertex 65.4086 89.7 0
    endloop
  endfacet
  facet normal 0 0 -1
    outer loop
      vertex 59 -93.4 0
      vertex 60.9153 -93.1479 0
      vertex 59.9659 -93.3367 0
    endloop
  endfacet
  facet normal 0 0 -1
    outer loop
      vertex 64.8708 90.5048 0
      vertex 59 93.4 0
      vertex 64.2326 91.2326 0
    endloop
  endfacet
  facet normal -0 0 -1
    outer loop
      vertex 66.4 -86 0
      vertex 59 -93.4 0
      vertex 48.3657 -80.1222 0
    endloop
  endfacet
  facet normal 0 0 -1
    outer loop
      vertex 64.2326 91.2326 0
      vertex 59 93.4 0
      vertex 63.5048 91.8708 0
    endloop
  endfacet
  facet normal 0 0 -1
    outer loop
      vertex 63.5048 91.8708 0
      vertex 59 93.4 0
      vertex 62.7 92.4086 0
    endloop
  endfacet
  facet normal 0 0 -1
    outer loop
      vertex 66.4 -86 0
      vertex 48.3961 -80.0087 0
      vertex 48.4 -79.95 0
    endloop
  endfacet
  facet normal 0 0 -1
    outer loop
      vertex 66.4 -86 0
      vertex 48.3847 -80.0665 0
      vertex 48.3961 -80.0087 0
    endloop
  endfacet
  facet normal 0 0 -1
    outer loop
      vertex 66.4 -86 0
      vertex 48.3657 -80.1222 0
      vertex 48.3847 -80.0665 0
    endloop
  endfacet
  facet normal 0 0 -1
    outer loop
      vertex 59 -93.4 0
      vertex 48.3397 -80.175 0
      vertex 48.3657 -80.1222 0
    endloop
  endfacet
  facet normal 0 0 -1
    outer loop
      vertex 59 -93.4 0
      vertex 48.307 -80.2239 0
      vertex 48.3397 -80.175 0
    endloop
  endfacet
  facet normal 0 0 -1
    outer loop
      vertex 59 -93.4 0
      vertex 48.2682 -80.2682 0
      vertex 48.307 -80.2239 0
    endloop
  endfacet
  facet normal 0 0 -1
    outer loop
      vertex 59 -93.4 0
      vertex 48.2239 -80.307 0
      vertex 48.2682 -80.2682 0
    endloop
  endfacet
  facet normal 0 0 -1
    outer loop
      vertex 59 -93.4 0
      vertex 48.175 -80.3397 0
      vertex 48.2239 -80.307 0
    endloop
  endfacet
  facet normal 0 0 -1
    outer loop
      vertex 59 -93.4 0
      vertex 48.1222 -80.3657 0
      vertex 48.175 -80.3397 0
    endloop
  endfacet
  facet normal 0 0 -1
    outer loop
      vertex 59 -93.4 0
      vertex 48.0665 -80.3847 0
      vertex 48.1222 -80.3657 0
    endloop
  endfacet
  facet normal 0 0 -1
    outer loop
      vertex 59 -93.4 0
      vertex 48.0087 -80.3961 0
      vertex 48.0665 -80.3847 0
    endloop
  endfacet
  facet normal 0 0 -1
    outer loop
      vertex 59 -93.4 0
      vertex 47.95 -80.4 0
      vertex 48.0087 -80.3961 0
    endloop
  endfacet
  facet normal 0 0 -1
    outer loop
      vertex 59 -93.4 0
      vertex 29.9 -91.8 0
      vertex 47.95 -80.4 0
    endloop
  endfacet
  facet normal 0 0 -1
    outer loop
      vertex 59 -93.4 0
      vertex 25.1 -91.8 0
      vertex 29.9 -91.8 0
    endloop
  endfacet
  facet normal 0 0 -1
    outer loop
      vertex 25.1 -91.8 0
      vertex -25.1 -91.8 0
      vertex 25.1 -88.4 0
    endloop
  endfacet
  facet normal 0 0 -1
    outer loop
      vertex 59 -93.4 0
      vertex -25.1 -91.8 0
      vertex 25.1 -91.8 0
    endloop
  endfacet
  facet normal 0 0 -1
    outer loop
      vertex -59 -93.4 0
      vertex -25.1 -91.8 0
      vertex 59 -93.4 0
    endloop
  endfacet
  facet normal 0 0 -1
    outer loop
      vertex -29.9 -91.8 0
      vertex -47.95 -80.4 0
      vertex -29.9 -88.4 0
    endloop
  endfacet
  facet normal 0 0 -1
    outer loop
      vertex -59 -93.4 0
      vertex -47.95 -80.4 0
      vertex -29.9 -91.8 0
    endloop
  endfacet
  facet normal -0 0 -1
    outer loop
      vertex -47.95 -80.4 0
      vertex -59 -93.4 0
      vertex -48.0087 -80.3961 0
    endloop
  endfacet
  facet normal -0 0 -1
    outer loop
      vertex -48.0087 -80.3961 0
      vertex -59 -93.4 0
      vertex -48.0665 -80.3847 0
    endloop
  endfacet
  facet normal -0 0 -1
    outer loop
      vertex -48.0665 -80.3847 0
      vertex -59 -93.4 0
      vertex -48.1222 -80.3657 0
    endloop
  endfacet
  facet normal -0 0 -1
    outer loop
      vertex -48.3961 -80.0087 0
      vertex -66.4 -86 0
      vertex -48.4 -79.95 0
    endloop
  endfacet
  facet normal -0 0 -1
    outer loop
      vertex -48.3847 -80.0665 0
      vertex -66.4 -86 0
      vertex -48.3961 -80.0087 0
    endloop
  endfacet
  facet normal -0 0 -1
    outer loop
      vertex -48.3657 -80.1222 0
      vertex -66.4 -86 0
      vertex -48.3847 -80.0665 0
    endloop
  endfacet
  facet normal 0 0 -1
    outer loop
      vertex -66.4 -86 0
      vertex -48.3657 -80.1222 0
      vertex -59 -93.4 0
    endloop
  endfacet
  facet normal -0 0 -1
    outer loop
      vertex -48.3397 -80.175 0
      vertex -59 -93.4 0
      vertex -48.3657 -80.1222 0
    endloop
  endfacet
  facet normal -0 0 -1
    outer loop
      vertex -48.307 -80.2239 0
      vertex -59 -93.4 0
      vertex -48.3397 -80.175 0
    endloop
  endfacet
  facet normal -0 0 -1
    outer loop
      vertex -48.2682 -80.2682 0
      vertex -59 -93.4 0
      vertex -48.307 -80.2239 0
    endloop
  endfacet
  facet normal -0 0 -1
    outer loop
      vertex -48.2239 -80.307 0
      vertex -59 -93.4 0
      vertex -48.2682 -80.2682 0
    endloop
  endfacet
  facet normal -0 0 -1
    outer loop
      vertex -48.175 -80.3397 0
      vertex -59 -93.4 0
      vertex -48.2239 -80.307 0
    endloop
  endfacet
  facet normal -0 0 -1
    outer loop
      vertex -48.1222 -80.3657 0
      vertex -59 -93.4 0
      vertex -48.175 -80.3397 0
    endloop
  endfacet
  facet normal -0 0 -1
    outer loop
      vertex -25.1 -91.8 0
      vertex -59 -93.4 0
      vertex -29.9 -91.8 0
    endloop
  endfacet
  facet normal 0 0 -1
    outer loop
      vertex 62.7 92.4086 0
      vertex 59 93.4 0
      vertex 61.8319 92.8367 0
    endloop
  endfacet
  facet normal 0 0 -1
    outer loop
      vertex 61.8319 92.8367 0
      vertex 59 93.4 0
      vertex 60.9153 93.1479 0
    endloop
  endfacet
  facet normal 0 0 -1
    outer loop
      vertex 60.9153 93.1479 0
      vertex 59 93.4 0
      vertex 59.9659 93.3367 0
    endloop
  endfacet
  facet normal 0 0 -1
    outer loop
      vertex 65.4086 89.7 0
      vertex 59 93.4 0
      vertex 64.8708 90.5048 0
    endloop
  endfacet
  facet normal 0 0 -1
    outer loop
      vertex 48.3397 80.175 0
      vertex 59 93.4 0
      vertex 48.3657 80.1222 0
    endloop
  endfacet
  facet normal 0 0 -1
    outer loop
      vertex 48.307 80.2239 0
      vertex 59 93.4 0
      vertex 48.3397 80.175 0
    endloop
  endfacet
  facet normal 0 0 -1
    outer loop
      vertex 48.2682 80.2682 0
      vertex 59 93.4 0
      vertex 48.307 80.2239 0
    endloop
  endfacet
  facet normal 0 0 -1
    outer loop
      vertex 48.2239 80.307 0
      vertex 59 93.4 0
      vertex 48.2682 80.2682 0
    endloop
  endfacet
  facet normal 0 0 -1
    outer loop
      vertex 48.175 80.3397 0
      vertex 59 93.4 0
      vertex 48.2239 80.307 0
    endloop
  endfacet
  facet normal 0 0 -1
    outer loop
      vertex 48.1222 80.3657 0
      vertex 59 93.4 0
      vertex 48.175 80.3397 0
    endloop
  endfacet
  facet normal 0 0 -1
    outer loop
      vertex 48.0665 80.3847 0
      vertex 59 93.4 0
      vertex 48.1222 80.3657 0
    endloop
  endfacet
  facet normal 0 0 -1
    outer loop
      vertex 48.0087 80.3961 0
      vertex 59 93.4 0
      vertex 48.0665 80.3847 0
    endloop
  endfacet
  facet normal 0 0 -1
    outer loop
      vertex 47.95 80.4 0
      vertex 59 93.4 0
      vertex 48.0087 80.3961 0
    endloop
  endfacet
  facet normal 0 0 -1
    outer loop
      vertex -47.95 80.4 0
      vertex 59 93.4 0
      vertex 47.95 80.4 0
    endloop
  endfacet
  facet normal 0 0 -1
    outer loop
      vertex -59 93.4 0
      vertex -47.95 80.4 0
      vertex -48.0087 80.3961 0
    endloop
  endfacet
  facet normal 0 0 -1
    outer loop
      vertex -47.95 80.4 0
      vertex -59 93.4 0
      vertex 59 93.4 0
    endloop
  endfacet
  facet normal 0 0 -1
    outer loop
      vertex -48.0665 80.3847 0
      vertex -59 93.4 0
      vertex -48.0087 80.3961 0
    endloop
  endfacet
  facet normal 0 0 -1
    outer loop
      vertex -48.1222 80.3657 0
      vertex -59 93.4 0
      vertex -48.0665 80.3847 0
    endloop
  endfacet
  facet normal 0 0 -1
    outer loop
      vertex -48.175 80.3397 0
      vertex -59 93.4 0
      vertex -48.1222 80.3657 0
    endloop
  endfacet
  facet normal 0 0 -1
    outer loop
      vertex -48.2239 80.307 0
      vertex -59 93.4 0
      vertex -48.175 80.3397 0
    endloop
  endfacet
  facet normal 0 0 -1
    outer loop
      vertex -48.2682 80.2682 0
      vertex -59 93.4 0
      vertex -48.2239 80.307 0
    endloop
  endfacet
  facet normal 0 0 -1
    outer loop
      vertex -48.307 80.2239 0
      vertex -59 93.4 0
      vertex -48.2682 80.2682 0
    endloop
  endfacet
  facet normal 0 0 -1
    outer loop
      vertex -48.3397 80.175 0
      vertex -59 93.4 0
      vertex -48.307 80.2239 0
    endloop
  endfacet
  facet normal 0 0 -1
    outer loop
      vertex -48.3657 80.1222 0
      vertex -59 93.4 0
      vertex -48.3397 80.175 0
    endloop
  endfacet
  facet normal 0 0 -1
    outer loop
      vertex -66.4 86 0
      vertex -48.3657 80.1222 0
      vertex -48.3847 80.0665 0
    endloop
  endfacet
  facet normal 0 0 -1
    outer loop
      vertex -66.4 86 0
      vertex -48.3847 80.0665 0
      vertex -48.3961 80.0087 0
    endloop
  endfacet
  facet normal 0 0 -1
    outer loop
      vertex -66.4 86 0
      vertex -48.3961 80.0087 0
      vertex -48.4 79.95 0
    endloop
  endfacet
  facet normal -0 0 -1
    outer loop
      vertex -48.4 -79.95 0
      vertex -66.4 -86 0
      vertex -48.4 79.95 0
    endloop
  endfacet
  facet normal 0 0 -1
    outer loop
      vertex -66.4 -86 0
      vertex -59 -93.4 0
      vertex -59.9659 -93.3367 0
    endloop
  endfacet
  facet normal 0 0 -1
    outer loop
      vertex -66.4 86 0
      vertex -48.4 79.95 0
      vertex -66.4 -86 0
    endloop
  endfacet
  facet normal 0 0 -1
    outer loop
      vertex -66.4 -86 0
      vertex -59.9659 -93.3367 0
      vertex -60.9153 -93.1479 0
    endloop
  endfacet
  facet normal 0 0 -1
    outer loop
      vertex -48.3657 80.1222 0
      vertex -66.4 86 0
      vertex -59 93.4 0
    endloop
  endfacet
  facet normal 0 0 -1
    outer loop
      vertex -66.4 -86 0
      vertex -60.9153 -93.1479 0
      vertex -61.8319 -92.8367 0
    endloop
  endfacet
  facet normal 0 0 -1
    outer loop
      vertex -59 93.4 0
      vertex -66.4 86 0
      vertex -59.9659 93.3367 0
    endloop
  endfacet
  facet normal 0 0 -1
    outer loop
      vertex -66.4 -86 0
      vertex -61.8319 -92.8367 0
      vertex -62.7 -92.4086 0
    endloop
  endfacet
  facet normal 0 0 -1
    outer loop
      vertex -59.9659 93.3367 0
      vertex -66.4 86 0
      vertex -60.9153 93.1479 0
    endloop
  endfacet
  facet normal 0 0 -1
    outer loop
      vertex -66.4 -86 0
      vertex -62.7 -92.4086 0
      vertex -63.5048 -91.8708 0
    endloop
  endfacet
  facet normal 0 0 -1
    outer loop
      vertex -60.9153 93.1479 0
      vertex -66.4 86 0
      vertex -61.8319 92.8367 0
    endloop
  endfacet
  facet normal 0 0 -1
    outer loop
      vertex -66.4 -86 0
      vertex -63.5048 -91.8708 0
      vertex -64.2326 -91.2326 0
    endloop
  endfacet
  facet normal 0 0 -1
    outer loop
      vertex -61.8319 92.8367 0
      vertex -66.4 86 0
      vertex -62.7 92.4086 0
    endloop
  endfacet
  facet normal 0 0 -1
    outer loop
      vertex -66.4 -86 0
      vertex -64.2326 -91.2326 0
      vertex -64.8708 -90.5048 0
    endloop
  endfacet
  facet normal 0 0 -1
    outer loop
      vertex -62.7 92.4086 0
      vertex -66.4 86 0
      vertex -63.5048 91.8708 0
    endloop
  endfacet
  facet normal 0 0 -1
    outer loop
      vertex -66.4 -86 0
      vertex -64.8708 -90.5048 0
      vertex -65.4086 -89.7 0
    endloop
  endfacet
  facet normal 0 0 -1
    outer loop
      vertex -63.5048 91.8708 0
      vertex -66.4 86 0
      vertex -64.2326 91.2326 0
    endloop
  endfacet
  facet normal 0 0 -1
    outer loop
      vertex -66.4 -86 0
      vertex -65.4086 -89.7 0
      vertex -65.8367 -88.8319 0
    endloop
  endfacet
  facet normal 0 0 -1
    outer loop
      vertex -64.2326 91.2326 0
      vertex -66.4 86 0
      vertex -64.8708 90.5048 0
    endloop
  endfacet
  facet normal 0 0 -1
    outer loop
      vertex -66.4 -86 0
      vertex -65.8367 -88.8319 0
      vertex -66.1479 -87.9153 0
    endloop
  endfacet
  facet normal 0 0 -1
    outer loop
      vertex -64.8708 90.5048 0
      vertex -66.4 86 0
      vertex -65.4086 89.7 0
    endloop
  endfacet
  facet normal 0 0 -1
    outer loop
      vertex -66.4 -86 0
      vertex -66.1479 -87.9153 0
      vertex -66.3367 -86.9659 0
    endloop
  endfacet
  facet normal 0 0 -1
    outer loop
      vertex -65.4086 89.7 0
      vertex -66.4 86 0
      vertex -65.8367 88.8319 0
    endloop
  endfacet
  facet normal 0 0 -1
    outer loop
      vertex -65.8367 88.8319 0
      vertex -66.4 86 0
      vertex -66.1479 87.9153 0
    endloop
  endfacet
  facet normal 0 0 -1
    outer loop
      vertex -66.1479 87.9153 0
      vertex -66.4 86 0
      vertex -66.3367 86.9659 0
    endloop
  endfacet
  facet normal 0 0 -1
    outer loop
      vertex 29.9 -88.4 0
      vertex 47.95 -80.4 0
      vertex 29.9 -91.8 0
    endloop
  endfacet
  facet normal 0 0 -1
    outer loop
      vertex 25.1 -88.4 0
      vertex 47.95 -80.4 0
      vertex 29.9 -88.4 0
    endloop
  endfacet
  facet normal 0 0 -1
    outer loop
      vertex -25.1 -88.4 0
      vertex 25.1 -88.4 0
      vertex -25.1 -91.8 0
    endloop
  endfacet
  facet normal 0 0 -1
    outer loop
      vertex 25.1 -88.4 0
      vertex -25.1 -88.4 0
      vertex 47.95 -80.4 0
    endloop
  endfacet
  facet normal 0 0 -1
    outer loop
      vertex -47.95 -80.4 0
      vertex -25.1 -88.4 0
      vertex -29.9 -88.4 0
    endloop
  endfacet
  facet normal 0 0 -1
    outer loop
      vertex -25.1 -88.4 0
      vertex -47.95 -80.4 0
      vertex 47.95 -80.4 0
    endloop
  endfacet
  facet normal 0.0462692 -0.706349 -0.70635
    outer loop
      vertex 60.0442 -93.9316 0.599999
      vertex 59 -94 0.599999
      vertex 59 -93.4 0
    endloop
  endfacet
  facet normal -0.588557 0.393298 -0.706341
    outer loop
      vertex -65.4086 89.7 0
      vertex -65.9282 90 0.599999
      vertex -64.8708 90.5048 0
    endloop
  endfacet
  facet normal -0.634871 -0.313084 -0.706341
    outer loop
      vertex -65.4086 -89.7 0
      vertex -65.9282 -90 0.599999
      vertex -65.8367 -88.8319 0
    endloop
  endfacet
  facet normal -0.393298 -0.588557 -0.706341
    outer loop
      vertex -63 -92.9282 0.599999
      vertex -63.5048 -91.8708 0
      vertex -62.7 -92.4086 0
    endloop
  endfacet
  facet normal -0.321469 -0.94692 0
    outer loop
      vertex -62.0615 -93.391 0.599999
      vertex -61.0706 -93.7274 9
      vertex -62.0615 -93.391 9
    endloop
  endfacet
  facet normal -0.321469 -0.94692 -0
    outer loop
      vertex -61.0706 -93.7274 9
      vertex -62.0615 -93.391 0.599999
      vertex -61.0706 -93.7274 0.599999
    endloop
  endfacet
  facet normal 0.980779 -0.195124 0
    outer loop
      vertex 66.7274 -88.0706 9
      vertex 66.9316 -87.0442 0.599999
      vertex 66.9316 -87.0442 9
    endloop
  endfacet
  facet normal 0.980779 -0.195124 0
    outer loop
      vertex 66.9316 -87.0442 0.599999
      vertex 66.7274 -88.0706 9
      vertex 66.7274 -88.0706 0.599999
    endloop
  endfacet
  facet normal 0 -1 0
    outer loop
      vertex -59 -94 9
      vertex 6.9 -94 7.2
      vertex 6.9 -94 9
    endloop
  endfacet
  facet normal 0 -1 0
    outer loop
      vertex 6.9 -94 7.2
      vertex 8.29549 -94 6.67381
      vertex 8.07753 -94 7.2
    endloop
  endfacet
  facet normal 0 -1 0
    outer loop
      vertex -59 -94 0.599999
      vertex 6.9 -94 7.2
      vertex -59 -94 9
    endloop
  endfacet
  facet normal -0 -1 0
    outer loop
      vertex 8.94778 -94 5.9708
      vertex 6.9 -94 7.2
      vertex -59 -94 0.599999
    endloop
  endfacet
  facet normal 0 -1 0
    outer loop
      vertex 6.9 -94 7.2
      vertex 8.38389 -94 6.53367
      vertex 8.29549 -94 6.67381
    endloop
  endfacet
  facet normal 0 -1 0
    outer loop
      vertex 6.9 -94 7.2
      vertex 8.42523 -94 6.4876
      vertex 8.38389 -94 6.53367
    endloop
  endfacet
  facet normal 0 -1 0
    outer loop
      vertex 6.9 -94 7.2
      vertex 8.92699 -94 5.99058
      vertex 8.42523 -94 6.4876
    endloop
  endfacet
  facet normal 0 -1 0
    outer loop
      vertex 6.9 -94 7.2
      vertex 8.94778 -94 5.9708
      vertex 8.92699 -94 5.99058
    endloop
  endfacet
  facet normal 0 -1 -0
    outer loop
      vertex 8.94778 -94 5.9708
      vertex -59 -94 0.599999
      vertex 8.95353 -94 5.96808
    endloop
  endfacet
  facet normal 0 -1 -0
    outer loop
      vertex 8.95353 -94 5.96808
      vertex -59 -94 0.599999
      vertex 9.55554 -94 5.75668
    endloop
  endfacet
  facet normal 0 -1 -0
    outer loop
      vertex 9.55554 -94 5.75668
      vertex -59 -94 0.599999
      vertex 9.7172 -94 5.71295
    endloop
  endfacet
  facet normal 0 -1 -0
    outer loop
      vertex 9.7172 -94 5.71295
      vertex -59 -94 0.599999
      vertex 9.84695 -94 5.68562
    endloop
  endfacet
  facet normal 0 -1 -0
    outer loop
      vertex 9.84695 -94 5.68562
      vertex -59 -94 0.599999
      vertex 10 -94 5.67602
    endloop
  endfacet
  facet normal 0 -1 -0
    outer loop
      vertex 11.9225 -94 7.2
      vertex 11.7045 -94 6.67381
      vertex 13.1 -94 7.2
    endloop
  endfacet
  facet normal 0 -1 0
    outer loop
      vertex 13.1 -94 7.2
      vertex 59 -94 9
      vertex 13.1 -94 9
    endloop
  endfacet
  facet normal 0 -1 0
    outer loop
      vertex 11.6161 -94 6.53367
      vertex 13.1 -94 7.2
      vertex 11.7045 -94 6.67381
    endloop
  endfacet
  facet normal 0 -1 0
    outer loop
      vertex 11.5748 -94 6.4876
      vertex 13.1 -94 7.2
      vertex 11.6161 -94 6.53367
    endloop
  endfacet
  facet normal 0 -1 0
    outer loop
      vertex 11.073 -94 5.99058
      vertex 13.1 -94 7.2
      vertex 11.5748 -94 6.4876
    endloop
  endfacet
  facet normal 0 -1 0
    outer loop
      vertex 11.0522 -94 5.9708
      vertex 13.1 -94 7.2
      vertex 11.073 -94 5.99058
    endloop
  endfacet
  facet normal 0 -1 -0
    outer loop
      vertex 13.1 -94 7.2
      vertex 11.0522 -94 5.9708
      vertex 59 -94 0.599999
    endloop
  endfacet
  facet normal 0 -1 0
    outer loop
      vertex 59 -94 0.599999
      vertex 11.0522 -94 5.9708
      vertex 11.0465 -94 5.96808
    endloop
  endfacet
  facet normal 0 -1 0
    outer loop
      vertex 59 -94 0.599999
      vertex 11.0465 -94 5.96808
      vertex 10.4445 -94 5.75668
    endloop
  endfacet
  facet normal 0 -1 0
    outer loop
      vertex 59 -94 0.599999
      vertex 10.4445 -94 5.75668
      vertex 10.2828 -94 5.71295
    endloop
  endfacet
  facet normal 0 -1 0
    outer loop
      vertex 59 -94 0.599999
      vertex 10.2828 -94 5.71295
      vertex 10.153 -94 5.68562
    endloop
  endfacet
  facet normal 0 -1 0
    outer loop
      vertex 59 -94 0.599999
      vertex 10 -94 5.67602
      vertex -59 -94 0.599999
    endloop
  endfacet
  facet normal 0 -1 0
    outer loop
      vertex 10 -94 5.67602
      vertex 59 -94 0.599999
      vertex 10.153 -94 5.68562
    endloop
  endfacet
  facet normal 0 -1 0
    outer loop
      vertex 13.1 -94 7.2
      vertex 59 -94 0.599999
      vertex 59 -94 9
    endloop
  endfacet
  facet normal -0.313078 -0.634883 -0.706332
    outer loop
      vertex -62.0615 -93.391 0.599999
      vertex -63 -92.9282 0.599999
      vertex -61.8319 -92.8367 0
    endloop
  endfacet
  facet normal -0.555582 0.831462 0
    outer loop
      vertex -63 92.9282 0.599999
      vertex -63.8701 92.3468 9
      vertex -63 92.9282 9
    endloop
  endfacet
  facet normal -0.555582 0.831462 0
    outer loop
      vertex -63.8701 92.3468 9
      vertex -63 92.9282 0.599999
      vertex -63.8701 92.3468 0.599999
    endloop
  endfacet
  facet normal -0.313078 0.634883 -0.706332
    outer loop
      vertex -61.8319 92.8367 0
      vertex -63 92.9282 0.599999
      vertex -62.0615 93.391 0.599999
    endloop
  endfacet
  facet normal -0.670319 0.227566 -0.706319
    outer loop
      vertex -66.1479 87.9153 0
      vertex -66.7274 88.0706 0.599999
      vertex -66.391 89.0615 0.599999
    endloop
  endfacet
  facet normal -0.659289 -0.75189 0
    outer loop
      vertex -64.6569 -91.6569 0.599999
      vertex -63.8701 -92.3468 9
      vertex -64.6569 -91.6569 9
    endloop
  endfacet
  facet normal -0.659289 -0.75189 -0
    outer loop
      vertex -63.8701 -92.3468 9
      vertex -64.6569 -91.6569 0.599999
      vertex -63.8701 -92.3468 0.599999
    endloop
  endfacet
  facet normal -0.588554 0.393271 -0.706358
    outer loop
      vertex -64.8708 90.5048 0
      vertex -65.9282 90 0.599999
      vertex -65.3468 90.8701 0.599999
    endloop
  endfacet
  facet normal 0.195124 -0.980779 0
    outer loop
      vertex 60.0442 -93.9316 0.599999
      vertex 61.0706 -93.7274 9
      vertex 60.0442 -93.9316 9
    endloop
  endfacet
  facet normal 0.195124 -0.980779 0
    outer loop
      vertex 61.0706 -93.7274 9
      vertex 60.0442 -93.9316 0.599999
      vertex 61.0706 -93.7274 0.599999
    endloop
  endfacet
  facet normal 0.659289 0.75189 -0
    outer loop
      vertex 64.6569 91.6569 0.599999
      vertex 63.8701 92.3468 9
      vertex 64.6569 91.6569 9
    endloop
  endfacet
  facet normal 0.659289 0.75189 0
    outer loop
      vertex 63.8701 92.3468 9
      vertex 64.6569 91.6569 0.599999
      vertex 63.8701 92.3468 0.599999
    endloop
  endfacet
  facet normal -0.70633 -0.0462891 -0.706368
    outer loop
      vertex -66.3367 -86.9659 0
      vertex -66.9316 -87.0442 0.599999
      vertex -66.4 -86 0
    endloop
  endfacet
  facet normal -0.0462692 0.706349 -0.70635
    outer loop
      vertex -59 93.4 0
      vertex -60.0442 93.9316 0.599999
      vertex -59 94 0.599999
    endloop
  endfacet
  facet normal -0.707106 0 -0.707107
    outer loop
      vertex -67 -86 0.599999
      vertex -66.4 86 0
      vertex -66.4 -86 0
    endloop
  endfacet
  facet normal -0.707106 0 -0.707107
    outer loop
      vertex -66.4 86 0
      vertex -67 -86 0.599999
      vertex -67 86 0.599999
    endloop
  endfacet
  facet normal -0.997861 -0.0653646 0
    outer loop
      vertex -66.9316 -87.0442 0.599999
      vertex -67 -86 9
      vertex -67 -86 0.599999
    endloop
  endfacet
  facet normal -0.997861 -0.0653646 0
    outer loop
      vertex -67 -86 9
      vertex -66.9316 -87.0442 0.599999
      vertex -66.9316 -87.0442 9
    endloop
  endfacet
  facet normal -0.0653646 0.997861 0
    outer loop
      vertex -59 94 0.599999
      vertex -60.0442 93.9316 9
      vertex -59 94 9
    endloop
  endfacet
  facet normal -0.0653646 0.997861 0
    outer loop
      vertex -60.0442 93.9316 9
      vertex -59 94 0.599999
      vertex -60.0442 93.9316 0.599999
    endloop
  endfacet
  facet normal 0.227577 -0.6703 -0.706333
    outer loop
      vertex 62.0615 -93.391 0.599999
      vertex 60.9153 -93.1479 0
      vertex 61.8319 -92.8367 0
    endloop
  endfacet
  facet normal -0.195124 0.980779 0
    outer loop
      vertex -60.0442 93.9316 0.599999
      vertex -61.0706 93.7274 9
      vertex -60.0442 93.9316 9
    endloop
  endfacet
  facet normal -0.195124 0.980779 0
    outer loop
      vertex -61.0706 93.7274 9
      vertex -60.0442 93.9316 0.599999
      vertex -61.0706 93.7274 0.599999
    endloop
  endfacet
  facet normal -1 0 0
    outer loop
      vertex -67 86 0.599999
      vertex -67 69 3.36
      vertex -67 86 9
    endloop
  endfacet
  facet normal -1 0 0
    outer loop
      vertex -67 86 0.599999
      vertex -67 61 3.36
      vertex -67 69 3.36
    endloop
  endfacet
  facet normal -1 0 0
    outer loop
      vertex -67 61 3.36
      vertex -67 51 6.1
      vertex -67 61 6.41
    endloop
  endfacet
  facet normal -1 0 0
    outer loop
      vertex -67 61 3.36
      vertex -67 43 6.1
      vertex -67 51 6.1
    endloop
  endfacet
  facet normal -1 0 0
    outer loop
      vertex -67 43 6.1
      vertex -67 -25 6.1
      vertex -67 43 8.1
    endloop
  endfacet
  facet normal -1 0 0
    outer loop
      vertex -67 -41 3.36
      vertex -67 43 6.1
      vertex -67 61 3.36
    endloop
  endfacet
  facet normal -1 0 0
    outer loop
      vertex -67 -41 3.36
      vertex -67 61 3.36
      vertex -67 86 0.599999
    endloop
  endfacet
  facet normal -1 -0 0
    outer loop
      vertex -67 43 6.1
      vertex -67 -41 3.36
      vertex -67 -25 6.1
    endloop
  endfacet
  facet normal -1 0 0
    outer loop
      vertex -67 -41 6.41
      vertex -67 -33 6.1
      vertex -67 -41 3.36
    endloop
  endfacet
  facet normal -1 -0 0
    outer loop
      vertex -67 -25 6.1
      vertex -67 -41 3.36
      vertex -67 -33 6.1
    endloop
  endfacet
  facet normal -1 0 0
    outer loop
      vertex -67 -86 0.599999
      vertex -67 -41 3.36
      vertex -67 86 0.599999
    endloop
  endfacet
  facet normal -1 -0 0
    outer loop
      vertex -67 -49 3.36
      vertex -67 -86 0.599999
      vertex -67 -49 6.41
    endloop
  endfacet
  facet normal -1 -0 0
    outer loop
      vertex -67 -41 3.36
      vertex -67 -86 0.599999
      vertex -67 -49 3.36
    endloop
  endfacet
  facet normal -1 0 0
    outer loop
      vertex -67 69 6.41
      vertex -67 86 9
      vertex -67 69 3.36
    endloop
  endfacet
  facet normal -1 0 0
    outer loop
      vertex -67 51 8.1
      vertex -67 69 6.41
      vertex -67 61 6.41
    endloop
  endfacet
  facet normal -1 0 0
    outer loop
      vertex -67 51 8.1
      vertex -67 61 6.41
      vertex -67 51 6.1
    endloop
  endfacet
  facet normal -1 0 0
    outer loop
      vertex -67 69 6.41
      vertex -67 51 8.1
      vertex -67 86 9
    endloop
  endfacet
  facet normal -1 0 0
    outer loop
      vertex -67 43 8.1
      vertex -67 86 9
      vertex -67 51 8.1
    endloop
  endfacet
  facet normal -1 0 0
    outer loop
      vertex -67 -25 8.1
      vertex -67 43 8.1
      vertex -67 -25 6.1
    endloop
  endfacet
  facet normal -1 0 0
    outer loop
      vertex -67 -25 8.1
      vertex -67 86 9
      vertex -67 43 8.1
    endloop
  endfacet
  facet normal -1 0 0
    outer loop
      vertex -67 -33 8.1
      vertex -67 86 9
      vertex -67 -25 8.1
    endloop
  endfacet
  facet normal -1 0 0
    outer loop
      vertex -67 -33 6.1
      vertex -67 -41 6.41
      vertex -67 -33 8.1
    endloop
  endfacet
  facet normal -1 0 0
    outer loop
      vertex -67 -49 6.41
      vertex -67 -33 8.1
      vertex -67 -41 6.41
    endloop
  endfacet
  facet normal -1 0 0
    outer loop
      vertex -67 -33 8.1
      vertex -67 -86 9
      vertex -67 86 9
    endloop
  endfacet
  facet normal -1 0 0
    outer loop
      vertex -67 -49 6.41
      vertex -67 -86 9
      vertex -67 -33 8.1
    endloop
  endfacet
  facet normal -1 0 0
    outer loop
      vertex -67 -86 9
      vertex -67 -49 6.41
      vertex -67 -86 0.599999
    endloop
  endfacet
  facet normal 0.659289 -0.75189 0
    outer loop
      vertex 63.8701 -92.3468 0.599999
      vertex 64.6569 -91.6569 9
      vertex 63.8701 -92.3468 9
    endloop
  endfacet
  facet normal 0.659289 -0.75189 0
    outer loop
      vertex 64.6569 -91.6569 9
      vertex 63.8701 -92.3468 0.599999
      vertex 64.6569 -91.6569 0.599999
    endloop
  endfacet
  facet normal 0.393298 0.588557 -0.706341
    outer loop
      vertex 63.5048 91.8708 0
      vertex 62.7 92.4086 0
      vertex 63 92.9282 0.599999
    endloop
  endfacet
  facet normal 0.321469 0.94692 -0
    outer loop
      vertex 62.0615 93.391 0.599999
      vertex 61.0706 93.7274 9
      vertex 62.0615 93.391 9
    endloop
  endfacet
  facet normal 0.321469 0.94692 0
    outer loop
      vertex 61.0706 93.7274 9
      vertex 62.0615 93.391 0.599999
      vertex 61.0706 93.7274 0.599999
    endloop
  endfacet
  facet normal 0 -0.707106 -0.707107
    outer loop
      vertex -59 -94 0.599999
      vertex 59 -93.4 0
      vertex 59 -94 0.599999
    endloop
  endfacet
  facet normal -0 -0.707106 -0.707107
    outer loop
      vertex 59 -93.4 0
      vertex -59 -94 0.599999
      vertex -59 -93.4 0
    endloop
  endfacet
  facet normal -0.6703 0.227577 -0.706333
    outer loop
      vertex -66.1479 87.9153 0
      vertex -66.391 89.0615 0.599999
      vertex -65.8367 88.8319 0
    endloop
  endfacet
  facet normal -0.466682 0.532201 -0.706378
    outer loop
      vertex -64.2326 91.2326 0
      vertex -64.6569 91.6569 0.599999
      vertex -63.5048 91.8708 0
    endloop
  endfacet
  facet normal -0.321469 0.94692 0
    outer loop
      vertex -61.0706 93.7274 0.599999
      vertex -62.0615 93.391 9
      vertex -61.0706 93.7274 9
    endloop
  endfacet
  facet normal -0.321469 0.94692 0
    outer loop
      vertex -62.0615 93.391 9
      vertex -61.0706 93.7274 0.599999
      vertex -62.0615 93.391 0.599999
    endloop
  endfacet
  facet normal 0.0462891 -0.70633 -0.706368
    outer loop
      vertex 60.0442 -93.9316 0.599999
      vertex 59 -93.4 0
      vertex 59.9659 -93.3367 0
    endloop
  endfacet
  facet normal 0.694251 0.13806 -0.706368
    outer loop
      vertex 66.3367 86.9659 0
      vertex 66.1479 87.9153 0
      vertex 66.9316 87.0442 0.599999
    endloop
  endfacet
  facet normal 0.707106 0 -0.707107
    outer loop
      vertex 66.4 -86 0
      vertex 67 86 0.599999
      vertex 67 -86 0.599999
    endloop
  endfacet
  facet normal 0.707106 0 -0.707107
    outer loop
      vertex 67 86 0.599999
      vertex 66.4 -86 0
      vertex 66.4 86 0
    endloop
  endfacet
  facet normal 0.13806 0.694251 -0.706368
    outer loop
      vertex 60.9153 93.1479 0
      vertex 59.9659 93.3367 0
      vertex 60.0442 93.9316 0.599999
    endloop
  endfacet
  facet normal 0.313084 0.634871 -0.706341
    outer loop
      vertex 62.7 92.4086 0
      vertex 61.8319 92.8367 0
      vertex 63 92.9282 0.599999
    endloop
  endfacet
  facet normal -0.831462 -0.555582 0
    outer loop
      vertex -65.3468 -90.8701 0.599999
      vertex -65.9282 -90 9
      vertex -65.9282 -90 0.599999
    endloop
  endfacet
  facet normal -0.831462 -0.555582 0
    outer loop
      vertex -65.9282 -90 9
      vertex -65.3468 -90.8701 0.599999
      vertex -65.3468 -90.8701 9
    endloop
  endfacet
  facet normal -0.694287 -0.138127 -0.706319
    outer loop
      vertex -66.7274 -88.0706 0.599999
      vertex -66.9316 -87.0442 0.599999
      vertex -66.1479 -87.9153 0
    endloop
  endfacet
  facet normal -0.94692 -0.321469 0
    outer loop
      vertex -66.391 -89.0615 0.599999
      vertex -66.7274 -88.0706 9
      vertex -66.7274 -88.0706 0.599999
    endloop
  endfacet
  facet normal -0.94692 -0.321469 0
    outer loop
      vertex -66.7274 -88.0706 9
      vertex -66.391 -89.0615 0.599999
      vertex -66.391 -89.0615 9
    endloop
  endfacet
  facet normal -0.706349 0.0462692 -0.70635
    outer loop
      vertex -66.4 86 0
      vertex -67 86 0.599999
      vertex -66.9316 87.0442 0.599999
    endloop
  endfacet
  facet normal -0.997861 0.0653646 0
    outer loop
      vertex -67 86 0.599999
      vertex -66.9316 87.0442 9
      vertex -66.9316 87.0442 0.599999
    endloop
  endfacet
  facet normal -0.997861 0.0653646 0
    outer loop
      vertex -66.9316 87.0442 9
      vertex -67 86 0.599999
      vertex -67 86 9
    endloop
  endfacet
  facet normal -0.227577 -0.6703 -0.706333
    outer loop
      vertex -60.9153 -93.1479 0
      vertex -62.0615 -93.391 0.599999
      vertex -61.8319 -92.8367 0
    endloop
  endfacet
  facet normal 0.227577 0.6703 -0.706333
    outer loop
      vertex 61.8319 92.8367 0
      vertex 60.9153 93.1479 0
      vertex 62.0615 93.391 0.599999
    endloop
  endfacet
  facet normal -0.670319 -0.227566 -0.706319
    outer loop
      vertex -66.391 -89.0615 0.599999
      vertex -66.7274 -88.0706 0.599999
      vertex -66.1479 -87.9153 0
    endloop
  endfacet
  facet normal 0.997861 0.0653646 0
    outer loop
      vertex 67 86 9
      vertex 66.9316 87.0442 0.599999
      vertex 66.9316 87.0442 9
    endloop
  endfacet
  facet normal 0.997861 0.0653646 0
    outer loop
      vertex 66.9316 87.0442 0.599999
      vertex 67 86 9
      vertex 67 86 0.599999
    endloop
  endfacet
  facet normal -0.13806 0.694251 -0.706368
    outer loop
      vertex -59.9659 93.3367 0
      vertex -60.9153 93.1479 0
      vertex -60.0442 93.9316 0.599999
    endloop
  endfacet
  facet normal 0.6703 0.227577 -0.706333
    outer loop
      vertex 66.1479 87.9153 0
      vertex 65.8367 88.8319 0
      vertex 66.391 89.0615 0.599999
    endloop
  endfacet
  facet normal -0.227566 -0.670319 -0.706319
    outer loop
      vertex -61.0706 -93.7274 0.599999
      vertex -62.0615 -93.391 0.599999
      vertex -60.9153 -93.1479 0
    endloop
  endfacet
  facet normal 0.831462 0.555582 0
    outer loop
      vertex 65.9282 90 9
      vertex 65.3468 90.8701 0.599999
      vertex 65.3468 90.8701 9
    endloop
  endfacet
  facet normal 0.831462 0.555582 0
    outer loop
      vertex 65.3468 90.8701 0.599999
      vertex 65.9282 90 9
      vertex 65.9282 90 0.599999
    endloop
  endfacet
  facet normal 0 0 1
    outer loop
      vertex 64.8 86 9
      vertex 67 86 9
      vertex 66.9316 87.0442 9
    endloop
  endfacet
  facet normal 0 0 1
    outer loop
      vertex 67 86 9
      vertex 64.8 86 9
      vertex 67 -86 9
    endloop
  endfacet
  facet normal 0 0 1
    outer loop
      vertex 64.7504 86.757 9
      vertex 66.9316 87.0442 9
      vertex 66.7274 88.0706 9
    endloop
  endfacet
  facet normal 0 0 1
    outer loop
      vertex 64.8 -86 9
      vertex 67 -86 9
      vertex 64.8 86 9
    endloop
  endfacet
  facet normal 0 0 1
    outer loop
      vertex 64.6024 87.5011 9
      vertex 66.7274 88.0706 9
      vertex 66.391 89.0615 9
    endloop
  endfacet
  facet normal 0 0 1
    outer loop
      vertex 67 -86 9
      vertex 64.8 -86 9
      vertex 66.9316 -87.0442 9
    endloop
  endfacet
  facet normal 0 0 1
    outer loop
      vertex 64.3585 88.2196 9
      vertex 66.391 89.0615 9
      vertex 65.9282 90 9
    endloop
  endfacet
  facet normal -0 0 1
    outer loop
      vertex 64.7504 -86.757 9
      vertex 66.9316 -87.0442 9
      vertex 64.8 -86 9
    endloop
  endfacet
  facet normal 0 0 1
    outer loop
      vertex 64.0229 88.9 9
      vertex 65.9282 90 9
      vertex 65.3468 90.8701 9
    endloop
  endfacet
  facet normal 0 0 1
    outer loop
      vertex 66.9316 -87.0442 9
      vertex 64.7504 -86.757 9
      vertex 66.7274 -88.0706 9
    endloop
  endfacet
  facet normal -0 0 1
    outer loop
      vertex 64.6024 -87.5011 9
      vertex 66.7274 -88.0706 9
      vertex 64.7504 -86.757 9
    endloop
  endfacet
  facet normal 0 0 1
    outer loop
      vertex 66.9316 87.0442 9
      vertex 64.7504 86.757 9
      vertex 64.8 86 9
    endloop
  endfacet
  facet normal 0 0 1
    outer loop
      vertex 63.6015 89.5308 9
      vertex 65.3468 90.8701 9
      vertex 64.6569 91.6569 9
    endloop
  endfacet
  facet normal 0 0 1
    outer loop
      vertex 66.7274 88.0706 9
      vertex 64.6024 87.5011 9
      vertex 64.7504 86.757 9
    endloop
  endfacet
  facet normal 0 0 1
    outer loop
      vertex 66.391 89.0615 9
      vertex 64.3585 88.2196 9
      vertex 64.6024 87.5011 9
    endloop
  endfacet
  facet normal 0 0 1
    outer loop
      vertex 65.9282 90 9
      vertex 64.0229 88.9 9
      vertex 64.3585 88.2196 9
    endloop
  endfacet
  facet normal 0 0 1
    outer loop
      vertex 63.1012 90.1012 9
      vertex 64.6569 91.6569 9
      vertex 63.8701 92.3468 9
    endloop
  endfacet
  facet normal 0 0 1
    outer loop
      vertex 65.3468 90.8701 9
      vertex 63.6015 89.5308 9
      vertex 64.0229 88.9 9
    endloop
  endfacet
  facet normal 0 0 1
    outer loop
      vertex 64.6569 91.6569 9
      vertex 63.1012 90.1012 9
      vertex 63.6015 89.5308 9
    endloop
  endfacet
  facet normal 0 0 1
    outer loop
      vertex 62.5308 90.6015 9
      vertex 63.8701 92.3468 9
      vertex 63 92.9282 9
    endloop
  endfacet
  facet normal 0 0 1
    outer loop
      vertex 63.8701 92.3468 9
      vertex 62.5308 90.6015 9
      vertex 63.1012 90.1012 9
    endloop
  endfacet
  facet normal 0 0 1
    outer loop
      vertex 61.9 91.0229 9
      vertex 63 92.9282 9
      vertex 62.0615 93.391 9
    endloop
  endfacet
  facet normal 0 0 1
    outer loop
      vertex 63 92.9282 9
      vertex 61.9 91.0229 9
      vertex 62.5308 90.6015 9
    endloop
  endfacet
  facet normal 0 0 1
    outer loop
      vertex 62.0615 93.391 9
      vertex 61.2196 91.3585 9
      vertex 61.9 91.0229 9
    endloop
  endfacet
  facet normal 0 0 1
    outer loop
      vertex 61.0706 93.7274 9
      vertex 61.2196 91.3585 9
      vertex 62.0615 93.391 9
    endloop
  endfacet
  facet normal 0 0 1
    outer loop
      vertex 61.0706 93.7274 9
      vertex 60.5011 91.6024 9
      vertex 61.2196 91.3585 9
    endloop
  endfacet
  facet normal 0 0 1
    outer loop
      vertex 60.0442 93.9316 9
      vertex 60.5011 91.6024 9
      vertex 61.0706 93.7274 9
    endloop
  endfacet
  facet normal 0 0 1
    outer loop
      vertex 60.0442 93.9316 9
      vertex 59.757 91.7504 9
      vertex 60.5011 91.6024 9
    endloop
  endfacet
  facet normal 0 0 1
    outer loop
      vertex 59 94 9
      vertex 59.757 91.7504 9
      vertex 60.0442 93.9316 9
    endloop
  endfacet
  facet normal 0 0 1
    outer loop
      vertex 59 94 9
      vertex 59 91.8 9
      vertex 59.757 91.7504 9
    endloop
  endfacet
  facet normal -0 0 1
    outer loop
      vertex -59 94 9
      vertex 59 91.8 9
      vertex 59 94 9
    endloop
  endfacet
  facet normal 0 0 1
    outer loop
      vertex -59 94 9
      vertex -59 91.8 9
      vertex 59 91.8 9
    endloop
  endfacet
  facet normal 0 0 1
    outer loop
      vertex -59 94 9
      vertex -59.757 91.7504 9
      vertex -59 91.8 9
    endloop
  endfacet
  facet normal -0 0 1
    outer loop
      vertex -60.0442 93.9316 9
      vertex -59.757 91.7504 9
      vertex -59 94 9
    endloop
  endfacet
  facet normal 0 0 1
    outer loop
      vertex -60.0442 93.9316 9
      vertex -60.5011 91.6024 9
      vertex -59.757 91.7504 9
    endloop
  endfacet
  facet normal -0 0 1
    outer loop
      vertex -61.0706 93.7274 9
      vertex -60.5011 91.6024 9
      vertex -60.0442 93.9316 9
    endloop
  endfacet
  facet normal 0 0 1
    outer loop
      vertex -61.0706 93.7274 9
      vertex -61.2196 91.3585 9
      vertex -60.5011 91.6024 9
    endloop
  endfacet
  facet normal -0 0 1
    outer loop
      vertex -62.0615 93.391 9
      vertex -61.2196 91.3585 9
      vertex -61.0706 93.7274 9
    endloop
  endfacet
  facet normal 0 0 1
    outer loop
      vertex -61.2196 91.3585 9
      vertex -62.0615 93.391 9
      vertex -61.9 91.0229 9
    endloop
  endfacet
  facet normal -0 0 1
    outer loop
      vertex -63 92.9282 9
      vertex -61.9 91.0229 9
      vertex -62.0615 93.391 9
    endloop
  endfacet
  facet normal 0 0 1
    outer loop
      vertex -61.9 91.0229 9
      vertex -63 92.9282 9
      vertex -62.5308 90.6015 9
    endloop
  endfacet
  facet normal -0 0 1
    outer loop
      vertex -63.8701 92.3468 9
      vertex -62.5308 90.6015 9
      vertex -63 92.9282 9
    endloop
  endfacet
  facet normal 0 0 1
    outer loop
      vertex -62.5308 90.6015 9
      vertex -63.8701 92.3468 9
      vertex -63.1012 90.1012 9
    endloop
  endfacet
  facet normal -0 0 1
    outer loop
      vertex -64.6569 91.6569 9
      vertex -63.1012 90.1012 9
      vertex -63.8701 92.3468 9
    endloop
  endfacet
  facet normal 0 0 1
    outer loop
      vertex -63.1012 90.1012 9
      vertex -64.6569 91.6569 9
      vertex -63.6015 89.5308 9
    endloop
  endfacet
  facet normal -0 0 1
    outer loop
      vertex -65.3468 90.8701 9
      vertex -63.6015 89.5308 9
      vertex -64.6569 91.6569 9
    endloop
  endfacet
  facet normal 0 0 1
    outer loop
      vertex -63.6015 89.5308 9
      vertex -65.3468 90.8701 9
      vertex -64.0229 88.9 9
    endloop
  endfacet
  facet normal -0 0 1
    outer loop
      vertex -65.9282 90 9
      vertex -64.0229 88.9 9
      vertex -65.3468 90.8701 9
    endloop
  endfacet
  facet normal 0 0 1
    outer loop
      vertex -64.0229 88.9 9
      vertex -65.9282 90 9
      vertex -64.3585 88.2196 9
    endloop
  endfacet
  facet normal -0 0 1
    outer loop
      vertex -66.391 89.0615 9
      vertex -64.3585 88.2196 9
      vertex -65.9282 90 9
    endloop
  endfacet
  facet normal -0 0 1
    outer loop
      vertex -66.7274 88.0706 9
      vertex -64.6024 87.5011 9
      vertex -66.391 89.0615 9
    endloop
  endfacet
  facet normal 0 0 1
    outer loop
      vertex -64.3585 88.2196 9
      vertex -66.391 89.0615 9
      vertex -64.6024 87.5011 9
    endloop
  endfacet
  facet normal 0 0 1
    outer loop
      vertex 66.7274 -88.0706 9
      vertex 64.6024 -87.5011 9
      vertex 66.391 -89.0615 9
    endloop
  endfacet
  facet normal -0 0 1
    outer loop
      vertex 64.3585 -88.2196 9
      vertex 66.391 -89.0615 9
      vertex 64.6024 -87.5011 9
    endloop
  endfacet
  facet normal 0 0 1
    outer loop
      vertex 66.391 -89.0615 9
      vertex 64.3585 -88.2196 9
      vertex 65.9282 -90 9
    endloop
  endfacet
  facet normal -0 0 1
    outer loop
      vertex 64.0229 -88.9 9
      vertex 65.9282 -90 9
      vertex 64.3585 -88.2196 9
    endloop
  endfacet
  facet normal 0 0 1
    outer loop
      vertex 65.9282 -90 9
      vertex 64.0229 -88.9 9
      vertex 65.3468 -90.8701 9
    endloop
  endfacet
  facet normal -0 0 1
    outer loop
      vertex 63.6015 -89.5308 9
      vertex 65.3468 -90.8701 9
      vertex 64.0229 -88.9 9
    endloop
  endfacet
  facet normal 0 0 1
    outer loop
      vertex 65.3468 -90.8701 9
      vertex 63.6015 -89.5308 9
      vertex 64.6569 -91.6569 9
    endloop
  endfacet
  facet normal -0 0 1
    outer loop
      vertex 63.1012 -90.1012 9
      vertex 64.6569 -91.6569 9
      vertex 63.6015 -89.5308 9
    endloop
  endfacet
  facet normal 0 0 1
    outer loop
      vertex 64.6569 -91.6569 9
      vertex 63.1012 -90.1012 9
      vertex 63.8701 -92.3468 9
    endloop
  endfacet
  facet normal -0 0 1
    outer loop
      vertex 62.5308 -90.6015 9
      vertex 63.8701 -92.3468 9
      vertex 63.1012 -90.1012 9
    endloop
  endfacet
  facet normal 0 0 1
    outer loop
      vertex 63.8701 -92.3468 9
      vertex 62.5308 -90.6015 9
      vertex 63 -92.9282 9
    endloop
  endfacet
  facet normal -0 0 1
    outer loop
      vertex 61.9 -91.0229 9
      vertex 63 -92.9282 9
      vertex 62.5308 -90.6015 9
    endloop
  endfacet
  facet normal 0 0 1
    outer loop
      vertex 63 -92.9282 9
      vertex 61.9 -91.0229 9
      vertex 62.0615 -93.391 9
    endloop
  endfacet
  facet normal -0 0 1
    outer loop
      vertex 61.2196 -91.3585 9
      vertex 62.0615 -93.391 9
      vertex 61.9 -91.0229 9
    endloop
  endfacet
  facet normal 0 0 1
    outer loop
      vertex 61.2196 -91.3585 9
      vertex 61.0706 -93.7274 9
      vertex 62.0615 -93.391 9
    endloop
  endfacet
  facet normal -0 0 1
    outer loop
      vertex 60.5011 -91.6024 9
      vertex 61.0706 -93.7274 9
      vertex 61.2196 -91.3585 9
    endloop
  endfacet
  facet normal 0 0 1
    outer loop
      vertex 60.5011 -91.6024 9
      vertex 60.0442 -93.9316 9
      vertex 61.0706 -93.7274 9
    endloop
  endfacet
  facet normal -0 0 1
    outer loop
      vertex 59.757 -91.7504 9
      vertex 60.0442 -93.9316 9
      vertex 60.5011 -91.6024 9
    endloop
  endfacet
  facet normal -0 0 1
    outer loop
      vertex 59 -91.8 9
      vertex 60.0442 -93.9316 9
      vertex 59.757 -91.7504 9
    endloop
  endfacet
  facet normal 0 0 1
    outer loop
      vertex 59 -91.8 9
      vertex 59 -94 9
      vertex 60.0442 -93.9316 9
    endloop
  endfacet
  facet normal -0 0 1
    outer loop
      vertex 13.1 -91.8 9
      vertex 59 -94 9
      vertex 59 -91.8 9
    endloop
  endfacet
  facet normal 0 0 1
    outer loop
      vertex 59 -94 9
      vertex 13.1 -91.8 9
      vertex 13.1 -94 9
    endloop
  endfacet
  facet normal -0 0 1
    outer loop
      vertex -59 -91.8 9
      vertex 6.9 -94 9
      vertex 6.9 -91.8 9
    endloop
  endfacet
  facet normal 0 0 1
    outer loop
      vertex -59 -91.8 9
      vertex -59 -94 9
      vertex 6.9 -94 9
    endloop
  endfacet
  facet normal 0 0 1
    outer loop
      vertex -59.757 -91.7504 9
      vertex -59 -94 9
      vertex -59 -91.8 9
    endloop
  endfacet
  facet normal 0 0 1
    outer loop
      vertex -59.757 -91.7504 9
      vertex -60.0442 -93.9316 9
      vertex -59 -94 9
    endloop
  endfacet
  facet normal 0 0 1
    outer loop
      vertex -60.5011 -91.6024 9
      vertex -60.0442 -93.9316 9
      vertex -59.757 -91.7504 9
    endloop
  endfacet
  facet normal 0 0 1
    outer loop
      vertex -60.5011 -91.6024 9
      vertex -61.0706 -93.7274 9
      vertex -60.0442 -93.9316 9
    endloop
  endfacet
  facet normal 0 0 1
    outer loop
      vertex -61.2196 -91.3585 9
      vertex -61.0706 -93.7274 9
      vertex -60.5011 -91.6024 9
    endloop
  endfacet
  facet normal 0 0 1
    outer loop
      vertex -62.0615 -93.391 9
      vertex -61.2196 -91.3585 9
      vertex -61.9 -91.0229 9
    endloop
  endfacet
  facet normal 0 0 1
    outer loop
      vertex -61.2196 -91.3585 9
      vertex -62.0615 -93.391 9
      vertex -61.0706 -93.7274 9
    endloop
  endfacet
  facet normal 0 0 1
    outer loop
      vertex -63 -92.9282 9
      vertex -61.9 -91.0229 9
      vertex -62.5308 -90.6015 9
    endloop
  endfacet
  facet normal 0 0 1
    outer loop
      vertex -61.9 -91.0229 9
      vertex -63 -92.9282 9
      vertex -62.0615 -93.391 9
    endloop
  endfacet
  facet normal 0 0 1
    outer loop
      vertex -63.8701 -92.3468 9
      vertex -62.5308 -90.6015 9
      vertex -63.1012 -90.1012 9
    endloop
  endfacet
  facet normal 0 0 1
    outer loop
      vertex -64.6569 -91.6569 9
      vertex -63.1012 -90.1012 9
      vertex -63.6015 -89.5308 9
    endloop
  endfacet
  facet normal 0 0 1
    outer loop
      vertex -62.5308 -90.6015 9
      vertex -63.8701 -92.3468 9
      vertex -63 -92.9282 9
    endloop
  endfacet
  facet normal 0 0 1
    outer loop
      vertex -65.3468 -90.8701 9
      vertex -63.6015 -89.5308 9
      vertex -64.0229 -88.9 9
    endloop
  endfacet
  facet normal 0 0 1
    outer loop
      vertex -65.9282 -90 9
      vertex -64.0229 -88.9 9
      vertex -64.3585 -88.2196 9
    endloop
  endfacet
  facet normal 0 0 1
    outer loop
      vertex -66.391 -89.0615 9
      vertex -64.3585 -88.2196 9
      vertex -64.6024 -87.5011 9
    endloop
  endfacet
  facet normal 0 0 1
    outer loop
      vertex -63.1012 -90.1012 9
      vertex -64.6569 -91.6569 9
      vertex -63.8701 -92.3468 9
    endloop
  endfacet
  facet normal 0 0 1
    outer loop
      vertex -66.7274 -88.0706 9
      vertex -64.6024 -87.5011 9
      vertex -64.7504 -86.757 9
    endloop
  endfacet
  facet normal 0 0 1
    outer loop
      vertex -66.9316 -87.0442 9
      vertex -64.7504 -86.757 9
      vertex -64.8 -86 9
    endloop
  endfacet
  facet normal 0 0 1
    outer loop
      vertex -63.6015 -89.5308 9
      vertex -65.3468 -90.8701 9
      vertex -64.6569 -91.6569 9
    endloop
  endfacet
  facet normal 0 0 1
    outer loop
      vertex -64.8 86 9
      vertex -67 86 9
      vertex -64.8 -86 9
    endloop
  endfacet
  facet normal 0 0 1
    outer loop
      vertex -64.6024 87.5011 9
      vertex -66.7274 88.0706 9
      vertex -64.7504 86.757 9
    endloop
  endfacet
  facet normal 0 0 1
    outer loop
      vertex -67 -86 9
      vertex -64.8 -86 9
      vertex -67 86 9
    endloop
  endfacet
  facet normal -0 0 1
    outer loop
      vertex -66.9316 87.0442 9
      vertex -64.7504 86.757 9
      vertex -66.7274 88.0706 9
    endloop
  endfacet
  facet normal 0 -0 1
    outer loop
      vertex -66.9316 -87.0442 9
      vertex -64.8 -86 9
      vertex -67 -86 9
    endloop
  endfacet
  facet normal 0 0 1
    outer loop
      vertex -64.7504 86.757 9
      vertex -66.9316 87.0442 9
      vertex -64.8 86 9
    endloop
  endfacet
  facet normal 0 0 1
    outer loop
      vertex -64.0229 -88.9 9
      vertex -65.9282 -90 9
      vertex -65.3468 -90.8701 9
    endloop
  endfacet
  facet normal 0 0 1
    outer loop
      vertex -64.8 86 9
      vertex -66.9316 87.0442 9
      vertex -67 86 9
    endloop
  endfacet
  facet normal 0 0 1
    outer loop
      vertex -64.3585 -88.2196 9
      vertex -66.391 -89.0615 9
      vertex -65.9282 -90 9
    endloop
  endfacet
  facet normal 0 0 1
    outer loop
      vertex -64.6024 -87.5011 9
      vertex -66.7274 -88.0706 9
      vertex -66.391 -89.0615 9
    endloop
  endfacet
  facet normal 0 0 1
    outer loop
      vertex -64.7504 -86.757 9
      vertex -66.9316 -87.0442 9
      vertex -66.7274 -88.0706 9
    endloop
  endfacet
  facet normal 0.0653646 0.997861 -0
    outer loop
      vertex 60.0442 93.9316 0.599999
      vertex 59 94 9
      vertex 60.0442 93.9316 9
    endloop
  endfacet
  facet normal 0.0653646 0.997861 0
    outer loop
      vertex 59 94 9
      vertex 60.0442 93.9316 0.599999
      vertex 59 94 0.599999
    endloop
  endfacet
  facet normal 0.138127 -0.694287 -0.706319
    outer loop
      vertex 61.0706 -93.7274 0.599999
      vertex 60.0442 -93.9316 0.599999
      vertex 60.9153 -93.1479 0
    endloop
  endfacet
  facet normal 0.227566 -0.670319 -0.706319
    outer loop
      vertex 61.0706 -93.7274 0.599999
      vertex 60.9153 -93.1479 0
      vertex 62.0615 -93.391 0.599999
    endloop
  endfacet
  facet normal 0.634871 0.313084 -0.706341
    outer loop
      vertex 65.8367 88.8319 0
      vertex 65.4086 89.7 0
      vertex 65.9282 90 0.599999
    endloop
  endfacet
  facet normal -0.13806 -0.694251 -0.706368
    outer loop
      vertex -60.0442 -93.9316 0.599999
      vertex -60.9153 -93.1479 0
      vertex -59.9659 -93.3367 0
    endloop
  endfacet
  facet normal -0.138127 -0.694287 -0.706319
    outer loop
      vertex -60.0442 -93.9316 0.599999
      vertex -61.0706 -93.7274 0.599999
      vertex -60.9153 -93.1479 0
    endloop
  endfacet
  facet normal -0.466678 0.532225 -0.706362
    outer loop
      vertex -63.5048 91.8708 0
      vertex -64.6569 91.6569 0.599999
      vertex -63.8701 92.3468 0.599999
    endloop
  endfacet
  facet normal 0.634883 0.313078 -0.706332
    outer loop
      vertex 66.391 89.0615 0.599999
      vertex 65.8367 88.8319 0
      vertex 65.9282 90 0.599999
    endloop
  endfacet
  facet normal -0.138127 0.694287 -0.706319
    outer loop
      vertex -60.9153 93.1479 0
      vertex -61.0706 93.7274 0.599999
      vertex -60.0442 93.9316 0.599999
    endloop
  endfacet
  facet normal -0.694251 0.13806 -0.706368
    outer loop
      vertex -66.3367 86.9659 0
      vertex -66.9316 87.0442 0.599999
      vertex -66.1479 87.9153 0
    endloop
  endfacet
  facet normal -0.532225 0.466678 -0.706362
    outer loop
      vertex -64.8708 90.5048 0
      vertex -65.3468 90.8701 0.599999
      vertex -64.6569 91.6569 0.599999
    endloop
  endfacet
  facet normal 0.896879 -0.442276 0
    outer loop
      vertex 65.9282 -90 9
      vertex 66.391 -89.0615 0.599999
      vertex 66.391 -89.0615 9
    endloop
  endfacet
  facet normal 0.896879 -0.442276 0
    outer loop
      vertex 66.391 -89.0615 0.599999
      vertex 65.9282 -90 9
      vertex 65.9282 -90 0.599999
    endloop
  endfacet
  facet normal 0.831462 -0.555582 0
    outer loop
      vertex 65.3468 -90.8701 9
      vertex 65.9282 -90 0.599999
      vertex 65.9282 -90 9
    endloop
  endfacet
  facet normal 0.831462 -0.555582 0
    outer loop
      vertex 65.9282 -90 0.599999
      vertex 65.3468 -90.8701 9
      vertex 65.3468 -90.8701 0.599999
    endloop
  endfacet
  facet normal -0.532201 0.466682 -0.706378
    outer loop
      vertex -64.2326 91.2326 0
      vertex -64.8708 90.5048 0
      vertex -64.6569 91.6569 0.599999
    endloop
  endfacet
  facet normal -0.393271 -0.588554 -0.706358
    outer loop
      vertex -63 -92.9282 0.599999
      vertex -63.8701 -92.3468 0.599999
      vertex -63.5048 -91.8708 0
    endloop
  endfacet
  facet normal 0.694287 0.138127 -0.706319
    outer loop
      vertex 66.9316 87.0442 0.599999
      vertex 66.1479 87.9153 0
      vertex 66.7274 88.0706 0.599999
    endloop
  endfacet
  facet normal 0.670319 0.227566 -0.706319
    outer loop
      vertex 66.7274 88.0706 0.599999
      vertex 66.1479 87.9153 0
      vertex 66.391 89.0615 0.599999
    endloop
  endfacet
  facet normal 0.532201 -0.466682 -0.706378
    outer loop
      vertex 64.6569 -91.6569 0.599999
      vertex 64.2326 -91.2326 0
      vertex 64.8708 -90.5048 0
    endloop
  endfacet
  facet normal -0.634883 0.313078 -0.706332
    outer loop
      vertex -65.8367 88.8319 0
      vertex -66.391 89.0615 0.599999
      vertex -65.9282 90 0.599999
    endloop
  endfacet
  facet normal 0.195124 0.980779 -0
    outer loop
      vertex 61.0706 93.7274 0.599999
      vertex 60.0442 93.9316 9
      vertex 61.0706 93.7274 9
    endloop
  endfacet
  facet normal 0.195124 0.980779 0
    outer loop
      vertex 60.0442 93.9316 9
      vertex 61.0706 93.7274 0.599999
      vertex 60.0442 93.9316 0.599999
    endloop
  endfacet
  facet normal 0.313078 -0.634883 -0.706332
    outer loop
      vertex 62.0615 -93.391 0.599999
      vertex 61.8319 -92.8367 0
      vertex 63 -92.9282 0.599999
    endloop
  endfacet
  facet normal 0.466678 0.532225 -0.706362
    outer loop
      vertex 64.6569 91.6569 0.599999
      vertex 63.5048 91.8708 0
      vertex 63.8701 92.3468 0.599999
    endloop
  endfacet
  facet normal 0.393271 0.588554 -0.706358
    outer loop
      vertex 63.5048 91.8708 0
      vertex 63 92.9282 0.599999
      vertex 63.8701 92.3468 0.599999
    endloop
  endfacet
  facet normal -0.313084 0.634871 -0.706341
    outer loop
      vertex -62.7 92.4086 0
      vertex -63 92.9282 0.599999
      vertex -61.8319 92.8367 0
    endloop
  endfacet
  facet normal 0.321469 -0.94692 0
    outer loop
      vertex 61.0706 -93.7274 0.599999
      vertex 62.0615 -93.391 9
      vertex 61.0706 -93.7274 9
    endloop
  endfacet
  facet normal 0.321469 -0.94692 0
    outer loop
      vertex 62.0615 -93.391 9
      vertex 61.0706 -93.7274 0.599999
      vertex 62.0615 -93.391 0.599999
    endloop
  endfacet
  facet normal 0.138127 0.694287 -0.706319
    outer loop
      vertex 60.9153 93.1479 0
      vertex 60.0442 93.9316 0.599999
      vertex 61.0706 93.7274 0.599999
    endloop
  endfacet
  facet normal -0.70633 0.0462891 -0.706368
    outer loop
      vertex -66.4 86 0
      vertex -66.9316 87.0442 0.599999
      vertex -66.3367 86.9659 0
    endloop
  endfacet
  facet normal -0.75189 -0.659289 0
    outer loop
      vertex -64.6569 -91.6569 0.599999
      vertex -65.3468 -90.8701 9
      vertex -65.3468 -90.8701 0.599999
    endloop
  endfacet
  facet normal -0.75189 -0.659289 0
    outer loop
      vertex -65.3468 -90.8701 9
      vertex -64.6569 -91.6569 0.599999
      vertex -64.6569 -91.6569 9
    endloop
  endfacet
  facet normal -0.532225 -0.466678 -0.706362
    outer loop
      vertex -64.6569 -91.6569 0.599999
      vertex -65.3468 -90.8701 0.599999
      vertex -64.8708 -90.5048 0
    endloop
  endfacet
  facet normal -0.6703 -0.227577 -0.706333
    outer loop
      vertex -65.8367 -88.8319 0
      vertex -66.391 -89.0615 0.599999
      vertex -66.1479 -87.9153 0
    endloop
  endfacet
  facet normal -0.227566 0.670319 -0.706319
    outer loop
      vertex -60.9153 93.1479 0
      vertex -62.0615 93.391 0.599999
      vertex -61.0706 93.7274 0.599999
    endloop
  endfacet
  facet normal 0.588554 0.393271 -0.706358
    outer loop
      vertex 65.9282 90 0.599999
      vertex 64.8708 90.5048 0
      vertex 65.3468 90.8701 0.599999
    endloop
  endfacet
  facet normal -0.896879 -0.442276 0
    outer loop
      vertex -65.9282 -90 0.599999
      vertex -66.391 -89.0615 9
      vertex -66.391 -89.0615 0.599999
    endloop
  endfacet
  facet normal -0.896879 -0.442276 0
    outer loop
      vertex -66.391 -89.0615 9
      vertex -65.9282 -90 0.599999
      vertex -65.9282 -90 9
    endloop
  endfacet
  facet normal -0.634883 -0.313078 -0.706332
    outer loop
      vertex -65.9282 -90 0.599999
      vertex -66.391 -89.0615 0.599999
      vertex -65.8367 -88.8319 0
    endloop
  endfacet
  facet normal -0.980779 -0.195124 0
    outer loop
      vertex -66.7274 -88.0706 0.599999
      vertex -66.9316 -87.0442 9
      vertex -66.9316 -87.0442 0.599999
    endloop
  endfacet
  facet normal -0.980779 -0.195124 0
    outer loop
      vertex -66.9316 -87.0442 9
      vertex -66.7274 -88.0706 0.599999
      vertex -66.7274 -88.0706 9
    endloop
  endfacet
  facet normal -0.706349 -0.0462692 -0.70635
    outer loop
      vertex -66.9316 -87.0442 0.599999
      vertex -67 -86 0.599999
      vertex -66.4 -86 0
    endloop
  endfacet
  facet normal -0.694251 -0.13806 -0.706368
    outer loop
      vertex -66.1479 -87.9153 0
      vertex -66.9316 -87.0442 0.599999
      vertex -66.3367 -86.9659 0
    endloop
  endfacet
  facet normal 0.532225 0.466678 -0.706362
    outer loop
      vertex 64.8708 90.5048 0
      vertex 64.6569 91.6569 0.599999
      vertex 65.3468 90.8701 0.599999
    endloop
  endfacet
  facet normal -0.75189 0.659289 0
    outer loop
      vertex -65.3468 90.8701 0.599999
      vertex -64.6569 91.6569 9
      vertex -64.6569 91.6569 0.599999
    endloop
  endfacet
  facet normal -0.75189 0.659289 0
    outer loop
      vertex -64.6569 91.6569 9
      vertex -65.3468 90.8701 0.599999
      vertex -65.3468 90.8701 9
    endloop
  endfacet
  facet normal -0.831462 0.555582 0
    outer loop
      vertex -65.9282 90 0.599999
      vertex -65.3468 90.8701 9
      vertex -65.3468 90.8701 0.599999
    endloop
  endfacet
  facet normal -0.831462 0.555582 0
    outer loop
      vertex -65.3468 90.8701 9
      vertex -65.9282 90 0.599999
      vertex -65.9282 90 9
    endloop
  endfacet
  facet normal 0.694287 -0.138127 -0.706319
    outer loop
      vertex 66.7274 -88.0706 0.599999
      vertex 66.1479 -87.9153 0
      vertex 66.9316 -87.0442 0.599999
    endloop
  endfacet
  facet normal -0.634871 0.313084 -0.706341
    outer loop
      vertex -65.8367 88.8319 0
      vertex -65.9282 90 0.599999
      vertex -65.4086 89.7 0
    endloop
  endfacet
  facet normal -0.313084 -0.634871 -0.706341
    outer loop
      vertex -61.8319 -92.8367 0
      vertex -63 -92.9282 0.599999
      vertex -62.7 -92.4086 0
    endloop
  endfacet
  facet normal 0.532201 0.466682 -0.706378
    outer loop
      vertex 64.8708 90.5048 0
      vertex 64.2326 91.2326 0
      vertex 64.6569 91.6569 0.599999
    endloop
  endfacet
  facet normal 0.588557 -0.393298 -0.706341
    outer loop
      vertex 65.9282 -90 0.599999
      vertex 64.8708 -90.5048 0
      vertex 65.4086 -89.7 0
    endloop
  endfacet
  facet normal -0.466678 -0.532225 -0.706362
    outer loop
      vertex -63.8701 -92.3468 0.599999
      vertex -64.6569 -91.6569 0.599999
      vertex -63.5048 -91.8708 0
    endloop
  endfacet
  facet normal 0.634883 -0.313078 -0.706332
    outer loop
      vertex 65.9282 -90 0.599999
      vertex 65.8367 -88.8319 0
      vertex 66.391 -89.0615 0.599999
    endloop
  endfacet
  facet normal 0.0462891 0.70633 -0.706368
    outer loop
      vertex 59.9659 93.3367 0
      vertex 59 93.4 0
      vertex 60.0442 93.9316 0.599999
    endloop
  endfacet
  facet normal 0.0462692 0.706349 -0.70635
    outer loop
      vertex 60.0442 93.9316 0.599999
      vertex 59 93.4 0
      vertex 59 94 0.599999
    endloop
  endfacet
  facet normal 0.442276 0.896879 -0
    outer loop
      vertex 63 92.9282 0.599999
      vertex 62.0615 93.391 9
      vertex 63 92.9282 9
    endloop
  endfacet
  facet normal 0.442276 0.896879 0
    outer loop
      vertex 62.0615 93.391 9
      vertex 63 92.9282 0.599999
      vertex 62.0615 93.391 0.599999
    endloop
  endfacet
  facet normal -0.0462891 -0.70633 -0.706368
    outer loop
      vertex -59 -93.4 0
      vertex -60.0442 -93.9316 0.599999
      vertex -59.9659 -93.3367 0
    endloop
  endfacet
  facet normal -0.0462692 -0.706349 -0.70635
    outer loop
      vertex -59 -94 0.599999
      vertex -60.0442 -93.9316 0.599999
      vertex -59 -93.4 0
    endloop
  endfacet
  facet normal 0.466678 -0.532225 -0.706362
    outer loop
      vertex 63.8701 -92.3468 0.599999
      vertex 63.5048 -91.8708 0
      vertex 64.6569 -91.6569 0.599999
    endloop
  endfacet
  facet normal 0.70633 -0.0462891 -0.706368
    outer loop
      vertex 66.9316 -87.0442 0.599999
      vertex 66.3367 -86.9659 0
      vertex 66.4 -86 0
    endloop
  endfacet
  facet normal 0.706349 -0.0462692 -0.70635
    outer loop
      vertex 66.9316 -87.0442 0.599999
      vertex 66.4 -86 0
      vertex 67 -86 0.599999
    endloop
  endfacet
  facet normal 0.466682 -0.532201 -0.706378
    outer loop
      vertex 64.6569 -91.6569 0.599999
      vertex 63.5048 -91.8708 0
      vertex 64.2326 -91.2326 0
    endloop
  endfacet
  facet normal 0.313084 -0.634871 -0.706341
    outer loop
      vertex 63 -92.9282 0.599999
      vertex 61.8319 -92.8367 0
      vertex 62.7 -92.4086 0
    endloop
  endfacet
  facet normal -0.195124 -0.980779 0
    outer loop
      vertex -61.0706 -93.7274 0.599999
      vertex -60.0442 -93.9316 9
      vertex -61.0706 -93.7274 9
    endloop
  endfacet
  facet normal -0.195124 -0.980779 -0
    outer loop
      vertex -60.0442 -93.9316 9
      vertex -61.0706 -93.7274 0.599999
      vertex -60.0442 -93.9316 0.599999
    endloop
  endfacet
  facet normal 0.670319 -0.227566 -0.706319
    outer loop
      vertex 66.391 -89.0615 0.599999
      vertex 66.1479 -87.9153 0
      vertex 66.7274 -88.0706 0.599999
    endloop
  endfacet
  facet normal -0.0653646 -0.997861 0
    outer loop
      vertex -60.0442 -93.9316 0.599999
      vertex -59 -94 9
      vertex -60.0442 -93.9316 9
    endloop
  endfacet
  facet normal -0.0653646 -0.997861 -0
    outer loop
      vertex -59 -94 9
      vertex -60.0442 -93.9316 0.599999
      vertex -59 -94 0.599999
    endloop
  endfacet
  facet normal 0.634871 -0.313084 -0.706341
    outer loop
      vertex 65.9282 -90 0.599999
      vertex 65.4086 -89.7 0
      vertex 65.8367 -88.8319 0
    endloop
  endfacet
  facet normal 0.6703 -0.227577 -0.706333
    outer loop
      vertex 66.391 -89.0615 0.599999
      vertex 65.8367 -88.8319 0
      vertex 66.1479 -87.9153 0
    endloop
  endfacet
  facet normal 0.442276 -0.896879 0
    outer loop
      vertex 62.0615 -93.391 0.599999
      vertex 63 -92.9282 9
      vertex 62.0615 -93.391 9
    endloop
  endfacet
  facet normal 0.442276 -0.896879 0
    outer loop
      vertex 63 -92.9282 9
      vertex 62.0615 -93.391 0.599999
      vertex 63 -92.9282 0.599999
    endloop
  endfacet
  facet normal 0.694251 -0.13806 -0.706368
    outer loop
      vertex 66.9316 -87.0442 0.599999
      vertex 66.1479 -87.9153 0
      vertex 66.3367 -86.9659 0
    endloop
  endfacet
  facet normal 0.75189 -0.659289 0
    outer loop
      vertex 64.6569 -91.6569 9
      vertex 65.3468 -90.8701 0.599999
      vertex 65.3468 -90.8701 9
    endloop
  endfacet
  facet normal 0.75189 -0.659289 0
    outer loop
      vertex 65.3468 -90.8701 0.599999
      vertex 64.6569 -91.6569 9
      vertex 64.6569 -91.6569 0.599999
    endloop
  endfacet
  facet normal 0.94692 -0.321469 0
    outer loop
      vertex 66.391 -89.0615 9
      vertex 66.7274 -88.0706 0.599999
      vertex 66.7274 -88.0706 9
    endloop
  endfacet
  facet normal 0.94692 -0.321469 0
    outer loop
      vertex 66.7274 -88.0706 0.599999
      vertex 66.391 -89.0615 9
      vertex 66.391 -89.0615 0.599999
    endloop
  endfacet
  facet normal -0.442356 0.896839 0
    outer loop
      vertex 61.9 -91.0229 1.8
      vertex 61.2196 -91.3585 9
      vertex 61.9 -91.0229 9
    endloop
  endfacet
  facet normal -0.442356 0.896839 0
    outer loop
      vertex 61.2196 -91.3585 9
      vertex 61.9 -91.0229 1.8
      vertex 61.2196 -91.3585 1.8
    endloop
  endfacet
  facet normal -0.831523 -0.555491 0
    outer loop
      vertex 64.0229 88.9 1.8
      vertex 63.6015 89.5308 9
      vertex 63.6015 89.5308 1.8
    endloop
  endfacet
  facet normal -0.831523 -0.555491 0
    outer loop
      vertex 63.6015 89.5308 9
      vertex 64.0229 88.9 1.8
      vertex 64.0229 88.9 9
    endloop
  endfacet
  facet normal -0.555491 -0.831523 0
    outer loop
      vertex 61.9 91.0229 1.8
      vertex 62.5308 90.6015 9
      vertex 61.9 91.0229 9
    endloop
  endfacet
  facet normal -0.555491 -0.831523 -0
    outer loop
      vertex 62.5308 90.6015 9
      vertex 61.9 91.0229 1.8
      vertex 62.5308 90.6015 1.8
    endloop
  endfacet
  facet normal -0.751792 0.6594 0
    outer loop
      vertex 63.1012 -90.1012 1.8
      vertex 63.6015 -89.5308 9
      vertex 63.6015 -89.5308 1.8
    endloop
  endfacet
  facet normal -0.751792 0.6594 0
    outer loop
      vertex 63.6015 -89.5308 9
      vertex 63.1012 -90.1012 1.8
      vertex 63.1012 -90.1012 9
    endloop
  endfacet
  facet normal -0.321442 -0.946929 0
    outer loop
      vertex 60.5011 91.6024 1.8
      vertex 61.2196 91.3585 9
      vertex 60.5011 91.6024 9
    endloop
  endfacet
  facet normal -0.321442 -0.946929 -0
    outer loop
      vertex 61.2196 91.3585 9
      vertex 60.5011 91.6024 1.8
      vertex 61.2196 91.3585 1.8
    endloop
  endfacet
  facet normal -0.321442 0.946929 0
    outer loop
      vertex 61.2196 -91.3585 1.8
      vertex 60.5011 -91.6024 9
      vertex 61.2196 -91.3585 9
    endloop
  endfacet
  facet normal -0.321442 0.946929 0
    outer loop
      vertex 60.5011 -91.6024 9
      vertex 61.2196 -91.3585 1.8
      vertex 60.5011 -91.6024 1.8
    endloop
  endfacet
  facet normal -0.555491 0.831523 0
    outer loop
      vertex 62.5308 -90.6015 1.8
      vertex 61.9 -91.0229 9
      vertex 62.5308 -90.6015 9
    endloop
  endfacet
  facet normal -0.555491 0.831523 0
    outer loop
      vertex 61.9 -91.0229 9
      vertex 62.5308 -90.6015 1.8
      vertex 61.9 -91.0229 1.8
    endloop
  endfacet
  facet normal 0.6594 -0.751792 0
    outer loop
      vertex -63.1012 90.1012 1.8
      vertex -62.5308 90.6015 9
      vertex -63.1012 90.1012 9
    endloop
  endfacet
  facet normal 0.6594 -0.751792 0
    outer loop
      vertex -62.5308 90.6015 9
      vertex -63.1012 90.1012 1.8
      vertex -62.5308 90.6015 1.8
    endloop
  endfacet
  facet normal 0.321442 -0.946929 0
    outer loop
      vertex -61.2196 91.3585 1.8
      vertex -60.5011 91.6024 9
      vertex -61.2196 91.3585 9
    endloop
  endfacet
  facet normal 0.321442 -0.946929 0
    outer loop
      vertex -60.5011 91.6024 9
      vertex -61.2196 91.3585 1.8
      vertex -60.5011 91.6024 1.8
    endloop
  endfacet
  facet normal 0 1 0
    outer loop
      vertex 59 -91.8 9
      vertex 13.1 -91.8 7.2
      vertex 13.1 -91.8 9
    endloop
  endfacet
  facet normal 0 1 0
    outer loop
      vertex 13.1 -91.8 7.2
      vertex 12.0106 -91.8 7.01382
      vertex 12.0106 -91.8 7.2
    endloop
  endfacet
  facet normal 0 1 -0
    outer loop
      vertex 59 -91.8 1.8
      vertex 13.1 -91.8 7.2
      vertex 59 -91.8 9
    endloop
  endfacet
  facet normal -0 1 0
    outer loop
      vertex 11.1389 -91.8 5.70924
      vertex 13.1 -91.8 7.2
      vertex 59 -91.8 1.8
    endloop
  endfacet
  facet normal 0 1 0
    outer loop
      vertex 13.1 -91.8 7.2
      vertex 11.8723 -91.8 6.67995
      vertex 12.0106 -91.8 7.01382
    endloop
  endfacet
  facet normal 0 1 0
    outer loop
      vertex 13.1 -91.8 7.2
      vertex 11.7045 -91.8 6.27483
      vertex 11.8723 -91.8 6.67995
    endloop
  endfacet
  facet normal 0 1 0
    outer loop
      vertex 13.1 -91.8 7.2
      vertex 11.1389 -91.8 5.70924
      vertex 11.7045 -91.8 6.27483
    endloop
  endfacet
  facet normal 0 1 0
    outer loop
      vertex 11.1389 -91.8 5.70924
      vertex 59 -91.8 1.8
      vertex 10.3999 -91.8 5.40314
    endloop
  endfacet
  facet normal 0 -1 0
    outer loop
      vertex 10.2828 -91.8 5.3908
      vertex 10.2346 -91.8 5.38939
      vertex 10.2775 -91.8 5.39064
    endloop
  endfacet
  facet normal 0 1 0
    outer loop
      vertex 10.2346 -91.8 5.38939
      vertex 59 -91.8 1.8
      vertex 9.76542 -91.8 5.38939
    endloop
  endfacet
  facet normal 0 1 0
    outer loop
      vertex 10.2828 -91.8 5.3908
      vertex 59 -91.8 1.8
      vertex 10.2346 -91.8 5.38939
    endloop
  endfacet
  facet normal 0 1 0
    outer loop
      vertex 10.3695 -91.8 5.39646
      vertex 59 -91.8 1.8
      vertex 10.2828 -91.8 5.3908
    endloop
  endfacet
  facet normal 0 1 0
    outer loop
      vertex 10.3999 -91.8 5.40314
      vertex 59 -91.8 1.8
      vertex 10.3695 -91.8 5.39646
    endloop
  endfacet
  facet normal 0 1 0
    outer loop
      vertex 7.98939 -91.8 7.2
      vertex 7.98939 -91.8 7.01382
      vertex 6.9 -91.8 7.2
    endloop
  endfacet
  facet normal 0 1 -0
    outer loop
      vertex 6.9 -91.8 7.2
      vertex -59 -91.8 9
      vertex 6.9 -91.8 9
    endloop
  endfacet
  facet normal 0 1 0
    outer loop
      vertex 8.12768 -91.8 6.67995
      vertex 6.9 -91.8 7.2
      vertex 7.98939 -91.8 7.01382
    endloop
  endfacet
  facet normal 0 1 0
    outer loop
      vertex 8.29549 -91.8 6.27483
      vertex 6.9 -91.8 7.2
      vertex 8.12768 -91.8 6.67995
    endloop
  endfacet
  facet normal 0 1 0
    outer loop
      vertex 8.86108 -91.8 5.70924
      vertex 6.9 -91.8 7.2
      vertex 8.29549 -91.8 6.27483
    endloop
  endfacet
  facet normal 0 1 0
    outer loop
      vertex 6.9 -91.8 7.2
      vertex 8.86108 -91.8 5.70924
      vertex -59 -91.8 1.8
    endloop
  endfacet
  facet normal 0 1 0
    outer loop
      vertex -59 -91.8 1.8
      vertex 8.86108 -91.8 5.70924
      vertex 9.60006 -91.8 5.40314
    endloop
  endfacet
  facet normal 0 1 0
    outer loop
      vertex -59 -91.8 1.8
      vertex 9.60006 -91.8 5.40314
      vertex 9.63051 -91.8 5.39646
    endloop
  endfacet
  facet normal 0 1 0
    outer loop
      vertex -59 -91.8 1.8
      vertex 9.63051 -91.8 5.39646
      vertex 9.7172 -91.8 5.3908
    endloop
  endfacet
  facet normal 0 -1 0
    outer loop
      vertex 9.76542 -91.8 5.38939
      vertex 9.7172 -91.8 5.3908
      vertex 9.72253 -91.8 5.39064
    endloop
  endfacet
  facet normal 0 1 0
    outer loop
      vertex 59 -91.8 1.8
      vertex 9.7172 -91.8 5.3908
      vertex 9.76542 -91.8 5.38939
    endloop
  endfacet
  facet normal 0 1 0
    outer loop
      vertex -59 -91.8 1.8
      vertex 9.7172 -91.8 5.3908
      vertex 59 -91.8 1.8
    endloop
  endfacet
  facet normal 0 1 0
    outer loop
      vertex 6.9 -91.8 7.2
      vertex -59 -91.8 1.8
      vertex -59 -91.8 9
    endloop
  endfacet
  facet normal -0.99786 -0.0653816 0
    outer loop
      vertex 64.8 86 1.8
      vertex 64.7504 86.757 9
      vertex 64.7504 86.757 1.8
    endloop
  endfacet
  facet normal -0.99786 -0.0653816 0
    outer loop
      vertex 64.7504 86.757 9
      vertex 64.8 86 1.8
      vertex 64.8 86 9
    endloop
  endfacet
  facet normal 0.321442 0.946929 -0
    outer loop
      vertex -60.5011 -91.6024 1.8
      vertex -61.2196 -91.3585 9
      vertex -60.5011 -91.6024 9
    endloop
  endfacet
  facet normal 0.321442 0.946929 0
    outer loop
      vertex -61.2196 -91.3585 9
      vertex -60.5011 -91.6024 1.8
      vertex -61.2196 -91.3585 1.8
    endloop
  endfacet
  facet normal -0.831523 0.555491 0
    outer loop
      vertex 63.6015 -89.5308 1.8
      vertex 64.0229 -88.9 9
      vertex 64.0229 -88.9 1.8
    endloop
  endfacet
  facet normal -0.831523 0.555491 0
    outer loop
      vertex 64.0229 -88.9 9
      vertex 63.6015 -89.5308 1.8
      vertex 63.6015 -89.5308 9
    endloop
  endfacet
  facet normal -0.6594 -0.751792 0
    outer loop
      vertex 62.5308 90.6015 1.8
      vertex 63.1012 90.1012 9
      vertex 62.5308 90.6015 9
    endloop
  endfacet
  facet normal -0.6594 -0.751792 -0
    outer loop
      vertex 63.1012 90.1012 9
      vertex 62.5308 90.6015 1.8
      vertex 63.1012 90.1012 1.8
    endloop
  endfacet
  facet normal -1 0 0
    outer loop
      vertex 64.8 69 6.41
      vertex 64.8 86 1.8
      vertex 64.8 69 3.36
    endloop
  endfacet
  facet normal -1 0 0
    outer loop
      vertex 64.8 86 1.8
      vertex 64.8 61 3.36
      vertex 64.8 69 3.36
    endloop
  endfacet
  facet normal -1 0 0
    outer loop
      vertex 64.8 61 3.36
      vertex 64.8 51 6.1
      vertex 64.8 61 6.41
    endloop
  endfacet
  facet normal -1 0 0
    outer loop
      vertex 64.8 61 3.36
      vertex 64.8 43 6.1
      vertex 64.8 51 6.1
    endloop
  endfacet
  facet normal -1 0 0
    outer loop
      vertex 64.8 43 6.1
      vertex 64.8 -25 6.1
      vertex 64.8 43 8.1
    endloop
  endfacet
  facet normal -1 0 0
    outer loop
      vertex 64.8 -41 3.36
      vertex 64.8 43 6.1
      vertex 64.8 61 3.36
    endloop
  endfacet
  facet normal -1 0 0
    outer loop
      vertex 64.8 -41 3.36
      vertex 64.8 61 3.36
      vertex 64.8 86 1.8
    endloop
  endfacet
  facet normal -1 -0 0
    outer loop
      vertex 64.8 43 6.1
      vertex 64.8 -41 3.36
      vertex 64.8 -25 6.1
    endloop
  endfacet
  facet normal -1 0 0
    outer loop
      vertex 64.8 -41 6.41
      vertex 64.8 -33 6.1
      vertex 64.8 -41 3.36
    endloop
  endfacet
  facet normal -1 -0 0
    outer loop
      vertex 64.8 -25 6.1
      vertex 64.8 -41 3.36
      vertex 64.8 -33 6.1
    endloop
  endfacet
  facet normal -1 0 0
    outer loop
      vertex 64.8 -86 1.8
      vertex 64.8 -41 3.36
      vertex 64.8 86 1.8
    endloop
  endfacet
  facet normal -1 -0 0
    outer loop
      vertex 64.8 -49 3.36
      vertex 64.8 -86 1.8
      vertex 64.8 -49 6.41
    endloop
  endfacet
  facet normal -1 -0 0
    outer loop
      vertex 64.8 -41 3.36
      vertex 64.8 -86 1.8
      vertex 64.8 -49 3.36
    endloop
  endfacet
  facet normal -1 0 0
    outer loop
      vertex 64.8 86 1.8
      vertex 64.8 69 6.41
      vertex 64.8 86 9
    endloop
  endfacet
  facet normal -1 0 0
    outer loop
      vertex 64.8 51 8.1
      vertex 64.8 69 6.41
      vertex 64.8 61 6.41
    endloop
  endfacet
  facet normal -1 0 0
    outer loop
      vertex 64.8 51 8.1
      vertex 64.8 61 6.41
      vertex 64.8 51 6.1
    endloop
  endfacet
  facet normal -1 0 0
    outer loop
      vertex 64.8 69 6.41
      vertex 64.8 51 8.1
      vertex 64.8 86 9
    endloop
  endfacet
  facet normal -1 0 0
    outer loop
      vertex 64.8 43 8.1
      vertex 64.8 86 9
      vertex 64.8 51 8.1
    endloop
  endfacet
  facet normal -1 0 0
    outer loop
      vertex 64.8 -25 8.1
      vertex 64.8 43 8.1
      vertex 64.8 -25 6.1
    endloop
  endfacet
  facet normal -1 0 0
    outer loop
      vertex 64.8 -25 8.1
      vertex 64.8 86 9
      vertex 64.8 43 8.1
    endloop
  endfacet
  facet normal -1 0 0
    outer loop
      vertex 64.8 -33 8.1
      vertex 64.8 86 9
      vertex 64.8 -25 8.1
    endloop
  endfacet
  facet normal -1 0 0
    outer loop
      vertex 64.8 -33 6.1
      vertex 64.8 -41 6.41
      vertex 64.8 -33 8.1
    endloop
  endfacet
  facet normal -1 0 0
    outer loop
      vertex 64.8 -49 6.41
      vertex 64.8 -33 8.1
      vertex 64.8 -41 6.41
    endloop
  endfacet
  facet normal -1 0 0
    outer loop
      vertex 64.8 -33 8.1
      vertex 64.8 -86 9
      vertex 64.8 86 9
    endloop
  endfacet
  facet normal -1 0 0
    outer loop
      vertex 64.8 -49 6.41
      vertex 64.8 -86 9
      vertex 64.8 -33 8.1
    endloop
  endfacet
  facet normal -1 0 0
    outer loop
      vertex 64.8 -86 9
      vertex 64.8 -49 6.41
      vertex 64.8 -86 1.8
    endloop
  endfacet
  facet normal -0.6594 0.751792 0
    outer loop
      vertex 63.1012 -90.1012 1.8
      vertex 62.5308 -90.6015 9
      vertex 63.1012 -90.1012 9
    endloop
  endfacet
  facet normal -0.6594 0.751792 0
    outer loop
      vertex 62.5308 -90.6015 9
      vertex 63.1012 -90.1012 1.8
      vertex 62.5308 -90.6015 1.8
    endloop
  endfacet
  facet normal -0.0653816 0.99786 0
    outer loop
      vertex 59.757 -91.7504 1.8
      vertex 59 -91.8 9
      vertex 59.757 -91.7504 9
    endloop
  endfacet
  facet normal -0.0653816 0.99786 0
    outer loop
      vertex 59 -91.8 9
      vertex 59.757 -91.7504 1.8
      vertex 59 -91.8 1.8
    endloop
  endfacet
  facet normal 0 -1 0
    outer loop
      vertex -59 91.8 1.8
      vertex 59 91.8 9
      vertex -59 91.8 9
    endloop
  endfacet
  facet normal 0 -1 -0
    outer loop
      vertex 59 91.8 9
      vertex -59 91.8 1.8
      vertex 59 91.8 1.8
    endloop
  endfacet
  facet normal 0.831523 0.555491 0
    outer loop
      vertex -63.6015 -89.5308 9
      vertex -64.0229 -88.9 1.8
      vertex -64.0229 -88.9 9
    endloop
  endfacet
  facet normal 0.831523 0.555491 0
    outer loop
      vertex -64.0229 -88.9 1.8
      vertex -63.6015 -89.5308 9
      vertex -63.6015 -89.5308 1.8
    endloop
  endfacet
  facet normal -0.195077 0.980788 0
    outer loop
      vertex 60.5011 -91.6024 1.8
      vertex 59.757 -91.7504 9
      vertex 60.5011 -91.6024 9
    endloop
  endfacet
  facet normal -0.195077 0.980788 0
    outer loop
      vertex 59.757 -91.7504 9
      vertex 60.5011 -91.6024 1.8
      vertex 59.757 -91.7504 1.8
    endloop
  endfacet
  facet normal 0.99786 0.0653816 0
    outer loop
      vertex -64.7504 -86.757 9
      vertex -64.8 -86 1.8
      vertex -64.8 -86 9
    endloop
  endfacet
  facet normal 0.99786 0.0653816 0
    outer loop
      vertex -64.8 -86 1.8
      vertex -64.7504 -86.757 9
      vertex -64.7504 -86.757 1.8
    endloop
  endfacet
  facet normal 1 0 0
    outer loop
      vertex -64.8 86 9
      vertex -64.8 69 6.41
      vertex -64.8 86 1.8
    endloop
  endfacet
  facet normal 1 -0 0
    outer loop
      vertex -64.8 51 8.1
      vertex -64.8 69 6.41
      vertex -64.8 86 9
    endloop
  endfacet
  facet normal 1 0 0
    outer loop
      vertex -64.8 51 6.1
      vertex -64.8 61 6.41
      vertex -64.8 51 8.1
    endloop
  endfacet
  facet normal 1 0 0
    outer loop
      vertex -64.8 69 6.41
      vertex -64.8 51 8.1
      vertex -64.8 61 6.41
    endloop
  endfacet
  facet normal 1 0 0
    outer loop
      vertex -64.8 86 9
      vertex -64.8 43 8.1
      vertex -64.8 51 8.1
    endloop
  endfacet
  facet normal 1 0 0
    outer loop
      vertex -64.8 43 8.1
      vertex -64.8 -25 8.1
      vertex -64.8 43 6.1
    endloop
  endfacet
  facet normal 1 0 0
    outer loop
      vertex -64.8 86 9
      vertex -64.8 -25 8.1
      vertex -64.8 43 8.1
    endloop
  endfacet
  facet normal 1 0 0
    outer loop
      vertex -64.8 86 9
      vertex -64.8 -33 8.1
      vertex -64.8 -25 8.1
    endloop
  endfacet
  facet normal 1 0 0
    outer loop
      vertex -64.8 -33 8.1
      vertex -64.8 -41 6.41
      vertex -64.8 -33 6.1
    endloop
  endfacet
  facet normal 1 0 0
    outer loop
      vertex -64.8 -33 8.1
      vertex -64.8 -49 6.41
      vertex -64.8 -41 6.41
    endloop
  endfacet
  facet normal 1 0 0
    outer loop
      vertex -64.8 -86 1.8
      vertex -64.8 -49 6.41
      vertex -64.8 -86 9
    endloop
  endfacet
  facet normal 1 0 0
    outer loop
      vertex -64.8 -33 8.1
      vertex -64.8 -86 9
      vertex -64.8 -49 6.41
    endloop
  endfacet
  facet normal 1 -0 0
    outer loop
      vertex -64.8 -86 9
      vertex -64.8 -33 8.1
      vertex -64.8 86 9
    endloop
  endfacet
  facet normal 1 -0 0
    outer loop
      vertex -64.8 69 3.36
      vertex -64.8 86 1.8
      vertex -64.8 69 6.41
    endloop
  endfacet
  facet normal 1 -0 0
    outer loop
      vertex -64.8 61 3.36
      vertex -64.8 86 1.8
      vertex -64.8 69 3.36
    endloop
  endfacet
  facet normal 1 0 0
    outer loop
      vertex -64.8 61 6.41
      vertex -64.8 51 6.1
      vertex -64.8 61 3.36
    endloop
  endfacet
  facet normal 1 -0 0
    outer loop
      vertex -64.8 43 6.1
      vertex -64.8 61 3.36
      vertex -64.8 51 6.1
    endloop
  endfacet
  facet normal 1 0 0
    outer loop
      vertex -64.8 -25 6.1
      vertex -64.8 43 6.1
      vertex -64.8 -25 8.1
    endloop
  endfacet
  facet normal 1 0 0
    outer loop
      vertex -64.8 -41 3.36
      vertex -64.8 43 6.1
      vertex -64.8 -25 6.1
    endloop
  endfacet
  facet normal 1 0 0
    outer loop
      vertex -64.8 43 6.1
      vertex -64.8 -41 3.36
      vertex -64.8 61 3.36
    endloop
  endfacet
  facet normal 1 0 0
    outer loop
      vertex -64.8 -41 3.36
      vertex -64.8 -25 6.1
      vertex -64.8 -33 6.1
    endloop
  endfacet
  facet normal 1 0 0
    outer loop
      vertex -64.8 -41 3.36
      vertex -64.8 -33 6.1
      vertex -64.8 -41 6.41
    endloop
  endfacet
  facet normal 1 0 0
    outer loop
      vertex -64.8 61 3.36
      vertex -64.8 -41 3.36
      vertex -64.8 86 1.8
    endloop
  endfacet
  facet normal 1 0 0
    outer loop
      vertex -64.8 -86 1.8
      vertex -64.8 -41 3.36
      vertex -64.8 -49 3.36
    endloop
  endfacet
  facet normal 1 0 0
    outer loop
      vertex -64.8 -41 3.36
      vertex -64.8 -86 1.8
      vertex -64.8 86 1.8
    endloop
  endfacet
  facet normal 1 0 0
    outer loop
      vertex -64.8 -49 6.41
      vertex -64.8 -86 1.8
      vertex -64.8 -49 3.36
    endloop
  endfacet
  facet normal -0.442356 -0.896839 0
    outer loop
      vertex 61.2196 91.3585 1.8
      vertex 61.9 91.0229 9
      vertex 61.2196 91.3585 9
    endloop
  endfacet
  facet normal -0.442356 -0.896839 -0
    outer loop
      vertex 61.9 91.0229 9
      vertex 61.2196 91.3585 1.8
      vertex 61.9 91.0229 1.8
    endloop
  endfacet
  facet normal -0.896839 -0.442356 0
    outer loop
      vertex 64.3585 88.2196 1.8
      vertex 64.0229 88.9 9
      vertex 64.0229 88.9 1.8
    endloop
  endfacet
  facet normal -0.896839 -0.442356 0
    outer loop
      vertex 64.0229 88.9 9
      vertex 64.3585 88.2196 1.8
      vertex 64.3585 88.2196 9
    endloop
  endfacet
  facet normal -0.946929 0.321442 0
    outer loop
      vertex 64.3585 -88.2196 1.8
      vertex 64.6024 -87.5011 9
      vertex 64.6024 -87.5011 1.8
    endloop
  endfacet
  facet normal -0.946929 0.321442 0
    outer loop
      vertex 64.6024 -87.5011 9
      vertex 64.3585 -88.2196 1.8
      vertex 64.3585 -88.2196 9
    endloop
  endfacet
  facet normal 0.0653816 0.99786 -0
    outer loop
      vertex -59 -91.8 1.8
      vertex -59.757 -91.7504 9
      vertex -59 -91.8 9
    endloop
  endfacet
  facet normal 0.0653816 0.99786 0
    outer loop
      vertex -59.757 -91.7504 9
      vertex -59 -91.8 1.8
      vertex -59.757 -91.7504 1.8
    endloop
  endfacet
  facet normal 0.0653816 -0.99786 0
    outer loop
      vertex -59.757 91.7504 1.8
      vertex -59 91.8 9
      vertex -59.757 91.7504 9
    endloop
  endfacet
  facet normal 0.0653816 -0.99786 0
    outer loop
      vertex -59 91.8 9
      vertex -59.757 91.7504 1.8
      vertex -59 91.8 1.8
    endloop
  endfacet
  facet normal -0.0653816 -0.99786 0
    outer loop
      vertex 59 91.8 1.8
      vertex 59.757 91.7504 9
      vertex 59 91.8 9
    endloop
  endfacet
  facet normal -0.0653816 -0.99786 -0
    outer loop
      vertex 59.757 91.7504 9
      vertex 59 91.8 1.8
      vertex 59.757 91.7504 1.8
    endloop
  endfacet
  facet normal 0.751792 0.6594 0
    outer loop
      vertex -63.1012 -90.1012 9
      vertex -63.6015 -89.5308 1.8
      vertex -63.6015 -89.5308 9
    endloop
  endfacet
  facet normal 0.751792 0.6594 0
    outer loop
      vertex -63.6015 -89.5308 1.8
      vertex -63.1012 -90.1012 9
      vertex -63.1012 -90.1012 1.8
    endloop
  endfacet
  facet normal 0.555491 -0.831523 0
    outer loop
      vertex -62.5308 90.6015 1.8
      vertex -61.9 91.0229 9
      vertex -62.5308 90.6015 9
    endloop
  endfacet
  facet normal 0.555491 -0.831523 0
    outer loop
      vertex -61.9 91.0229 9
      vertex -62.5308 90.6015 1.8
      vertex -61.9 91.0229 1.8
    endloop
  endfacet
  facet normal 0.442356 -0.896839 0
    outer loop
      vertex -61.9 91.0229 1.8
      vertex -61.2196 91.3585 9
      vertex -61.9 91.0229 9
    endloop
  endfacet
  facet normal 0.442356 -0.896839 0
    outer loop
      vertex -61.2196 91.3585 9
      vertex -61.9 91.0229 1.8
      vertex -61.2196 91.3585 1.8
    endloop
  endfacet
  facet normal 0.195077 0.980788 -0
    outer loop
      vertex -59.757 -91.7504 1.8
      vertex -60.5011 -91.6024 9
      vertex -59.757 -91.7504 9
    endloop
  endfacet
  facet normal 0.195077 0.980788 0
    outer loop
      vertex -60.5011 -91.6024 9
      vertex -59.757 -91.7504 1.8
      vertex -60.5011 -91.6024 1.8
    endloop
  endfacet
  facet normal 0.946929 0.321442 0
    outer loop
      vertex -64.3585 -88.2196 9
      vertex -64.6024 -87.5011 1.8
      vertex -64.6024 -87.5011 9
    endloop
  endfacet
  facet normal 0.946929 0.321442 0
    outer loop
      vertex -64.6024 -87.5011 1.8
      vertex -64.3585 -88.2196 9
      vertex -64.3585 -88.2196 1.8
    endloop
  endfacet
  facet normal -0.751792 -0.6594 0
    outer loop
      vertex 63.6015 89.5308 1.8
      vertex 63.1012 90.1012 9
      vertex 63.1012 90.1012 1.8
    endloop
  endfacet
  facet normal -0.751792 -0.6594 0
    outer loop
      vertex 63.1012 90.1012 9
      vertex 63.6015 89.5308 1.8
      vertex 63.6015 89.5308 9
    endloop
  endfacet
  facet normal 0 0 1
    outer loop
      vertex -48.3397 80.175 1.8
      vertex -57.8787 86.3787 1.8
      vertex -48.3657 80.1222 1.8
    endloop
  endfacet
  facet normal 0 0 1
    outer loop
      vertex -55 -58 1.8
      vertex -57.0257 -88.1084 1.8
      vertex -57 -88.5 1.8
    endloop
  endfacet
  facet normal 0 0 1
    outer loop
      vertex -48.3657 80.1222 1.8
      vertex -57.8787 86.3787 1.8
      vertex -48.3847 80.0665 1.8
    endloop
  endfacet
  facet normal 0 0 1
    outer loop
      vertex -55 -58 1.8
      vertex -57.1022 -87.7235 1.8
      vertex -57.0257 -88.1084 1.8
    endloop
  endfacet
  facet normal 0 0 1
    outer loop
      vertex -48.3847 80.0665 1.8
      vertex -57.8787 86.3787 1.8
      vertex -55 76 1.8
    endloop
  endfacet
  facet normal 0 0 1
    outer loop
      vertex -55 -58 1.8
      vertex -57.2284 -87.352 1.8
      vertex -57.1022 -87.7235 1.8
    endloop
  endfacet
  facet normal -0 0 1
    outer loop
      vertex -58.1737 86.1199 1.8
      vertex -55 76 1.8
      vertex -57.8787 86.3787 1.8
    endloop
  endfacet
  facet normal 0 0 1
    outer loop
      vertex -55 -58 1.8
      vertex -57.4019 -87 1.8
      vertex -57.2284 -87.352 1.8
    endloop
  endfacet
  facet normal -0 0 1
    outer loop
      vertex -58.5 85.9019 1.8
      vertex -55 76 1.8
      vertex -58.1737 86.1199 1.8
    endloop
  endfacet
  facet normal 0 0 1
    outer loop
      vertex -55 -58 1.8
      vertex -57.6199 -86.6737 1.8
      vertex -57.4019 -87 1.8
    endloop
  endfacet
  facet normal -0 0 1
    outer loop
      vertex -58.852 85.7284 1.8
      vertex -55 76 1.8
      vertex -58.5 85.9019 1.8
    endloop
  endfacet
  facet normal 0 0 1
    outer loop
      vertex -55 -58 1.8
      vertex -57.8787 -86.3787 1.8
      vertex -57.6199 -86.6737 1.8
    endloop
  endfacet
  facet normal -0 0 1
    outer loop
      vertex -59.2235 85.6022 1.8
      vertex -55 76 1.8
      vertex -58.852 85.7284 1.8
    endloop
  endfacet
  facet normal 0 0 1
    outer loop
      vertex -55 -58 1.8
      vertex -58.1737 -86.1199 1.8
      vertex -57.8787 -86.3787 1.8
    endloop
  endfacet
  facet normal -0 0 1
    outer loop
      vertex -59.6084 85.5257 1.8
      vertex -55 76 1.8
      vertex -59.2235 85.6022 1.8
    endloop
  endfacet
  facet normal 0 0 1
    outer loop
      vertex -55 -58 1.8
      vertex -58.5 -85.9019 1.8
      vertex -58.1737 -86.1199 1.8
    endloop
  endfacet
  facet normal -0 0 1
    outer loop
      vertex -60 85.5 1.8
      vertex -55 76 1.8
      vertex -59.6084 85.5257 1.8
    endloop
  endfacet
  facet normal 0 0 1
    outer loop
      vertex -55 -58 1.8
      vertex -58.852 -85.7284 1.8
      vertex -58.5 -85.9019 1.8
    endloop
  endfacet
  facet normal 0 0 1
    outer loop
      vertex -60.3916 85.5257 1.8
      vertex -55 76 1.8
      vertex -60 85.5 1.8
    endloop
  endfacet
  facet normal 0 0 1
    outer loop
      vertex -55 -58 1.8
      vertex -59.2235 -85.6022 1.8
      vertex -58.852 -85.7284 1.8
    endloop
  endfacet
  facet normal 0 0 1
    outer loop
      vertex -60.7765 85.6022 1.8
      vertex -55 76 1.8
      vertex -60.3916 85.5257 1.8
    endloop
  endfacet
  facet normal 0 0 1
    outer loop
      vertex -55 -58 1.8
      vertex -59.6084 -85.5257 1.8
      vertex -59.2235 -85.6022 1.8
    endloop
  endfacet
  facet normal 0 0 1
    outer loop
      vertex -64.8 86 1.8
      vertex -55 76 1.8
      vertex -60.7765 85.6022 1.8
    endloop
  endfacet
  facet normal 0 0 1
    outer loop
      vertex -55 -58 1.8
      vertex -60 -85.5 1.8
      vertex -59.6084 -85.5257 1.8
    endloop
  endfacet
  facet normal 0 0 1
    outer loop
      vertex -55 58 1.8
      vertex -64.8 86 1.8
      vertex -55 -58 1.8
    endloop
  endfacet
  facet normal 0 0 1
    outer loop
      vertex -55 -58 1.8
      vertex -60.3916 -85.5257 1.8
      vertex -60 -85.5 1.8
    endloop
  endfacet
  facet normal 0 0 1
    outer loop
      vertex -55 76 1.8
      vertex -64.8 86 1.8
      vertex -55 58 1.8
    endloop
  endfacet
  facet normal 0 0 1
    outer loop
      vertex -64.8 -86 1.8
      vertex -55 -58 1.8
      vertex -64.8 86 1.8
    endloop
  endfacet
  facet normal 0 0 1
    outer loop
      vertex -64.8 86 1.8
      vertex -60.7765 85.6022 1.8
      vertex -61.148 85.7284 1.8
    endloop
  endfacet
  facet normal 0 -0 1
    outer loop
      vertex -60.7765 -85.6022 1.8
      vertex -55 -58 1.8
      vertex -64.8 -86 1.8
    endloop
  endfacet
  facet normal 0 0 1
    outer loop
      vertex -64.8 86 1.8
      vertex -61.148 85.7284 1.8
      vertex -61.5 85.9019 1.8
    endloop
  endfacet
  facet normal 0 0 1
    outer loop
      vertex -55 -58 1.8
      vertex -60.7765 -85.6022 1.8
      vertex -60.3916 -85.5257 1.8
    endloop
  endfacet
  facet normal -0 0 1
    outer loop
      vertex -64.8 86 1.8
      vertex -61.5 85.9019 1.8
      vertex -61.8263 86.1199 1.8
    endloop
  endfacet
  facet normal 0 0 1
    outer loop
      vertex -60.7765 -85.6022 1.8
      vertex -64.8 -86 1.8
      vertex -61.148 -85.7284 1.8
    endloop
  endfacet
  facet normal 0 0 1
    outer loop
      vertex -64.8 86 1.8
      vertex -61.8263 86.1199 1.8
      vertex -62.1213 86.3787 1.8
    endloop
  endfacet
  facet normal 0 0 1
    outer loop
      vertex -61.148 -85.7284 1.8
      vertex -64.8 -86 1.8
      vertex -61.5 -85.9019 1.8
    endloop
  endfacet
  facet normal 0 0 1
    outer loop
      vertex -64.8 86 1.8
      vertex -62.1213 86.3787 1.8
      vertex -62.3801 86.6737 1.8
    endloop
  endfacet
  facet normal 0 0 1
    outer loop
      vertex -61.5 -85.9019 1.8
      vertex -64.8 -86 1.8
      vertex -61.8263 -86.1199 1.8
    endloop
  endfacet
  facet normal 0 0 1
    outer loop
      vertex -64.8 86 1.8
      vertex -62.3801 86.6737 1.8
      vertex -62.5981 87 1.8
    endloop
  endfacet
  facet normal 0 0 1
    outer loop
      vertex -61.8263 -86.1199 1.8
      vertex -64.8 -86 1.8
      vertex -62.1213 -86.3787 1.8
    endloop
  endfacet
  facet normal 0 0 1
    outer loop
      vertex -64.7504 86.757 1.8
      vertex -62.5981 87 1.8
      vertex -62.7716 87.352 1.8
    endloop
  endfacet
  facet normal 0 0 1
    outer loop
      vertex -62.1213 -86.3787 1.8
      vertex -64.8 -86 1.8
      vertex -62.3801 -86.6737 1.8
    endloop
  endfacet
  facet normal -0 0 1
    outer loop
      vertex -64.6024 87.5011 1.8
      vertex -62.7716 87.352 1.8
      vertex -62.8978 87.7235 1.8
    endloop
  endfacet
  facet normal 0 0 1
    outer loop
      vertex -62.3801 -86.6737 1.8
      vertex -64.8 -86 1.8
      vertex -62.5981 -87 1.8
    endloop
  endfacet
  facet normal 0 0 1
    outer loop
      vertex -64.3585 88.2196 1.8
      vertex -62.8978 87.7235 1.8
      vertex -62.9743 88.1084 1.8
    endloop
  endfacet
  facet normal -0 -0 1
    outer loop
      vertex -64.7504 -86.757 1.8
      vertex -62.5981 -87 1.8
      vertex -64.8 -86 1.8
    endloop
  endfacet
  facet normal -0 0 1
    outer loop
      vertex -64.3585 88.2196 1.8
      vertex -62.9743 88.1084 1.8
      vertex -63 88.5 1.8
    endloop
  endfacet
  facet normal 0 0 1
    outer loop
      vertex -62.5981 -87 1.8
      vertex -64.7504 -86.757 1.8
      vertex -62.7716 -87.352 1.8
    endloop
  endfacet
  facet normal -0 0 1
    outer loop
      vertex -55 58 1.8
      vertex -53 -58 1.8
      vertex -53 58 1.8
    endloop
  endfacet
  facet normal 0 0 1
    outer loop
      vertex -53 -58 1.8
      vertex -55 58 1.8
      vertex -55 -58 1.8
    endloop
  endfacet
  facet normal 0 0 1
    outer loop
      vertex 47.95 -80.4 1.8
      vertex 22 -85.4 1.8
      vertex 42 -85.4 1.8
    endloop
  endfacet
  facet normal 0 0 1
    outer loop
      vertex 22 -85.4 1.8
      vertex -22 -85.4 1.8
      vertex 22 -87.4 1.8
    endloop
  endfacet
  facet normal 0 0 1
    outer loop
      vertex 47.95 -80.4 1.8
      vertex -22 -85.4 1.8
      vertex 22 -85.4 1.8
    endloop
  endfacet
  facet normal -0 0 1
    outer loop
      vertex -47.95 -80.4 1.8
      vertex -22 -85.4 1.8
      vertex 47.95 -80.4 1.8
    endloop
  endfacet
  facet normal 0 0 1
    outer loop
      vertex -42 -85.4 1.8
      vertex -47.95 -80.4 1.8
      vertex -42 -87.4 1.8
    endloop
  endfacet
  facet normal 0 0 1
    outer loop
      vertex -22 -85.4 1.8
      vertex -47.95 -80.4 1.8
      vertex -42 -85.4 1.8
    endloop
  endfacet
  facet normal -0 0 1
    outer loop
      vertex 42 85.4 1.8
      vertex 47.95 80.4 1.8
      vertex 42 87.4 1.8
    endloop
  endfacet
  facet normal -0 0 1
    outer loop
      vertex 22 85.4 1.8
      vertex 47.95 80.4 1.8
      vertex 42 85.4 1.8
    endloop
  endfacet
  facet normal 0 0 1
    outer loop
      vertex -22 85.4 1.8
      vertex 22 85.4 1.8
      vertex -22 87.4 1.8
    endloop
  endfacet
  facet normal 0 0 1
    outer loop
      vertex 22 85.4 1.8
      vertex -22 85.4 1.8
      vertex 47.95 80.4 1.8
    endloop
  endfacet
  facet normal 0 0 1
    outer loop
      vertex -47.95 80.4 1.8
      vertex -22 85.4 1.8
      vertex -42 85.4 1.8
    endloop
  endfacet
  facet normal 0 0 1
    outer loop
      vertex -22 85.4 1.8
      vertex -47.95 80.4 1.8
      vertex 47.95 80.4 1.8
    endloop
  endfacet
  facet normal -0 0 1
    outer loop
      vertex 58.8 58 1.8
      vertex 60.8 -58 1.8
      vertex 60.8 58 1.8
    endloop
  endfacet
  facet normal 0 0 1
    outer loop
      vertex 60.8 -58 1.8
      vertex 58.8 58 1.8
      vertex 58.8 -58 1.8
    endloop
  endfacet
  facet normal 0 0 1
    outer loop
      vertex 64.8 86 1.8
      vertex 60.8 58 1.8
      vertex 64.8 -86 1.8
    endloop
  endfacet
  facet normal 0 0 1
    outer loop
      vertex 64.8 -86 1.8
      vertex 62.9743 -88.1084 1.8
      vertex 63 -88.5 1.8
    endloop
  endfacet
  facet normal 0 0 1
    outer loop
      vertex 60.8 58 1.8
      vertex 62.9743 88.1084 1.8
      vertex 62.8978 87.7235 1.8
    endloop
  endfacet
  facet normal -0 0 1
    outer loop
      vertex 60.8 -58 1.8
      vertex 64.8 -86 1.8
      vertex 60.8 58 1.8
    endloop
  endfacet
  facet normal 0 0 1
    outer loop
      vertex 60.8 76 1.8
      vertex 62.8978 87.7235 1.8
      vertex 62.7716 87.352 1.8
    endloop
  endfacet
  facet normal -0 0 1
    outer loop
      vertex 60.8 -76 1.8
      vertex 64.8 -86 1.8
      vertex 60.8 -58 1.8
    endloop
  endfacet
  facet normal 0 0 1
    outer loop
      vertex 60.8 76 1.8
      vertex 62.7716 87.352 1.8
      vertex 62.5981 87 1.8
    endloop
  endfacet
  facet normal 0 0 1
    outer loop
      vertex 64.8 -86 1.8
      vertex 62.8978 -87.7235 1.8
      vertex 62.9743 -88.1084 1.8
    endloop
  endfacet
  facet normal 0 0 1
    outer loop
      vertex 60.8 76 1.8
      vertex 62.5981 87 1.8
      vertex 62.3801 86.6737 1.8
    endloop
  endfacet
  facet normal -0 -0 1
    outer loop
      vertex 61.148 -85.7284 1.8
      vertex 64.8 -86 1.8
      vertex 60.8 -76 1.8
    endloop
  endfacet
  facet normal 0 0 1
    outer loop
      vertex 60.8 76 1.8
      vertex 62.3801 86.6737 1.8
      vertex 62.1213 86.3787 1.8
    endloop
  endfacet
  facet normal 0 0 1
    outer loop
      vertex 64.8 -86 1.8
      vertex 62.7716 -87.352 1.8
      vertex 62.8978 -87.7235 1.8
    endloop
  endfacet
  facet normal 0 0 1
    outer loop
      vertex 60.8 76 1.8
      vertex 62.1213 86.3787 1.8
      vertex 61.8263 86.1199 1.8
    endloop
  endfacet
  facet normal 0 0 1
    outer loop
      vertex 64.8 -86 1.8
      vertex 62.5981 -87 1.8
      vertex 62.7716 -87.352 1.8
    endloop
  endfacet
  facet normal 0 0 1
    outer loop
      vertex 60.8 76 1.8
      vertex 61.8263 86.1199 1.8
      vertex 61.5 85.9019 1.8
    endloop
  endfacet
  facet normal 0 0 1
    outer loop
      vertex 64.8 -86 1.8
      vertex 62.3801 -86.6737 1.8
      vertex 62.5981 -87 1.8
    endloop
  endfacet
  facet normal 0 0 1
    outer loop
      vertex 60.8 76 1.8
      vertex 61.5 85.9019 1.8
      vertex 61.148 85.7284 1.8
    endloop
  endfacet
  facet normal 0 0 1
    outer loop
      vertex 64.8 -86 1.8
      vertex 62.1213 -86.3787 1.8
      vertex 62.3801 -86.6737 1.8
    endloop
  endfacet
  facet normal 0 0 1
    outer loop
      vertex 62.8978 87.7235 1.8
      vertex 60.8 76 1.8
      vertex 60.8 58 1.8
    endloop
  endfacet
  facet normal -0 0 1
    outer loop
      vertex 60.7765 85.6022 1.8
      vertex 60.8 76 1.8
      vertex 61.148 85.7284 1.8
    endloop
  endfacet
  facet normal -0 0 1
    outer loop
      vertex 60.3916 85.5257 1.8
      vertex 60.8 76 1.8
      vertex 60.7765 85.6022 1.8
    endloop
  endfacet
  facet normal -0 0 1
    outer loop
      vertex 60 85.5 1.8
      vertex 60.8 76 1.8
      vertex 60.3916 85.5257 1.8
    endloop
  endfacet
  facet normal 0 0 1
    outer loop
      vertex 58.8 76 1.8
      vertex 60 85.5 1.8
      vertex 59.6084 85.5257 1.8
    endloop
  endfacet
  facet normal 0 0 1
    outer loop
      vertex 58.8 76 1.8
      vertex 59.6084 85.5257 1.8
      vertex 59.2235 85.6022 1.8
    endloop
  endfacet
  facet normal 0 0 1
    outer loop
      vertex 58.8 76 1.8
      vertex 59.2235 85.6022 1.8
      vertex 58.852 85.7284 1.8
    endloop
  endfacet
  facet normal 0 0 1
    outer loop
      vertex 60 85.5 1.8
      vertex 58.8 76 1.8
      vertex 60.8 76 1.8
    endloop
  endfacet
  facet normal 0 0 1
    outer loop
      vertex 48.4 79.95 1.8
      vertex 58.8 58 1.8
      vertex 58.8 76 1.8
    endloop
  endfacet
  facet normal 0 0 1
    outer loop
      vertex 58.8 58 1.8
      vertex 48.4 79.95 1.8
      vertex 58.8 -58 1.8
    endloop
  endfacet
  facet normal 0 0 1
    outer loop
      vertex 58.1737 86.1199 1.8
      vertex 58.8 76 1.8
      vertex 58.5 85.9019 1.8
    endloop
  endfacet
  facet normal 0 0 1
    outer loop
      vertex 58.5 85.9019 1.8
      vertex 58.8 76 1.8
      vertex 58.852 85.7284 1.8
    endloop
  endfacet
  facet normal 0 0 1
    outer loop
      vertex 64.6024 87.5011 1.8
      vertex 62.9743 88.1084 1.8
      vertex 64.7504 86.757 1.8
    endloop
  endfacet
  facet normal 0 0 1
    outer loop
      vertex 64.7504 86.757 1.8
      vertex 62.9743 88.1084 1.8
      vertex 64.8 86 1.8
    endloop
  endfacet
  facet normal 0 0 1
    outer loop
      vertex 64.3585 88.2196 1.8
      vertex 62.9743 88.1084 1.8
      vertex 64.6024 87.5011 1.8
    endloop
  endfacet
  facet normal 0 0 1
    outer loop
      vertex 60.8 58 1.8
      vertex 64.8 86 1.8
      vertex 62.9743 88.1084 1.8
    endloop
  endfacet
  facet normal 0 0 1
    outer loop
      vertex 62.9743 88.1084 1.8
      vertex 64.3585 88.2196 1.8
      vertex 63 88.5 1.8
    endloop
  endfacet
  facet normal 0 0 1
    outer loop
      vertex 64.8 -86 1.8
      vertex 63 -88.5 1.8
      vertex 64.7504 -86.757 1.8
    endloop
  endfacet
  facet normal -0 0 1
    outer loop
      vertex 63 88.5 1.8
      vertex 64.3585 88.2196 1.8
      vertex 64.0229 88.9 1.8
    endloop
  endfacet
  facet normal 0 0 1
    outer loop
      vertex 64.7504 -86.757 1.8
      vertex 63 -88.5 1.8
      vertex 64.6024 -87.5011 1.8
    endloop
  endfacet
  facet normal 0 0 1
    outer loop
      vertex 62.9743 88.8916 1.8
      vertex 64.0229 88.9 1.8
      vertex 63.6015 89.5308 1.8
    endloop
  endfacet
  facet normal 0 0 1
    outer loop
      vertex 64.6024 -87.5011 1.8
      vertex 63 -88.5 1.8
      vertex 64.3585 -88.2196 1.8
    endloop
  endfacet
  facet normal -0 0 1
    outer loop
      vertex 62.7716 89.648 1.8
      vertex 63.6015 89.5308 1.8
      vertex 63.1012 90.1012 1.8
    endloop
  endfacet
  facet normal 0 0 1
    outer loop
      vertex 64.3585 -88.2196 1.8
      vertex 63 -88.5 1.8
      vertex 64.0229 -88.9 1.8
    endloop
  endfacet
  facet normal -0 0 1
    outer loop
      vertex 62.9743 -88.8916 1.8
      vertex 64.0229 -88.9 1.8
      vertex 63 -88.5 1.8
    endloop
  endfacet
  facet normal 0 0 1
    outer loop
      vertex 64.0229 88.9 1.8
      vertex 62.9743 88.8916 1.8
      vertex 63 88.5 1.8
    endloop
  endfacet
  facet normal 0 0 1
    outer loop
      vertex 63.6015 89.5308 1.8
      vertex 62.8978 89.2765 1.8
      vertex 62.9743 88.8916 1.8
    endloop
  endfacet
  facet normal 0 0 1
    outer loop
      vertex 63.6015 89.5308 1.8
      vertex 62.7716 89.648 1.8
      vertex 62.8978 89.2765 1.8
    endloop
  endfacet
  facet normal 0 0 1
    outer loop
      vertex 63.1012 90.1012 1.8
      vertex 62.5981 90 1.8
      vertex 62.7716 89.648 1.8
    endloop
  endfacet
  facet normal 0 0 1
    outer loop
      vertex 62.5308 90.6015 1.8
      vertex 62.5981 90 1.8
      vertex 63.1012 90.1012 1.8
    endloop
  endfacet
  facet normal 0 0 1
    outer loop
      vertex 62.5308 90.6015 1.8
      vertex 62.3801 90.3263 1.8
      vertex 62.5981 90 1.8
    endloop
  endfacet
  facet normal 0 0 1
    outer loop
      vertex 62.5308 90.6015 1.8
      vertex 62.1213 90.6213 1.8
      vertex 62.3801 90.3263 1.8
    endloop
  endfacet
  facet normal 0 0 1
    outer loop
      vertex 61.9 91.0229 1.8
      vertex 62.1213 90.6213 1.8
      vertex 62.5308 90.6015 1.8
    endloop
  endfacet
  facet normal 0 0 1
    outer loop
      vertex 61.9 91.0229 1.8
      vertex 61.8263 90.8801 1.8
      vertex 62.1213 90.6213 1.8
    endloop
  endfacet
  facet normal 0 0 1
    outer loop
      vertex 61.9 91.0229 1.8
      vertex 61.5 91.0981 1.8
      vertex 61.8263 90.8801 1.8
    endloop
  endfacet
  facet normal 0 0 1
    outer loop
      vertex 61.2196 91.3585 1.8
      vertex 61.5 91.0981 1.8
      vertex 61.9 91.0229 1.8
    endloop
  endfacet
  facet normal 0 0 1
    outer loop
      vertex 61.2196 91.3585 1.8
      vertex 61.148 91.2716 1.8
      vertex 61.5 91.0981 1.8
    endloop
  endfacet
  facet normal 0 0 1
    outer loop
      vertex 61.2196 91.3585 1.8
      vertex 60.7765 91.3978 1.8
      vertex 61.148 91.2716 1.8
    endloop
  endfacet
  facet normal 0 0 1
    outer loop
      vertex 60.5011 91.6024 1.8
      vertex 60.7765 91.3978 1.8
      vertex 61.2196 91.3585 1.8
    endloop
  endfacet
  facet normal 0 0 1
    outer loop
      vertex 60.5011 91.6024 1.8
      vertex 60.3916 91.4743 1.8
      vertex 60.7765 91.3978 1.8
    endloop
  endfacet
  facet normal 0 0 1
    outer loop
      vertex 60.5011 91.6024 1.8
      vertex 60 91.5 1.8
      vertex 60.3916 91.4743 1.8
    endloop
  endfacet
  facet normal 0 0 1
    outer loop
      vertex 59.757 91.7504 1.8
      vertex 60 91.5 1.8
      vertex 60.5011 91.6024 1.8
    endloop
  endfacet
  facet normal 0 0 1
    outer loop
      vertex 59.757 91.7504 1.8
      vertex 59.6084 91.4743 1.8
      vertex 60 91.5 1.8
    endloop
  endfacet
  facet normal 0 0 1
    outer loop
      vertex 59 91.8 1.8
      vertex 59.6084 91.4743 1.8
      vertex 59.757 91.7504 1.8
    endloop
  endfacet
  facet normal 0 0 1
    outer loop
      vertex 59.6084 91.4743 1.8
      vertex 59 91.8 1.8
      vertex 59.2235 91.3978 1.8
    endloop
  endfacet
  facet normal 0 0 1
    outer loop
      vertex 59 91.8 1.8
      vertex 58.852 91.2716 1.8
      vertex 59.2235 91.3978 1.8
    endloop
  endfacet
  facet normal 0 0 1
    outer loop
      vertex 59 91.8 1.8
      vertex 58.5 91.0981 1.8
      vertex 58.852 91.2716 1.8
    endloop
  endfacet
  facet normal 0 0 1
    outer loop
      vertex 59 91.8 1.8
      vertex 58.1737 90.8801 1.8
      vertex 58.5 91.0981 1.8
    endloop
  endfacet
  facet normal 0 0 1
    outer loop
      vertex 59 91.8 1.8
      vertex 57.8787 90.6213 1.8
      vertex 58.1737 90.8801 1.8
    endloop
  endfacet
  facet normal 0 0 1
    outer loop
      vertex 57.8787 -86.3787 1.8
      vertex 48.3397 -80.175 1.8
      vertex 57.6199 -86.6737 1.8
    endloop
  endfacet
  facet normal 0 0 1
    outer loop
      vertex 42 87.4 1.8
      vertex 57 88.5 1.8
      vertex 57.0257 88.8916 1.8
    endloop
  endfacet
  facet normal 0 0 1
    outer loop
      vertex 42 87.4 1.8
      vertex 57.0257 88.8916 1.8
      vertex 57.1022 89.2765 1.8
    endloop
  endfacet
  facet normal 0 0 1
    outer loop
      vertex 42 87.4 1.8
      vertex 57.1022 89.2765 1.8
      vertex 57.2284 89.648 1.8
    endloop
  endfacet
  facet normal 0 0 1
    outer loop
      vertex 42 87.4 1.8
      vertex 57.2284 89.648 1.8
      vertex 57.4019 90 1.8
    endloop
  endfacet
  facet normal 0 0 1
    outer loop
      vertex 42 87.4 1.8
      vertex 57.4019 90 1.8
      vertex 57.6199 90.3263 1.8
    endloop
  endfacet
  facet normal 0 0 1
    outer loop
      vertex 42 87.4 1.8
      vertex 57.6199 90.3263 1.8
      vertex 57.8787 90.6213 1.8
    endloop
  endfacet
  facet normal 0 0 1
    outer loop
      vertex 57.0257 88.1084 1.8
      vertex 48.3961 80.0087 1.8
      vertex 48.4 79.95 1.8
    endloop
  endfacet
  facet normal 0 0 1
    outer loop
      vertex 57.0257 88.1084 1.8
      vertex 48.3847 80.0665 1.8
      vertex 48.3961 80.0087 1.8
    endloop
  endfacet
  facet normal 0 0 1
    outer loop
      vertex 57.0257 88.1084 1.8
      vertex 48.3657 80.1222 1.8
      vertex 48.3847 80.0665 1.8
    endloop
  endfacet
  facet normal 0 0 1
    outer loop
      vertex 57.0257 88.1084 1.8
      vertex 48.3397 80.175 1.8
      vertex 48.3657 80.1222 1.8
    endloop
  endfacet
  facet normal 0 0 1
    outer loop
      vertex 57.0257 88.1084 1.8
      vertex 48.307 80.2239 1.8
      vertex 48.3397 80.175 1.8
    endloop
  endfacet
  facet normal 0 0 1
    outer loop
      vertex 57.0257 88.1084 1.8
      vertex 48.2682 80.2682 1.8
      vertex 48.307 80.2239 1.8
    endloop
  endfacet
  facet normal 0 0 1
    outer loop
      vertex 57.0257 88.1084 1.8
      vertex 48.2239 80.307 1.8
      vertex 48.2682 80.2682 1.8
    endloop
  endfacet
  facet normal 0 0 1
    outer loop
      vertex 57.0257 88.1084 1.8
      vertex 48.175 80.3397 1.8
      vertex 48.2239 80.307 1.8
    endloop
  endfacet
  facet normal 0 0 1
    outer loop
      vertex 57.0257 88.1084 1.8
      vertex 48.1222 80.3657 1.8
      vertex 48.175 80.3397 1.8
    endloop
  endfacet
  facet normal 0 0 1
    outer loop
      vertex 57.0257 88.1084 1.8
      vertex 48.0665 80.3847 1.8
      vertex 48.1222 80.3657 1.8
    endloop
  endfacet
  facet normal 0 0 1
    outer loop
      vertex 42 87.4 1.8
      vertex 57.8787 90.6213 1.8
      vertex 59 91.8 1.8
    endloop
  endfacet
  facet normal 0 0 1
    outer loop
      vertex 57 88.5 1.8
      vertex 42 87.4 1.8
      vertex 48.0665 80.3847 1.8
    endloop
  endfacet
  facet normal 0 0 1
    outer loop
      vertex 48.0665 80.3847 1.8
      vertex 42 87.4 1.8
      vertex 48.0087 80.3961 1.8
    endloop
  endfacet
  facet normal 0 0 1
    outer loop
      vertex 48.0087 80.3961 1.8
      vertex 42 87.4 1.8
      vertex 47.95 80.4 1.8
    endloop
  endfacet
  facet normal 0 0 1
    outer loop
      vertex 59 91.8 1.8
      vertex 22 87.4 1.8
      vertex 42 87.4 1.8
    endloop
  endfacet
  facet normal 0 0 1
    outer loop
      vertex 22 87.4 1.8
      vertex -22 87.4 1.8
      vertex 22 85.4 1.8
    endloop
  endfacet
  facet normal 0 0 1
    outer loop
      vertex 59 91.8 1.8
      vertex -22 87.4 1.8
      vertex 22 87.4 1.8
    endloop
  endfacet
  facet normal -0 0 1
    outer loop
      vertex -59 91.8 1.8
      vertex -22 87.4 1.8
      vertex 59 91.8 1.8
    endloop
  endfacet
  facet normal 0 0 1
    outer loop
      vertex -42 87.4 1.8
      vertex -47.95 80.4 1.8
      vertex -42 85.4 1.8
    endloop
  endfacet
  facet normal 0 0 1
    outer loop
      vertex -42 87.4 1.8
      vertex -48.0087 80.3961 1.8
      vertex -47.95 80.4 1.8
    endloop
  endfacet
  facet normal 0 0 1
    outer loop
      vertex -42 87.4 1.8
      vertex -48.0665 80.3847 1.8
      vertex -48.0087 80.3961 1.8
    endloop
  endfacet
  facet normal 0 0 1
    outer loop
      vertex -57 88.5 1.8
      vertex -48.0665 80.3847 1.8
      vertex -42 87.4 1.8
    endloop
  endfacet
  facet normal -0 0 1
    outer loop
      vertex -57.0257 88.1084 1.8
      vertex -48.0665 80.3847 1.8
      vertex -57 88.5 1.8
    endloop
  endfacet
  facet normal 0 0 1
    outer loop
      vertex -48.0665 80.3847 1.8
      vertex -57.0257 88.1084 1.8
      vertex -48.1222 80.3657 1.8
    endloop
  endfacet
  facet normal -0 0 1
    outer loop
      vertex -57.1022 87.7235 1.8
      vertex -48.1222 80.3657 1.8
      vertex -57.0257 88.1084 1.8
    endloop
  endfacet
  facet normal 0 0 1
    outer loop
      vertex -53 58 1.8
      vertex -48.4 79.95 1.8
      vertex -53 76 1.8
    endloop
  endfacet
  facet normal 0 0 1
    outer loop
      vertex -48.3961 80.0087 1.8
      vertex -53 76 1.8
      vertex -48.4 79.95 1.8
    endloop
  endfacet
  facet normal 0 0 1
    outer loop
      vertex -48.3847 80.0665 1.8
      vertex -53 76 1.8
      vertex -48.3961 80.0087 1.8
    endloop
  endfacet
  facet normal -0 0 1
    outer loop
      vertex -57.8787 86.3787 1.8
      vertex -48.3397 80.175 1.8
      vertex -57.6199 86.6737 1.8
    endloop
  endfacet
  facet normal 0 0 1
    outer loop
      vertex -48.2239 80.307 1.8
      vertex -57.2284 87.352 1.8
      vertex -48.2682 80.2682 1.8
    endloop
  endfacet
  facet normal 0 0 1
    outer loop
      vertex -48.175 80.3397 1.8
      vertex -57.2284 87.352 1.8
      vertex -48.2239 80.307 1.8
    endloop
  endfacet
  facet normal -0 0 1
    outer loop
      vertex -57.2284 87.352 1.8
      vertex -48.175 80.3397 1.8
      vertex -57.1022 87.7235 1.8
    endloop
  endfacet
  facet normal 0 0 1
    outer loop
      vertex -48.1222 80.3657 1.8
      vertex -57.1022 87.7235 1.8
      vertex -48.175 80.3397 1.8
    endloop
  endfacet
  facet normal -0 0 1
    outer loop
      vertex -57.4019 87 1.8
      vertex -48.2682 80.2682 1.8
      vertex -57.2284 87.352 1.8
    endloop
  endfacet
  facet normal 0 0 1
    outer loop
      vertex -48.2682 80.2682 1.8
      vertex -57.4019 87 1.8
      vertex -48.307 80.2239 1.8
    endloop
  endfacet
  facet normal -0 0 1
    outer loop
      vertex -57.6199 86.6737 1.8
      vertex -48.307 80.2239 1.8
      vertex -57.4019 87 1.8
    endloop
  endfacet
  facet normal 0 0 1
    outer loop
      vertex -48.307 80.2239 1.8
      vertex -57.6199 86.6737 1.8
      vertex -48.3397 80.175 1.8
    endloop
  endfacet
  facet normal 0 0 1
    outer loop
      vertex -48.3847 80.0665 1.8
      vertex -55 76 1.8
      vertex -53 76 1.8
    endloop
  endfacet
  facet normal 0 0 1
    outer loop
      vertex -22 87.4 1.8
      vertex -59 91.8 1.8
      vertex -42 87.4 1.8
    endloop
  endfacet
  facet normal 0 0 1
    outer loop
      vertex -42 87.4 1.8
      vertex -57.0257 88.8916 1.8
      vertex -57 88.5 1.8
    endloop
  endfacet
  facet normal 0 0 1
    outer loop
      vertex -42 87.4 1.8
      vertex -57.1022 89.2765 1.8
      vertex -57.0257 88.8916 1.8
    endloop
  endfacet
  facet normal 0 0 1
    outer loop
      vertex -42 87.4 1.8
      vertex -57.2284 89.648 1.8
      vertex -57.1022 89.2765 1.8
    endloop
  endfacet
  facet normal 0 0 1
    outer loop
      vertex -42 87.4 1.8
      vertex -57.4019 90 1.8
      vertex -57.2284 89.648 1.8
    endloop
  endfacet
  facet normal 0 0 1
    outer loop
      vertex -42 87.4 1.8
      vertex -57.6199 90.3263 1.8
      vertex -57.4019 90 1.8
    endloop
  endfacet
  facet normal 0 0 1
    outer loop
      vertex -42 87.4 1.8
      vertex -57.8787 90.6213 1.8
      vertex -57.6199 90.3263 1.8
    endloop
  endfacet
  facet normal 0 0 1
    outer loop
      vertex -42 87.4 1.8
      vertex -59 91.8 1.8
      vertex -57.8787 90.6213 1.8
    endloop
  endfacet
  facet normal 0 0 1
    outer loop
      vertex -57.8787 90.6213 1.8
      vertex -59 91.8 1.8
      vertex -58.1737 90.8801 1.8
    endloop
  endfacet
  facet normal 0 0 1
    outer loop
      vertex -58.1737 90.8801 1.8
      vertex -59 91.8 1.8
      vertex -58.5 91.0981 1.8
    endloop
  endfacet
  facet normal 0 0 1
    outer loop
      vertex -58.5 91.0981 1.8
      vertex -59 91.8 1.8
      vertex -58.852 91.2716 1.8
    endloop
  endfacet
  facet normal 0 0 1
    outer loop
      vertex -59 91.8 1.8
      vertex -59.2235 91.3978 1.8
      vertex -58.852 91.2716 1.8
    endloop
  endfacet
  facet normal 0 0 1
    outer loop
      vertex -59 91.8 1.8
      vertex -59.6084 91.4743 1.8
      vertex -59.2235 91.3978 1.8
    endloop
  endfacet
  facet normal -0 0 1
    outer loop
      vertex -59.757 91.7504 1.8
      vertex -59.6084 91.4743 1.8
      vertex -59 91.8 1.8
    endloop
  endfacet
  facet normal 0 0 1
    outer loop
      vertex -59.757 91.7504 1.8
      vertex -60 91.5 1.8
      vertex -59.6084 91.4743 1.8
    endloop
  endfacet
  facet normal -0 0 1
    outer loop
      vertex -60.5011 91.6024 1.8
      vertex -60 91.5 1.8
      vertex -59.757 91.7504 1.8
    endloop
  endfacet
  facet normal 0 0 1
    outer loop
      vertex -60 91.5 1.8
      vertex -60.5011 91.6024 1.8
      vertex -60.3916 91.4743 1.8
    endloop
  endfacet
  facet normal 0 0 1
    outer loop
      vertex -60.5011 91.6024 1.8
      vertex -60.7765 91.3978 1.8
      vertex -60.3916 91.4743 1.8
    endloop
  endfacet
  facet normal 0 0 1
    outer loop
      vertex -61.2196 91.3585 1.8
      vertex -60.7765 91.3978 1.8
      vertex -60.5011 91.6024 1.8
    endloop
  endfacet
  facet normal 0 0 1
    outer loop
      vertex -60.7765 91.3978 1.8
      vertex -61.2196 91.3585 1.8
      vertex -61.148 91.2716 1.8
    endloop
  endfacet
  facet normal 0 0 1
    outer loop
      vertex -61.2196 91.3585 1.8
      vertex -61.5 91.0981 1.8
      vertex -61.148 91.2716 1.8
    endloop
  endfacet
  facet normal 0 0 1
    outer loop
      vertex -61.9 91.0229 1.8
      vertex -61.5 91.0981 1.8
      vertex -61.2196 91.3585 1.8
    endloop
  endfacet
  facet normal 0 0 1
    outer loop
      vertex -61.5 91.0981 1.8
      vertex -61.9 91.0229 1.8
      vertex -61.8263 90.8801 1.8
    endloop
  endfacet
  facet normal 0 0 1
    outer loop
      vertex -61.9 91.0229 1.8
      vertex -62.1213 90.6213 1.8
      vertex -61.8263 90.8801 1.8
    endloop
  endfacet
  facet normal 0 0 1
    outer loop
      vertex -62.5308 90.6015 1.8
      vertex -62.1213 90.6213 1.8
      vertex -61.9 91.0229 1.8
    endloop
  endfacet
  facet normal 0 0 1
    outer loop
      vertex -62.1213 90.6213 1.8
      vertex -62.5308 90.6015 1.8
      vertex -62.3801 90.3263 1.8
    endloop
  endfacet
  facet normal 0 0 1
    outer loop
      vertex -62.5308 90.6015 1.8
      vertex -62.5981 90 1.8
      vertex -62.3801 90.3263 1.8
    endloop
  endfacet
  facet normal -0 0 1
    outer loop
      vertex -63.1012 90.1012 1.8
      vertex -62.5981 90 1.8
      vertex -62.5308 90.6015 1.8
    endloop
  endfacet
  facet normal 0 0 1
    outer loop
      vertex -62.5981 90 1.8
      vertex -63.1012 90.1012 1.8
      vertex -62.7716 89.648 1.8
    endloop
  endfacet
  facet normal -0 0 1
    outer loop
      vertex -64.0229 88.9 1.8
      vertex -62.9743 88.8916 1.8
      vertex -63.6015 89.5308 1.8
    endloop
  endfacet
  facet normal 0 0 1
    outer loop
      vertex -62.8978 89.2765 1.8
      vertex -63.6015 89.5308 1.8
      vertex -62.9743 88.8916 1.8
    endloop
  endfacet
  facet normal 0 0 1
    outer loop
      vertex -62.7716 89.648 1.8
      vertex -63.6015 89.5308 1.8
      vertex -62.8978 89.2765 1.8
    endloop
  endfacet
  facet normal 0 0 1
    outer loop
      vertex -63.6015 89.5308 1.8
      vertex -62.7716 89.648 1.8
      vertex -63.1012 90.1012 1.8
    endloop
  endfacet
  facet normal 0 0 1
    outer loop
      vertex 64.0229 -88.9 1.8
      vertex 62.9743 -88.8916 1.8
      vertex 63.6015 -89.5308 1.8
    endloop
  endfacet
  facet normal -0 0 1
    outer loop
      vertex 62.8978 -89.2765 1.8
      vertex 63.6015 -89.5308 1.8
      vertex 62.9743 -88.8916 1.8
    endloop
  endfacet
  facet normal 0 0 1
    outer loop
      vertex 62.7716 -89.648 1.8
      vertex 63.6015 -89.5308 1.8
      vertex 62.8978 -89.2765 1.8
    endloop
  endfacet
  facet normal 0 0 1
    outer loop
      vertex 63.6015 -89.5308 1.8
      vertex 62.7716 -89.648 1.8
      vertex 63.1012 -90.1012 1.8
    endloop
  endfacet
  facet normal -0 0 1
    outer loop
      vertex 62.5981 -90 1.8
      vertex 63.1012 -90.1012 1.8
      vertex 62.7716 -89.648 1.8
    endloop
  endfacet
  facet normal 0 0 1
    outer loop
      vertex 62.5981 -90 1.8
      vertex 62.5308 -90.6015 1.8
      vertex 63.1012 -90.1012 1.8
    endloop
  endfacet
  facet normal -0 0 1
    outer loop
      vertex 62.3801 -90.3263 1.8
      vertex 62.5308 -90.6015 1.8
      vertex 62.5981 -90 1.8
    endloop
  endfacet
  facet normal 0 0 1
    outer loop
      vertex 62.1213 -90.6213 1.8
      vertex 62.5308 -90.6015 1.8
      vertex 62.3801 -90.3263 1.8
    endloop
  endfacet
  facet normal -0 0 1
    outer loop
      vertex 62.1213 -90.6213 1.8
      vertex 61.9 -91.0229 1.8
      vertex 62.5308 -90.6015 1.8
    endloop
  endfacet
  facet normal -0 0 1
    outer loop
      vertex 61.8263 -90.8801 1.8
      vertex 61.9 -91.0229 1.8
      vertex 62.1213 -90.6213 1.8
    endloop
  endfacet
  facet normal 0 0 1
    outer loop
      vertex 61.5 -91.0981 1.8
      vertex 61.9 -91.0229 1.8
      vertex 61.8263 -90.8801 1.8
    endloop
  endfacet
  facet normal -0 0 1
    outer loop
      vertex 61.5 -91.0981 1.8
      vertex 61.2196 -91.3585 1.8
      vertex 61.9 -91.0229 1.8
    endloop
  endfacet
  facet normal -0 0 1
    outer loop
      vertex 61.148 -91.2716 1.8
      vertex 61.2196 -91.3585 1.8
      vertex 61.5 -91.0981 1.8
    endloop
  endfacet
  facet normal 0 0 1
    outer loop
      vertex 60.7765 -91.3978 1.8
      vertex 61.2196 -91.3585 1.8
      vertex 61.148 -91.2716 1.8
    endloop
  endfacet
  facet normal -0 0 1
    outer loop
      vertex 60.7765 -91.3978 1.8
      vertex 60.5011 -91.6024 1.8
      vertex 61.2196 -91.3585 1.8
    endloop
  endfacet
  facet normal -0 0 1
    outer loop
      vertex 60.3916 -91.4743 1.8
      vertex 60.5011 -91.6024 1.8
      vertex 60.7765 -91.3978 1.8
    endloop
  endfacet
  facet normal -0 0 1
    outer loop
      vertex 60 -91.5 1.8
      vertex 60.5011 -91.6024 1.8
      vertex 60.3916 -91.4743 1.8
    endloop
  endfacet
  facet normal 0 0 1
    outer loop
      vertex 60 -91.5 1.8
      vertex 59.757 -91.7504 1.8
      vertex 60.5011 -91.6024 1.8
    endloop
  endfacet
  facet normal 0 0 1
    outer loop
      vertex 59.6084 -91.4743 1.8
      vertex 59.757 -91.7504 1.8
      vertex 60 -91.5 1.8
    endloop
  endfacet
  facet normal 0 0 1
    outer loop
      vertex 59 -91.8 1.8
      vertex 59.6084 -91.4743 1.8
      vertex 59.2235 -91.3978 1.8
    endloop
  endfacet
  facet normal 0 0 1
    outer loop
      vertex 59.6084 -91.4743 1.8
      vertex 59 -91.8 1.8
      vertex 59.757 -91.7504 1.8
    endloop
  endfacet
  facet normal 0 0 1
    outer loop
      vertex 58.852 -91.2716 1.8
      vertex 59 -91.8 1.8
      vertex 59.2235 -91.3978 1.8
    endloop
  endfacet
  facet normal 0 0 1
    outer loop
      vertex 58.5 -91.0981 1.8
      vertex 59 -91.8 1.8
      vertex 58.852 -91.2716 1.8
    endloop
  endfacet
  facet normal 0 0 1
    outer loop
      vertex 58.1737 -90.8801 1.8
      vertex 59 -91.8 1.8
      vertex 58.5 -91.0981 1.8
    endloop
  endfacet
  facet normal 0 0 1
    outer loop
      vertex 57.8787 -90.6213 1.8
      vertex 59 -91.8 1.8
      vertex 58.1737 -90.8801 1.8
    endloop
  endfacet
  facet normal -0 0 1
    outer loop
      vertex 48.307 -80.2239 1.8
      vertex 57.6199 -86.6737 1.8
      vertex 48.3397 -80.175 1.8
    endloop
  endfacet
  facet normal 0 0 1
    outer loop
      vertex 57.6199 -86.6737 1.8
      vertex 48.307 -80.2239 1.8
      vertex 57.4019 -87 1.8
    endloop
  endfacet
  facet normal -0 0 1
    outer loop
      vertex 48.2682 -80.2682 1.8
      vertex 57.4019 -87 1.8
      vertex 48.307 -80.2239 1.8
    endloop
  endfacet
  facet normal 0 0 1
    outer loop
      vertex 57.4019 -87 1.8
      vertex 48.2682 -80.2682 1.8
      vertex 57.2284 -87.352 1.8
    endloop
  endfacet
  facet normal -0 0 1
    outer loop
      vertex 48.2239 -80.307 1.8
      vertex 57.2284 -87.352 1.8
      vertex 48.2682 -80.2682 1.8
    endloop
  endfacet
  facet normal -0 0 1
    outer loop
      vertex 48.175 -80.3397 1.8
      vertex 57.2284 -87.352 1.8
      vertex 48.2239 -80.307 1.8
    endloop
  endfacet
  facet normal 0 0 1
    outer loop
      vertex 57.2284 -87.352 1.8
      vertex 48.175 -80.3397 1.8
      vertex 57.1022 -87.7235 1.8
    endloop
  endfacet
  facet normal -0 0 1
    outer loop
      vertex 48.1222 -80.3657 1.8
      vertex 57.1022 -87.7235 1.8
      vertex 48.175 -80.3397 1.8
    endloop
  endfacet
  facet normal 0 0 1
    outer loop
      vertex 57.1022 -87.7235 1.8
      vertex 48.1222 -80.3657 1.8
      vertex 57.0257 -88.1084 1.8
    endloop
  endfacet
  facet normal -0 0 1
    outer loop
      vertex 48.0665 -80.3847 1.8
      vertex 57.0257 -88.1084 1.8
      vertex 48.1222 -80.3657 1.8
    endloop
  endfacet
  facet normal 0 0 1
    outer loop
      vertex 57.0257 -88.1084 1.8
      vertex 48.0665 -80.3847 1.8
      vertex 57 -88.5 1.8
    endloop
  endfacet
  facet normal -0 0 1
    outer loop
      vertex 42 -87.4 1.8
      vertex 57 -88.5 1.8
      vertex 48.0665 -80.3847 1.8
    endloop
  endfacet
  facet normal 0 0 1
    outer loop
      vertex 57 -88.5 1.8
      vertex 42 -87.4 1.8
      vertex 57.0257 -88.8916 1.8
    endloop
  endfacet
  facet normal 0 0 1
    outer loop
      vertex 57.0257 -88.8916 1.8
      vertex 42 -87.4 1.8
      vertex 57.1022 -89.2765 1.8
    endloop
  endfacet
  facet normal 0 0 1
    outer loop
      vertex 57.1022 -89.2765 1.8
      vertex 42 -87.4 1.8
      vertex 57.2284 -89.648 1.8
    endloop
  endfacet
  facet normal 0 0 1
    outer loop
      vertex 57.2284 -89.648 1.8
      vertex 42 -87.4 1.8
      vertex 57.4019 -90 1.8
    endloop
  endfacet
  facet normal 0 0 1
    outer loop
      vertex 57.4019 -90 1.8
      vertex 42 -87.4 1.8
      vertex 57.6199 -90.3263 1.8
    endloop
  endfacet
  facet normal 0 0 1
    outer loop
      vertex 57.6199 -90.3263 1.8
      vertex 42 -87.4 1.8
      vertex 57.8787 -90.6213 1.8
    endloop
  endfacet
  facet normal 0 0 1
    outer loop
      vertex 42 -87.4 1.8
      vertex 48.0665 -80.3847 1.8
      vertex 48.0087 -80.3961 1.8
    endloop
  endfacet
  facet normal 0 0 1
    outer loop
      vertex 42 -87.4 1.8
      vertex 48.0087 -80.3961 1.8
      vertex 47.95 -80.4 1.8
    endloop
  endfacet
  facet normal 0 0 1
    outer loop
      vertex 42 -87.4 1.8
      vertex 47.95 -80.4 1.8
      vertex 42 -85.4 1.8
    endloop
  endfacet
  facet normal 0 0 1
    outer loop
      vertex 57.8787 -90.6213 1.8
      vertex 42 -87.4 1.8
      vertex 59 -91.8 1.8
    endloop
  endfacet
  facet normal -0 0 1
    outer loop
      vertex 22 -87.4 1.8
      vertex 59 -91.8 1.8
      vertex 42 -87.4 1.8
    endloop
  endfacet
  facet normal 0 0 1
    outer loop
      vertex -22 -87.4 1.8
      vertex 22 -87.4 1.8
      vertex -22 -85.4 1.8
    endloop
  endfacet
  facet normal 0 0 1
    outer loop
      vertex 22 -87.4 1.8
      vertex -22 -87.4 1.8
      vertex 59 -91.8 1.8
    endloop
  endfacet
  facet normal 0 0 1
    outer loop
      vertex -59 -91.8 1.8
      vertex -22 -87.4 1.8
      vertex -42 -87.4 1.8
    endloop
  endfacet
  facet normal 0 0 1
    outer loop
      vertex -48.0087 -80.3961 1.8
      vertex -42 -87.4 1.8
      vertex -47.95 -80.4 1.8
    endloop
  endfacet
  facet normal 0 0 1
    outer loop
      vertex -48.0665 -80.3847 1.8
      vertex -42 -87.4 1.8
      vertex -48.0087 -80.3961 1.8
    endloop
  endfacet
  facet normal 0 0 1
    outer loop
      vertex -57 -88.5 1.8
      vertex -48.0665 -80.3847 1.8
      vertex -48.1222 -80.3657 1.8
    endloop
  endfacet
  facet normal 0 0 1
    outer loop
      vertex -57 -88.5 1.8
      vertex -48.1222 -80.3657 1.8
      vertex -48.175 -80.3397 1.8
    endloop
  endfacet
  facet normal 0 0 1
    outer loop
      vertex -57 -88.5 1.8
      vertex -48.175 -80.3397 1.8
      vertex -48.2239 -80.307 1.8
    endloop
  endfacet
  facet normal 0 0 1
    outer loop
      vertex -57 -88.5 1.8
      vertex -48.2239 -80.307 1.8
      vertex -48.2682 -80.2682 1.8
    endloop
  endfacet
  facet normal 0 0 1
    outer loop
      vertex -48.4 79.95 1.8
      vertex -53 58 1.8
      vertex -48.4 -79.95 1.8
    endloop
  endfacet
  facet normal -0 0 1
    outer loop
      vertex -53 -58 1.8
      vertex -48.4 -79.95 1.8
      vertex -53 58 1.8
    endloop
  endfacet
  facet normal -0 0 1
    outer loop
      vertex -53 -76 1.8
      vertex -48.4 -79.95 1.8
      vertex -53 -58 1.8
    endloop
  endfacet
  facet normal 0 0 1
    outer loop
      vertex -48.4 -79.95 1.8
      vertex -53 -76 1.8
      vertex -48.3961 -80.0087 1.8
    endloop
  endfacet
  facet normal 0 0 1
    outer loop
      vertex -48.3961 -80.0087 1.8
      vertex -53 -76 1.8
      vertex -48.3847 -80.0665 1.8
    endloop
  endfacet
  facet normal -0 0 1
    outer loop
      vertex -55 -76 1.8
      vertex -48.3847 -80.0665 1.8
      vertex -53 -76 1.8
    endloop
  endfacet
  facet normal 0 0 1
    outer loop
      vertex -48.3847 -80.0665 1.8
      vertex -55 -76 1.8
      vertex -48.3657 -80.1222 1.8
    endloop
  endfacet
  facet normal 0 0 1
    outer loop
      vertex -57 -88.5 1.8
      vertex -48.3657 -80.1222 1.8
      vertex -55 -76 1.8
    endloop
  endfacet
  facet normal 0 0 1
    outer loop
      vertex -48.3657 -80.1222 1.8
      vertex -57 -88.5 1.8
      vertex -48.3397 -80.175 1.8
    endloop
  endfacet
  facet normal 0 0 1
    outer loop
      vertex -48.3397 -80.175 1.8
      vertex -57 -88.5 1.8
      vertex -48.307 -80.2239 1.8
    endloop
  endfacet
  facet normal 0 0 1
    outer loop
      vertex -48.307 -80.2239 1.8
      vertex -57 -88.5 1.8
      vertex -48.2682 -80.2682 1.8
    endloop
  endfacet
  facet normal 0 0 1
    outer loop
      vertex -55 -58 1.8
      vertex -57 -88.5 1.8
      vertex -55 -76 1.8
    endloop
  endfacet
  facet normal 0 0 1
    outer loop
      vertex -48.0665 -80.3847 1.8
      vertex -57 -88.5 1.8
      vertex -42 -87.4 1.8
    endloop
  endfacet
  facet normal 0 0 1
    outer loop
      vertex -57.0257 -88.8916 1.8
      vertex -42 -87.4 1.8
      vertex -57 -88.5 1.8
    endloop
  endfacet
  facet normal 0 0 1
    outer loop
      vertex -57.1022 -89.2765 1.8
      vertex -42 -87.4 1.8
      vertex -57.0257 -88.8916 1.8
    endloop
  endfacet
  facet normal 0 0 1
    outer loop
      vertex -57.2284 -89.648 1.8
      vertex -42 -87.4 1.8
      vertex -57.1022 -89.2765 1.8
    endloop
  endfacet
  facet normal 0 0 1
    outer loop
      vertex -57.4019 -90 1.8
      vertex -42 -87.4 1.8
      vertex -57.2284 -89.648 1.8
    endloop
  endfacet
  facet normal 0 0 1
    outer loop
      vertex -57.6199 -90.3263 1.8
      vertex -42 -87.4 1.8
      vertex -57.4019 -90 1.8
    endloop
  endfacet
  facet normal 0 0 1
    outer loop
      vertex -57.8787 -90.6213 1.8
      vertex -42 -87.4 1.8
      vertex -57.6199 -90.3263 1.8
    endloop
  endfacet
  facet normal 0 0 1
    outer loop
      vertex -59 -91.8 1.8
      vertex -42 -87.4 1.8
      vertex -57.8787 -90.6213 1.8
    endloop
  endfacet
  facet normal 0 0 1
    outer loop
      vertex -59 -91.8 1.8
      vertex -57.8787 -90.6213 1.8
      vertex -58.1737 -90.8801 1.8
    endloop
  endfacet
  facet normal 0 0 1
    outer loop
      vertex -59 -91.8 1.8
      vertex -58.1737 -90.8801 1.8
      vertex -58.5 -91.0981 1.8
    endloop
  endfacet
  facet normal 0 0 1
    outer loop
      vertex -59 -91.8 1.8
      vertex -58.5 -91.0981 1.8
      vertex -58.852 -91.2716 1.8
    endloop
  endfacet
  facet normal 0 0 1
    outer loop
      vertex -22 -87.4 1.8
      vertex -59 -91.8 1.8
      vertex 59 -91.8 1.8
    endloop
  endfacet
  facet normal -0 0 1
    outer loop
      vertex -59.2235 -91.3978 1.8
      vertex -59 -91.8 1.8
      vertex -58.852 -91.2716 1.8
    endloop
  endfacet
  facet normal -0 0 1
    outer loop
      vertex -59.6084 -91.4743 1.8
      vertex -59 -91.8 1.8
      vertex -59.2235 -91.3978 1.8
    endloop
  endfacet
  facet normal 0 0 1
    outer loop
      vertex -59.6084 -91.4743 1.8
      vertex -59.757 -91.7504 1.8
      vertex -59 -91.8 1.8
    endloop
  endfacet
  facet normal -0 0 1
    outer loop
      vertex -60 -91.5 1.8
      vertex -59.757 -91.7504 1.8
      vertex -59.6084 -91.4743 1.8
    endloop
  endfacet
  facet normal 0 0 1
    outer loop
      vertex -60.5011 -91.6024 1.8
      vertex -60 -91.5 1.8
      vertex -60.3916 -91.4743 1.8
    endloop
  endfacet
  facet normal 0 0 1
    outer loop
      vertex -60 -91.5 1.8
      vertex -60.5011 -91.6024 1.8
      vertex -59.757 -91.7504 1.8
    endloop
  endfacet
  facet normal 0 0 1
    outer loop
      vertex -60.7765 -91.3978 1.8
      vertex -60.5011 -91.6024 1.8
      vertex -60.3916 -91.4743 1.8
    endloop
  endfacet
  facet normal -0 0 1
    outer loop
      vertex -61.2196 -91.3585 1.8
      vertex -60.7765 -91.3978 1.8
      vertex -61.148 -91.2716 1.8
    endloop
  endfacet
  facet normal 0 0 1
    outer loop
      vertex -60.7765 -91.3978 1.8
      vertex -61.2196 -91.3585 1.8
      vertex -60.5011 -91.6024 1.8
    endloop
  endfacet
  facet normal 0 0 1
    outer loop
      vertex -61.5 -91.0981 1.8
      vertex -61.2196 -91.3585 1.8
      vertex -61.148 -91.2716 1.8
    endloop
  endfacet
  facet normal -0 0 1
    outer loop
      vertex -61.9 -91.0229 1.8
      vertex -61.5 -91.0981 1.8
      vertex -61.8263 -90.8801 1.8
    endloop
  endfacet
  facet normal 0 0 1
    outer loop
      vertex -61.5 -91.0981 1.8
      vertex -61.9 -91.0229 1.8
      vertex -61.2196 -91.3585 1.8
    endloop
  endfacet
  facet normal 0 0 1
    outer loop
      vertex -62.1213 -90.6213 1.8
      vertex -61.9 -91.0229 1.8
      vertex -61.8263 -90.8801 1.8
    endloop
  endfacet
  facet normal -0 0 1
    outer loop
      vertex -62.5308 -90.6015 1.8
      vertex -62.1213 -90.6213 1.8
      vertex -62.3801 -90.3263 1.8
    endloop
  endfacet
  facet normal 0 0 1
    outer loop
      vertex -62.1213 -90.6213 1.8
      vertex -62.5308 -90.6015 1.8
      vertex -61.9 -91.0229 1.8
    endloop
  endfacet
  facet normal 0 0 1
    outer loop
      vertex -62.5981 -90 1.8
      vertex -62.5308 -90.6015 1.8
      vertex -62.3801 -90.3263 1.8
    endloop
  endfacet
  facet normal 0 0 1
    outer loop
      vertex -63.1012 -90.1012 1.8
      vertex -62.5981 -90 1.8
      vertex -62.7716 -89.648 1.8
    endloop
  endfacet
  facet normal -0 0 1
    outer loop
      vertex -63.6015 -89.5308 1.8
      vertex -62.7716 -89.648 1.8
      vertex -62.8978 -89.2765 1.8
    endloop
  endfacet
  facet normal 0 0 1
    outer loop
      vertex -62.5981 -90 1.8
      vertex -63.1012 -90.1012 1.8
      vertex -62.5308 -90.6015 1.8
    endloop
  endfacet
  facet normal 0 0 1
    outer loop
      vertex -63.6015 -89.5308 1.8
      vertex -62.8978 -89.2765 1.8
      vertex -62.9743 -88.8916 1.8
    endloop
  endfacet
  facet normal 0 0 1
    outer loop
      vertex -64.0229 -88.9 1.8
      vertex -62.9743 -88.8916 1.8
      vertex -63 -88.5 1.8
    endloop
  endfacet
  facet normal 0 -0 1
    outer loop
      vertex -64.6024 -87.5011 1.8
      vertex -62.7716 -87.352 1.8
      vertex -64.7504 -86.757 1.8
    endloop
  endfacet
  facet normal 0 0 1
    outer loop
      vertex -62.9743 88.8916 1.8
      vertex -64.0229 88.9 1.8
      vertex -63 88.5 1.8
    endloop
  endfacet
  facet normal 0 0 1
    outer loop
      vertex -62.7716 -87.352 1.8
      vertex -64.6024 -87.5011 1.8
      vertex -62.8978 -87.7235 1.8
    endloop
  endfacet
  facet normal 0 0 1
    outer loop
      vertex -64.3585 88.2196 1.8
      vertex -63 88.5 1.8
      vertex -64.0229 88.9 1.8
    endloop
  endfacet
  facet normal 0 -0 1
    outer loop
      vertex -64.3585 -88.2196 1.8
      vertex -62.8978 -87.7235 1.8
      vertex -64.6024 -87.5011 1.8
    endloop
  endfacet
  facet normal 0 0 1
    outer loop
      vertex -62.8978 87.7235 1.8
      vertex -64.3585 88.2196 1.8
      vertex -64.6024 87.5011 1.8
    endloop
  endfacet
  facet normal 0 0 1
    outer loop
      vertex -62.7716 -89.648 1.8
      vertex -63.6015 -89.5308 1.8
      vertex -63.1012 -90.1012 1.8
    endloop
  endfacet
  facet normal 0 0 1
    outer loop
      vertex -62.7716 87.352 1.8
      vertex -64.6024 87.5011 1.8
      vertex -64.7504 86.757 1.8
    endloop
  endfacet
  facet normal 0 0 1
    outer loop
      vertex -62.9743 -88.8916 1.8
      vertex -64.0229 -88.9 1.8
      vertex -63.6015 -89.5308 1.8
    endloop
  endfacet
  facet normal 0 0 1
    outer loop
      vertex -62.5981 87 1.8
      vertex -64.7504 86.757 1.8
      vertex -64.8 86 1.8
    endloop
  endfacet
  facet normal 0 0 1
    outer loop
      vertex -63 -88.5 1.8
      vertex -64.3585 -88.2196 1.8
      vertex -64.0229 -88.9 1.8
    endloop
  endfacet
  facet normal 0 0 1
    outer loop
      vertex -62.9743 -88.1084 1.8
      vertex -64.3585 -88.2196 1.8
      vertex -63 -88.5 1.8
    endloop
  endfacet
  facet normal 0 0 1
    outer loop
      vertex -62.8978 -87.7235 1.8
      vertex -64.3585 -88.2196 1.8
      vertex -62.9743 -88.1084 1.8
    endloop
  endfacet
  facet normal 0 0 1
    outer loop
      vertex 64.8 -86 1.8
      vertex 61.8263 -86.1199 1.8
      vertex 62.1213 -86.3787 1.8
    endloop
  endfacet
  facet normal 0 0 1
    outer loop
      vertex 64.8 -86 1.8
      vertex 61.5 -85.9019 1.8
      vertex 61.8263 -86.1199 1.8
    endloop
  endfacet
  facet normal 0 0 1
    outer loop
      vertex 64.8 -86 1.8
      vertex 61.148 -85.7284 1.8
      vertex 61.5 -85.9019 1.8
    endloop
  endfacet
  facet normal 0 0 1
    outer loop
      vertex 60.8 -76 1.8
      vertex 60.7765 -85.6022 1.8
      vertex 61.148 -85.7284 1.8
    endloop
  endfacet
  facet normal 0 0 1
    outer loop
      vertex 60.8 -76 1.8
      vertex 60.3916 -85.5257 1.8
      vertex 60.7765 -85.6022 1.8
    endloop
  endfacet
  facet normal 0 0 1
    outer loop
      vertex 60.8 -76 1.8
      vertex 60 -85.5 1.8
      vertex 60.3916 -85.5257 1.8
    endloop
  endfacet
  facet normal -0 0 1
    outer loop
      vertex 58.8 -76 1.8
      vertex 60 -85.5 1.8
      vertex 60.8 -76 1.8
    endloop
  endfacet
  facet normal 0 0 1
    outer loop
      vertex 60 -85.5 1.8
      vertex 58.8 -76 1.8
      vertex 59.6084 -85.5257 1.8
    endloop
  endfacet
  facet normal 0 0 1
    outer loop
      vertex 59.6084 -85.5257 1.8
      vertex 58.8 -76 1.8
      vertex 59.2235 -85.6022 1.8
    endloop
  endfacet
  facet normal 0 0 1
    outer loop
      vertex 59.2235 -85.6022 1.8
      vertex 58.8 -76 1.8
      vertex 58.852 -85.7284 1.8
    endloop
  endfacet
  facet normal 0 0 1
    outer loop
      vertex 58.8 -76 1.8
      vertex 58.5 -85.9019 1.8
      vertex 58.852 -85.7284 1.8
    endloop
  endfacet
  facet normal 0 0 1
    outer loop
      vertex 58.8 76 1.8
      vertex 58.1737 86.1199 1.8
      vertex 48.4 79.95 1.8
    endloop
  endfacet
  facet normal 0 0 1
    outer loop
      vertex 48.4 79.95 1.8
      vertex 58.1737 86.1199 1.8
      vertex 57.8787 86.3787 1.8
    endloop
  endfacet
  facet normal 0 0 1
    outer loop
      vertex 58.8 -76 1.8
      vertex 58.1737 -86.1199 1.8
      vertex 58.5 -85.9019 1.8
    endloop
  endfacet
  facet normal 0 0 1
    outer loop
      vertex 48.4 79.95 1.8
      vertex 57.8787 86.3787 1.8
      vertex 57.6199 86.6737 1.8
    endloop
  endfacet
  facet normal 0 0 1
    outer loop
      vertex 48.3961 -80.0087 1.8
      vertex 58.8 -76 1.8
      vertex 48.4 -79.95 1.8
    endloop
  endfacet
  facet normal 0 0 1
    outer loop
      vertex 48.4 79.95 1.8
      vertex 57.6199 86.6737 1.8
      vertex 57.4019 87 1.8
    endloop
  endfacet
  facet normal 0 0 1
    outer loop
      vertex 58.8 -76 1.8
      vertex 48.3961 -80.0087 1.8
      vertex 58.1737 -86.1199 1.8
    endloop
  endfacet
  facet normal 0 0 1
    outer loop
      vertex 48.4 79.95 1.8
      vertex 57.4019 87 1.8
      vertex 57.2284 87.352 1.8
    endloop
  endfacet
  facet normal -0 0 1
    outer loop
      vertex 48.3847 -80.0665 1.8
      vertex 58.1737 -86.1199 1.8
      vertex 48.3961 -80.0087 1.8
    endloop
  endfacet
  facet normal 0 0 1
    outer loop
      vertex 48.4 79.95 1.8
      vertex 57.2284 87.352 1.8
      vertex 57.1022 87.7235 1.8
    endloop
  endfacet
  facet normal 0 0 1
    outer loop
      vertex 58.1737 -86.1199 1.8
      vertex 48.3847 -80.0665 1.8
      vertex 57.8787 -86.3787 1.8
    endloop
  endfacet
  facet normal 0 0 1
    outer loop
      vertex 48.4 79.95 1.8
      vertex 57.1022 87.7235 1.8
      vertex 57.0257 88.1084 1.8
    endloop
  endfacet
  facet normal -0 0 1
    outer loop
      vertex 48.3657 -80.1222 1.8
      vertex 57.8787 -86.3787 1.8
      vertex 48.3847 -80.0665 1.8
    endloop
  endfacet
  facet normal 0 0 1
    outer loop
      vertex 48.4 -79.95 1.8
      vertex 58.8 -58 1.8
      vertex 48.4 79.95 1.8
    endloop
  endfacet
  facet normal -0 0 1
    outer loop
      vertex 48.3397 -80.175 1.8
      vertex 57.8787 -86.3787 1.8
      vertex 48.3657 -80.1222 1.8
    endloop
  endfacet
  facet normal 0 0 1
    outer loop
      vertex 48.0665 80.3847 1.8
      vertex 57.0257 88.1084 1.8
      vertex 57 88.5 1.8
    endloop
  endfacet
  facet normal 0 0 1
    outer loop
      vertex 58.8 -58 1.8
      vertex 48.4 -79.95 1.8
      vertex 58.8 -76 1.8
    endloop
  endfacet
  facet normal -0.99786 0.0653816 0
    outer loop
      vertex 64.7504 -86.757 1.8
      vertex 64.8 -86 9
      vertex 64.8 -86 1.8
    endloop
  endfacet
  facet normal -0.99786 0.0653816 0
    outer loop
      vertex 64.8 -86 9
      vertex 64.7504 -86.757 1.8
      vertex 64.7504 -86.757 9
    endloop
  endfacet
  facet normal -0.896839 0.442356 0
    outer loop
      vertex 64.0229 -88.9 1.8
      vertex 64.3585 -88.2196 9
      vertex 64.3585 -88.2196 1.8
    endloop
  endfacet
  facet normal -0.896839 0.442356 0
    outer loop
      vertex 64.3585 -88.2196 9
      vertex 64.0229 -88.9 1.8
      vertex 64.0229 -88.9 9
    endloop
  endfacet
  facet normal 0.6594 0.751792 -0
    outer loop
      vertex -62.5308 -90.6015 1.8
      vertex -63.1012 -90.1012 9
      vertex -62.5308 -90.6015 9
    endloop
  endfacet
  facet normal 0.6594 0.751792 0
    outer loop
      vertex -63.1012 -90.1012 9
      vertex -62.5308 -90.6015 1.8
      vertex -63.1012 -90.1012 1.8
    endloop
  endfacet
  facet normal 0.980788 -0.195077 0
    outer loop
      vertex -64.7504 86.757 9
      vertex -64.6024 87.5011 1.8
      vertex -64.6024 87.5011 9
    endloop
  endfacet
  facet normal 0.980788 -0.195077 0
    outer loop
      vertex -64.6024 87.5011 1.8
      vertex -64.7504 86.757 9
      vertex -64.7504 86.757 1.8
    endloop
  endfacet
  facet normal -0.980788 -0.195077 0
    outer loop
      vertex 64.7504 86.757 1.8
      vertex 64.6024 87.5011 9
      vertex 64.6024 87.5011 1.8
    endloop
  endfacet
  facet normal -0.980788 -0.195077 0
    outer loop
      vertex 64.6024 87.5011 9
      vertex 64.7504 86.757 1.8
      vertex 64.7504 86.757 9
    endloop
  endfacet
  facet normal 0.980788 0.195077 0
    outer loop
      vertex -64.6024 -87.5011 9
      vertex -64.7504 -86.757 1.8
      vertex -64.7504 -86.757 9
    endloop
  endfacet
  facet normal 0.980788 0.195077 0
    outer loop
      vertex -64.7504 -86.757 1.8
      vertex -64.6024 -87.5011 9
      vertex -64.6024 -87.5011 1.8
    endloop
  endfacet
  facet normal 0.751792 -0.6594 0
    outer loop
      vertex -63.6015 89.5308 9
      vertex -63.1012 90.1012 1.8
      vertex -63.1012 90.1012 9
    endloop
  endfacet
  facet normal 0.751792 -0.6594 0
    outer loop
      vertex -63.1012 90.1012 1.8
      vertex -63.6015 89.5308 9
      vertex -63.6015 89.5308 1.8
    endloop
  endfacet
  facet normal -0.946929 -0.321442 0
    outer loop
      vertex 64.6024 87.5011 1.8
      vertex 64.3585 88.2196 9
      vertex 64.3585 88.2196 1.8
    endloop
  endfacet
  facet normal -0.946929 -0.321442 0
    outer loop
      vertex 64.3585 88.2196 9
      vertex 64.6024 87.5011 1.8
      vertex 64.6024 87.5011 9
    endloop
  endfacet
  facet normal 0.99786 -0.0653816 0
    outer loop
      vertex -64.8 86 9
      vertex -64.7504 86.757 1.8
      vertex -64.7504 86.757 9
    endloop
  endfacet
  facet normal 0.99786 -0.0653816 0
    outer loop
      vertex -64.7504 86.757 1.8
      vertex -64.8 86 9
      vertex -64.8 86 1.8
    endloop
  endfacet
  facet normal 0.896839 0.442356 0
    outer loop
      vertex -64.0229 -88.9 9
      vertex -64.3585 -88.2196 1.8
      vertex -64.3585 -88.2196 9
    endloop
  endfacet
  facet normal 0.896839 0.442356 0
    outer loop
      vertex -64.3585 -88.2196 1.8
      vertex -64.0229 -88.9 9
      vertex -64.0229 -88.9 1.8
    endloop
  endfacet
  facet normal 0.831523 -0.555491 0
    outer loop
      vertex -64.0229 88.9 9
      vertex -63.6015 89.5308 1.8
      vertex -63.6015 89.5308 9
    endloop
  endfacet
  facet normal 0.831523 -0.555491 0
    outer loop
      vertex -63.6015 89.5308 1.8
      vertex -64.0229 88.9 9
      vertex -64.0229 88.9 1.8
    endloop
  endfacet
  facet normal 0.896839 -0.442356 0
    outer loop
      vertex -64.3585 88.2196 9
      vertex -64.0229 88.9 1.8
      vertex -64.0229 88.9 9
    endloop
  endfacet
  facet normal 0.896839 -0.442356 0
    outer loop
      vertex -64.0229 88.9 1.8
      vertex -64.3585 88.2196 9
      vertex -64.3585 88.2196 1.8
    endloop
  endfacet
  facet normal 0.195077 -0.980788 0
    outer loop
      vertex -60.5011 91.6024 1.8
      vertex -59.757 91.7504 9
      vertex -60.5011 91.6024 9
    endloop
  endfacet
  facet normal 0.195077 -0.980788 0
    outer loop
      vertex -59.757 91.7504 9
      vertex -60.5011 91.6024 1.8
      vertex -59.757 91.7504 1.8
    endloop
  endfacet
  facet normal -0.980788 0.195077 0
    outer loop
      vertex 64.6024 -87.5011 1.8
      vertex 64.7504 -86.757 9
      vertex 64.7504 -86.757 1.8
    endloop
  endfacet
  facet normal -0.980788 0.195077 0
    outer loop
      vertex 64.7504 -86.757 9
      vertex 64.6024 -87.5011 1.8
      vertex 64.6024 -87.5011 9
    endloop
  endfacet
  facet normal -0.195077 -0.980788 0
    outer loop
      vertex 59.757 91.7504 1.8
      vertex 60.5011 91.6024 9
      vertex 59.757 91.7504 9
    endloop
  endfacet
  facet normal -0.195077 -0.980788 -0
    outer loop
      vertex 60.5011 91.6024 9
      vertex 59.757 91.7504 1.8
      vertex 60.5011 91.6024 1.8
    endloop
  endfacet
  facet normal 0.555491 0.831523 -0
    outer loop
      vertex -61.9 -91.0229 1.8
      vertex -62.5308 -90.6015 9
      vertex -61.9 -91.0229 9
    endloop
  endfacet
  facet normal 0.555491 0.831523 0
    outer loop
      vertex -62.5308 -90.6015 9
      vertex -61.9 -91.0229 1.8
      vertex -62.5308 -90.6015 1.8
    endloop
  endfacet
  facet normal 0.442356 0.896839 -0
    outer loop
      vertex -61.2196 -91.3585 1.8
      vertex -61.9 -91.0229 9
      vertex -61.2196 -91.3585 9
    endloop
  endfacet
  facet normal 0.442356 0.896839 0
    outer loop
      vertex -61.9 -91.0229 9
      vertex -61.2196 -91.3585 1.8
      vertex -61.9 -91.0229 1.8
    endloop
  endfacet
  facet normal 0.946929 -0.321442 0
    outer loop
      vertex -64.6024 87.5011 9
      vertex -64.3585 88.2196 1.8
      vertex -64.3585 88.2196 9
    endloop
  endfacet
  facet normal 0.946929 -0.321442 0
    outer loop
      vertex -64.3585 88.2196 1.8
      vertex -64.6024 87.5011 9
      vertex -64.6024 87.5011 1.8
    endloop
  endfacet
  facet normal -0.0662934 0.9978 0
    outer loop
      vertex 48.0087 -80.3961 0
      vertex 47.95 -80.4 1.8
      vertex 48.0087 -80.3961 1.8
    endloop
  endfacet
  facet normal -0.0662934 0.9978 0
    outer loop
      vertex 47.95 -80.4 1.8
      vertex 48.0087 -80.3961 0
      vertex 47.95 -80.4 0
    endloop
  endfacet
  facet normal -0.897129 0.441768 0
    outer loop
      vertex 48.3397 -80.175 0
      vertex 48.3657 -80.1222 1.8
      vertex 48.3657 -80.1222 0
    endloop
  endfacet
  facet normal -0.897129 0.441768 0
    outer loop
      vertex 48.3657 -80.1222 1.8
      vertex 48.3397 -80.175 0
      vertex 48.3397 -80.175 1.8
    endloop
  endfacet
  facet normal 0 1 -0
    outer loop
      vertex 47.95 -80.4 0
      vertex -47.95 -80.4 1.8
      vertex 47.95 -80.4 1.8
    endloop
  endfacet
  facet normal 0 1 0
    outer loop
      vertex -47.95 -80.4 1.8
      vertex 47.95 -80.4 0
      vertex -47.95 -80.4 0
    endloop
  endfacet
  facet normal -0.0662934 -0.9978 0
    outer loop
      vertex 47.95 80.4 0
      vertex 48.0087 80.3961 1.8
      vertex 47.95 80.4 1.8
    endloop
  endfacet
  facet normal -0.0662934 -0.9978 -0
    outer loop
      vertex 48.0087 80.3961 1.8
      vertex 47.95 80.4 0
      vertex 48.0087 80.3961 0
    endloop
  endfacet
  facet normal 0.193504 -0.981099 0
    outer loop
      vertex -48.0665 80.3847 0
      vertex -48.0087 80.3961 1.8
      vertex -48.0665 80.3847 1.8
    endloop
  endfacet
  facet normal 0.193504 -0.981099 0
    outer loop
      vertex -48.0087 80.3961 1.8
      vertex -48.0665 80.3847 0
      vertex -48.0087 80.3961 0
    endloop
  endfacet
  facet normal 0.322847 0.946451 -0
    outer loop
      vertex -48.0665 -80.3847 0
      vertex -48.1222 -80.3657 1.8
      vertex -48.0665 -80.3847 1.8
    endloop
  endfacet
  facet normal 0.322847 0.946451 0
    outer loop
      vertex -48.1222 -80.3657 1.8
      vertex -48.0665 -80.3847 0
      vertex -48.1222 -80.3657 0
    endloop
  endfacet
  facet normal -0.981099 -0.193504 0
    outer loop
      vertex 48.3961 80.0087 0
      vertex 48.3847 80.0665 1.8
      vertex 48.3847 80.0665 0
    endloop
  endfacet
  facet normal -0.981099 -0.193504 0
    outer loop
      vertex 48.3847 80.0665 1.8
      vertex 48.3961 80.0087 0
      vertex 48.3961 80.0087 1.8
    endloop
  endfacet
  facet normal 0.0662934 -0.9978 0
    outer loop
      vertex -48.0087 80.3961 0
      vertex -47.95 80.4 1.8
      vertex -48.0087 80.3961 1.8
    endloop
  endfacet
  facet normal 0.0662934 -0.9978 0
    outer loop
      vertex -47.95 80.4 1.8
      vertex -48.0087 80.3961 0
      vertex -47.95 80.4 0
    endloop
  endfacet
  facet normal -0.831265 0.555877 0
    outer loop
      vertex 48.307 -80.2239 0
      vertex 48.3397 -80.175 1.8
      vertex 48.3397 -80.175 0
    endloop
  endfacet
  facet normal -0.831265 0.555877 0
    outer loop
      vertex 48.3397 -80.175 1.8
      vertex 48.307 -80.2239 0
      vertex 48.307 -80.2239 1.8
    endloop
  endfacet
  facet normal 0.946451 0.322847 0
    outer loop
      vertex -48.3657 -80.1222 1.8
      vertex -48.3847 -80.0665 0
      vertex -48.3847 -80.0665 1.8
    endloop
  endfacet
  facet normal 0.946451 0.322847 0
    outer loop
      vertex -48.3847 -80.0665 0
      vertex -48.3657 -80.1222 1.8
      vertex -48.3657 -80.1222 0
    endloop
  endfacet
  facet normal 0 -1 0
    outer loop
      vertex -47.95 80.4 0
      vertex 47.95 80.4 1.8
      vertex -47.95 80.4 1.8
    endloop
  endfacet
  facet normal 0 -1 -0
    outer loop
      vertex 47.95 80.4 1.8
      vertex -47.95 80.4 0
      vertex 47.95 80.4 0
    endloop
  endfacet
  facet normal 0.752261 -0.658865 0
    outer loop
      vertex -48.307 80.2239 1.8
      vertex -48.2682 80.2682 0
      vertex -48.2682 80.2682 1.8
    endloop
  endfacet
  facet normal 0.752261 -0.658865 0
    outer loop
      vertex -48.2682 80.2682 0
      vertex -48.307 80.2239 1.8
      vertex -48.307 80.2239 0
    endloop
  endfacet
  facet normal -1 0 0
    outer loop
      vertex 48.4 -79.95 0
      vertex 48.4 79.95 1.8
      vertex 48.4 79.95 0
    endloop
  endfacet
  facet normal -1 -0 0
    outer loop
      vertex 48.4 79.95 1.8
      vertex 48.4 -79.95 0
      vertex 48.4 -79.95 1.8
    endloop
  endfacet
  facet normal 1 -0 0
    outer loop
      vertex -48.4 -79.95 1.8
      vertex -48.4 79.95 0
      vertex -48.4 79.95 1.8
    endloop
  endfacet
  facet normal 1 0 0
    outer loop
      vertex -48.4 79.95 0
      vertex -48.4 -79.95 1.8
      vertex -48.4 -79.95 0
    endloop
  endfacet
  facet normal 0.193504 0.981099 -0
    outer loop
      vertex -48.0087 -80.3961 0
      vertex -48.0665 -80.3847 1.8
      vertex -48.0087 -80.3961 1.8
    endloop
  endfacet
  facet normal 0.193504 0.981099 0
    outer loop
      vertex -48.0665 -80.3847 1.8
      vertex -48.0087 -80.3961 0
      vertex -48.0665 -80.3847 0
    endloop
  endfacet
  facet normal 0.831265 -0.555877 0
    outer loop
      vertex -48.3397 80.175 1.8
      vertex -48.307 80.2239 0
      vertex -48.307 80.2239 1.8
    endloop
  endfacet
  facet normal 0.831265 -0.555877 0
    outer loop
      vertex -48.307 80.2239 0
      vertex -48.3397 80.175 1.8
      vertex -48.3397 80.175 0
    endloop
  endfacet
  facet normal 0.981099 -0.193504 0
    outer loop
      vertex -48.3961 80.0087 1.8
      vertex -48.3847 80.0665 0
      vertex -48.3847 80.0665 1.8
    endloop
  endfacet
  facet normal 0.981099 -0.193504 0
    outer loop
      vertex -48.3847 80.0665 0
      vertex -48.3961 80.0087 1.8
      vertex -48.3961 80.0087 0
    endloop
  endfacet
  facet normal 0.441768 0.897129 -0
    outer loop
      vertex -48.1222 -80.3657 0
      vertex -48.175 -80.3397 1.8
      vertex -48.1222 -80.3657 1.8
    endloop
  endfacet
  facet normal 0.441768 0.897129 0
    outer loop
      vertex -48.175 -80.3397 1.8
      vertex -48.1222 -80.3657 0
      vertex -48.175 -80.3397 0
    endloop
  endfacet
  facet normal -0.658865 0.752261 0
    outer loop
      vertex 48.2682 -80.2682 0
      vertex 48.2239 -80.307 1.8
      vertex 48.2682 -80.2682 1.8
    endloop
  endfacet
  facet normal -0.658865 0.752261 0
    outer loop
      vertex 48.2239 -80.307 1.8
      vertex 48.2682 -80.2682 0
      vertex 48.2239 -80.307 0
    endloop
  endfacet
  facet normal -0.831265 -0.555877 0
    outer loop
      vertex 48.3397 80.175 0
      vertex 48.307 80.2239 1.8
      vertex 48.307 80.2239 0
    endloop
  endfacet
  facet normal -0.831265 -0.555877 0
    outer loop
      vertex 48.307 80.2239 1.8
      vertex 48.3397 80.175 0
      vertex 48.3397 80.175 1.8
    endloop
  endfacet
  facet normal 0.0662934 0.9978 -0
    outer loop
      vertex -47.95 -80.4 0
      vertex -48.0087 -80.3961 1.8
      vertex -47.95 -80.4 1.8
    endloop
  endfacet
  facet normal 0.0662934 0.9978 0
    outer loop
      vertex -48.0087 -80.3961 1.8
      vertex -47.95 -80.4 0
      vertex -48.0087 -80.3961 0
    endloop
  endfacet
  facet normal 0.555877 -0.831265 0
    outer loop
      vertex -48.2239 80.307 0
      vertex -48.175 80.3397 1.8
      vertex -48.2239 80.307 1.8
    endloop
  endfacet
  facet normal 0.555877 -0.831265 0
    outer loop
      vertex -48.175 80.3397 1.8
      vertex -48.2239 80.307 0
      vertex -48.175 80.3397 0
    endloop
  endfacet
  facet normal -0.946451 -0.322847 0
    outer loop
      vertex 48.3847 80.0665 0
      vertex 48.3657 80.1222 1.8
      vertex 48.3657 80.1222 0
    endloop
  endfacet
  facet normal -0.946451 -0.322847 0
    outer loop
      vertex 48.3657 80.1222 1.8
      vertex 48.3847 80.0665 0
      vertex 48.3847 80.0665 1.8
    endloop
  endfacet
  facet normal -0.322847 -0.946451 0
    outer loop
      vertex 48.0665 80.3847 0
      vertex 48.1222 80.3657 1.8
      vertex 48.0665 80.3847 1.8
    endloop
  endfacet
  facet normal -0.322847 -0.946451 -0
    outer loop
      vertex 48.1222 80.3657 1.8
      vertex 48.0665 80.3847 0
      vertex 48.1222 80.3657 0
    endloop
  endfacet
  facet normal 0.831265 0.555877 0
    outer loop
      vertex -48.307 -80.2239 1.8
      vertex -48.3397 -80.175 0
      vertex -48.3397 -80.175 1.8
    endloop
  endfacet
  facet normal 0.831265 0.555877 0
    outer loop
      vertex -48.3397 -80.175 0
      vertex -48.307 -80.2239 1.8
      vertex -48.307 -80.2239 0
    endloop
  endfacet
  facet normal -0.9978 0.0662934 0
    outer loop
      vertex 48.3961 -80.0087 0
      vertex 48.4 -79.95 1.8
      vertex 48.4 -79.95 0
    endloop
  endfacet
  facet normal -0.9978 0.0662934 0
    outer loop
      vertex 48.4 -79.95 1.8
      vertex 48.3961 -80.0087 0
      vertex 48.3961 -80.0087 1.8
    endloop
  endfacet
  facet normal -0.752261 -0.658865 0
    outer loop
      vertex 48.307 80.2239 0
      vertex 48.2682 80.2682 1.8
      vertex 48.2682 80.2682 0
    endloop
  endfacet
  facet normal -0.752261 -0.658865 0
    outer loop
      vertex 48.2682 80.2682 1.8
      vertex 48.307 80.2239 0
      vertex 48.307 80.2239 1.8
    endloop
  endfacet
  facet normal -0.658865 -0.752261 0
    outer loop
      vertex 48.2239 80.307 0
      vertex 48.2682 80.2682 1.8
      vertex 48.2239 80.307 1.8
    endloop
  endfacet
  facet normal -0.658865 -0.752261 -0
    outer loop
      vertex 48.2682 80.2682 1.8
      vertex 48.2239 80.307 0
      vertex 48.2682 80.2682 0
    endloop
  endfacet
  facet normal 0.658865 -0.752261 0
    outer loop
      vertex -48.2682 80.2682 0
      vertex -48.2239 80.307 1.8
      vertex -48.2682 80.2682 1.8
    endloop
  endfacet
  facet normal 0.658865 -0.752261 0
    outer loop
      vertex -48.2239 80.307 1.8
      vertex -48.2682 80.2682 0
      vertex -48.2239 80.307 0
    endloop
  endfacet
  facet normal -0.322847 0.946451 0
    outer loop
      vertex 48.1222 -80.3657 0
      vertex 48.0665 -80.3847 1.8
      vertex 48.1222 -80.3657 1.8
    endloop
  endfacet
  facet normal -0.322847 0.946451 0
    outer loop
      vertex 48.0665 -80.3847 1.8
      vertex 48.1222 -80.3657 0
      vertex 48.0665 -80.3847 0
    endloop
  endfacet
  facet normal -0.193504 0.981099 0
    outer loop
      vertex 48.0665 -80.3847 0
      vertex 48.0087 -80.3961 1.8
      vertex 48.0665 -80.3847 1.8
    endloop
  endfacet
  facet normal -0.193504 0.981099 0
    outer loop
      vertex 48.0087 -80.3961 1.8
      vertex 48.0665 -80.3847 0
      vertex 48.0087 -80.3961 0
    endloop
  endfacet
  facet normal 0.946451 -0.322847 0
    outer loop
      vertex -48.3847 80.0665 1.8
      vertex -48.3657 80.1222 0
      vertex -48.3657 80.1222 1.8
    endloop
  endfacet
  facet normal 0.946451 -0.322847 0
    outer loop
      vertex -48.3657 80.1222 0
      vertex -48.3847 80.0665 1.8
      vertex -48.3847 80.0665 0
    endloop
  endfacet
  facet normal 0.897129 -0.441768 0
    outer loop
      vertex -48.3657 80.1222 1.8
      vertex -48.3397 80.175 0
      vertex -48.3397 80.175 1.8
    endloop
  endfacet
  facet normal 0.897129 -0.441768 0
    outer loop
      vertex -48.3397 80.175 0
      vertex -48.3657 80.1222 1.8
      vertex -48.3657 80.1222 0
    endloop
  endfacet
  facet normal 0.897129 0.441768 0
    outer loop
      vertex -48.3397 -80.175 1.8
      vertex -48.3657 -80.1222 0
      vertex -48.3657 -80.1222 1.8
    endloop
  endfacet
  facet normal 0.897129 0.441768 0
    outer loop
      vertex -48.3657 -80.1222 0
      vertex -48.3397 -80.175 1.8
      vertex -48.3397 -80.175 0
    endloop
  endfacet
  facet normal -0.441768 0.897129 0
    outer loop
      vertex 48.175 -80.3397 0
      vertex 48.1222 -80.3657 1.8
      vertex 48.175 -80.3397 1.8
    endloop
  endfacet
  facet normal -0.441768 0.897129 0
    outer loop
      vertex 48.1222 -80.3657 1.8
      vertex 48.175 -80.3397 0
      vertex 48.1222 -80.3657 0
    endloop
  endfacet
  facet normal 0.9978 -0.0662934 0
    outer loop
      vertex -48.4 79.95 1.8
      vertex -48.3961 80.0087 0
      vertex -48.3961 80.0087 1.8
    endloop
  endfacet
  facet normal 0.9978 -0.0662934 0
    outer loop
      vertex -48.3961 80.0087 0
      vertex -48.4 79.95 1.8
      vertex -48.4 79.95 0
    endloop
  endfacet
  facet normal -0.752261 0.658865 0
    outer loop
      vertex 48.2682 -80.2682 0
      vertex 48.307 -80.2239 1.8
      vertex 48.307 -80.2239 0
    endloop
  endfacet
  facet normal -0.752261 0.658865 0
    outer loop
      vertex 48.307 -80.2239 1.8
      vertex 48.2682 -80.2682 0
      vertex 48.2682 -80.2682 1.8
    endloop
  endfacet
  facet normal -0.555877 -0.831265 0
    outer loop
      vertex 48.175 80.3397 0
      vertex 48.2239 80.307 1.8
      vertex 48.175 80.3397 1.8
    endloop
  endfacet
  facet normal -0.555877 -0.831265 -0
    outer loop
      vertex 48.2239 80.307 1.8
      vertex 48.175 80.3397 0
      vertex 48.2239 80.307 0
    endloop
  endfacet
  facet normal 0.752261 0.658865 0
    outer loop
      vertex -48.2682 -80.2682 1.8
      vertex -48.307 -80.2239 0
      vertex -48.307 -80.2239 1.8
    endloop
  endfacet
  facet normal 0.752261 0.658865 0
    outer loop
      vertex -48.307 -80.2239 0
      vertex -48.2682 -80.2682 1.8
      vertex -48.2682 -80.2682 0
    endloop
  endfacet
  facet normal 0.322847 -0.946451 0
    outer loop
      vertex -48.1222 80.3657 0
      vertex -48.0665 80.3847 1.8
      vertex -48.1222 80.3657 1.8
    endloop
  endfacet
  facet normal 0.322847 -0.946451 0
    outer loop
      vertex -48.0665 80.3847 1.8
      vertex -48.1222 80.3657 0
      vertex -48.0665 80.3847 0
    endloop
  endfacet
  facet normal 0.981099 0.193504 0
    outer loop
      vertex -48.3847 -80.0665 1.8
      vertex -48.3961 -80.0087 0
      vertex -48.3961 -80.0087 1.8
    endloop
  endfacet
  facet normal 0.981099 0.193504 0
    outer loop
      vertex -48.3961 -80.0087 0
      vertex -48.3847 -80.0665 1.8
      vertex -48.3847 -80.0665 0
    endloop
  endfacet
  facet normal -0.555877 0.831265 0
    outer loop
      vertex 48.2239 -80.307 0
      vertex 48.175 -80.3397 1.8
      vertex 48.2239 -80.307 1.8
    endloop
  endfacet
  facet normal -0.555877 0.831265 0
    outer loop
      vertex 48.175 -80.3397 1.8
      vertex 48.2239 -80.307 0
      vertex 48.175 -80.3397 0
    endloop
  endfacet
  facet normal 0.9978 0.0662934 0
    outer loop
      vertex -48.3961 -80.0087 1.8
      vertex -48.4 -79.95 0
      vertex -48.4 -79.95 1.8
    endloop
  endfacet
  facet normal 0.9978 0.0662934 0
    outer loop
      vertex -48.4 -79.95 0
      vertex -48.3961 -80.0087 1.8
      vertex -48.3961 -80.0087 0
    endloop
  endfacet
  facet normal -0.981099 0.193504 0
    outer loop
      vertex 48.3847 -80.0665 0
      vertex 48.3961 -80.0087 1.8
      vertex 48.3961 -80.0087 0
    endloop
  endfacet
  facet normal -0.981099 0.193504 0
    outer loop
      vertex 48.3961 -80.0087 1.8
      vertex 48.3847 -80.0665 0
      vertex 48.3847 -80.0665 1.8
    endloop
  endfacet
  facet normal 0.441768 -0.897129 0
    outer loop
      vertex -48.175 80.3397 0
      vertex -48.1222 80.3657 1.8
      vertex -48.175 80.3397 1.8
    endloop
  endfacet
  facet normal 0.441768 -0.897129 0
    outer loop
      vertex -48.1222 80.3657 1.8
      vertex -48.175 80.3397 0
      vertex -48.1222 80.3657 0
    endloop
  endfacet
  facet normal 0.658865 0.752261 -0
    outer loop
      vertex -48.2239 -80.307 0
      vertex -48.2682 -80.2682 1.8
      vertex -48.2239 -80.307 1.8
    endloop
  endfacet
  facet normal 0.658865 0.752261 0
    outer loop
      vertex -48.2682 -80.2682 1.8
      vertex -48.2239 -80.307 0
      vertex -48.2682 -80.2682 0
    endloop
  endfacet
  facet normal 0.555877 0.831265 -0
    outer loop
      vertex -48.175 -80.3397 0
      vertex -48.2239 -80.307 1.8
      vertex -48.175 -80.3397 1.8
    endloop
  endfacet
  facet normal 0.555877 0.831265 0
    outer loop
      vertex -48.2239 -80.307 1.8
      vertex -48.175 -80.3397 0
      vertex -48.2239 -80.307 0
    endloop
  endfacet
  facet normal -0.441768 -0.897129 0
    outer loop
      vertex 48.1222 80.3657 0
      vertex 48.175 80.3397 1.8
      vertex 48.1222 80.3657 1.8
    endloop
  endfacet
  facet normal -0.441768 -0.897129 -0
    outer loop
      vertex 48.175 80.3397 1.8
      vertex 48.1222 80.3657 0
      vertex 48.175 80.3397 0
    endloop
  endfacet
  facet normal -0.897129 -0.441768 0
    outer loop
      vertex 48.3657 80.1222 0
      vertex 48.3397 80.175 1.8
      vertex 48.3397 80.175 0
    endloop
  endfacet
  facet normal -0.897129 -0.441768 0
    outer loop
      vertex 48.3397 80.175 1.8
      vertex 48.3657 80.1222 0
      vertex 48.3657 80.1222 1.8
    endloop
  endfacet
  facet normal -0.9978 -0.0662934 0
    outer loop
      vertex 48.4 79.95 0
      vertex 48.3961 80.0087 1.8
      vertex 48.3961 80.0087 0
    endloop
  endfacet
  facet normal -0.9978 -0.0662934 0
    outer loop
      vertex 48.3961 80.0087 1.8
      vertex 48.4 79.95 0
      vertex 48.4 79.95 1.8
    endloop
  endfacet
  facet normal -0.193504 -0.981099 0
    outer loop
      vertex 48.0087 80.3961 0
      vertex 48.0665 80.3847 1.8
      vertex 48.0087 80.3961 1.8
    endloop
  endfacet
  facet normal -0.193504 -0.981099 -0
    outer loop
      vertex 48.0665 80.3847 1.8
      vertex 48.0087 80.3961 0
      vertex 48.0665 80.3847 0
    endloop
  endfacet
  facet normal -0.946451 0.322847 0
    outer loop
      vertex 48.3657 -80.1222 0
      vertex 48.3847 -80.0665 1.8
      vertex 48.3847 -80.0665 0
    endloop
  endfacet
  facet normal -0.946451 0.322847 0
    outer loop
      vertex 48.3847 -80.0665 1.8
      vertex 48.3657 -80.1222 0
      vertex 48.3657 -80.1222 1.8
    endloop
  endfacet
  facet normal 1 -0 0
    outer loop
      vertex -53 -76 2.76
      vertex -53 -58 1.8
      vertex -53 -58 2.76
    endloop
  endfacet
  facet normal 1 0 0
    outer loop
      vertex -53 -58 1.8
      vertex -53 -76 2.76
      vertex -53 -76 1.8
    endloop
  endfacet
  facet normal -0 0 1
    outer loop
      vertex -55 -58 2.76
      vertex -53 -76 2.76
      vertex -53 -58 2.76
    endloop
  endfacet
  facet normal 0 0 1
    outer loop
      vertex -53 -76 2.76
      vertex -55 -58 2.76
      vertex -55 -76 2.76
    endloop
  endfacet
  facet normal -1 0 0
    outer loop
      vertex -55 -76 1.8
      vertex -55 -58 2.76
      vertex -55 -58 1.8
    endloop
  endfacet
  facet normal -1 -0 0
    outer loop
      vertex -55 -58 2.76
      vertex -55 -76 1.8
      vertex -55 -76 2.76
    endloop
  endfacet
  facet normal 0 1 -0
    outer loop
      vertex -53 -58 1.8
      vertex -55 -58 2.76
      vertex -53 -58 2.76
    endloop
  endfacet
  facet normal 0 1 0
    outer loop
      vertex -55 -58 2.76
      vertex -53 -58 1.8
      vertex -55 -58 1.8
    endloop
  endfacet
  facet normal 0 -1 0
    outer loop
      vertex -55 -76 1.8
      vertex -53 -76 2.76
      vertex -55 -76 2.76
    endloop
  endfacet
  facet normal 0 -1 -0
    outer loop
      vertex -53 -76 2.76
      vertex -55 -76 1.8
      vertex -53 -76 1.8
    endloop
  endfacet
  facet normal 1 -0 0
    outer loop
      vertex -53 58 2.76
      vertex -53 76 1.8
      vertex -53 76 2.76
    endloop
  endfacet
  facet normal 1 0 0
    outer loop
      vertex -53 76 1.8
      vertex -53 58 2.76
      vertex -53 58 1.8
    endloop
  endfacet
  facet normal -0 0 1
    outer loop
      vertex -55 76 2.76
      vertex -53 58 2.76
      vertex -53 76 2.76
    endloop
  endfacet
  facet normal 0 0 1
    outer loop
      vertex -53 58 2.76
      vertex -55 76 2.76
      vertex -55 58 2.76
    endloop
  endfacet
  facet normal -1 0 0
    outer loop
      vertex -55 58 1.8
      vertex -55 76 2.76
      vertex -55 76 1.8
    endloop
  endfacet
  facet normal -1 -0 0
    outer loop
      vertex -55 76 2.76
      vertex -55 58 1.8
      vertex -55 58 2.76
    endloop
  endfacet
  facet normal 0 1 -0
    outer loop
      vertex -53 76 1.8
      vertex -55 76 2.76
      vertex -53 76 2.76
    endloop
  endfacet
  facet normal 0 1 0
    outer loop
      vertex -55 76 2.76
      vertex -53 76 1.8
      vertex -55 76 1.8
    endloop
  endfacet
  facet normal 0 -1 0
    outer loop
      vertex -55 58 1.8
      vertex -53 58 2.76
      vertex -55 58 2.76
    endloop
  endfacet
  facet normal 0 -1 -0
    outer loop
      vertex -53 58 2.76
      vertex -55 58 1.8
      vertex -53 58 1.8
    endloop
  endfacet
  facet normal 1 -0 0
    outer loop
      vertex 60.8 -76 2.76
      vertex 60.8 -58 1.8
      vertex 60.8 -58 2.76
    endloop
  endfacet
  facet normal 1 0 0
    outer loop
      vertex 60.8 -58 1.8
      vertex 60.8 -76 2.76
      vertex 60.8 -76 1.8
    endloop
  endfacet
  facet normal -0 0 1
    outer loop
      vertex 58.8 -58 2.76
      vertex 60.8 -76 2.76
      vertex 60.8 -58 2.76
    endloop
  endfacet
  facet normal 0 0 1
    outer loop
      vertex 60.8 -76 2.76
      vertex 58.8 -58 2.76
      vertex 58.8 -76 2.76
    endloop
  endfacet
  facet normal -1 0 0
    outer loop
      vertex 58.8 -76 1.8
      vertex 58.8 -58 2.76
      vertex 58.8 -58 1.8
    endloop
  endfacet
  facet normal -1 -0 0
    outer loop
      vertex 58.8 -58 2.76
      vertex 58.8 -76 1.8
      vertex 58.8 -76 2.76
    endloop
  endfacet
  facet normal 0 1 -0
    outer loop
      vertex 60.8 -58 1.8
      vertex 58.8 -58 2.76
      vertex 60.8 -58 2.76
    endloop
  endfacet
  facet normal 0 1 0
    outer loop
      vertex 58.8 -58 2.76
      vertex 60.8 -58 1.8
      vertex 58.8 -58 1.8
    endloop
  endfacet
  facet normal 0 -1 0
    outer loop
      vertex 58.8 -76 1.8
      vertex 60.8 -76 2.76
      vertex 58.8 -76 2.76
    endloop
  endfacet
  facet normal 0 -1 -0
    outer loop
      vertex 60.8 -76 2.76
      vertex 58.8 -76 1.8
      vertex 60.8 -76 1.8
    endloop
  endfacet
  facet normal 1 -0 0
    outer loop
      vertex 60.8 58 2.76
      vertex 60.8 76 1.8
      vertex 60.8 76 2.76
    endloop
  endfacet
  facet normal 1 0 0
    outer loop
      vertex 60.8 76 1.8
      vertex 60.8 58 2.76
      vertex 60.8 58 1.8
    endloop
  endfacet
  facet normal -0 0 1
    outer loop
      vertex 58.8 76 2.76
      vertex 60.8 58 2.76
      vertex 60.8 76 2.76
    endloop
  endfacet
  facet normal 0 0 1
    outer loop
      vertex 60.8 58 2.76
      vertex 58.8 76 2.76
      vertex 58.8 58 2.76
    endloop
  endfacet
  facet normal -1 0 0
    outer loop
      vertex 58.8 58 1.8
      vertex 58.8 76 2.76
      vertex 58.8 76 1.8
    endloop
  endfacet
  facet normal -1 -0 0
    outer loop
      vertex 58.8 76 2.76
      vertex 58.8 58 1.8
      vertex 58.8 58 2.76
    endloop
  endfacet
  facet normal 0 1 -0
    outer loop
      vertex 60.8 76 1.8
      vertex 58.8 76 2.76
      vertex 60.8 76 2.76
    endloop
  endfacet
  facet normal 0 1 0
    outer loop
      vertex 58.8 76 2.76
      vertex 60.8 76 1.8
      vertex 58.8 76 1.8
    endloop
  endfacet
  facet normal 0 -1 0
    outer loop
      vertex 58.8 58 1.8
      vertex 60.8 58 2.76
      vertex 58.8 58 2.76
    endloop
  endfacet
  facet normal 0 -1 -0
    outer loop
      vertex 60.8 58 2.76
      vertex 58.8 58 1.8
      vertex 60.8 58 1.8
    endloop
  endfacet
  facet normal 1 -0 0
    outer loop
      vertex -22 -87.4 2.76
      vertex -22 -85.4 1.8
      vertex -22 -85.4 2.76
    endloop
  endfacet
  facet normal 1 0 0
    outer loop
      vertex -22 -85.4 1.8
      vertex -22 -87.4 2.76
      vertex -22 -87.4 1.8
    endloop
  endfacet
  facet normal -0 0 1
    outer loop
      vertex -42 -85.4 2.76
      vertex -22 -87.4 2.76
      vertex -22 -85.4 2.76
    endloop
  endfacet
  facet normal 0 0 1
    outer loop
      vertex -22 -87.4 2.76
      vertex -42 -85.4 2.76
      vertex -42 -87.4 2.76
    endloop
  endfacet
  facet normal -1 0 0
    outer loop
      vertex -42 -87.4 1.8
      vertex -42 -85.4 2.76
      vertex -42 -85.4 1.8
    endloop
  endfacet
  facet normal -1 -0 0
    outer loop
      vertex -42 -85.4 2.76
      vertex -42 -87.4 1.8
      vertex -42 -87.4 2.76
    endloop
  endfacet
  facet normal 0 1 -0
    outer loop
      vertex -22 -85.4 1.8
      vertex -42 -85.4 2.76
      vertex -22 -85.4 2.76
    endloop
  endfacet
  facet normal 0 1 0
    outer loop
      vertex -42 -85.4 2.76
      vertex -22 -85.4 1.8
      vertex -42 -85.4 1.8
    endloop
  endfacet
  facet normal 0 -1 0
    outer loop
      vertex -42 -87.4 1.8
      vertex -22 -87.4 2.76
      vertex -42 -87.4 2.76
    endloop
  endfacet
  facet normal 0 -1 -0
    outer loop
      vertex -22 -87.4 2.76
      vertex -42 -87.4 1.8
      vertex -22 -87.4 1.8
    endloop
  endfacet
  facet normal 1 -0 0
    outer loop
      vertex 42 -87.4 2.76
      vertex 42 -85.4 1.8
      vertex 42 -85.4 2.76
    endloop
  endfacet
  facet normal 1 0 0
    outer loop
      vertex 42 -85.4 1.8
      vertex 42 -87.4 2.76
      vertex 42 -87.4 1.8
    endloop
  endfacet
  facet normal -0 0 1
    outer loop
      vertex 22 -85.4 2.76
      vertex 42 -87.4 2.76
      vertex 42 -85.4 2.76
    endloop
  endfacet
  facet normal 0 0 1
    outer loop
      vertex 42 -87.4 2.76
      vertex 22 -85.4 2.76
      vertex 22 -87.4 2.76
    endloop
  endfacet
  facet normal -1 0 0
    outer loop
      vertex 22 -87.4 1.8
      vertex 22 -85.4 2.76
      vertex 22 -85.4 1.8
    endloop
  endfacet
  facet normal -1 -0 0
    outer loop
      vertex 22 -85.4 2.76
      vertex 22 -87.4 1.8
      vertex 22 -87.4 2.76
    endloop
  endfacet
  facet normal 0 1 -0
    outer loop
      vertex 42 -85.4 1.8
      vertex 22 -85.4 2.76
      vertex 42 -85.4 2.76
    endloop
  endfacet
  facet normal 0 1 0
    outer loop
      vertex 22 -85.4 2.76
      vertex 42 -85.4 1.8
      vertex 22 -85.4 1.8
    endloop
  endfacet
  facet normal 0 -1 0
    outer loop
      vertex 22 -87.4 1.8
      vertex 42 -87.4 2.76
      vertex 22 -87.4 2.76
    endloop
  endfacet
  facet normal 0 -1 -0
    outer loop
      vertex 42 -87.4 2.76
      vertex 22 -87.4 1.8
      vertex 42 -87.4 1.8
    endloop
  endfacet
  facet normal 1 -0 0
    outer loop
      vertex -22 85.4 2.76
      vertex -22 87.4 1.8
      vertex -22 87.4 2.76
    endloop
  endfacet
  facet normal 1 0 0
    outer loop
      vertex -22 87.4 1.8
      vertex -22 85.4 2.76
      vertex -22 85.4 1.8
    endloop
  endfacet
  facet normal -0 0 1
    outer loop
      vertex -42 87.4 2.76
      vertex -22 85.4 2.76
      vertex -22 87.4 2.76
    endloop
  endfacet
  facet normal 0 0 1
    outer loop
      vertex -22 85.4 2.76
      vertex -42 87.4 2.76
      vertex -42 85.4 2.76
    endloop
  endfacet
  facet normal -1 0 0
    outer loop
      vertex -42 85.4 1.8
      vertex -42 87.4 2.76
      vertex -42 87.4 1.8
    endloop
  endfacet
  facet normal -1 -0 0
    outer loop
      vertex -42 87.4 2.76
      vertex -42 85.4 1.8
      vertex -42 85.4 2.76
    endloop
  endfacet
  facet normal 0 1 -0
    outer loop
      vertex -22 87.4 1.8
      vertex -42 87.4 2.76
      vertex -22 87.4 2.76
    endloop
  endfacet
  facet normal 0 1 0
    outer loop
      vertex -42 87.4 2.76
      vertex -22 87.4 1.8
      vertex -42 87.4 1.8
    endloop
  endfacet
  facet normal 0 -1 0
    outer loop
      vertex -42 85.4 1.8
      vertex -22 85.4 2.76
      vertex -42 85.4 2.76
    endloop
  endfacet
  facet normal 0 -1 -0
    outer loop
      vertex -22 85.4 2.76
      vertex -42 85.4 1.8
      vertex -22 85.4 1.8
    endloop
  endfacet
  facet normal 1 -0 0
    outer loop
      vertex 42 85.4 2.76
      vertex 42 87.4 1.8
      vertex 42 87.4 2.76
    endloop
  endfacet
  facet normal 1 0 0
    outer loop
      vertex 42 87.4 1.8
      vertex 42 85.4 2.76
      vertex 42 85.4 1.8
    endloop
  endfacet
  facet normal -0 0 1
    outer loop
      vertex 22 87.4 2.76
      vertex 42 85.4 2.76
      vertex 42 87.4 2.76
    endloop
  endfacet
  facet normal 0 0 1
    outer loop
      vertex 42 85.4 2.76
      vertex 22 87.4 2.76
      vertex 22 85.4 2.76
    endloop
  endfacet
  facet normal -1 0 0
    outer loop
      vertex 22 85.4 1.8
      vertex 22 87.4 2.76
      vertex 22 87.4 1.8
    endloop
  endfacet
  facet normal -1 -0 0
    outer loop
      vertex 22 87.4 2.76
      vertex 22 85.4 1.8
      vertex 22 85.4 2.76
    endloop
  endfacet
  facet normal 0 1 -0
    outer loop
      vertex 42 87.4 1.8
      vertex 22 87.4 2.76
      vertex 42 87.4 2.76
    endloop
  endfacet
  facet normal 0 1 0
    outer loop
      vertex 22 87.4 2.76
      vertex 42 87.4 1.8
      vertex 22 87.4 1.8
    endloop
  endfacet
  facet normal 0 -1 0
    outer loop
      vertex 22 85.4 1.8
      vertex 42 85.4 2.76
      vertex 22 85.4 2.76
    endloop
  endfacet
  facet normal 0 -1 -0
    outer loop
      vertex 42 85.4 2.76
      vertex 22 85.4 1.8
      vertex 42 85.4 1.8
    endloop
  endfacet
  facet normal 0.980815 0.19494 0
    outer loop
      vertex -57.0257 -88.1084 2.86
      vertex -57.1022 -87.7235 1.8
      vertex -57.1022 -87.7235 2.86
    endloop
  endfacet
  facet normal 0.980815 0.19494 0
    outer loop
      vertex -57.1022 -87.7235 1.8
      vertex -57.0257 -88.1084 2.86
      vertex -57.0257 -88.1084 1.8
    endloop
  endfacet
  facet normal 0.997853 0.0654873 0
    outer loop
      vertex -57 -88.5 2.86
      vertex -57.0257 -88.1084 1.8
      vertex -57.0257 -88.1084 2.86
    endloop
  endfacet
  facet normal 0.997853 0.0654873 0
    outer loop
      vertex -57.0257 -88.1084 1.8
      vertex -57 -88.5 2.86
      vertex -57 -88.5 1.8
    endloop
  endfacet
  facet normal -0.896961 0.44211 0
    outer loop
      vertex -62.7716 -87.352 1.8
      vertex -62.5981 -87 2.86
      vertex -62.5981 -87 1.8
    endloop
  endfacet
  facet normal -0.896961 0.44211 0
    outer loop
      vertex -62.5981 -87 2.86
      vertex -62.7716 -87.352 1.8
      vertex -62.7716 -87.352 2.86
    endloop
  endfacet
  facet normal 0.751724 -0.659478 0
    outer loop
      vertex -57.8787 -90.6213 2.86
      vertex -57.6199 -90.3263 1.8
      vertex -57.6199 -90.3263 2.86
    endloop
  endfacet
  facet normal 0.751724 -0.659478 0
    outer loop
      vertex -57.6199 -90.3263 1.8
      vertex -57.8787 -90.6213 2.86
      vertex -57.8787 -90.6213 1.8
    endloop
  endfacet
  facet normal 0.980815 -0.19494 0
    outer loop
      vertex -57.1022 -89.2765 2.86
      vertex -57.0257 -88.8916 1.8
      vertex -57.0257 -88.8916 2.86
    endloop
  endfacet
  facet normal 0.980815 -0.19494 0
    outer loop
      vertex -57.0257 -88.8916 1.8
      vertex -57.1022 -89.2765 2.86
      vertex -57.1022 -89.2765 1.8
    endloop
  endfacet
  facet normal -0.751724 0.659478 0
    outer loop
      vertex -62.3801 -86.6737 1.8
      vertex -62.1213 -86.3787 2.86
      vertex -62.1213 -86.3787 1.8
    endloop
  endfacet
  facet normal -0.751724 0.659478 0
    outer loop
      vertex -62.1213 -86.3787 2.86
      vertex -62.3801 -86.6737 1.8
      vertex -62.3801 -86.6737 2.86
    endloop
  endfacet
  facet normal -0.321651 0.946858 0
    outer loop
      vertex -60.7765 -85.6022 1.8
      vertex -61.148 -85.7284 2.86
      vertex -60.7765 -85.6022 2.86
    endloop
  endfacet
  facet normal -0.321651 0.946858 0
    outer loop
      vertex -61.148 -85.7284 2.86
      vertex -60.7765 -85.6022 1.8
      vertex -61.148 -85.7284 1.8
    endloop
  endfacet
  facet normal 0.659478 0.751724 -0
    outer loop
      vertex -57.8787 -86.3787 1.8
      vertex -58.1737 -86.1199 2.86
      vertex -57.8787 -86.3787 2.86
    endloop
  endfacet
  facet normal 0.659478 0.751724 0
    outer loop
      vertex -58.1737 -86.1199 2.86
      vertex -57.8787 -86.3787 1.8
      vertex -58.1737 -86.1199 1.8
    endloop
  endfacet
  facet normal 0.44211 -0.896961 0
    outer loop
      vertex -58.852 -91.2716 1.8
      vertex -58.5 -91.0981 2.86
      vertex -58.852 -91.2716 2.86
    endloop
  endfacet
  facet normal 0.44211 -0.896961 0
    outer loop
      vertex -58.5 -91.0981 2.86
      vertex -58.852 -91.2716 1.8
      vertex -58.5 -91.0981 1.8
    endloop
  endfacet
  facet normal 0.896961 -0.44211 0
    outer loop
      vertex -57.4019 -90 2.86
      vertex -57.2284 -89.648 1.8
      vertex -57.2284 -89.648 2.86
    endloop
  endfacet
  facet normal 0.896961 -0.44211 0
    outer loop
      vertex -57.2284 -89.648 1.8
      vertex -57.4019 -90 2.86
      vertex -57.4019 -90 1.8
    endloop
  endfacet
  facet normal -0.997853 0.0654873 0
    outer loop
      vertex -63 -88.5 1.8
      vertex -62.9743 -88.1084 2.86
      vertex -62.9743 -88.1084 1.8
    endloop
  endfacet
  facet normal -0.997853 0.0654873 0
    outer loop
      vertex -62.9743 -88.1084 2.86
      vertex -63 -88.5 1.8
      vertex -63 -88.5 2.86
    endloop
  endfacet
  facet normal 0.946858 -0.321651 0
    outer loop
      vertex -57.2284 -89.648 2.86
      vertex -57.1022 -89.2765 1.8
      vertex -57.1022 -89.2765 2.86
    endloop
  endfacet
  facet normal 0.946858 -0.321651 0
    outer loop
      vertex -57.1022 -89.2765 1.8
      vertex -57.2284 -89.648 2.86
      vertex -57.2284 -89.648 1.8
    endloop
  endfacet
  facet normal -0.659478 0.751724 0
    outer loop
      vertex -61.8263 -86.1199 1.8
      vertex -62.1213 -86.3787 2.86
      vertex -61.8263 -86.1199 2.86
    endloop
  endfacet
  facet normal -0.659478 0.751724 0
    outer loop
      vertex -62.1213 -86.3787 2.86
      vertex -61.8263 -86.1199 1.8
      vertex -62.1213 -86.3787 1.8
    endloop
  endfacet
  facet normal 0.321651 -0.946858 0
    outer loop
      vertex -59.2235 -91.3978 1.8
      vertex -58.852 -91.2716 2.86
      vertex -59.2235 -91.3978 2.86
    endloop
  endfacet
  facet normal 0.321651 -0.946858 0
    outer loop
      vertex -58.852 -91.2716 2.86
      vertex -59.2235 -91.3978 1.8
      vertex -58.852 -91.2716 1.8
    endloop
  endfacet
  facet normal -0.0654873 -0.997853 0
    outer loop
      vertex -60.3916 -91.4743 1.8
      vertex -60 -91.5 2.86
      vertex -60.3916 -91.4743 2.86
    endloop
  endfacet
  facet normal -0.0654873 -0.997853 -0
    outer loop
      vertex -60 -91.5 2.86
      vertex -60.3916 -91.4743 1.8
      vertex -60 -91.5 1.8
    endloop
  endfacet
  facet normal 0.896961 0.44211 0
    outer loop
      vertex -57.2284 -87.352 2.86
      vertex -57.4019 -87 1.8
      vertex -57.4019 -87 2.86
    endloop
  endfacet
  facet normal 0.896961 0.44211 0
    outer loop
      vertex -57.4019 -87 1.8
      vertex -57.2284 -87.352 2.86
      vertex -57.2284 -87.352 1.8
    endloop
  endfacet
  facet normal -0.946858 -0.321651 0
    outer loop
      vertex -62.7716 -89.648 1.8
      vertex -62.8978 -89.2765 2.86
      vertex -62.8978 -89.2765 1.8
    endloop
  endfacet
  facet normal -0.946858 -0.321651 0
    outer loop
      vertex -62.8978 -89.2765 2.86
      vertex -62.7716 -89.648 1.8
      vertex -62.7716 -89.648 2.86
    endloop
  endfacet
  facet normal -0.19494 -0.980815 0
    outer loop
      vertex -60.7765 -91.3978 1.8
      vertex -60.3916 -91.4743 2.86
      vertex -60.7765 -91.3978 2.86
    endloop
  endfacet
  facet normal -0.19494 -0.980815 -0
    outer loop
      vertex -60.3916 -91.4743 2.86
      vertex -60.7765 -91.3978 1.8
      vertex -60.3916 -91.4743 1.8
    endloop
  endfacet
  facet normal 0.997853 -0.0654873 0
    outer loop
      vertex -57.0257 -88.8916 2.86
      vertex -57 -88.5 1.8
      vertex -57 -88.5 2.86
    endloop
  endfacet
  facet normal 0.997853 -0.0654873 0
    outer loop
      vertex -57 -88.5 1.8
      vertex -57.0257 -88.8916 2.86
      vertex -57.0257 -88.8916 1.8
    endloop
  endfacet
  facet normal 0.44211 0.896961 -0
    outer loop
      vertex -58.5 -85.9019 1.8
      vertex -58.852 -85.7284 2.86
      vertex -58.5 -85.9019 2.86
    endloop
  endfacet
  facet normal 0.44211 0.896961 0
    outer loop
      vertex -58.852 -85.7284 2.86
      vertex -58.5 -85.9019 1.8
      vertex -58.852 -85.7284 1.8
    endloop
  endfacet
  facet normal -0.980815 -0.19494 0
    outer loop
      vertex -62.8978 -89.2765 1.8
      vertex -62.9743 -88.8916 2.86
      vertex -62.9743 -88.8916 1.8
    endloop
  endfacet
  facet normal -0.980815 -0.19494 0
    outer loop
      vertex -62.9743 -88.8916 2.86
      vertex -62.8978 -89.2765 1.8
      vertex -62.8978 -89.2765 2.86
    endloop
  endfacet
  facet normal 0.751724 0.659478 0
    outer loop
      vertex -57.6199 -86.6737 2.86
      vertex -57.8787 -86.3787 1.8
      vertex -57.8787 -86.3787 2.86
    endloop
  endfacet
  facet normal 0.751724 0.659478 0
    outer loop
      vertex -57.8787 -86.3787 1.8
      vertex -57.6199 -86.6737 2.86
      vertex -57.6199 -86.6737 1.8
    endloop
  endfacet
  facet normal 0.831501 0.555523 0
    outer loop
      vertex -57.4019 -87 2.86
      vertex -57.6199 -86.6737 1.8
      vertex -57.6199 -86.6737 2.86
    endloop
  endfacet
  facet normal 0.831501 0.555523 0
    outer loop
      vertex -57.6199 -86.6737 1.8
      vertex -57.4019 -87 2.86
      vertex -57.4019 -87 1.8
    endloop
  endfacet
  facet normal 0.555523 0.831501 -0
    outer loop
      vertex -58.1737 -86.1199 1.8
      vertex -58.5 -85.9019 2.86
      vertex -58.1737 -86.1199 2.86
    endloop
  endfacet
  facet normal 0.555523 0.831501 0
    outer loop
      vertex -58.5 -85.9019 2.86
      vertex -58.1737 -86.1199 1.8
      vertex -58.5 -85.9019 1.8
    endloop
  endfacet
  facet normal 0.659478 -0.751724 0
    outer loop
      vertex -58.1737 -90.8801 1.8
      vertex -57.8787 -90.6213 2.86
      vertex -58.1737 -90.8801 2.86
    endloop
  endfacet
  facet normal 0.659478 -0.751724 0
    outer loop
      vertex -57.8787 -90.6213 2.86
      vertex -58.1737 -90.8801 1.8
      vertex -57.8787 -90.6213 1.8
    endloop
  endfacet
  facet normal -0.321651 -0.946858 0
    outer loop
      vertex -61.148 -91.2716 1.8
      vertex -60.7765 -91.3978 2.86
      vertex -61.148 -91.2716 2.86
    endloop
  endfacet
  facet normal -0.321651 -0.946858 -0
    outer loop
      vertex -60.7765 -91.3978 2.86
      vertex -61.148 -91.2716 1.8
      vertex -60.7765 -91.3978 1.8
    endloop
  endfacet
  facet normal -0.44211 -0.896961 0
    outer loop
      vertex -61.5 -91.0981 1.8
      vertex -61.148 -91.2716 2.86
      vertex -61.5 -91.0981 2.86
    endloop
  endfacet
  facet normal -0.44211 -0.896961 -0
    outer loop
      vertex -61.148 -91.2716 2.86
      vertex -61.5 -91.0981 1.8
      vertex -61.148 -91.2716 1.8
    endloop
  endfacet
  facet normal -0.997853 -0.0654873 0
    outer loop
      vertex -62.9743 -88.8916 1.8
      vertex -63 -88.5 2.86
      vertex -63 -88.5 1.8
    endloop
  endfacet
  facet normal -0.997853 -0.0654873 0
    outer loop
      vertex -63 -88.5 2.86
      vertex -62.9743 -88.8916 1.8
      vertex -62.9743 -88.8916 2.86
    endloop
  endfacet
  facet normal -0.44211 0.896961 0
    outer loop
      vertex -61.148 -85.7284 1.8
      vertex -61.5 -85.9019 2.86
      vertex -61.148 -85.7284 2.86
    endloop
  endfacet
  facet normal -0.44211 0.896961 0
    outer loop
      vertex -61.5 -85.9019 2.86
      vertex -61.148 -85.7284 1.8
      vertex -61.5 -85.9019 1.8
    endloop
  endfacet
  facet normal -0.0654873 0.997853 0
    outer loop
      vertex -60 -85.5 1.8
      vertex -60.3916 -85.5257 2.86
      vertex -60 -85.5 2.86
    endloop
  endfacet
  facet normal -0.0654873 0.997853 0
    outer loop
      vertex -60.3916 -85.5257 2.86
      vertex -60 -85.5 1.8
      vertex -60.3916 -85.5257 1.8
    endloop
  endfacet
  facet normal -0.980815 0.19494 0
    outer loop
      vertex -62.9743 -88.1084 1.8
      vertex -62.8978 -87.7235 2.86
      vertex -62.8978 -87.7235 1.8
    endloop
  endfacet
  facet normal -0.980815 0.19494 0
    outer loop
      vertex -62.8978 -87.7235 2.86
      vertex -62.9743 -88.1084 1.8
      vertex -62.9743 -88.1084 2.86
    endloop
  endfacet
  facet normal -0.831501 0.555523 0
    outer loop
      vertex -62.5981 -87 1.8
      vertex -62.3801 -86.6737 2.86
      vertex -62.3801 -86.6737 1.8
    endloop
  endfacet
  facet normal -0.831501 0.555523 0
    outer loop
      vertex -62.3801 -86.6737 2.86
      vertex -62.5981 -87 1.8
      vertex -62.5981 -87 2.86
    endloop
  endfacet
  facet normal 0 0 1
    outer loop
      vertex -58.4522 -88.5 2.86
      vertex -57 -88.5 2.86
      vertex -57.0257 -88.1084 2.86
    endloop
  endfacet
  facet normal 0 0 1
    outer loop
      vertex -58.4658 -88.2965 2.86
      vertex -57.0257 -88.1084 2.86
      vertex -57.1022 -87.7235 2.86
    endloop
  endfacet
  facet normal 0 0 1
    outer loop
      vertex -57 -88.5 2.86
      vertex -58.4522 -88.5 2.86
      vertex -57.0257 -88.8916 2.86
    endloop
  endfacet
  facet normal 0 0 1
    outer loop
      vertex -58.5055 -88.098 2.86
      vertex -57.1022 -87.7235 2.86
      vertex -57.2284 -87.352 2.86
    endloop
  endfacet
  facet normal -0 0 1
    outer loop
      vertex -58.4654 -88.7005 2.86
      vertex -57.0257 -88.8916 2.86
      vertex -58.4522 -88.5 2.86
    endloop
  endfacet
  facet normal 0 0 1
    outer loop
      vertex -58.57 -87.9077 2.86
      vertex -57.2284 -87.352 2.86
      vertex -57.4019 -87 2.86
    endloop
  endfacet
  facet normal -0 0 1
    outer loop
      vertex -58.4655 -88.702 2.86
      vertex -57.0257 -88.8916 2.86
      vertex -58.4654 -88.7005 2.86
    endloop
  endfacet
  facet normal 0 0 1
    outer loop
      vertex -58.6596 -87.7261 2.86
      vertex -57.4019 -87 2.86
      vertex -57.6199 -86.6737 2.86
    endloop
  endfacet
  facet normal -0 0 1
    outer loop
      vertex -58.4658 -88.7035 2.86
      vertex -57.0257 -88.8916 2.86
      vertex -58.4655 -88.702 2.86
    endloop
  endfacet
  facet normal 0 0 1
    outer loop
      vertex -58.7721 -87.5578 2.86
      vertex -57.6199 -86.6737 2.86
      vertex -57.8787 -86.3787 2.86
    endloop
  endfacet
  facet normal 0 0 1
    outer loop
      vertex -57.0257 -88.8916 2.86
      vertex -58.4658 -88.7035 2.86
      vertex -57.1022 -89.2765 2.86
    endloop
  endfacet
  facet normal 0 0 1
    outer loop
      vertex -58.9067 -87.4046 2.86
      vertex -57.8787 -86.3787 2.86
      vertex -58.1737 -86.1199 2.86
    endloop
  endfacet
  facet normal -0 0 1
    outer loop
      vertex -58.505 -88.9006 2.86
      vertex -57.1022 -89.2765 2.86
      vertex -58.4658 -88.7035 2.86
    endloop
  endfacet
  facet normal -0 0 1
    outer loop
      vertex -58.5055 -88.902 2.86
      vertex -57.1022 -89.2765 2.86
      vertex -58.505 -88.9006 2.86
    endloop
  endfacet
  facet normal 0 0 1
    outer loop
      vertex -57.0257 -88.1084 2.86
      vertex -58.4654 -88.2995 2.86
      vertex -58.4522 -88.5 2.86
    endloop
  endfacet
  facet normal 0 0 1
    outer loop
      vertex -57.0257 -88.1084 2.86
      vertex -58.4655 -88.298 2.86
      vertex -58.4654 -88.2995 2.86
    endloop
  endfacet
  facet normal 0 0 1
    outer loop
      vertex -57.0257 -88.1084 2.86
      vertex -58.4658 -88.2965 2.86
      vertex -58.4655 -88.298 2.86
    endloop
  endfacet
  facet normal 0 0 1
    outer loop
      vertex -59.059 -87.2712 2.86
      vertex -58.1737 -86.1199 2.86
      vertex -58.5 -85.9019 2.86
    endloop
  endfacet
  facet normal 0 0 1
    outer loop
      vertex -57.1022 -87.7235 2.86
      vertex -58.505 -88.0994 2.86
      vertex -58.4658 -88.2965 2.86
    endloop
  endfacet
  facet normal 0 0 1
    outer loop
      vertex -57.1022 -87.7235 2.86
      vertex -58.5055 -88.098 2.86
      vertex -58.505 -88.0994 2.86
    endloop
  endfacet
  facet normal 0 0 1
    outer loop
      vertex -57.2284 -87.352 2.86
      vertex -58.57 -87.9077 2.86
      vertex -58.5055 -88.098 2.86
    endloop
  endfacet
  facet normal 0 0 1
    outer loop
      vertex -57.4019 -87 2.86
      vertex -58.6589 -87.7275 2.86
      vertex -58.57 -87.9077 2.86
    endloop
  endfacet
  facet normal 0 0 1
    outer loop
      vertex -57.4019 -87 2.86
      vertex -58.6596 -87.7261 2.86
      vertex -58.6589 -87.7275 2.86
    endloop
  endfacet
  facet normal 0 0 1
    outer loop
      vertex -57.6199 -86.6737 2.86
      vertex -58.7712 -87.559 2.86
      vertex -58.6596 -87.7261 2.86
    endloop
  endfacet
  facet normal 0 0 1
    outer loop
      vertex -57.6199 -86.6737 2.86
      vertex -58.7721 -87.5578 2.86
      vertex -58.7712 -87.559 2.86
    endloop
  endfacet
  facet normal 0 0 1
    outer loop
      vertex -59.2275 -87.1589 2.86
      vertex -58.5 -85.9019 2.86
      vertex -58.852 -85.7284 2.86
    endloop
  endfacet
  facet normal 0 0 1
    outer loop
      vertex -57.8787 -86.3787 2.86
      vertex -58.9046 -87.4067 2.86
      vertex -58.7721 -87.5578 2.86
    endloop
  endfacet
  facet normal 0 0 1
    outer loop
      vertex -57.8787 -86.3787 2.86
      vertex -58.9056 -87.4056 2.86
      vertex -58.9046 -87.4067 2.86
    endloop
  endfacet
  facet normal 0 0 1
    outer loop
      vertex -57.8787 -86.3787 2.86
      vertex -58.9067 -87.4046 2.86
      vertex -58.9056 -87.4056 2.86
    endloop
  endfacet
  facet normal 0 0 1
    outer loop
      vertex -58.1737 -86.1199 2.86
      vertex -59.0578 -87.2721 2.86
      vertex -58.9067 -87.4046 2.86
    endloop
  endfacet
  facet normal 0 0 1
    outer loop
      vertex -58.1737 -86.1199 2.86
      vertex -59.059 -87.2712 2.86
      vertex -59.0578 -87.2721 2.86
    endloop
  endfacet
  facet normal 0 0 1
    outer loop
      vertex -59.4077 -87.0701 2.86
      vertex -58.852 -85.7284 2.86
      vertex -59.2235 -85.6022 2.86
    endloop
  endfacet
  facet normal 0 0 1
    outer loop
      vertex -58.5 -85.9019 2.86
      vertex -59.2261 -87.1596 2.86
      vertex -59.059 -87.2712 2.86
    endloop
  endfacet
  facet normal 0 0 1
    outer loop
      vertex -58.5 -85.9019 2.86
      vertex -59.2275 -87.1589 2.86
      vertex -59.2261 -87.1596 2.86
    endloop
  endfacet
  facet normal 0 0 1
    outer loop
      vertex -58.852 -85.7284 2.86
      vertex -59.4077 -87.0701 2.86
      vertex -59.2275 -87.1589 2.86
    endloop
  endfacet
  facet normal 0 0 1
    outer loop
      vertex -59.2235 -85.6022 2.86
      vertex -59.598 -87.0055 2.86
      vertex -59.4077 -87.0701 2.86
    endloop
  endfacet
  facet normal 0 0 1
    outer loop
      vertex -59.2235 -85.6022 2.86
      vertex -59.5994 -87.005 2.86
      vertex -59.598 -87.0055 2.86
    endloop
  endfacet
  facet normal 0 0 1
    outer loop
      vertex -59.6084 -85.5257 2.86
      vertex -59.5994 -87.005 2.86
      vertex -59.2235 -85.6022 2.86
    endloop
  endfacet
  facet normal 0 0 1
    outer loop
      vertex -59.6084 -85.5257 2.86
      vertex -59.7965 -86.9658 2.86
      vertex -59.5994 -87.005 2.86
    endloop
  endfacet
  facet normal 0 0 1
    outer loop
      vertex -59.6084 -85.5257 2.86
      vertex -59.798 -86.9655 2.86
      vertex -59.7965 -86.9658 2.86
    endloop
  endfacet
  facet normal 0 0 1
    outer loop
      vertex -59.6084 -85.5257 2.86
      vertex -59.7995 -86.9654 2.86
      vertex -59.798 -86.9655 2.86
    endloop
  endfacet
  facet normal 0 0 1
    outer loop
      vertex -60 -85.5 2.86
      vertex -59.7995 -86.9654 2.86
      vertex -59.6084 -85.5257 2.86
    endloop
  endfacet
  facet normal 0 0 1
    outer loop
      vertex -60 -85.5 2.86
      vertex -60 -86.9522 2.86
      vertex -59.7995 -86.9654 2.86
    endloop
  endfacet
  facet normal 0 0 1
    outer loop
      vertex -60 -85.5 2.86
      vertex -60.2005 -86.9654 2.86
      vertex -60 -86.9522 2.86
    endloop
  endfacet
  facet normal -0 0 1
    outer loop
      vertex -60.3916 -85.5257 2.86
      vertex -60.2005 -86.9654 2.86
      vertex -60 -85.5 2.86
    endloop
  endfacet
  facet normal 0 0 1
    outer loop
      vertex -60.2005 -86.9654 2.86
      vertex -60.3916 -85.5257 2.86
      vertex -60.202 -86.9655 2.86
    endloop
  endfacet
  facet normal 0 0 1
    outer loop
      vertex -60.202 -86.9655 2.86
      vertex -60.3916 -85.5257 2.86
      vertex -60.2035 -86.9658 2.86
    endloop
  endfacet
  facet normal 0 0 1
    outer loop
      vertex -60.3916 -85.5257 2.86
      vertex -60.4006 -87.005 2.86
      vertex -60.2035 -86.9658 2.86
    endloop
  endfacet
  facet normal -0 0 1
    outer loop
      vertex -60.7765 -85.6022 2.86
      vertex -60.4006 -87.005 2.86
      vertex -60.3916 -85.5257 2.86
    endloop
  endfacet
  facet normal 0 0 1
    outer loop
      vertex -60.4006 -87.005 2.86
      vertex -60.7765 -85.6022 2.86
      vertex -60.402 -87.0055 2.86
    endloop
  endfacet
  facet normal 0 0 1
    outer loop
      vertex -60.402 -87.0055 2.86
      vertex -60.7765 -85.6022 2.86
      vertex -60.5923 -87.0701 2.86
    endloop
  endfacet
  facet normal -0 0 1
    outer loop
      vertex -61.148 -85.7284 2.86
      vertex -60.5923 -87.0701 2.86
      vertex -60.7765 -85.6022 2.86
    endloop
  endfacet
  facet normal 0 0 1
    outer loop
      vertex -60.5923 -87.0701 2.86
      vertex -61.148 -85.7284 2.86
      vertex -60.7725 -87.1589 2.86
    endloop
  endfacet
  facet normal -0 0 1
    outer loop
      vertex -61.5 -85.9019 2.86
      vertex -60.7725 -87.1589 2.86
      vertex -61.148 -85.7284 2.86
    endloop
  endfacet
  facet normal 0 0 1
    outer loop
      vertex -60.7725 -87.1589 2.86
      vertex -61.5 -85.9019 2.86
      vertex -60.7739 -87.1596 2.86
    endloop
  endfacet
  facet normal 0 0 1
    outer loop
      vertex -60.7739 -87.1596 2.86
      vertex -61.5 -85.9019 2.86
      vertex -60.941 -87.2712 2.86
    endloop
  endfacet
  facet normal -0 0 1
    outer loop
      vertex -61.8263 -86.1199 2.86
      vertex -60.941 -87.2712 2.86
      vertex -61.5 -85.9019 2.86
    endloop
  endfacet
  facet normal 0 0 1
    outer loop
      vertex -60.941 -87.2712 2.86
      vertex -61.8263 -86.1199 2.86
      vertex -60.9422 -87.2721 2.86
    endloop
  endfacet
  facet normal 0 0 1
    outer loop
      vertex -60.9422 -87.2721 2.86
      vertex -61.8263 -86.1199 2.86
      vertex -61.0933 -87.4046 2.86
    endloop
  endfacet
  facet normal -0 0 1
    outer loop
      vertex -62.1213 -86.3787 2.86
      vertex -61.0933 -87.4046 2.86
      vertex -61.8263 -86.1199 2.86
    endloop
  endfacet
  facet normal 0 0 1
    outer loop
      vertex -61.0933 -87.4046 2.86
      vertex -62.1213 -86.3787 2.86
      vertex -61.0944 -87.4056 2.86
    endloop
  endfacet
  facet normal 0 0 1
    outer loop
      vertex -61.0944 -87.4056 2.86
      vertex -62.1213 -86.3787 2.86
      vertex -61.0954 -87.4067 2.86
    endloop
  endfacet
  facet normal 0 0 1
    outer loop
      vertex -61.0954 -87.4067 2.86
      vertex -62.1213 -86.3787 2.86
      vertex -61.2279 -87.5578 2.86
    endloop
  endfacet
  facet normal -0 0 1
    outer loop
      vertex -62.3801 -86.6737 2.86
      vertex -61.2279 -87.5578 2.86
      vertex -62.1213 -86.3787 2.86
    endloop
  endfacet
  facet normal 0 0 1
    outer loop
      vertex -61.2279 -87.5578 2.86
      vertex -62.3801 -86.6737 2.86
      vertex -61.2288 -87.559 2.86
    endloop
  endfacet
  facet normal 0 0 1
    outer loop
      vertex -61.2288 -87.559 2.86
      vertex -62.3801 -86.6737 2.86
      vertex -61.3404 -87.7261 2.86
    endloop
  endfacet
  facet normal -0 0 1
    outer loop
      vertex -62.5981 -87 2.86
      vertex -61.3404 -87.7261 2.86
      vertex -62.3801 -86.6737 2.86
    endloop
  endfacet
  facet normal 0 0 1
    outer loop
      vertex -61.3404 -87.7261 2.86
      vertex -62.5981 -87 2.86
      vertex -61.3411 -87.7275 2.86
    endloop
  endfacet
  facet normal 0 0 1
    outer loop
      vertex -61.3411 -87.7275 2.86
      vertex -62.5981 -87 2.86
      vertex -61.43 -87.9077 2.86
    endloop
  endfacet
  facet normal -0 0 1
    outer loop
      vertex -62.7716 -87.352 2.86
      vertex -61.43 -87.9077 2.86
      vertex -62.5981 -87 2.86
    endloop
  endfacet
  facet normal 0 0 1
    outer loop
      vertex -61.43 -87.9077 2.86
      vertex -62.7716 -87.352 2.86
      vertex -61.4945 -88.098 2.86
    endloop
  endfacet
  facet normal -0 0 1
    outer loop
      vertex -62.8978 -87.7235 2.86
      vertex -61.4945 -88.098 2.86
      vertex -62.7716 -87.352 2.86
    endloop
  endfacet
  facet normal 0 0 1
    outer loop
      vertex -57.1022 -89.2765 2.86
      vertex -58.5055 -88.902 2.86
      vertex -57.2284 -89.648 2.86
    endloop
  endfacet
  facet normal -0 0 1
    outer loop
      vertex -58.57 -89.0923 2.86
      vertex -57.2284 -89.648 2.86
      vertex -58.5055 -88.902 2.86
    endloop
  endfacet
  facet normal 0 0 1
    outer loop
      vertex -57.2284 -89.648 2.86
      vertex -58.57 -89.0923 2.86
      vertex -57.4019 -90 2.86
    endloop
  endfacet
  facet normal -0 0 1
    outer loop
      vertex -58.6589 -89.2725 2.86
      vertex -57.4019 -90 2.86
      vertex -58.57 -89.0923 2.86
    endloop
  endfacet
  facet normal -0 0 1
    outer loop
      vertex -58.6596 -89.2739 2.86
      vertex -57.4019 -90 2.86
      vertex -58.6589 -89.2725 2.86
    endloop
  endfacet
  facet normal 0 0 1
    outer loop
      vertex -57.4019 -90 2.86
      vertex -58.6596 -89.2739 2.86
      vertex -57.6199 -90.3263 2.86
    endloop
  endfacet
  facet normal -0 0 1
    outer loop
      vertex -58.7712 -89.441 2.86
      vertex -57.6199 -90.3263 2.86
      vertex -58.6596 -89.2739 2.86
    endloop
  endfacet
  facet normal -0 0 1
    outer loop
      vertex -58.7721 -89.4422 2.86
      vertex -57.6199 -90.3263 2.86
      vertex -58.7712 -89.441 2.86
    endloop
  endfacet
  facet normal 0 0 1
    outer loop
      vertex -57.6199 -90.3263 2.86
      vertex -58.7721 -89.4422 2.86
      vertex -57.8787 -90.6213 2.86
    endloop
  endfacet
  facet normal -0 0 1
    outer loop
      vertex -58.9046 -89.5933 2.86
      vertex -57.8787 -90.6213 2.86
      vertex -58.7721 -89.4422 2.86
    endloop
  endfacet
  facet normal -0 0 1
    outer loop
      vertex -58.9056 -89.5944 2.86
      vertex -57.8787 -90.6213 2.86
      vertex -58.9046 -89.5933 2.86
    endloop
  endfacet
  facet normal -0 0 1
    outer loop
      vertex -58.9067 -89.5954 2.86
      vertex -57.8787 -90.6213 2.86
      vertex -58.9056 -89.5944 2.86
    endloop
  endfacet
  facet normal 0 0 1
    outer loop
      vertex -57.8787 -90.6213 2.86
      vertex -58.9067 -89.5954 2.86
      vertex -58.1737 -90.8801 2.86
    endloop
  endfacet
  facet normal -0 0 1
    outer loop
      vertex -59.0578 -89.7279 2.86
      vertex -58.1737 -90.8801 2.86
      vertex -58.9067 -89.5954 2.86
    endloop
  endfacet
  facet normal -0 0 1
    outer loop
      vertex -59.059 -89.7288 2.86
      vertex -58.1737 -90.8801 2.86
      vertex -59.0578 -89.7279 2.86
    endloop
  endfacet
  facet normal 0 0 1
    outer loop
      vertex -58.1737 -90.8801 2.86
      vertex -59.059 -89.7288 2.86
      vertex -58.5 -91.0981 2.86
    endloop
  endfacet
  facet normal -0 0 1
    outer loop
      vertex -59.2261 -89.8404 2.86
      vertex -58.5 -91.0981 2.86
      vertex -59.059 -89.7288 2.86
    endloop
  endfacet
  facet normal -0 0 1
    outer loop
      vertex -59.2275 -89.8411 2.86
      vertex -58.5 -91.0981 2.86
      vertex -59.2261 -89.8404 2.86
    endloop
  endfacet
  facet normal 0 0 1
    outer loop
      vertex -58.5 -91.0981 2.86
      vertex -59.2275 -89.8411 2.86
      vertex -58.852 -91.2716 2.86
    endloop
  endfacet
  facet normal -0 0 1
    outer loop
      vertex -59.4077 -89.9299 2.86
      vertex -58.852 -91.2716 2.86
      vertex -59.2275 -89.8411 2.86
    endloop
  endfacet
  facet normal 0 0 1
    outer loop
      vertex -58.852 -91.2716 2.86
      vertex -59.4077 -89.9299 2.86
      vertex -59.2235 -91.3978 2.86
    endloop
  endfacet
  facet normal -0 0 1
    outer loop
      vertex -59.598 -89.9945 2.86
      vertex -59.2235 -91.3978 2.86
      vertex -59.4077 -89.9299 2.86
    endloop
  endfacet
  facet normal -0 0 1
    outer loop
      vertex -59.5994 -89.995 2.86
      vertex -59.2235 -91.3978 2.86
      vertex -59.598 -89.9945 2.86
    endloop
  endfacet
  facet normal 0 0 1
    outer loop
      vertex -59.5994 -89.995 2.86
      vertex -59.6084 -91.4743 2.86
      vertex -59.2235 -91.3978 2.86
    endloop
  endfacet
  facet normal -0 0 1
    outer loop
      vertex -59.7965 -90.0342 2.86
      vertex -59.6084 -91.4743 2.86
      vertex -59.5994 -89.995 2.86
    endloop
  endfacet
  facet normal -0 0 1
    outer loop
      vertex -59.798 -90.0345 2.86
      vertex -59.6084 -91.4743 2.86
      vertex -59.7965 -90.0342 2.86
    endloop
  endfacet
  facet normal -0 0 1
    outer loop
      vertex -59.7995 -90.0346 2.86
      vertex -59.6084 -91.4743 2.86
      vertex -59.798 -90.0345 2.86
    endloop
  endfacet
  facet normal -0 0 1
    outer loop
      vertex -60 -90.0478 2.86
      vertex -59.6084 -91.4743 2.86
      vertex -59.7995 -90.0346 2.86
    endloop
  endfacet
  facet normal 0 0 1
    outer loop
      vertex -60 -90.0478 2.86
      vertex -60 -91.5 2.86
      vertex -59.6084 -91.4743 2.86
    endloop
  endfacet
  facet normal 0 0 1
    outer loop
      vertex -60.2005 -90.0346 2.86
      vertex -60 -91.5 2.86
      vertex -60 -90.0478 2.86
    endloop
  endfacet
  facet normal 0 0 1
    outer loop
      vertex -60.3916 -91.4743 2.86
      vertex -60.2005 -90.0346 2.86
      vertex -60.202 -90.0345 2.86
    endloop
  endfacet
  facet normal 0 0 1
    outer loop
      vertex -60.3916 -91.4743 2.86
      vertex -60.202 -90.0345 2.86
      vertex -60.2035 -90.0342 2.86
    endloop
  endfacet
  facet normal 0 0 1
    outer loop
      vertex -60.2005 -90.0346 2.86
      vertex -60.3916 -91.4743 2.86
      vertex -60 -91.5 2.86
    endloop
  endfacet
  facet normal 0 0 1
    outer loop
      vertex -60.4006 -89.995 2.86
      vertex -60.3916 -91.4743 2.86
      vertex -60.2035 -90.0342 2.86
    endloop
  endfacet
  facet normal 0 0 1
    outer loop
      vertex -60.7765 -91.3978 2.86
      vertex -60.4006 -89.995 2.86
      vertex -60.402 -89.9945 2.86
    endloop
  endfacet
  facet normal 0 0 1
    outer loop
      vertex -60.7765 -91.3978 2.86
      vertex -60.402 -89.9945 2.86
      vertex -60.5923 -89.9299 2.86
    endloop
  endfacet
  facet normal 0 0 1
    outer loop
      vertex -61.148 -91.2716 2.86
      vertex -60.5923 -89.9299 2.86
      vertex -60.7725 -89.8411 2.86
    endloop
  endfacet
  facet normal 0 0 1
    outer loop
      vertex -61.5 -91.0981 2.86
      vertex -60.7725 -89.8411 2.86
      vertex -60.7739 -89.8404 2.86
    endloop
  endfacet
  facet normal 0 0 1
    outer loop
      vertex -60.4006 -89.995 2.86
      vertex -60.7765 -91.3978 2.86
      vertex -60.3916 -91.4743 2.86
    endloop
  endfacet
  facet normal 0 0 1
    outer loop
      vertex -61.5 -91.0981 2.86
      vertex -60.7739 -89.8404 2.86
      vertex -60.941 -89.7288 2.86
    endloop
  endfacet
  facet normal 0 0 1
    outer loop
      vertex -61.8263 -90.8801 2.86
      vertex -60.941 -89.7288 2.86
      vertex -60.9422 -89.7279 2.86
    endloop
  endfacet
  facet normal 0 0 1
    outer loop
      vertex -61.8263 -90.8801 2.86
      vertex -60.9422 -89.7279 2.86
      vertex -61.0933 -89.5954 2.86
    endloop
  endfacet
  facet normal 0 0 1
    outer loop
      vertex -62.1213 -90.6213 2.86
      vertex -61.0933 -89.5954 2.86
      vertex -61.0944 -89.5944 2.86
    endloop
  endfacet
  facet normal 0 0 1
    outer loop
      vertex -62.1213 -90.6213 2.86
      vertex -61.0944 -89.5944 2.86
      vertex -61.0954 -89.5933 2.86
    endloop
  endfacet
  facet normal 0 0 1
    outer loop
      vertex -60.5923 -89.9299 2.86
      vertex -61.148 -91.2716 2.86
      vertex -60.7765 -91.3978 2.86
    endloop
  endfacet
  facet normal 0 0 1
    outer loop
      vertex -62.1213 -90.6213 2.86
      vertex -61.0954 -89.5933 2.86
      vertex -61.2279 -89.4422 2.86
    endloop
  endfacet
  facet normal 0 0 1
    outer loop
      vertex -62.3801 -90.3263 2.86
      vertex -61.2279 -89.4422 2.86
      vertex -61.2288 -89.441 2.86
    endloop
  endfacet
  facet normal 0 0 1
    outer loop
      vertex -62.3801 -90.3263 2.86
      vertex -61.2288 -89.441 2.86
      vertex -61.3404 -89.2739 2.86
    endloop
  endfacet
  facet normal 0 0 1
    outer loop
      vertex -62.5981 -90 2.86
      vertex -61.3404 -89.2739 2.86
      vertex -61.3411 -89.2725 2.86
    endloop
  endfacet
  facet normal 0 0 1
    outer loop
      vertex -62.5981 -90 2.86
      vertex -61.3411 -89.2725 2.86
      vertex -61.43 -89.0923 2.86
    endloop
  endfacet
  facet normal 0 0 1
    outer loop
      vertex -62.7716 -89.648 2.86
      vertex -61.43 -89.0923 2.86
      vertex -61.4945 -88.902 2.86
    endloop
  endfacet
  facet normal 0 0 1
    outer loop
      vertex -62.8978 -89.2765 2.86
      vertex -61.4945 -88.902 2.86
      vertex -61.495 -88.9006 2.86
    endloop
  endfacet
  facet normal 0 0 1
    outer loop
      vertex -60.7725 -89.8411 2.86
      vertex -61.5 -91.0981 2.86
      vertex -61.148 -91.2716 2.86
    endloop
  endfacet
  facet normal 0 0 1
    outer loop
      vertex -62.8978 -89.2765 2.86
      vertex -61.495 -88.9006 2.86
      vertex -61.5342 -88.7035 2.86
    endloop
  endfacet
  facet normal 0 0 1
    outer loop
      vertex -62.9743 -88.8916 2.86
      vertex -61.5342 -88.7035 2.86
      vertex -61.5345 -88.702 2.86
    endloop
  endfacet
  facet normal 0 0 1
    outer loop
      vertex -62.9743 -88.8916 2.86
      vertex -61.5345 -88.702 2.86
      vertex -61.5346 -88.7005 2.86
    endloop
  endfacet
  facet normal 0 0 1
    outer loop
      vertex -62.9743 -88.8916 2.86
      vertex -61.5346 -88.7005 2.86
      vertex -61.5478 -88.5 2.86
    endloop
  endfacet
  facet normal 0 0 1
    outer loop
      vertex -61.4945 -88.098 2.86
      vertex -62.8978 -87.7235 2.86
      vertex -61.495 -88.0994 2.86
    endloop
  endfacet
  facet normal 0 0 1
    outer loop
      vertex -60.941 -89.7288 2.86
      vertex -61.8263 -90.8801 2.86
      vertex -61.5 -91.0981 2.86
    endloop
  endfacet
  facet normal 0 0 1
    outer loop
      vertex -61.495 -88.0994 2.86
      vertex -62.8978 -87.7235 2.86
      vertex -61.5342 -88.2965 2.86
    endloop
  endfacet
  facet normal 0 0 1
    outer loop
      vertex -61.0933 -89.5954 2.86
      vertex -62.1213 -90.6213 2.86
      vertex -61.8263 -90.8801 2.86
    endloop
  endfacet
  facet normal -0 0 1
    outer loop
      vertex -62.9743 -88.1084 2.86
      vertex -61.5342 -88.2965 2.86
      vertex -62.8978 -87.7235 2.86
    endloop
  endfacet
  facet normal 0 0 1
    outer loop
      vertex -61.2279 -89.4422 2.86
      vertex -62.3801 -90.3263 2.86
      vertex -62.1213 -90.6213 2.86
    endloop
  endfacet
  facet normal 0 0 1
    outer loop
      vertex -61.5342 -88.2965 2.86
      vertex -62.9743 -88.1084 2.86
      vertex -61.5345 -88.298 2.86
    endloop
  endfacet
  facet normal 0 0 1
    outer loop
      vertex -61.3404 -89.2739 2.86
      vertex -62.5981 -90 2.86
      vertex -62.3801 -90.3263 2.86
    endloop
  endfacet
  facet normal 0 0 1
    outer loop
      vertex -61.5345 -88.298 2.86
      vertex -62.9743 -88.1084 2.86
      vertex -61.5346 -88.2995 2.86
    endloop
  endfacet
  facet normal 0 0 1
    outer loop
      vertex -61.43 -89.0923 2.86
      vertex -62.7716 -89.648 2.86
      vertex -62.5981 -90 2.86
    endloop
  endfacet
  facet normal 0 0 1
    outer loop
      vertex -61.5346 -88.2995 2.86
      vertex -62.9743 -88.1084 2.86
      vertex -61.5478 -88.5 2.86
    endloop
  endfacet
  facet normal 0 0 1
    outer loop
      vertex -61.4945 -88.902 2.86
      vertex -62.8978 -89.2765 2.86
      vertex -62.7716 -89.648 2.86
    endloop
  endfacet
  facet normal 0 0 1
    outer loop
      vertex -63 -88.5 2.86
      vertex -61.5478 -88.5 2.86
      vertex -62.9743 -88.1084 2.86
    endloop
  endfacet
  facet normal 0 0 1
    outer loop
      vertex -61.5342 -88.7035 2.86
      vertex -62.9743 -88.8916 2.86
      vertex -62.8978 -89.2765 2.86
    endloop
  endfacet
  facet normal 0 0 1
    outer loop
      vertex -61.5478 -88.5 2.86
      vertex -63 -88.5 2.86
      vertex -62.9743 -88.8916 2.86
    endloop
  endfacet
  facet normal 0.19494 0.980815 -0
    outer loop
      vertex -59.2235 -85.6022 1.8
      vertex -59.6084 -85.5257 2.86
      vertex -59.2235 -85.6022 2.86
    endloop
  endfacet
  facet normal 0.19494 0.980815 0
    outer loop
      vertex -59.6084 -85.5257 2.86
      vertex -59.2235 -85.6022 1.8
      vertex -59.6084 -85.5257 1.8
    endloop
  endfacet
  facet normal 0.321651 0.946858 -0
    outer loop
      vertex -58.852 -85.7284 1.8
      vertex -59.2235 -85.6022 2.86
      vertex -58.852 -85.7284 2.86
    endloop
  endfacet
  facet normal 0.321651 0.946858 0
    outer loop
      vertex -59.2235 -85.6022 2.86
      vertex -58.852 -85.7284 1.8
      vertex -59.2235 -85.6022 1.8
    endloop
  endfacet
  facet normal -0.555523 0.831501 0
    outer loop
      vertex -61.5 -85.9019 1.8
      vertex -61.8263 -86.1199 2.86
      vertex -61.5 -85.9019 2.86
    endloop
  endfacet
  facet normal -0.555523 0.831501 0
    outer loop
      vertex -61.8263 -86.1199 2.86
      vertex -61.5 -85.9019 1.8
      vertex -61.8263 -86.1199 1.8
    endloop
  endfacet
  facet normal 0.0654873 0.997853 -0
    outer loop
      vertex -59.6084 -85.5257 1.8
      vertex -60 -85.5 2.86
      vertex -59.6084 -85.5257 2.86
    endloop
  endfacet
  facet normal 0.0654873 0.997853 0
    outer loop
      vertex -60 -85.5 2.86
      vertex -59.6084 -85.5257 1.8
      vertex -60 -85.5 1.8
    endloop
  endfacet
  facet normal -0.659478 -0.751724 0
    outer loop
      vertex -62.1213 -90.6213 1.8
      vertex -61.8263 -90.8801 2.86
      vertex -62.1213 -90.6213 2.86
    endloop
  endfacet
  facet normal -0.659478 -0.751724 -0
    outer loop
      vertex -61.8263 -90.8801 2.86
      vertex -62.1213 -90.6213 1.8
      vertex -61.8263 -90.8801 1.8
    endloop
  endfacet
  facet normal -0.896961 -0.44211 0
    outer loop
      vertex -62.5981 -90 1.8
      vertex -62.7716 -89.648 2.86
      vertex -62.7716 -89.648 1.8
    endloop
  endfacet
  facet normal -0.896961 -0.44211 0
    outer loop
      vertex -62.7716 -89.648 2.86
      vertex -62.5981 -90 1.8
      vertex -62.5981 -90 2.86
    endloop
  endfacet
  facet normal 0.0654873 -0.997853 0
    outer loop
      vertex -60 -91.5 1.8
      vertex -59.6084 -91.4743 2.86
      vertex -60 -91.5 2.86
    endloop
  endfacet
  facet normal 0.0654873 -0.997853 0
    outer loop
      vertex -59.6084 -91.4743 2.86
      vertex -60 -91.5 1.8
      vertex -59.6084 -91.4743 1.8
    endloop
  endfacet
  facet normal 0.946858 0.321651 0
    outer loop
      vertex -57.1022 -87.7235 2.86
      vertex -57.2284 -87.352 1.8
      vertex -57.2284 -87.352 2.86
    endloop
  endfacet
  facet normal 0.946858 0.321651 0
    outer loop
      vertex -57.2284 -87.352 1.8
      vertex -57.1022 -87.7235 2.86
      vertex -57.1022 -87.7235 1.8
    endloop
  endfacet
  facet normal -0.946858 0.321651 0
    outer loop
      vertex -62.8978 -87.7235 1.8
      vertex -62.7716 -87.352 2.86
      vertex -62.7716 -87.352 1.8
    endloop
  endfacet
  facet normal -0.946858 0.321651 0
    outer loop
      vertex -62.7716 -87.352 2.86
      vertex -62.8978 -87.7235 1.8
      vertex -62.8978 -87.7235 2.86
    endloop
  endfacet
  facet normal 0.831501 -0.555523 0
    outer loop
      vertex -57.6199 -90.3263 2.86
      vertex -57.4019 -90 1.8
      vertex -57.4019 -90 2.86
    endloop
  endfacet
  facet normal 0.831501 -0.555523 0
    outer loop
      vertex -57.4019 -90 1.8
      vertex -57.6199 -90.3263 2.86
      vertex -57.6199 -90.3263 1.8
    endloop
  endfacet
  facet normal 0.19494 -0.980815 0
    outer loop
      vertex -59.6084 -91.4743 1.8
      vertex -59.2235 -91.3978 2.86
      vertex -59.6084 -91.4743 2.86
    endloop
  endfacet
  facet normal 0.19494 -0.980815 0
    outer loop
      vertex -59.2235 -91.3978 2.86
      vertex -59.6084 -91.4743 1.8
      vertex -59.2235 -91.3978 1.8
    endloop
  endfacet
  facet normal -0.831501 -0.555523 0
    outer loop
      vertex -62.3801 -90.3263 1.8
      vertex -62.5981 -90 2.86
      vertex -62.5981 -90 1.8
    endloop
  endfacet
  facet normal -0.831501 -0.555523 0
    outer loop
      vertex -62.5981 -90 2.86
      vertex -62.3801 -90.3263 1.8
      vertex -62.3801 -90.3263 2.86
    endloop
  endfacet
  facet normal -0.751724 -0.659478 0
    outer loop
      vertex -62.1213 -90.6213 1.8
      vertex -62.3801 -90.3263 2.86
      vertex -62.3801 -90.3263 1.8
    endloop
  endfacet
  facet normal -0.751724 -0.659478 0
    outer loop
      vertex -62.3801 -90.3263 2.86
      vertex -62.1213 -90.6213 1.8
      vertex -62.1213 -90.6213 2.86
    endloop
  endfacet
  facet normal -0.19494 0.980815 0
    outer loop
      vertex -60.3916 -85.5257 1.8
      vertex -60.7765 -85.6022 2.86
      vertex -60.3916 -85.5257 2.86
    endloop
  endfacet
  facet normal -0.19494 0.980815 0
    outer loop
      vertex -60.7765 -85.6022 2.86
      vertex -60.3916 -85.5257 1.8
      vertex -60.7765 -85.6022 1.8
    endloop
  endfacet
  facet normal -0.555523 -0.831501 0
    outer loop
      vertex -61.8263 -90.8801 1.8
      vertex -61.5 -91.0981 2.86
      vertex -61.8263 -90.8801 2.86
    endloop
  endfacet
  facet normal -0.555523 -0.831501 -0
    outer loop
      vertex -61.5 -91.0981 2.86
      vertex -61.8263 -90.8801 1.8
      vertex -61.5 -91.0981 1.8
    endloop
  endfacet
  facet normal 0.555523 -0.831501 0
    outer loop
      vertex -58.5 -91.0981 1.8
      vertex -58.1737 -90.8801 2.86
      vertex -58.5 -91.0981 2.86
    endloop
  endfacet
  facet normal 0.555523 -0.831501 0
    outer loop
      vertex -58.1737 -90.8801 2.86
      vertex -58.5 -91.0981 1.8
      vertex -58.1737 -90.8801 1.8
    endloop
  endfacet
  facet normal 0.993902 0.065434 0.0887528
    outer loop
      vertex -58.4654 -88.2995 2.86
      vertex -58.7 -88.5 5.635
      vertex -58.4522 -88.5 2.86
    endloop
  endfacet
  facet normal 0.94334 -0.319734 0.0887696
    outer loop
      vertex -58.5055 -88.902 2.86
      vertex -58.799 -88.9975 5.635
      vertex -58.57 -89.0923 2.86
    endloop
  endfacet
  facet normal 0.993932 -0.0650127 0.0887249
    outer loop
      vertex -58.7111 -88.6697 5.635
      vertex -58.4654 -88.7005 2.86
      vertex -58.7 -88.5 5.635
    endloop
  endfacet
  facet normal 0.993849 -0.0662566 0.0887314
    outer loop
      vertex -58.4654 -88.7005 2.86
      vertex -58.7111 -88.6697 5.635
      vertex -58.4655 -88.702 2.86
    endloop
  endfacet
  facet normal -0.748903 -0.656715 0.0887178
    outer loop
      vertex -61.0314 -89.2914 5.635
      vertex -61.2279 -89.4422 2.86
      vertex -61.0954 -89.5933 2.86
    endloop
  endfacet
  facet normal 0.440285 -0.893462 0.0887396
    outer loop
      vertex -59.2275 -89.8411 2.86
      vertex -59.5025 -89.701 5.635
      vertex -59.4077 -89.9299 2.86
    endloop
  endfacet
  facet normal 0.0662566 0.993849 0.0887314
    outer loop
      vertex -59.7995 -86.9654 2.86
      vertex -59.8303 -87.2111 5.635
      vertex -59.798 -86.9655 2.86
    endloop
  endfacet
  facet normal 0.0650127 0.993932 0.0887249
    outer loop
      vertex -59.8303 -87.2111 5.635
      vertex -59.7995 -86.9654 2.86
      vertex -60 -87.2 5.635
    endloop
  endfacet
  facet normal 0.553052 -0.828407 0.0887438
    outer loop
      vertex -59.059 -89.7288 2.86
      vertex -59.2086 -89.5314 5.635
      vertex -59.35 -89.6258 5.635
    endloop
  endfacet
  facet normal 0.597624 -0.796832 0.0889007
    outer loop
      vertex -59.2086 -89.5314 5.635
      vertex -59.059 -89.7288 2.86
      vertex -59.0578 -89.7279 2.86
    endloop
  endfacet
  facet normal -0.893263 -0.440683 0.088769
    outer loop
      vertex -61.201 -88.9975 5.635
      vertex -61.43 -89.0923 2.86
      vertex -61.3411 -89.2725 2.86
    endloop
  endfacet
  facet normal -0.976922 0.194294 0.0887321
    outer loop
      vertex -61.495 -88.0994 2.86
      vertex -61.5342 -88.2965 2.86
      vertex -61.2557 -88.1635 5.635
    endloop
  endfacet
  facet normal 0.993902 -0.065434 0.0887528
    outer loop
      vertex -58.4522 -88.5 2.86
      vertex -58.7 -88.5 5.635
      vertex -58.4654 -88.7005 2.86
    endloop
  endfacet
  facet normal 0.976893 0.194442 0.0887222
    outer loop
      vertex -58.7111 -88.3303 5.635
      vertex -58.4658 -88.2965 2.86
      vertex -58.7443 -88.1635 5.635
    endloop
  endfacet
  facet normal 0.976714 0.195343 0.0887173
    outer loop
      vertex -58.4658 -88.2965 2.86
      vertex -58.7111 -88.3303 5.635
      vertex -58.4655 -88.298 2.86
    endloop
  endfacet
  facet normal -0.320423 -0.94311 0.0887216
    outer loop
      vertex -60.402 -89.9945 2.86
      vertex -60.3365 -89.7557 5.635
      vertex -60.4975 -89.701 5.635
    endloop
  endfacet
  facet normal -0.335013 -0.938036 0.0886293
    outer loop
      vertex -60.3365 -89.7557 5.635
      vertex -60.402 -89.9945 2.86
      vertex -60.4006 -89.995 2.86
    endloop
  endfacet
  facet normal -0.796832 0.597624 0.0889007
    outer loop
      vertex -61.2288 -87.559 2.86
      vertex -61.0314 -87.7086 5.635
      vertex -61.2279 -87.5578 2.86
    endloop
  endfacet
  facet normal -0.828407 0.553052 0.0887438
    outer loop
      vertex -61.0314 -87.7086 5.635
      vertex -61.2288 -87.559 2.86
      vertex -61.1258 -87.85 5.635
    endloop
  endfacet
  facet normal 0.656715 0.748903 0.0887178
    outer loop
      vertex -59.0578 -87.2721 2.86
      vertex -59.2086 -87.4686 5.635
      vertex -58.9067 -87.4046 2.86
    endloop
  endfacet
  facet normal 0.828309 0.553197 0.0887554
    outer loop
      vertex -58.7712 -87.559 2.86
      vertex -58.8742 -87.85 5.635
      vertex -58.6596 -87.7261 2.86
    endloop
  endfacet
  facet normal 0.796832 0.597624 0.0889007
    outer loop
      vertex -58.9686 -87.7086 5.635
      vertex -58.7712 -87.559 2.86
      vertex -58.7721 -87.5578 2.86
    endloop
  endfacet
  facet normal 0.828407 0.553052 0.0887438
    outer loop
      vertex -58.7712 -87.559 2.86
      vertex -58.9686 -87.7086 5.635
      vertex -58.8742 -87.85 5.635
    endloop
  endfacet
  facet normal 0.32018 0.943192 0.0887386
    outer loop
      vertex -59.4077 -87.0701 2.86
      vertex -59.598 -87.0055 2.86
      vertex -59.5025 -87.299 5.635
    endloop
  endfacet
  facet normal 0.065434 -0.993902 0.0887528
    outer loop
      vertex -60 -89.8 5.635
      vertex -60 -90.0478 2.86
      vertex -59.7995 -90.0346 2.86
    endloop
  endfacet
  facet normal 0.194294 -0.976922 0.0887321
    outer loop
      vertex -59.6635 -89.7557 5.635
      vertex -59.7965 -90.0342 2.86
      vertex -59.5994 -89.995 2.86
    endloop
  endfacet
  facet normal 0.976922 0.194294 0.0887321
    outer loop
      vertex -58.505 -88.0994 2.86
      vertex -58.7443 -88.1635 5.635
      vertex -58.4658 -88.2965 2.86
    endloop
  endfacet
  facet normal -0.440521 0.893344 0.088757
    outer loop
      vertex -60.7725 -87.1589 2.86
      vertex -60.65 -87.3742 5.635
      vertex -60.4975 -87.299 5.635
    endloop
  endfacet
  facet normal -0.445447 0.890895 0.0887845
    outer loop
      vertex -60.65 -87.3742 5.635
      vertex -60.7725 -87.1589 2.86
      vertex -60.7739 -87.1596 2.86
    endloop
  endfacet
  facet normal 0.597624 0.796832 0.0889007
    outer loop
      vertex -59.059 -87.2712 2.86
      vertex -59.2086 -87.4686 5.635
      vertex -59.0578 -87.2721 2.86
    endloop
  endfacet
  facet normal 0.553052 0.828407 0.0887438
    outer loop
      vertex -59.2086 -87.4686 5.635
      vertex -59.059 -87.2712 2.86
      vertex -59.35 -87.3742 5.635
    endloop
  endfacet
  facet normal -0.065434 0.993902 0.0887528
    outer loop
      vertex -60 -86.9522 2.86
      vertex -60.2005 -86.9654 2.86
      vertex -60 -87.2 5.635
    endloop
  endfacet
  facet normal -0.993902 0.065434 0.0887528
    outer loop
      vertex -61.5346 -88.2995 2.86
      vertex -61.5478 -88.5 2.86
      vertex -61.3 -88.5 5.635
    endloop
  endfacet
  facet normal 0.32018 -0.943192 0.0887386
    outer loop
      vertex -59.5025 -89.701 5.635
      vertex -59.598 -89.9945 2.86
      vertex -59.4077 -89.9299 2.86
    endloop
  endfacet
  facet normal 0.94334 0.319734 0.0887696
    outer loop
      vertex -58.57 -87.9077 2.86
      vertex -58.799 -88.0025 5.635
      vertex -58.5055 -88.098 2.86
    endloop
  endfacet
  facet normal 0.94311 0.320423 0.0887216
    outer loop
      vertex -58.7443 -88.1635 5.635
      vertex -58.5055 -88.098 2.86
      vertex -58.799 -88.0025 5.635
    endloop
  endfacet
  facet normal 0.938036 0.335013 0.0886293
    outer loop
      vertex -58.5055 -88.098 2.86
      vertex -58.7443 -88.1635 5.635
      vertex -58.505 -88.0994 2.86
    endloop
  endfacet
  facet normal -0.737015 0.670013 0.0888329
    outer loop
      vertex -61.0954 -87.4067 2.86
      vertex -60.9192 -87.5808 5.635
      vertex -61.0944 -87.4056 2.86
    endloop
  endfacet
  facet normal -0.748517 0.657149 0.0887561
    outer loop
      vertex -60.9192 -87.5808 5.635
      vertex -61.0954 -87.4067 2.86
      vertex -61.0314 -87.7086 5.635
    endloop
  endfacet
  facet normal -0.440285 0.893462 0.0887396
    outer loop
      vertex -60.5923 -87.0701 2.86
      vertex -60.7725 -87.1589 2.86
      vertex -60.4975 -87.299 5.635
    endloop
  endfacet
  facet normal -0.976714 0.195343 0.0887173
    outer loop
      vertex -61.2889 -88.3303 5.635
      vertex -61.5342 -88.2965 2.86
      vertex -61.5345 -88.298 2.86
    endloop
  endfacet
  facet normal -0.976893 0.194442 0.0887222
    outer loop
      vertex -61.5342 -88.2965 2.86
      vertex -61.2889 -88.3303 5.635
      vertex -61.2557 -88.1635 5.635
    endloop
  endfacet
  facet normal 0.553197 0.828309 0.0887554
    outer loop
      vertex -59.2261 -87.1596 2.86
      vertex -59.35 -87.3742 5.635
      vertex -59.059 -87.2712 2.86
    endloop
  endfacet
  facet normal -0.828309 0.553197 0.0887554
    outer loop
      vertex -61.2288 -87.559 2.86
      vertex -61.3404 -87.7261 2.86
      vertex -61.1258 -87.85 5.635
    endloop
  endfacet
  facet normal 0.656715 -0.748903 0.0887178
    outer loop
      vertex -58.9067 -89.5954 2.86
      vertex -59.2086 -89.5314 5.635
      vertex -59.0578 -89.7279 2.86
    endloop
  endfacet
  facet normal 0.194294 0.976922 0.0887321
    outer loop
      vertex -59.5994 -87.005 2.86
      vertex -59.7965 -86.9658 2.86
      vertex -59.6635 -87.2443 5.635
    endloop
  endfacet
  facet normal -0.993849 0.0662566 0.0887314
    outer loop
      vertex -61.5346 -88.2995 2.86
      vertex -61.2889 -88.3303 5.635
      vertex -61.5345 -88.298 2.86
    endloop
  endfacet
  facet normal -0.993932 0.0650127 0.0887249
    outer loop
      vertex -61.2889 -88.3303 5.635
      vertex -61.5346 -88.2995 2.86
      vertex -61.3 -88.5 5.635
    endloop
  endfacet
  facet normal -0.0650127 0.993932 0.0887249
    outer loop
      vertex -60.2005 -86.9654 2.86
      vertex -60.1697 -87.2111 5.635
      vertex -60 -87.2 5.635
    endloop
  endfacet
  facet normal -0.0662566 0.993849 0.0887314
    outer loop
      vertex -60.1697 -87.2111 5.635
      vertex -60.2005 -86.9654 2.86
      vertex -60.202 -86.9655 2.86
    endloop
  endfacet
  facet normal -0.656715 -0.748903 0.0887178
    outer loop
      vertex -60.7914 -89.5314 5.635
      vertex -61.0933 -89.5954 2.86
      vertex -60.9422 -89.7279 2.86
    endloop
  endfacet
  facet normal -0.748903 0.656715 0.0887178
    outer loop
      vertex -61.0954 -87.4067 2.86
      vertex -61.2279 -87.5578 2.86
      vertex -61.0314 -87.7086 5.635
    endloop
  endfacet
  facet normal 0 0 1
    outer loop
      vertex -58.7111 -88.3303 5.635
      vertex -58.7111 -88.6697 5.635
      vertex -58.7 -88.5 5.635
    endloop
  endfacet
  facet normal 0 0 1
    outer loop
      vertex -58.7443 -88.1635 5.635
      vertex -58.7111 -88.6697 5.635
      vertex -58.7111 -88.3303 5.635
    endloop
  endfacet
  facet normal 0 0 1
    outer loop
      vertex -58.7443 -88.1635 5.635
      vertex -58.7443 -88.8365 5.635
      vertex -58.7111 -88.6697 5.635
    endloop
  endfacet
  facet normal 0 0 1
    outer loop
      vertex -58.799 -88.0025 5.635
      vertex -58.7443 -88.8365 5.635
      vertex -58.7443 -88.1635 5.635
    endloop
  endfacet
  facet normal 0 0 1
    outer loop
      vertex -58.799 -88.0025 5.635
      vertex -58.799 -88.9975 5.635
      vertex -58.7443 -88.8365 5.635
    endloop
  endfacet
  facet normal 0 0 1
    outer loop
      vertex -58.8742 -87.85 5.635
      vertex -58.799 -88.9975 5.635
      vertex -58.799 -88.0025 5.635
    endloop
  endfacet
  facet normal 0 0 1
    outer loop
      vertex -58.8742 -87.85 5.635
      vertex -58.8742 -89.15 5.635
      vertex -58.799 -88.9975 5.635
    endloop
  endfacet
  facet normal 0 0 1
    outer loop
      vertex -58.9686 -87.7086 5.635
      vertex -58.8742 -89.15 5.635
      vertex -58.8742 -87.85 5.635
    endloop
  endfacet
  facet normal 0 0 1
    outer loop
      vertex -58.9686 -87.7086 5.635
      vertex -58.9686 -89.2914 5.635
      vertex -58.8742 -89.15 5.635
    endloop
  endfacet
  facet normal 0 0 1
    outer loop
      vertex -59.0808 -87.5808 5.635
      vertex -58.9686 -89.2914 5.635
      vertex -58.9686 -87.7086 5.635
    endloop
  endfacet
  facet normal 0 0 1
    outer loop
      vertex -59.0808 -87.5808 5.635
      vertex -59.0808 -89.4192 5.635
      vertex -58.9686 -89.2914 5.635
    endloop
  endfacet
  facet normal 0 0 1
    outer loop
      vertex -59.2086 -87.4686 5.635
      vertex -59.0808 -89.4192 5.635
      vertex -59.0808 -87.5808 5.635
    endloop
  endfacet
  facet normal 0 0 1
    outer loop
      vertex -59.2086 -87.4686 5.635
      vertex -59.2086 -89.5314 5.635
      vertex -59.0808 -89.4192 5.635
    endloop
  endfacet
  facet normal 0 0 1
    outer loop
      vertex -59.35 -87.3742 5.635
      vertex -59.2086 -89.5314 5.635
      vertex -59.2086 -87.4686 5.635
    endloop
  endfacet
  facet normal 0 0 1
    outer loop
      vertex -59.35 -87.3742 5.635
      vertex -59.35 -89.6258 5.635
      vertex -59.2086 -89.5314 5.635
    endloop
  endfacet
  facet normal 0 0 1
    outer loop
      vertex -59.5025 -87.299 5.635
      vertex -59.35 -89.6258 5.635
      vertex -59.35 -87.3742 5.635
    endloop
  endfacet
  facet normal 0 0 1
    outer loop
      vertex -59.5025 -87.299 5.635
      vertex -59.5025 -89.701 5.635
      vertex -59.35 -89.6258 5.635
    endloop
  endfacet
  facet normal 0 0 1
    outer loop
      vertex -59.6635 -87.2443 5.635
      vertex -59.5025 -89.701 5.635
      vertex -59.5025 -87.299 5.635
    endloop
  endfacet
  facet normal 0 0 1
    outer loop
      vertex -59.6635 -87.2443 5.635
      vertex -59.6635 -89.7557 5.635
      vertex -59.5025 -89.701 5.635
    endloop
  endfacet
  facet normal 0 0 1
    outer loop
      vertex -59.8303 -87.2111 5.635
      vertex -59.6635 -89.7557 5.635
      vertex -59.6635 -87.2443 5.635
    endloop
  endfacet
  facet normal 0 0 1
    outer loop
      vertex -59.8303 -87.2111 5.635
      vertex -59.8303 -89.7889 5.635
      vertex -59.6635 -89.7557 5.635
    endloop
  endfacet
  facet normal 0 0 1
    outer loop
      vertex -60 -87.2 5.635
      vertex -59.8303 -89.7889 5.635
      vertex -59.8303 -87.2111 5.635
    endloop
  endfacet
  facet normal 0 0 1
    outer loop
      vertex -60 -87.2 5.635
      vertex -60 -89.8 5.635
      vertex -59.8303 -89.7889 5.635
    endloop
  endfacet
  facet normal -0 0 1
    outer loop
      vertex -60.1697 -87.2111 5.635
      vertex -60 -89.8 5.635
      vertex -60 -87.2 5.635
    endloop
  endfacet
  facet normal 0 0 1
    outer loop
      vertex -60.1697 -87.2111 5.635
      vertex -60.1697 -89.7889 5.635
      vertex -60 -89.8 5.635
    endloop
  endfacet
  facet normal -0 0 1
    outer loop
      vertex -60.3365 -87.2443 5.635
      vertex -60.1697 -89.7889 5.635
      vertex -60.1697 -87.2111 5.635
    endloop
  endfacet
  facet normal 0 0 1
    outer loop
      vertex -60.3365 -87.2443 5.635
      vertex -60.3365 -89.7557 5.635
      vertex -60.1697 -89.7889 5.635
    endloop
  endfacet
  facet normal -0 0 1
    outer loop
      vertex -60.4975 -87.299 5.635
      vertex -60.3365 -89.7557 5.635
      vertex -60.3365 -87.2443 5.635
    endloop
  endfacet
  facet normal 0 0 1
    outer loop
      vertex -60.4975 -87.299 5.635
      vertex -60.4975 -89.701 5.635
      vertex -60.3365 -89.7557 5.635
    endloop
  endfacet
  facet normal -0 0 1
    outer loop
      vertex -60.65 -87.3742 5.635
      vertex -60.4975 -89.701 5.635
      vertex -60.4975 -87.299 5.635
    endloop
  endfacet
  facet normal 0 0 1
    outer loop
      vertex -60.65 -87.3742 5.635
      vertex -60.65 -89.6258 5.635
      vertex -60.4975 -89.701 5.635
    endloop
  endfacet
  facet normal -0 0 1
    outer loop
      vertex -60.7914 -87.4686 5.635
      vertex -60.65 -89.6258 5.635
      vertex -60.65 -87.3742 5.635
    endloop
  endfacet
  facet normal 0 0 1
    outer loop
      vertex -60.7914 -87.4686 5.635
      vertex -60.7914 -89.5314 5.635
      vertex -60.65 -89.6258 5.635
    endloop
  endfacet
  facet normal -0 0 1
    outer loop
      vertex -60.9192 -87.5808 5.635
      vertex -60.7914 -89.5314 5.635
      vertex -60.7914 -87.4686 5.635
    endloop
  endfacet
  facet normal 0 0 1
    outer loop
      vertex -60.9192 -87.5808 5.635
      vertex -60.9192 -89.4192 5.635
      vertex -60.7914 -89.5314 5.635
    endloop
  endfacet
  facet normal -0 0 1
    outer loop
      vertex -61.0314 -87.7086 5.635
      vertex -60.9192 -89.4192 5.635
      vertex -60.9192 -87.5808 5.635
    endloop
  endfacet
  facet normal 0 0 1
    outer loop
      vertex -61.0314 -87.7086 5.635
      vertex -61.0314 -89.2914 5.635
      vertex -60.9192 -89.4192 5.635
    endloop
  endfacet
  facet normal -0 0 1
    outer loop
      vertex -61.1258 -87.85 5.635
      vertex -61.0314 -89.2914 5.635
      vertex -61.0314 -87.7086 5.635
    endloop
  endfacet
  facet normal 0 0 1
    outer loop
      vertex -61.1258 -87.85 5.635
      vertex -61.1258 -89.15 5.635
      vertex -61.0314 -89.2914 5.635
    endloop
  endfacet
  facet normal -0 0 1
    outer loop
      vertex -61.201 -88.0025 5.635
      vertex -61.1258 -89.15 5.635
      vertex -61.1258 -87.85 5.635
    endloop
  endfacet
  facet normal 0 0 1
    outer loop
      vertex -61.201 -88.0025 5.635
      vertex -61.201 -88.9975 5.635
      vertex -61.1258 -89.15 5.635
    endloop
  endfacet
  facet normal -0 0 1
    outer loop
      vertex -61.2557 -88.1635 5.635
      vertex -61.201 -88.9975 5.635
      vertex -61.201 -88.0025 5.635
    endloop
  endfacet
  facet normal 0 0 1
    outer loop
      vertex -61.2557 -88.1635 5.635
      vertex -61.2557 -88.8365 5.635
      vertex -61.201 -88.9975 5.635
    endloop
  endfacet
  facet normal -0 0 1
    outer loop
      vertex -61.2889 -88.3303 5.635
      vertex -61.2557 -88.8365 5.635
      vertex -61.2557 -88.1635 5.635
    endloop
  endfacet
  facet normal 0 0 1
    outer loop
      vertex -61.2889 -88.3303 5.635
      vertex -61.2889 -88.6697 5.635
      vertex -61.2557 -88.8365 5.635
    endloop
  endfacet
  facet normal 0 -0 1
    outer loop
      vertex -61.2889 -88.6697 5.635
      vertex -61.2889 -88.3303 5.635
      vertex -61.3 -88.5 5.635
    endloop
  endfacet
  facet normal 0.828309 -0.553197 0.0887554
    outer loop
      vertex -58.6596 -89.2739 2.86
      vertex -58.8742 -89.15 5.635
      vertex -58.7712 -89.441 2.86
    endloop
  endfacet
  facet normal -0.94334 -0.319734 0.0887696
    outer loop
      vertex -61.201 -88.9975 5.635
      vertex -61.4945 -88.902 2.86
      vertex -61.43 -89.0923 2.86
    endloop
  endfacet
  facet normal -0.32018 0.943192 0.0887386
    outer loop
      vertex -60.402 -87.0055 2.86
      vertex -60.5923 -87.0701 2.86
      vertex -60.4975 -87.299 5.635
    endloop
  endfacet
  facet normal 0.657149 -0.748517 0.0887561
    outer loop
      vertex -58.9067 -89.5954 2.86
      vertex -59.0808 -89.4192 5.635
      vertex -59.2086 -89.5314 5.635
    endloop
  endfacet
  facet normal 0.670013 -0.737015 0.0888329
    outer loop
      vertex -59.0808 -89.4192 5.635
      vertex -58.9067 -89.5954 2.86
      vertex -58.9056 -89.5944 2.86
    endloop
  endfacet
  facet normal -0.938036 0.335013 0.0886293
    outer loop
      vertex -61.2557 -88.1635 5.635
      vertex -61.4945 -88.098 2.86
      vertex -61.495 -88.0994 2.86
    endloop
  endfacet
  facet normal -0.94311 0.320423 0.0887216
    outer loop
      vertex -61.4945 -88.098 2.86
      vertex -61.2557 -88.1635 5.635
      vertex -61.201 -88.0025 5.635
    endloop
  endfacet
  facet normal 0.445447 0.890895 0.0887845
    outer loop
      vertex -59.2275 -87.1589 2.86
      vertex -59.35 -87.3742 5.635
      vertex -59.2261 -87.1596 2.86
    endloop
  endfacet
  facet normal 0.440521 0.893344 0.088757
    outer loop
      vertex -59.35 -87.3742 5.635
      vertex -59.2275 -87.1589 2.86
      vertex -59.5025 -87.299 5.635
    endloop
  endfacet
  facet normal 0.065434 0.993902 0.0887528
    outer loop
      vertex -60 -86.9522 2.86
      vertex -60 -87.2 5.635
      vertex -59.7995 -86.9654 2.86
    endloop
  endfacet
  facet normal -0.993902 -0.065434 0.0887528
    outer loop
      vertex -61.3 -88.5 5.635
      vertex -61.5478 -88.5 2.86
      vertex -61.5346 -88.7005 2.86
    endloop
  endfacet
  facet normal -0.976922 -0.194294 0.0887321
    outer loop
      vertex -61.2557 -88.8365 5.635
      vertex -61.5342 -88.7035 2.86
      vertex -61.495 -88.9006 2.86
    endloop
  endfacet
  facet normal -0.195343 0.976714 0.0887173
    outer loop
      vertex -60.2035 -86.9658 2.86
      vertex -60.1697 -87.2111 5.635
      vertex -60.202 -86.9655 2.86
    endloop
  endfacet
  facet normal -0.194442 0.976893 0.0887222
    outer loop
      vertex -60.1697 -87.2111 5.635
      vertex -60.2035 -86.9658 2.86
      vertex -60.3365 -87.2443 5.635
    endloop
  endfacet
  facet normal 0.748903 0.656715 0.0887178
    outer loop
      vertex -58.9046 -87.4067 2.86
      vertex -58.9686 -87.7086 5.635
      vertex -58.7721 -87.5578 2.86
    endloop
  endfacet
  facet normal -0.890895 0.445447 0.0887845
    outer loop
      vertex -61.3411 -87.7275 2.86
      vertex -61.1258 -87.85 5.635
      vertex -61.3404 -87.7261 2.86
    endloop
  endfacet
  facet normal -0.893344 0.440521 0.088757
    outer loop
      vertex -61.1258 -87.85 5.635
      vertex -61.3411 -87.7275 2.86
      vertex -61.201 -88.0025 5.635
    endloop
  endfacet
  facet normal -0.194294 0.976922 0.0887321
    outer loop
      vertex -60.2035 -86.9658 2.86
      vertex -60.4006 -87.005 2.86
      vertex -60.3365 -87.2443 5.635
    endloop
  endfacet
  facet normal 0.194442 0.976893 0.0887222
    outer loop
      vertex -59.7965 -86.9658 2.86
      vertex -59.8303 -87.2111 5.635
      vertex -59.6635 -87.2443 5.635
    endloop
  endfacet
  facet normal 0.195343 0.976714 0.0887173
    outer loop
      vertex -59.8303 -87.2111 5.635
      vertex -59.7965 -86.9658 2.86
      vertex -59.798 -86.9655 2.86
    endloop
  endfacet
  facet normal -0.893263 0.440683 0.088769
    outer loop
      vertex -61.3411 -87.7275 2.86
      vertex -61.43 -87.9077 2.86
      vertex -61.201 -88.0025 5.635
    endloop
  endfacet
  facet normal -0.94334 0.319734 0.0887696
    outer loop
      vertex -61.43 -87.9077 2.86
      vertex -61.4945 -88.098 2.86
      vertex -61.201 -88.0025 5.635
    endloop
  endfacet
  facet normal 0.737015 0.670013 0.0888329
    outer loop
      vertex -59.0808 -87.5808 5.635
      vertex -58.9046 -87.4067 2.86
      vertex -58.9056 -87.4056 2.86
    endloop
  endfacet
  facet normal 0.748517 0.657149 0.0887561
    outer loop
      vertex -58.9046 -87.4067 2.86
      vertex -59.0808 -87.5808 5.635
      vertex -58.9686 -87.7086 5.635
    endloop
  endfacet
  facet normal -0.656715 0.748903 0.0887178
    outer loop
      vertex -60.9422 -87.2721 2.86
      vertex -61.0933 -87.4046 2.86
      vertex -60.7914 -87.4686 5.635
    endloop
  endfacet
  facet normal 0.893344 -0.440521 0.088757
    outer loop
      vertex -58.8742 -89.15 5.635
      vertex -58.6589 -89.2725 2.86
      vertex -58.799 -88.9975 5.635
    endloop
  endfacet
  facet normal 0.890895 -0.445447 0.0887845
    outer loop
      vertex -58.6589 -89.2725 2.86
      vertex -58.8742 -89.15 5.635
      vertex -58.6596 -89.2739 2.86
    endloop
  endfacet
  facet normal 0.828407 -0.553052 0.0887438
    outer loop
      vertex -58.9686 -89.2914 5.635
      vertex -58.7712 -89.441 2.86
      vertex -58.8742 -89.15 5.635
    endloop
  endfacet
  facet normal 0.796832 -0.597624 0.0889007
    outer loop
      vertex -58.7712 -89.441 2.86
      vertex -58.9686 -89.2914 5.635
      vertex -58.7721 -89.4422 2.86
    endloop
  endfacet
  facet normal 0.890895 0.445447 0.0887845
    outer loop
      vertex -58.8742 -87.85 5.635
      vertex -58.6589 -87.7275 2.86
      vertex -58.6596 -87.7261 2.86
    endloop
  endfacet
  facet normal 0.893344 0.440521 0.088757
    outer loop
      vertex -58.6589 -87.7275 2.86
      vertex -58.8742 -87.85 5.635
      vertex -58.799 -88.0025 5.635
    endloop
  endfacet
  facet normal 0.976714 -0.195343 0.0887173
    outer loop
      vertex -58.7111 -88.6697 5.635
      vertex -58.4658 -88.7035 2.86
      vertex -58.4655 -88.702 2.86
    endloop
  endfacet
  facet normal 0.976893 -0.194442 0.0887222
    outer loop
      vertex -58.4658 -88.7035 2.86
      vertex -58.7111 -88.6697 5.635
      vertex -58.7443 -88.8365 5.635
    endloop
  endfacet
  facet normal -0.335013 0.938036 0.0886293
    outer loop
      vertex -60.402 -87.0055 2.86
      vertex -60.3365 -87.2443 5.635
      vertex -60.4006 -87.005 2.86
    endloop
  endfacet
  facet normal -0.320423 0.94311 0.0887216
    outer loop
      vertex -60.3365 -87.2443 5.635
      vertex -60.402 -87.0055 2.86
      vertex -60.4975 -87.299 5.635
    endloop
  endfacet
  facet normal -0.065434 -0.993902 0.0887528
    outer loop
      vertex -60 -89.8 5.635
      vertex -60.2005 -90.0346 2.86
      vertex -60 -90.0478 2.86
    endloop
  endfacet
  facet normal 0.938036 -0.335013 0.0886293
    outer loop
      vertex -58.7443 -88.8365 5.635
      vertex -58.5055 -88.902 2.86
      vertex -58.505 -88.9006 2.86
    endloop
  endfacet
  facet normal 0.94311 -0.320423 0.0887216
    outer loop
      vertex -58.5055 -88.902 2.86
      vertex -58.7443 -88.8365 5.635
      vertex -58.799 -88.9975 5.635
    endloop
  endfacet
  facet normal -0.553197 -0.828309 0.0887554
    outer loop
      vertex -60.65 -89.6258 5.635
      vertex -60.941 -89.7288 2.86
      vertex -60.7739 -89.8404 2.86
    endloop
  endfacet
  facet normal 0.440285 0.893462 0.0887396
    outer loop
      vertex -59.4077 -87.0701 2.86
      vertex -59.5025 -87.299 5.635
      vertex -59.2275 -87.1589 2.86
    endloop
  endfacet
  facet normal 0.748903 -0.656715 0.0887178
    outer loop
      vertex -58.7721 -89.4422 2.86
      vertex -58.9686 -89.2914 5.635
      vertex -58.9046 -89.5933 2.86
    endloop
  endfacet
  facet normal 0.670013 0.737015 0.0888329
    outer loop
      vertex -58.9067 -87.4046 2.86
      vertex -59.0808 -87.5808 5.635
      vertex -58.9056 -87.4056 2.86
    endloop
  endfacet
  facet normal 0.657149 0.748517 0.0887561
    outer loop
      vertex -59.0808 -87.5808 5.635
      vertex -58.9067 -87.4046 2.86
      vertex -59.2086 -87.4686 5.635
    endloop
  endfacet
  facet normal 0.976922 -0.194294 0.0887321
    outer loop
      vertex -58.4658 -88.7035 2.86
      vertex -58.7443 -88.8365 5.635
      vertex -58.505 -88.9006 2.86
    endloop
  endfacet
  facet normal -0.194442 -0.976893 0.0887222
    outer loop
      vertex -60.2035 -90.0342 2.86
      vertex -60.1697 -89.7889 5.635
      vertex -60.3365 -89.7557 5.635
    endloop
  endfacet
  facet normal -0.195343 -0.976714 0.0887173
    outer loop
      vertex -60.1697 -89.7889 5.635
      vertex -60.2035 -90.0342 2.86
      vertex -60.202 -90.0345 2.86
    endloop
  endfacet
  facet normal -0.938036 -0.335013 0.0886293
    outer loop
      vertex -61.4945 -88.902 2.86
      vertex -61.2557 -88.8365 5.635
      vertex -61.495 -88.9006 2.86
    endloop
  endfacet
  facet normal -0.94311 -0.320423 0.0887216
    outer loop
      vertex -61.2557 -88.8365 5.635
      vertex -61.4945 -88.902 2.86
      vertex -61.201 -88.9975 5.635
    endloop
  endfacet
  facet normal -0.828407 -0.553052 0.0887438
    outer loop
      vertex -61.2288 -89.441 2.86
      vertex -61.0314 -89.2914 5.635
      vertex -61.1258 -89.15 5.635
    endloop
  endfacet
  facet normal -0.796832 -0.597624 0.0889007
    outer loop
      vertex -61.0314 -89.2914 5.635
      vertex -61.2288 -89.441 2.86
      vertex -61.2279 -89.4422 2.86
    endloop
  endfacet
  facet normal 0.893263 -0.440683 0.088769
    outer loop
      vertex -58.57 -89.0923 2.86
      vertex -58.799 -88.9975 5.635
      vertex -58.6589 -89.2725 2.86
    endloop
  endfacet
  facet normal 0.893263 0.440683 0.088769
    outer loop
      vertex -58.6589 -87.7275 2.86
      vertex -58.799 -88.0025 5.635
      vertex -58.57 -87.9077 2.86
    endloop
  endfacet
  facet normal 0.748517 -0.657149 0.0887561
    outer loop
      vertex -59.0808 -89.4192 5.635
      vertex -58.9046 -89.5933 2.86
      vertex -58.9686 -89.2914 5.635
    endloop
  endfacet
  facet normal 0.737015 -0.670013 0.0888329
    outer loop
      vertex -58.9046 -89.5933 2.86
      vertex -59.0808 -89.4192 5.635
      vertex -58.9056 -89.5944 2.86
    endloop
  endfacet
  facet normal -0.194294 -0.976922 0.0887321
    outer loop
      vertex -60.3365 -89.7557 5.635
      vertex -60.4006 -89.995 2.86
      vertex -60.2035 -90.0342 2.86
    endloop
  endfacet
  facet normal 0.0650127 -0.993932 0.0887249
    outer loop
      vertex -59.7995 -90.0346 2.86
      vertex -59.8303 -89.7889 5.635
      vertex -60 -89.8 5.635
    endloop
  endfacet
  facet normal 0.0662566 -0.993849 0.0887314
    outer loop
      vertex -59.8303 -89.7889 5.635
      vertex -59.7995 -90.0346 2.86
      vertex -59.798 -90.0345 2.86
    endloop
  endfacet
  facet normal -0.748517 -0.657149 0.0887561
    outer loop
      vertex -61.0954 -89.5933 2.86
      vertex -60.9192 -89.4192 5.635
      vertex -61.0314 -89.2914 5.635
    endloop
  endfacet
  facet normal -0.737015 -0.670013 0.0888329
    outer loop
      vertex -60.9192 -89.4192 5.635
      vertex -61.0954 -89.5933 2.86
      vertex -61.0944 -89.5944 2.86
    endloop
  endfacet
  facet normal -0.976714 -0.195343 0.0887173
    outer loop
      vertex -61.5342 -88.7035 2.86
      vertex -61.2889 -88.6697 5.635
      vertex -61.5345 -88.702 2.86
    endloop
  endfacet
  facet normal -0.976893 -0.194442 0.0887222
    outer loop
      vertex -61.2889 -88.6697 5.635
      vertex -61.5342 -88.7035 2.86
      vertex -61.2557 -88.8365 5.635
    endloop
  endfacet
  facet normal -0.993932 -0.0650127 0.0887249
    outer loop
      vertex -61.5346 -88.7005 2.86
      vertex -61.2889 -88.6697 5.635
      vertex -61.3 -88.5 5.635
    endloop
  endfacet
  facet normal -0.993849 -0.0662566 0.0887314
    outer loop
      vertex -61.2889 -88.6697 5.635
      vertex -61.5346 -88.7005 2.86
      vertex -61.5345 -88.702 2.86
    endloop
  endfacet
  facet normal 0.320423 0.94311 0.0887216
    outer loop
      vertex -59.598 -87.0055 2.86
      vertex -59.6635 -87.2443 5.635
      vertex -59.5025 -87.299 5.635
    endloop
  endfacet
  facet normal 0.335013 0.938036 0.0886293
    outer loop
      vertex -59.6635 -87.2443 5.635
      vertex -59.598 -87.0055 2.86
      vertex -59.5994 -87.005 2.86
    endloop
  endfacet
  facet normal -0.440285 -0.893462 0.0887396
    outer loop
      vertex -60.4975 -89.701 5.635
      vertex -60.7725 -89.8411 2.86
      vertex -60.5923 -89.9299 2.86
    endloop
  endfacet
  facet normal -0.657149 0.748517 0.0887561
    outer loop
      vertex -61.0933 -87.4046 2.86
      vertex -60.9192 -87.5808 5.635
      vertex -60.7914 -87.4686 5.635
    endloop
  endfacet
  facet normal -0.670013 0.737015 0.0888329
    outer loop
      vertex -60.9192 -87.5808 5.635
      vertex -61.0933 -87.4046 2.86
      vertex -61.0944 -87.4056 2.86
    endloop
  endfacet
  facet normal -0.553197 0.828309 0.0887554
    outer loop
      vertex -60.7739 -87.1596 2.86
      vertex -60.941 -87.2712 2.86
      vertex -60.65 -87.3742 5.635
    endloop
  endfacet
  facet normal -0.553052 0.828407 0.0887438
    outer loop
      vertex -60.941 -87.2712 2.86
      vertex -60.7914 -87.4686 5.635
      vertex -60.65 -87.3742 5.635
    endloop
  endfacet
  facet normal -0.597624 0.796832 0.0889007
    outer loop
      vertex -60.7914 -87.4686 5.635
      vertex -60.941 -87.2712 2.86
      vertex -60.9422 -87.2721 2.86
    endloop
  endfacet
  facet normal 0.553197 -0.828309 0.0887554
    outer loop
      vertex -59.059 -89.7288 2.86
      vertex -59.35 -89.6258 5.635
      vertex -59.2261 -89.8404 2.86
    endloop
  endfacet
  facet normal 0.993849 0.0662566 0.0887314
    outer loop
      vertex -58.7111 -88.3303 5.635
      vertex -58.4654 -88.2995 2.86
      vertex -58.4655 -88.298 2.86
    endloop
  endfacet
  facet normal 0.993932 0.0650127 0.0887249
    outer loop
      vertex -58.4654 -88.2995 2.86
      vertex -58.7111 -88.3303 5.635
      vertex -58.7 -88.5 5.635
    endloop
  endfacet
  facet normal -0.0662566 -0.993849 0.0887314
    outer loop
      vertex -60.2005 -90.0346 2.86
      vertex -60.1697 -89.7889 5.635
      vertex -60.202 -90.0345 2.86
    endloop
  endfacet
  facet normal -0.0650127 -0.993932 0.0887249
    outer loop
      vertex -60.1697 -89.7889 5.635
      vertex -60.2005 -90.0346 2.86
      vertex -60 -89.8 5.635
    endloop
  endfacet
  facet normal 0.440521 -0.893344 0.088757
    outer loop
      vertex -59.2275 -89.8411 2.86
      vertex -59.35 -89.6258 5.635
      vertex -59.5025 -89.701 5.635
    endloop
  endfacet
  facet normal 0.445447 -0.890895 0.0887845
    outer loop
      vertex -59.35 -89.6258 5.635
      vertex -59.2275 -89.8411 2.86
      vertex -59.2261 -89.8404 2.86
    endloop
  endfacet
  facet normal 0.335013 -0.938036 0.0886293
    outer loop
      vertex -59.598 -89.9945 2.86
      vertex -59.6635 -89.7557 5.635
      vertex -59.5994 -89.995 2.86
    endloop
  endfacet
  facet normal 0.320423 -0.94311 0.0887216
    outer loop
      vertex -59.6635 -89.7557 5.635
      vertex -59.598 -89.9945 2.86
      vertex -59.5025 -89.701 5.635
    endloop
  endfacet
  facet normal 0.195343 -0.976714 0.0887173
    outer loop
      vertex -59.7965 -90.0342 2.86
      vertex -59.8303 -89.7889 5.635
      vertex -59.798 -90.0345 2.86
    endloop
  endfacet
  facet normal 0.194442 -0.976893 0.0887222
    outer loop
      vertex -59.8303 -89.7889 5.635
      vertex -59.7965 -90.0342 2.86
      vertex -59.6635 -89.7557 5.635
    endloop
  endfacet
  facet normal -0.32018 -0.943192 0.0887386
    outer loop
      vertex -60.4975 -89.701 5.635
      vertex -60.5923 -89.9299 2.86
      vertex -60.402 -89.9945 2.86
    endloop
  endfacet
  facet normal -0.597624 -0.796832 0.0889007
    outer loop
      vertex -60.941 -89.7288 2.86
      vertex -60.7914 -89.5314 5.635
      vertex -60.9422 -89.7279 2.86
    endloop
  endfacet
  facet normal -0.553052 -0.828407 0.0887438
    outer loop
      vertex -60.7914 -89.5314 5.635
      vertex -60.941 -89.7288 2.86
      vertex -60.65 -89.6258 5.635
    endloop
  endfacet
  facet normal -0.670013 -0.737015 0.0888329
    outer loop
      vertex -61.0933 -89.5954 2.86
      vertex -60.9192 -89.4192 5.635
      vertex -61.0944 -89.5944 2.86
    endloop
  endfacet
  facet normal -0.657149 -0.748517 0.0887561
    outer loop
      vertex -60.9192 -89.4192 5.635
      vertex -61.0933 -89.5954 2.86
      vertex -60.7914 -89.5314 5.635
    endloop
  endfacet
  facet normal -0.445447 -0.890895 0.0887845
    outer loop
      vertex -60.7725 -89.8411 2.86
      vertex -60.65 -89.6258 5.635
      vertex -60.7739 -89.8404 2.86
    endloop
  endfacet
  facet normal -0.440521 -0.893344 0.088757
    outer loop
      vertex -60.65 -89.6258 5.635
      vertex -60.7725 -89.8411 2.86
      vertex -60.4975 -89.701 5.635
    endloop
  endfacet
  facet normal -0.893344 -0.440521 0.088757
    outer loop
      vertex -61.3411 -89.2725 2.86
      vertex -61.1258 -89.15 5.635
      vertex -61.201 -88.9975 5.635
    endloop
  endfacet
  facet normal -0.890895 -0.445447 0.0887845
    outer loop
      vertex -61.1258 -89.15 5.635
      vertex -61.3411 -89.2725 2.86
      vertex -61.3404 -89.2739 2.86
    endloop
  endfacet
  facet normal -0.828309 -0.553197 0.0887554
    outer loop
      vertex -61.1258 -89.15 5.635
      vertex -61.3404 -89.2739 2.86
      vertex -61.2288 -89.441 2.86
    endloop
  endfacet
  facet normal 0.980815 0.19494 0
    outer loop
      vertex -57.0257 88.8916 2.86
      vertex -57.1022 89.2765 1.8
      vertex -57.1022 89.2765 2.86
    endloop
  endfacet
  facet normal 0.980815 0.19494 0
    outer loop
      vertex -57.1022 89.2765 1.8
      vertex -57.0257 88.8916 2.86
      vertex -57.0257 88.8916 1.8
    endloop
  endfacet
  facet normal 0.997853 0.0654873 0
    outer loop
      vertex -57 88.5 2.86
      vertex -57.0257 88.8916 1.8
      vertex -57.0257 88.8916 2.86
    endloop
  endfacet
  facet normal 0.997853 0.0654873 0
    outer loop
      vertex -57.0257 88.8916 1.8
      vertex -57 88.5 2.86
      vertex -57 88.5 1.8
    endloop
  endfacet
  facet normal -0.896961 0.44211 0
    outer loop
      vertex -62.7716 89.648 1.8
      vertex -62.5981 90 2.86
      vertex -62.5981 90 1.8
    endloop
  endfacet
  facet normal -0.896961 0.44211 0
    outer loop
      vertex -62.5981 90 2.86
      vertex -62.7716 89.648 1.8
      vertex -62.7716 89.648 2.86
    endloop
  endfacet
  facet normal 0.751724 -0.659478 0
    outer loop
      vertex -57.8787 86.3787 2.86
      vertex -57.6199 86.6737 1.8
      vertex -57.6199 86.6737 2.86
    endloop
  endfacet
  facet normal 0.751724 -0.659478 0
    outer loop
      vertex -57.6199 86.6737 1.8
      vertex -57.8787 86.3787 2.86
      vertex -57.8787 86.3787 1.8
    endloop
  endfacet
  facet normal -0.751724 0.659478 0
    outer loop
      vertex -62.3801 90.3263 1.8
      vertex -62.1213 90.6213 2.86
      vertex -62.1213 90.6213 1.8
    endloop
  endfacet
  facet normal -0.751724 0.659478 0
    outer loop
      vertex -62.1213 90.6213 2.86
      vertex -62.3801 90.3263 1.8
      vertex -62.3801 90.3263 2.86
    endloop
  endfacet
  facet normal -0.321651 0.946858 0
    outer loop
      vertex -60.7765 91.3978 1.8
      vertex -61.148 91.2716 2.86
      vertex -60.7765 91.3978 2.86
    endloop
  endfacet
  facet normal -0.321651 0.946858 0
    outer loop
      vertex -61.148 91.2716 2.86
      vertex -60.7765 91.3978 1.8
      vertex -61.148 91.2716 1.8
    endloop
  endfacet
  facet normal 0.659478 0.751724 -0
    outer loop
      vertex -57.8787 90.6213 1.8
      vertex -58.1737 90.8801 2.86
      vertex -57.8787 90.6213 2.86
    endloop
  endfacet
  facet normal 0.659478 0.751724 0
    outer loop
      vertex -58.1737 90.8801 2.86
      vertex -57.8787 90.6213 1.8
      vertex -58.1737 90.8801 1.8
    endloop
  endfacet
  facet normal 0.44211 -0.896961 0
    outer loop
      vertex -58.852 85.7284 1.8
      vertex -58.5 85.9019 2.86
      vertex -58.852 85.7284 2.86
    endloop
  endfacet
  facet normal 0.44211 -0.896961 0
    outer loop
      vertex -58.5 85.9019 2.86
      vertex -58.852 85.7284 1.8
      vertex -58.5 85.9019 1.8
    endloop
  endfacet
  facet normal 0.896961 -0.44211 0
    outer loop
      vertex -57.4019 87 2.86
      vertex -57.2284 87.352 1.8
      vertex -57.2284 87.352 2.86
    endloop
  endfacet
  facet normal 0.896961 -0.44211 0
    outer loop
      vertex -57.2284 87.352 1.8
      vertex -57.4019 87 2.86
      vertex -57.4019 87 1.8
    endloop
  endfacet
  facet normal -0.997853 0.0654873 0
    outer loop
      vertex -63 88.5 1.8
      vertex -62.9743 88.8916 2.86
      vertex -62.9743 88.8916 1.8
    endloop
  endfacet
  facet normal -0.997853 0.0654873 0
    outer loop
      vertex -62.9743 88.8916 2.86
      vertex -63 88.5 1.8
      vertex -63 88.5 2.86
    endloop
  endfacet
  facet normal 0.946858 -0.321651 0
    outer loop
      vertex -57.2284 87.352 2.86
      vertex -57.1022 87.7235 1.8
      vertex -57.1022 87.7235 2.86
    endloop
  endfacet
  facet normal 0.946858 -0.321651 0
    outer loop
      vertex -57.1022 87.7235 1.8
      vertex -57.2284 87.352 2.86
      vertex -57.2284 87.352 1.8
    endloop
  endfacet
  facet normal -0.659478 0.751724 0
    outer loop
      vertex -61.8263 90.8801 1.8
      vertex -62.1213 90.6213 2.86
      vertex -61.8263 90.8801 2.86
    endloop
  endfacet
  facet normal -0.659478 0.751724 0
    outer loop
      vertex -62.1213 90.6213 2.86
      vertex -61.8263 90.8801 1.8
      vertex -62.1213 90.6213 1.8
    endloop
  endfacet
  facet normal 0.321651 -0.946858 0
    outer loop
      vertex -59.2235 85.6022 1.8
      vertex -58.852 85.7284 2.86
      vertex -59.2235 85.6022 2.86
    endloop
  endfacet
  facet normal 0.321651 -0.946858 0
    outer loop
      vertex -58.852 85.7284 2.86
      vertex -59.2235 85.6022 1.8
      vertex -58.852 85.7284 1.8
    endloop
  endfacet
  facet normal -0.0654873 -0.997853 0
    outer loop
      vertex -60.3916 85.5257 1.8
      vertex -60 85.5 2.86
      vertex -60.3916 85.5257 2.86
    endloop
  endfacet
  facet normal -0.0654873 -0.997853 -0
    outer loop
      vertex -60 85.5 2.86
      vertex -60.3916 85.5257 1.8
      vertex -60 85.5 1.8
    endloop
  endfacet
  facet normal 0.896961 0.44211 0
    outer loop
      vertex -57.2284 89.648 2.86
      vertex -57.4019 90 1.8
      vertex -57.4019 90 2.86
    endloop
  endfacet
  facet normal 0.896961 0.44211 0
    outer loop
      vertex -57.4019 90 1.8
      vertex -57.2284 89.648 2.86
      vertex -57.2284 89.648 1.8
    endloop
  endfacet
  facet normal -0.946858 -0.321651 0
    outer loop
      vertex -62.7716 87.352 1.8
      vertex -62.8978 87.7235 2.86
      vertex -62.8978 87.7235 1.8
    endloop
  endfacet
  facet normal -0.946858 -0.321651 0
    outer loop
      vertex -62.8978 87.7235 2.86
      vertex -62.7716 87.352 1.8
      vertex -62.7716 87.352 2.86
    endloop
  endfacet
  facet normal 0.997853 -0.0654873 0
    outer loop
      vertex -57.0257 88.1084 2.86
      vertex -57 88.5 1.8
      vertex -57 88.5 2.86
    endloop
  endfacet
  facet normal 0.997853 -0.0654873 0
    outer loop
      vertex -57 88.5 1.8
      vertex -57.0257 88.1084 2.86
      vertex -57.0257 88.1084 1.8
    endloop
  endfacet
  facet normal 0.44211 0.896961 -0
    outer loop
      vertex -58.5 91.0981 1.8
      vertex -58.852 91.2716 2.86
      vertex -58.5 91.0981 2.86
    endloop
  endfacet
  facet normal 0.44211 0.896961 0
    outer loop
      vertex -58.852 91.2716 2.86
      vertex -58.5 91.0981 1.8
      vertex -58.852 91.2716 1.8
    endloop
  endfacet
  facet normal -0.980815 -0.19494 0
    outer loop
      vertex -62.8978 87.7235 1.8
      vertex -62.9743 88.1084 2.86
      vertex -62.9743 88.1084 1.8
    endloop
  endfacet
  facet normal -0.980815 -0.19494 0
    outer loop
      vertex -62.9743 88.1084 2.86
      vertex -62.8978 87.7235 1.8
      vertex -62.8978 87.7235 2.86
    endloop
  endfacet
  facet normal 0.751724 0.659478 0
    outer loop
      vertex -57.6199 90.3263 2.86
      vertex -57.8787 90.6213 1.8
      vertex -57.8787 90.6213 2.86
    endloop
  endfacet
  facet normal 0.751724 0.659478 0
    outer loop
      vertex -57.8787 90.6213 1.8
      vertex -57.6199 90.3263 2.86
      vertex -57.6199 90.3263 1.8
    endloop
  endfacet
  facet normal 0.831501 0.555523 0
    outer loop
      vertex -57.4019 90 2.86
      vertex -57.6199 90.3263 1.8
      vertex -57.6199 90.3263 2.86
    endloop
  endfacet
  facet normal 0.831501 0.555523 0
    outer loop
      vertex -57.6199 90.3263 1.8
      vertex -57.4019 90 2.86
      vertex -57.4019 90 1.8
    endloop
  endfacet
  facet normal 0.555523 0.831501 -0
    outer loop
      vertex -58.1737 90.8801 1.8
      vertex -58.5 91.0981 2.86
      vertex -58.1737 90.8801 2.86
    endloop
  endfacet
  facet normal 0.555523 0.831501 0
    outer loop
      vertex -58.5 91.0981 2.86
      vertex -58.1737 90.8801 1.8
      vertex -58.5 91.0981 1.8
    endloop
  endfacet
  facet normal 0.659478 -0.751724 0
    outer loop
      vertex -58.1737 86.1199 1.8
      vertex -57.8787 86.3787 2.86
      vertex -58.1737 86.1199 2.86
    endloop
  endfacet
  facet normal 0.659478 -0.751724 0
    outer loop
      vertex -57.8787 86.3787 2.86
      vertex -58.1737 86.1199 1.8
      vertex -57.8787 86.3787 1.8
    endloop
  endfacet
  facet normal -0.321651 -0.946858 0
    outer loop
      vertex -61.148 85.7284 1.8
      vertex -60.7765 85.6022 2.86
      vertex -61.148 85.7284 2.86
    endloop
  endfacet
  facet normal -0.321651 -0.946858 -0
    outer loop
      vertex -60.7765 85.6022 2.86
      vertex -61.148 85.7284 1.8
      vertex -60.7765 85.6022 1.8
    endloop
  endfacet
  facet normal -0.44211 -0.896961 0
    outer loop
      vertex -61.5 85.9019 1.8
      vertex -61.148 85.7284 2.86
      vertex -61.5 85.9019 2.86
    endloop
  endfacet
  facet normal -0.44211 -0.896961 -0
    outer loop
      vertex -61.148 85.7284 2.86
      vertex -61.5 85.9019 1.8
      vertex -61.148 85.7284 1.8
    endloop
  endfacet
  facet normal -0.997853 -0.0654873 0
    outer loop
      vertex -62.9743 88.1084 1.8
      vertex -63 88.5 2.86
      vertex -63 88.5 1.8
    endloop
  endfacet
  facet normal -0.997853 -0.0654873 0
    outer loop
      vertex -63 88.5 2.86
      vertex -62.9743 88.1084 1.8
      vertex -62.9743 88.1084 2.86
    endloop
  endfacet
  facet normal -0.44211 0.896961 0
    outer loop
      vertex -61.148 91.2716 1.8
      vertex -61.5 91.0981 2.86
      vertex -61.148 91.2716 2.86
    endloop
  endfacet
  facet normal -0.44211 0.896961 0
    outer loop
      vertex -61.5 91.0981 2.86
      vertex -61.148 91.2716 1.8
      vertex -61.5 91.0981 1.8
    endloop
  endfacet
  facet normal -0.0654873 0.997853 0
    outer loop
      vertex -60 91.5 1.8
      vertex -60.3916 91.4743 2.86
      vertex -60 91.5 2.86
    endloop
  endfacet
  facet normal -0.0654873 0.997853 0
    outer loop
      vertex -60.3916 91.4743 2.86
      vertex -60 91.5 1.8
      vertex -60.3916 91.4743 1.8
    endloop
  endfacet
  facet normal -0.980815 0.19494 0
    outer loop
      vertex -62.9743 88.8916 1.8
      vertex -62.8978 89.2765 2.86
      vertex -62.8978 89.2765 1.8
    endloop
  endfacet
  facet normal -0.980815 0.19494 0
    outer loop
      vertex -62.8978 89.2765 2.86
      vertex -62.9743 88.8916 1.8
      vertex -62.9743 88.8916 2.86
    endloop
  endfacet
  facet normal -0.831501 0.555523 0
    outer loop
      vertex -62.5981 90 1.8
      vertex -62.3801 90.3263 2.86
      vertex -62.3801 90.3263 1.8
    endloop
  endfacet
  facet normal -0.831501 0.555523 0
    outer loop
      vertex -62.3801 90.3263 2.86
      vertex -62.5981 90 1.8
      vertex -62.5981 90 2.86
    endloop
  endfacet
  facet normal 0 0 1
    outer loop
      vertex -58.4522 88.5 2.86
      vertex -57 88.5 2.86
      vertex -57.0257 88.8916 2.86
    endloop
  endfacet
  facet normal 0 0 1
    outer loop
      vertex -58.4658 88.7035 2.86
      vertex -57.0257 88.8916 2.86
      vertex -57.1022 89.2765 2.86
    endloop
  endfacet
  facet normal 0 0 1
    outer loop
      vertex -57 88.5 2.86
      vertex -58.4522 88.5 2.86
      vertex -57.0257 88.1084 2.86
    endloop
  endfacet
  facet normal 0 0 1
    outer loop
      vertex -58.5055 88.902 2.86
      vertex -57.1022 89.2765 2.86
      vertex -57.2284 89.648 2.86
    endloop
  endfacet
  facet normal -0 0 1
    outer loop
      vertex -58.4654 88.2995 2.86
      vertex -57.0257 88.1084 2.86
      vertex -58.4522 88.5 2.86
    endloop
  endfacet
  facet normal 0 0 1
    outer loop
      vertex -58.57 89.0923 2.86
      vertex -57.2284 89.648 2.86
      vertex -57.4019 90 2.86
    endloop
  endfacet
  facet normal -0 0 1
    outer loop
      vertex -58.4655 88.298 2.86
      vertex -57.0257 88.1084 2.86
      vertex -58.4654 88.2995 2.86
    endloop
  endfacet
  facet normal 0 0 1
    outer loop
      vertex -58.6596 89.2739 2.86
      vertex -57.4019 90 2.86
      vertex -57.6199 90.3263 2.86
    endloop
  endfacet
  facet normal -0 0 1
    outer loop
      vertex -58.4658 88.2965 2.86
      vertex -57.0257 88.1084 2.86
      vertex -58.4655 88.298 2.86
    endloop
  endfacet
  facet normal 0 0 1
    outer loop
      vertex -58.7721 89.4422 2.86
      vertex -57.6199 90.3263 2.86
      vertex -57.8787 90.6213 2.86
    endloop
  endfacet
  facet normal 0 0 1
    outer loop
      vertex -57.0257 88.1084 2.86
      vertex -58.4658 88.2965 2.86
      vertex -57.1022 87.7235 2.86
    endloop
  endfacet
  facet normal 0 0 1
    outer loop
      vertex -58.9067 89.5954 2.86
      vertex -57.8787 90.6213 2.86
      vertex -58.1737 90.8801 2.86
    endloop
  endfacet
  facet normal -0 0 1
    outer loop
      vertex -58.505 88.0994 2.86
      vertex -57.1022 87.7235 2.86
      vertex -58.4658 88.2965 2.86
    endloop
  endfacet
  facet normal -0 0 1
    outer loop
      vertex -58.5055 88.098 2.86
      vertex -57.1022 87.7235 2.86
      vertex -58.505 88.0994 2.86
    endloop
  endfacet
  facet normal 0 0 1
    outer loop
      vertex -57.0257 88.8916 2.86
      vertex -58.4654 88.7005 2.86
      vertex -58.4522 88.5 2.86
    endloop
  endfacet
  facet normal 0 0 1
    outer loop
      vertex -57.0257 88.8916 2.86
      vertex -58.4655 88.702 2.86
      vertex -58.4654 88.7005 2.86
    endloop
  endfacet
  facet normal 0 0 1
    outer loop
      vertex -57.0257 88.8916 2.86
      vertex -58.4658 88.7035 2.86
      vertex -58.4655 88.702 2.86
    endloop
  endfacet
  facet normal 0 0 1
    outer loop
      vertex -59.059 89.7288 2.86
      vertex -58.1737 90.8801 2.86
      vertex -58.5 91.0981 2.86
    endloop
  endfacet
  facet normal 0 0 1
    outer loop
      vertex -57.1022 89.2765 2.86
      vertex -58.505 88.9006 2.86
      vertex -58.4658 88.7035 2.86
    endloop
  endfacet
  facet normal 0 0 1
    outer loop
      vertex -57.1022 89.2765 2.86
      vertex -58.5055 88.902 2.86
      vertex -58.505 88.9006 2.86
    endloop
  endfacet
  facet normal 0 0 1
    outer loop
      vertex -57.2284 89.648 2.86
      vertex -58.57 89.0923 2.86
      vertex -58.5055 88.902 2.86
    endloop
  endfacet
  facet normal 0 0 1
    outer loop
      vertex -57.4019 90 2.86
      vertex -58.6589 89.2725 2.86
      vertex -58.57 89.0923 2.86
    endloop
  endfacet
  facet normal 0 0 1
    outer loop
      vertex -57.4019 90 2.86
      vertex -58.6596 89.2739 2.86
      vertex -58.6589 89.2725 2.86
    endloop
  endfacet
  facet normal 0 0 1
    outer loop
      vertex -57.6199 90.3263 2.86
      vertex -58.7712 89.441 2.86
      vertex -58.6596 89.2739 2.86
    endloop
  endfacet
  facet normal 0 0 1
    outer loop
      vertex -57.6199 90.3263 2.86
      vertex -58.7721 89.4422 2.86
      vertex -58.7712 89.441 2.86
    endloop
  endfacet
  facet normal 0 0 1
    outer loop
      vertex -59.2275 89.8411 2.86
      vertex -58.5 91.0981 2.86
      vertex -58.852 91.2716 2.86
    endloop
  endfacet
  facet normal 0 0 1
    outer loop
      vertex -57.8787 90.6213 2.86
      vertex -58.9046 89.5933 2.86
      vertex -58.7721 89.4422 2.86
    endloop
  endfacet
  facet normal 0 0 1
    outer loop
      vertex -57.8787 90.6213 2.86
      vertex -58.9056 89.5944 2.86
      vertex -58.9046 89.5933 2.86
    endloop
  endfacet
  facet normal 0 0 1
    outer loop
      vertex -57.8787 90.6213 2.86
      vertex -58.9067 89.5954 2.86
      vertex -58.9056 89.5944 2.86
    endloop
  endfacet
  facet normal 0 0 1
    outer loop
      vertex -58.1737 90.8801 2.86
      vertex -59.0578 89.7279 2.86
      vertex -58.9067 89.5954 2.86
    endloop
  endfacet
  facet normal 0 0 1
    outer loop
      vertex -58.1737 90.8801 2.86
      vertex -59.059 89.7288 2.86
      vertex -59.0578 89.7279 2.86
    endloop
  endfacet
  facet normal 0 0 1
    outer loop
      vertex -59.4077 89.9299 2.86
      vertex -58.852 91.2716 2.86
      vertex -59.2235 91.3978 2.86
    endloop
  endfacet
  facet normal 0 0 1
    outer loop
      vertex -58.5 91.0981 2.86
      vertex -59.2261 89.8404 2.86
      vertex -59.059 89.7288 2.86
    endloop
  endfacet
  facet normal 0 0 1
    outer loop
      vertex -58.5 91.0981 2.86
      vertex -59.2275 89.8411 2.86
      vertex -59.2261 89.8404 2.86
    endloop
  endfacet
  facet normal 0 0 1
    outer loop
      vertex -58.852 91.2716 2.86
      vertex -59.4077 89.9299 2.86
      vertex -59.2275 89.8411 2.86
    endloop
  endfacet
  facet normal 0 0 1
    outer loop
      vertex -59.2235 91.3978 2.86
      vertex -59.598 89.9945 2.86
      vertex -59.4077 89.9299 2.86
    endloop
  endfacet
  facet normal 0 0 1
    outer loop
      vertex -59.2235 91.3978 2.86
      vertex -59.5994 89.995 2.86
      vertex -59.598 89.9945 2.86
    endloop
  endfacet
  facet normal 0 0 1
    outer loop
      vertex -59.6084 91.4743 2.86
      vertex -59.5994 89.995 2.86
      vertex -59.2235 91.3978 2.86
    endloop
  endfacet
  facet normal 0 0 1
    outer loop
      vertex -59.6084 91.4743 2.86
      vertex -59.7965 90.0342 2.86
      vertex -59.5994 89.995 2.86
    endloop
  endfacet
  facet normal 0 0 1
    outer loop
      vertex -59.6084 91.4743 2.86
      vertex -59.798 90.0345 2.86
      vertex -59.7965 90.0342 2.86
    endloop
  endfacet
  facet normal 0 0 1
    outer loop
      vertex -59.6084 91.4743 2.86
      vertex -59.7995 90.0346 2.86
      vertex -59.798 90.0345 2.86
    endloop
  endfacet
  facet normal 0 0 1
    outer loop
      vertex -60 91.5 2.86
      vertex -59.7995 90.0346 2.86
      vertex -59.6084 91.4743 2.86
    endloop
  endfacet
  facet normal 0 0 1
    outer loop
      vertex -60 91.5 2.86
      vertex -60 90.0478 2.86
      vertex -59.7995 90.0346 2.86
    endloop
  endfacet
  facet normal 0 0 1
    outer loop
      vertex -60 91.5 2.86
      vertex -60.2005 90.0346 2.86
      vertex -60 90.0478 2.86
    endloop
  endfacet
  facet normal -0 0 1
    outer loop
      vertex -60.3916 91.4743 2.86
      vertex -60.2005 90.0346 2.86
      vertex -60 91.5 2.86
    endloop
  endfacet
  facet normal 0 0 1
    outer loop
      vertex -60.2005 90.0346 2.86
      vertex -60.3916 91.4743 2.86
      vertex -60.202 90.0345 2.86
    endloop
  endfacet
  facet normal 0 0 1
    outer loop
      vertex -60.202 90.0345 2.86
      vertex -60.3916 91.4743 2.86
      vertex -60.2035 90.0342 2.86
    endloop
  endfacet
  facet normal 0 0 1
    outer loop
      vertex -60.3916 91.4743 2.86
      vertex -60.4006 89.995 2.86
      vertex -60.2035 90.0342 2.86
    endloop
  endfacet
  facet normal -0 0 1
    outer loop
      vertex -60.7765 91.3978 2.86
      vertex -60.4006 89.995 2.86
      vertex -60.3916 91.4743 2.86
    endloop
  endfacet
  facet normal 0 0 1
    outer loop
      vertex -60.4006 89.995 2.86
      vertex -60.7765 91.3978 2.86
      vertex -60.402 89.9945 2.86
    endloop
  endfacet
  facet normal 0 0 1
    outer loop
      vertex -60.402 89.9945 2.86
      vertex -60.7765 91.3978 2.86
      vertex -60.5923 89.9299 2.86
    endloop
  endfacet
  facet normal -0 0 1
    outer loop
      vertex -61.148 91.2716 2.86
      vertex -60.5923 89.9299 2.86
      vertex -60.7765 91.3978 2.86
    endloop
  endfacet
  facet normal 0 0 1
    outer loop
      vertex -60.5923 89.9299 2.86
      vertex -61.148 91.2716 2.86
      vertex -60.7725 89.8411 2.86
    endloop
  endfacet
  facet normal -0 0 1
    outer loop
      vertex -61.5 91.0981 2.86
      vertex -60.7725 89.8411 2.86
      vertex -61.148 91.2716 2.86
    endloop
  endfacet
  facet normal 0 0 1
    outer loop
      vertex -60.7725 89.8411 2.86
      vertex -61.5 91.0981 2.86
      vertex -60.7739 89.8404 2.86
    endloop
  endfacet
  facet normal 0 0 1
    outer loop
      vertex -60.7739 89.8404 2.86
      vertex -61.5 91.0981 2.86
      vertex -60.941 89.7288 2.86
    endloop
  endfacet
  facet normal -0 0 1
    outer loop
      vertex -61.8263 90.8801 2.86
      vertex -60.941 89.7288 2.86
      vertex -61.5 91.0981 2.86
    endloop
  endfacet
  facet normal 0 0 1
    outer loop
      vertex -60.941 89.7288 2.86
      vertex -61.8263 90.8801 2.86
      vertex -60.9422 89.7279 2.86
    endloop
  endfacet
  facet normal 0 0 1
    outer loop
      vertex -60.9422 89.7279 2.86
      vertex -61.8263 90.8801 2.86
      vertex -61.0933 89.5954 2.86
    endloop
  endfacet
  facet normal -0 0 1
    outer loop
      vertex -62.1213 90.6213 2.86
      vertex -61.0933 89.5954 2.86
      vertex -61.8263 90.8801 2.86
    endloop
  endfacet
  facet normal 0 0 1
    outer loop
      vertex -61.0933 89.5954 2.86
      vertex -62.1213 90.6213 2.86
      vertex -61.0944 89.5944 2.86
    endloop
  endfacet
  facet normal 0 0 1
    outer loop
      vertex -61.0944 89.5944 2.86
      vertex -62.1213 90.6213 2.86
      vertex -61.0954 89.5933 2.86
    endloop
  endfacet
  facet normal 0 0 1
    outer loop
      vertex -61.0954 89.5933 2.86
      vertex -62.1213 90.6213 2.86
      vertex -61.2279 89.4422 2.86
    endloop
  endfacet
  facet normal -0 0 1
    outer loop
      vertex -62.3801 90.3263 2.86
      vertex -61.2279 89.4422 2.86
      vertex -62.1213 90.6213 2.86
    endloop
  endfacet
  facet normal 0 0 1
    outer loop
      vertex -61.2279 89.4422 2.86
      vertex -62.3801 90.3263 2.86
      vertex -61.2288 89.441 2.86
    endloop
  endfacet
  facet normal 0 0 1
    outer loop
      vertex -61.2288 89.441 2.86
      vertex -62.3801 90.3263 2.86
      vertex -61.3404 89.2739 2.86
    endloop
  endfacet
  facet normal -0 0 1
    outer loop
      vertex -62.5981 90 2.86
      vertex -61.3404 89.2739 2.86
      vertex -62.3801 90.3263 2.86
    endloop
  endfacet
  facet normal 0 0 1
    outer loop
      vertex -61.3404 89.2739 2.86
      vertex -62.5981 90 2.86
      vertex -61.3411 89.2725 2.86
    endloop
  endfacet
  facet normal 0 0 1
    outer loop
      vertex -61.3411 89.2725 2.86
      vertex -62.5981 90 2.86
      vertex -61.43 89.0923 2.86
    endloop
  endfacet
  facet normal -0 0 1
    outer loop
      vertex -62.7716 89.648 2.86
      vertex -61.43 89.0923 2.86
      vertex -62.5981 90 2.86
    endloop
  endfacet
  facet normal 0 0 1
    outer loop
      vertex -61.43 89.0923 2.86
      vertex -62.7716 89.648 2.86
      vertex -61.4945 88.902 2.86
    endloop
  endfacet
  facet normal -0 0 1
    outer loop
      vertex -62.8978 89.2765 2.86
      vertex -61.4945 88.902 2.86
      vertex -62.7716 89.648 2.86
    endloop
  endfacet
  facet normal 0 0 1
    outer loop
      vertex -57.1022 87.7235 2.86
      vertex -58.5055 88.098 2.86
      vertex -57.2284 87.352 2.86
    endloop
  endfacet
  facet normal -0 0 1
    outer loop
      vertex -58.57 87.9077 2.86
      vertex -57.2284 87.352 2.86
      vertex -58.5055 88.098 2.86
    endloop
  endfacet
  facet normal 0 0 1
    outer loop
      vertex -57.2284 87.352 2.86
      vertex -58.57 87.9077 2.86
      vertex -57.4019 87 2.86
    endloop
  endfacet
  facet normal -0 0 1
    outer loop
      vertex -58.6589 87.7275 2.86
      vertex -57.4019 87 2.86
      vertex -58.57 87.9077 2.86
    endloop
  endfacet
  facet normal -0 0 1
    outer loop
      vertex -58.6596 87.7261 2.86
      vertex -57.4019 87 2.86
      vertex -58.6589 87.7275 2.86
    endloop
  endfacet
  facet normal 0 0 1
    outer loop
      vertex -57.4019 87 2.86
      vertex -58.6596 87.7261 2.86
      vertex -57.6199 86.6737 2.86
    endloop
  endfacet
  facet normal -0 0 1
    outer loop
      vertex -58.7712 87.559 2.86
      vertex -57.6199 86.6737 2.86
      vertex -58.6596 87.7261 2.86
    endloop
  endfacet
  facet normal -0 0 1
    outer loop
      vertex -58.7721 87.5578 2.86
      vertex -57.6199 86.6737 2.86
      vertex -58.7712 87.559 2.86
    endloop
  endfacet
  facet normal 0 0 1
    outer loop
      vertex -57.6199 86.6737 2.86
      vertex -58.7721 87.5578 2.86
      vertex -57.8787 86.3787 2.86
    endloop
  endfacet
  facet normal -0 0 1
    outer loop
      vertex -58.9046 87.4067 2.86
      vertex -57.8787 86.3787 2.86
      vertex -58.7721 87.5578 2.86
    endloop
  endfacet
  facet normal -0 0 1
    outer loop
      vertex -58.9056 87.4056 2.86
      vertex -57.8787 86.3787 2.86
      vertex -58.9046 87.4067 2.86
    endloop
  endfacet
  facet normal -0 0 1
    outer loop
      vertex -58.9067 87.4046 2.86
      vertex -57.8787 86.3787 2.86
      vertex -58.9056 87.4056 2.86
    endloop
  endfacet
  facet normal 0 0 1
    outer loop
      vertex -57.8787 86.3787 2.86
      vertex -58.9067 87.4046 2.86
      vertex -58.1737 86.1199 2.86
    endloop
  endfacet
  facet normal -0 0 1
    outer loop
      vertex -59.0578 87.2721 2.86
      vertex -58.1737 86.1199 2.86
      vertex -58.9067 87.4046 2.86
    endloop
  endfacet
  facet normal -0 0 1
    outer loop
      vertex -59.059 87.2712 2.86
      vertex -58.1737 86.1199 2.86
      vertex -59.0578 87.2721 2.86
    endloop
  endfacet
  facet normal 0 0 1
    outer loop
      vertex -58.1737 86.1199 2.86
      vertex -59.059 87.2712 2.86
      vertex -58.5 85.9019 2.86
    endloop
  endfacet
  facet normal -0 0 1
    outer loop
      vertex -59.2261 87.1596 2.86
      vertex -58.5 85.9019 2.86
      vertex -59.059 87.2712 2.86
    endloop
  endfacet
  facet normal -0 0 1
    outer loop
      vertex -59.2275 87.1589 2.86
      vertex -58.5 85.9019 2.86
      vertex -59.2261 87.1596 2.86
    endloop
  endfacet
  facet normal 0 0 1
    outer loop
      vertex -58.5 85.9019 2.86
      vertex -59.2275 87.1589 2.86
      vertex -58.852 85.7284 2.86
    endloop
  endfacet
  facet normal -0 0 1
    outer loop
      vertex -59.4077 87.0701 2.86
      vertex -58.852 85.7284 2.86
      vertex -59.2275 87.1589 2.86
    endloop
  endfacet
  facet normal 0 0 1
    outer loop
      vertex -58.852 85.7284 2.86
      vertex -59.4077 87.0701 2.86
      vertex -59.2235 85.6022 2.86
    endloop
  endfacet
  facet normal -0 0 1
    outer loop
      vertex -59.598 87.0055 2.86
      vertex -59.2235 85.6022 2.86
      vertex -59.4077 87.0701 2.86
    endloop
  endfacet
  facet normal -0 0 1
    outer loop
      vertex -59.5994 87.005 2.86
      vertex -59.2235 85.6022 2.86
      vertex -59.598 87.0055 2.86
    endloop
  endfacet
  facet normal 0 0 1
    outer loop
      vertex -59.5994 87.005 2.86
      vertex -59.6084 85.5257 2.86
      vertex -59.2235 85.6022 2.86
    endloop
  endfacet
  facet normal -0 0 1
    outer loop
      vertex -59.7965 86.9658 2.86
      vertex -59.6084 85.5257 2.86
      vertex -59.5994 87.005 2.86
    endloop
  endfacet
  facet normal -0 0 1
    outer loop
      vertex -59.798 86.9655 2.86
      vertex -59.6084 85.5257 2.86
      vertex -59.7965 86.9658 2.86
    endloop
  endfacet
  facet normal -0 0 1
    outer loop
      vertex -59.7995 86.9654 2.86
      vertex -59.6084 85.5257 2.86
      vertex -59.798 86.9655 2.86
    endloop
  endfacet
  facet normal -0 0 1
    outer loop
      vertex -60 86.9522 2.86
      vertex -59.6084 85.5257 2.86
      vertex -59.7995 86.9654 2.86
    endloop
  endfacet
  facet normal 0 0 1
    outer loop
      vertex -60 86.9522 2.86
      vertex -60 85.5 2.86
      vertex -59.6084 85.5257 2.86
    endloop
  endfacet
  facet normal 0 0 1
    outer loop
      vertex -60.2005 86.9654 2.86
      vertex -60 85.5 2.86
      vertex -60 86.9522 2.86
    endloop
  endfacet
  facet normal 0 0 1
    outer loop
      vertex -60.3916 85.5257 2.86
      vertex -60.2005 86.9654 2.86
      vertex -60.202 86.9655 2.86
    endloop
  endfacet
  facet normal 0 0 1
    outer loop
      vertex -60.3916 85.5257 2.86
      vertex -60.202 86.9655 2.86
      vertex -60.2035 86.9658 2.86
    endloop
  endfacet
  facet normal 0 0 1
    outer loop
      vertex -60.2005 86.9654 2.86
      vertex -60.3916 85.5257 2.86
      vertex -60 85.5 2.86
    endloop
  endfacet
  facet normal 0 0 1
    outer loop
      vertex -60.4006 87.005 2.86
      vertex -60.3916 85.5257 2.86
      vertex -60.2035 86.9658 2.86
    endloop
  endfacet
  facet normal 0 0 1
    outer loop
      vertex -60.7765 85.6022 2.86
      vertex -60.4006 87.005 2.86
      vertex -60.402 87.0055 2.86
    endloop
  endfacet
  facet normal 0 0 1
    outer loop
      vertex -60.7765 85.6022 2.86
      vertex -60.402 87.0055 2.86
      vertex -60.5923 87.0701 2.86
    endloop
  endfacet
  facet normal 0 0 1
    outer loop
      vertex -61.148 85.7284 2.86
      vertex -60.5923 87.0701 2.86
      vertex -60.7725 87.1589 2.86
    endloop
  endfacet
  facet normal 0 0 1
    outer loop
      vertex -61.5 85.9019 2.86
      vertex -60.7725 87.1589 2.86
      vertex -60.7739 87.1596 2.86
    endloop
  endfacet
  facet normal 0 0 1
    outer loop
      vertex -60.4006 87.005 2.86
      vertex -60.7765 85.6022 2.86
      vertex -60.3916 85.5257 2.86
    endloop
  endfacet
  facet normal 0 0 1
    outer loop
      vertex -61.5 85.9019 2.86
      vertex -60.7739 87.1596 2.86
      vertex -60.941 87.2712 2.86
    endloop
  endfacet
  facet normal 0 0 1
    outer loop
      vertex -61.8263 86.1199 2.86
      vertex -60.941 87.2712 2.86
      vertex -60.9422 87.2721 2.86
    endloop
  endfacet
  facet normal 0 0 1
    outer loop
      vertex -61.8263 86.1199 2.86
      vertex -60.9422 87.2721 2.86
      vertex -61.0933 87.4046 2.86
    endloop
  endfacet
  facet normal 0 0 1
    outer loop
      vertex -62.1213 86.3787 2.86
      vertex -61.0933 87.4046 2.86
      vertex -61.0944 87.4056 2.86
    endloop
  endfacet
  facet normal 0 0 1
    outer loop
      vertex -62.1213 86.3787 2.86
      vertex -61.0944 87.4056 2.86
      vertex -61.0954 87.4067 2.86
    endloop
  endfacet
  facet normal 0 0 1
    outer loop
      vertex -60.5923 87.0701 2.86
      vertex -61.148 85.7284 2.86
      vertex -60.7765 85.6022 2.86
    endloop
  endfacet
  facet normal 0 0 1
    outer loop
      vertex -62.1213 86.3787 2.86
      vertex -61.0954 87.4067 2.86
      vertex -61.2279 87.5578 2.86
    endloop
  endfacet
  facet normal 0 0 1
    outer loop
      vertex -62.3801 86.6737 2.86
      vertex -61.2279 87.5578 2.86
      vertex -61.2288 87.559 2.86
    endloop
  endfacet
  facet normal 0 0 1
    outer loop
      vertex -62.3801 86.6737 2.86
      vertex -61.2288 87.559 2.86
      vertex -61.3404 87.7261 2.86
    endloop
  endfacet
  facet normal 0 0 1
    outer loop
      vertex -62.5981 87 2.86
      vertex -61.3404 87.7261 2.86
      vertex -61.3411 87.7275 2.86
    endloop
  endfacet
  facet normal 0 0 1
    outer loop
      vertex -62.5981 87 2.86
      vertex -61.3411 87.7275 2.86
      vertex -61.43 87.9077 2.86
    endloop
  endfacet
  facet normal 0 0 1
    outer loop
      vertex -62.7716 87.352 2.86
      vertex -61.43 87.9077 2.86
      vertex -61.4945 88.098 2.86
    endloop
  endfacet
  facet normal 0 0 1
    outer loop
      vertex -62.8978 87.7235 2.86
      vertex -61.4945 88.098 2.86
      vertex -61.495 88.0994 2.86
    endloop
  endfacet
  facet normal 0 0 1
    outer loop
      vertex -60.7725 87.1589 2.86
      vertex -61.5 85.9019 2.86
      vertex -61.148 85.7284 2.86
    endloop
  endfacet
  facet normal 0 0 1
    outer loop
      vertex -62.8978 87.7235 2.86
      vertex -61.495 88.0994 2.86
      vertex -61.5342 88.2965 2.86
    endloop
  endfacet
  facet normal 0 0 1
    outer loop
      vertex -62.9743 88.1084 2.86
      vertex -61.5342 88.2965 2.86
      vertex -61.5345 88.298 2.86
    endloop
  endfacet
  facet normal 0 0 1
    outer loop
      vertex -62.9743 88.1084 2.86
      vertex -61.5345 88.298 2.86
      vertex -61.5346 88.2995 2.86
    endloop
  endfacet
  facet normal 0 0 1
    outer loop
      vertex -62.9743 88.1084 2.86
      vertex -61.5346 88.2995 2.86
      vertex -61.5478 88.5 2.86
    endloop
  endfacet
  facet normal 0 0 1
    outer loop
      vertex -61.4945 88.902 2.86
      vertex -62.8978 89.2765 2.86
      vertex -61.495 88.9006 2.86
    endloop
  endfacet
  facet normal 0 0 1
    outer loop
      vertex -60.941 87.2712 2.86
      vertex -61.8263 86.1199 2.86
      vertex -61.5 85.9019 2.86
    endloop
  endfacet
  facet normal 0 0 1
    outer loop
      vertex -61.495 88.9006 2.86
      vertex -62.8978 89.2765 2.86
      vertex -61.5342 88.7035 2.86
    endloop
  endfacet
  facet normal 0 0 1
    outer loop
      vertex -61.0933 87.4046 2.86
      vertex -62.1213 86.3787 2.86
      vertex -61.8263 86.1199 2.86
    endloop
  endfacet
  facet normal -0 0 1
    outer loop
      vertex -62.9743 88.8916 2.86
      vertex -61.5342 88.7035 2.86
      vertex -62.8978 89.2765 2.86
    endloop
  endfacet
  facet normal 0 0 1
    outer loop
      vertex -61.2279 87.5578 2.86
      vertex -62.3801 86.6737 2.86
      vertex -62.1213 86.3787 2.86
    endloop
  endfacet
  facet normal 0 0 1
    outer loop
      vertex -61.5342 88.7035 2.86
      vertex -62.9743 88.8916 2.86
      vertex -61.5345 88.702 2.86
    endloop
  endfacet
  facet normal 0 0 1
    outer loop
      vertex -61.3404 87.7261 2.86
      vertex -62.5981 87 2.86
      vertex -62.3801 86.6737 2.86
    endloop
  endfacet
  facet normal 0 0 1
    outer loop
      vertex -61.5345 88.702 2.86
      vertex -62.9743 88.8916 2.86
      vertex -61.5346 88.7005 2.86
    endloop
  endfacet
  facet normal 0 0 1
    outer loop
      vertex -61.43 87.9077 2.86
      vertex -62.7716 87.352 2.86
      vertex -62.5981 87 2.86
    endloop
  endfacet
  facet normal 0 0 1
    outer loop
      vertex -61.5346 88.7005 2.86
      vertex -62.9743 88.8916 2.86
      vertex -61.5478 88.5 2.86
    endloop
  endfacet
  facet normal 0 0 1
    outer loop
      vertex -61.4945 88.098 2.86
      vertex -62.8978 87.7235 2.86
      vertex -62.7716 87.352 2.86
    endloop
  endfacet
  facet normal 0 0 1
    outer loop
      vertex -63 88.5 2.86
      vertex -61.5478 88.5 2.86
      vertex -62.9743 88.8916 2.86
    endloop
  endfacet
  facet normal 0 0 1
    outer loop
      vertex -61.5342 88.2965 2.86
      vertex -62.9743 88.1084 2.86
      vertex -62.8978 87.7235 2.86
    endloop
  endfacet
  facet normal 0 0 1
    outer loop
      vertex -61.5478 88.5 2.86
      vertex -63 88.5 2.86
      vertex -62.9743 88.1084 2.86
    endloop
  endfacet
  facet normal 0.19494 0.980815 -0
    outer loop
      vertex -59.2235 91.3978 1.8
      vertex -59.6084 91.4743 2.86
      vertex -59.2235 91.3978 2.86
    endloop
  endfacet
  facet normal 0.19494 0.980815 0
    outer loop
      vertex -59.6084 91.4743 2.86
      vertex -59.2235 91.3978 1.8
      vertex -59.6084 91.4743 1.8
    endloop
  endfacet
  facet normal 0.321651 0.946858 -0
    outer loop
      vertex -58.852 91.2716 1.8
      vertex -59.2235 91.3978 2.86
      vertex -58.852 91.2716 2.86
    endloop
  endfacet
  facet normal 0.321651 0.946858 0
    outer loop
      vertex -59.2235 91.3978 2.86
      vertex -58.852 91.2716 1.8
      vertex -59.2235 91.3978 1.8
    endloop
  endfacet
  facet normal -0.555523 0.831501 0
    outer loop
      vertex -61.5 91.0981 1.8
      vertex -61.8263 90.8801 2.86
      vertex -61.5 91.0981 2.86
    endloop
  endfacet
  facet normal -0.555523 0.831501 0
    outer loop
      vertex -61.8263 90.8801 2.86
      vertex -61.5 91.0981 1.8
      vertex -61.8263 90.8801 1.8
    endloop
  endfacet
  facet normal 0.980815 -0.19494 0
    outer loop
      vertex -57.1022 87.7235 2.86
      vertex -57.0257 88.1084 1.8
      vertex -57.0257 88.1084 2.86
    endloop
  endfacet
  facet normal 0.980815 -0.19494 0
    outer loop
      vertex -57.0257 88.1084 1.8
      vertex -57.1022 87.7235 2.86
      vertex -57.1022 87.7235 1.8
    endloop
  endfacet
  facet normal 0.0654873 0.997853 -0
    outer loop
      vertex -59.6084 91.4743 1.8
      vertex -60 91.5 2.86
      vertex -59.6084 91.4743 2.86
    endloop
  endfacet
  facet normal 0.0654873 0.997853 0
    outer loop
      vertex -60 91.5 2.86
      vertex -59.6084 91.4743 1.8
      vertex -60 91.5 1.8
    endloop
  endfacet
  facet normal -0.659478 -0.751724 0
    outer loop
      vertex -62.1213 86.3787 1.8
      vertex -61.8263 86.1199 2.86
      vertex -62.1213 86.3787 2.86
    endloop
  endfacet
  facet normal -0.659478 -0.751724 -0
    outer loop
      vertex -61.8263 86.1199 2.86
      vertex -62.1213 86.3787 1.8
      vertex -61.8263 86.1199 1.8
    endloop
  endfacet
  facet normal -0.896961 -0.44211 0
    outer loop
      vertex -62.5981 87 1.8
      vertex -62.7716 87.352 2.86
      vertex -62.7716 87.352 1.8
    endloop
  endfacet
  facet normal -0.896961 -0.44211 0
    outer loop
      vertex -62.7716 87.352 2.86
      vertex -62.5981 87 1.8
      vertex -62.5981 87 2.86
    endloop
  endfacet
  facet normal 0.0654873 -0.997853 0
    outer loop
      vertex -60 85.5 1.8
      vertex -59.6084 85.5257 2.86
      vertex -60 85.5 2.86
    endloop
  endfacet
  facet normal 0.0654873 -0.997853 0
    outer loop
      vertex -59.6084 85.5257 2.86
      vertex -60 85.5 1.8
      vertex -59.6084 85.5257 1.8
    endloop
  endfacet
  facet normal 0.946858 0.321651 0
    outer loop
      vertex -57.1022 89.2765 2.86
      vertex -57.2284 89.648 1.8
      vertex -57.2284 89.648 2.86
    endloop
  endfacet
  facet normal 0.946858 0.321651 0
    outer loop
      vertex -57.2284 89.648 1.8
      vertex -57.1022 89.2765 2.86
      vertex -57.1022 89.2765 1.8
    endloop
  endfacet
  facet normal -0.946858 0.321651 0
    outer loop
      vertex -62.8978 89.2765 1.8
      vertex -62.7716 89.648 2.86
      vertex -62.7716 89.648 1.8
    endloop
  endfacet
  facet normal -0.946858 0.321651 0
    outer loop
      vertex -62.7716 89.648 2.86
      vertex -62.8978 89.2765 1.8
      vertex -62.8978 89.2765 2.86
    endloop
  endfacet
  facet normal 0.831501 -0.555523 0
    outer loop
      vertex -57.6199 86.6737 2.86
      vertex -57.4019 87 1.8
      vertex -57.4019 87 2.86
    endloop
  endfacet
  facet normal 0.831501 -0.555523 0
    outer loop
      vertex -57.4019 87 1.8
      vertex -57.6199 86.6737 2.86
      vertex -57.6199 86.6737 1.8
    endloop
  endfacet
  facet normal 0.19494 -0.980815 0
    outer loop
      vertex -59.6084 85.5257 1.8
      vertex -59.2235 85.6022 2.86
      vertex -59.6084 85.5257 2.86
    endloop
  endfacet
  facet normal 0.19494 -0.980815 0
    outer loop
      vertex -59.2235 85.6022 2.86
      vertex -59.6084 85.5257 1.8
      vertex -59.2235 85.6022 1.8
    endloop
  endfacet
  facet normal -0.831501 -0.555523 0
    outer loop
      vertex -62.3801 86.6737 1.8
      vertex -62.5981 87 2.86
      vertex -62.5981 87 1.8
    endloop
  endfacet
  facet normal -0.831501 -0.555523 0
    outer loop
      vertex -62.5981 87 2.86
      vertex -62.3801 86.6737 1.8
      vertex -62.3801 86.6737 2.86
    endloop
  endfacet
  facet normal -0.751724 -0.659478 0
    outer loop
      vertex -62.1213 86.3787 1.8
      vertex -62.3801 86.6737 2.86
      vertex -62.3801 86.6737 1.8
    endloop
  endfacet
  facet normal -0.751724 -0.659478 0
    outer loop
      vertex -62.3801 86.6737 2.86
      vertex -62.1213 86.3787 1.8
      vertex -62.1213 86.3787 2.86
    endloop
  endfacet
  facet normal -0.19494 0.980815 0
    outer loop
      vertex -60.3916 91.4743 1.8
      vertex -60.7765 91.3978 2.86
      vertex -60.3916 91.4743 2.86
    endloop
  endfacet
  facet normal -0.19494 0.980815 0
    outer loop
      vertex -60.7765 91.3978 2.86
      vertex -60.3916 91.4743 1.8
      vertex -60.7765 91.3978 1.8
    endloop
  endfacet
  facet normal -0.555523 -0.831501 0
    outer loop
      vertex -61.8263 86.1199 1.8
      vertex -61.5 85.9019 2.86
      vertex -61.8263 86.1199 2.86
    endloop
  endfacet
  facet normal -0.555523 -0.831501 -0
    outer loop
      vertex -61.5 85.9019 2.86
      vertex -61.8263 86.1199 1.8
      vertex -61.5 85.9019 1.8
    endloop
  endfacet
  facet normal -0.19494 -0.980815 0
    outer loop
      vertex -60.7765 85.6022 1.8
      vertex -60.3916 85.5257 2.86
      vertex -60.7765 85.6022 2.86
    endloop
  endfacet
  facet normal -0.19494 -0.980815 -0
    outer loop
      vertex -60.3916 85.5257 2.86
      vertex -60.7765 85.6022 1.8
      vertex -60.3916 85.5257 1.8
    endloop
  endfacet
  facet normal 0.555523 -0.831501 0
    outer loop
      vertex -58.5 85.9019 1.8
      vertex -58.1737 86.1199 2.86
      vertex -58.5 85.9019 2.86
    endloop
  endfacet
  facet normal 0.555523 -0.831501 0
    outer loop
      vertex -58.1737 86.1199 2.86
      vertex -58.5 85.9019 1.8
      vertex -58.1737 86.1199 1.8
    endloop
  endfacet
  facet normal 0.993902 0.065434 0.0887528
    outer loop
      vertex -58.4654 88.7005 2.86
      vertex -58.7 88.5 5.635
      vertex -58.4522 88.5 2.86
    endloop
  endfacet
  facet normal 0.94334 -0.319734 0.0887696
    outer loop
      vertex -58.5055 88.098 2.86
      vertex -58.799 88.0025 5.635
      vertex -58.57 87.9077 2.86
    endloop
  endfacet
  facet normal 0.993932 -0.0650127 0.0887249
    outer loop
      vertex -58.7111 88.3303 5.635
      vertex -58.4654 88.2995 2.86
      vertex -58.7 88.5 5.635
    endloop
  endfacet
  facet normal 0.993849 -0.0662566 0.0887314
    outer loop
      vertex -58.4654 88.2995 2.86
      vertex -58.7111 88.3303 5.635
      vertex -58.4655 88.298 2.86
    endloop
  endfacet
  facet normal -0.748903 -0.656715 0.0887178
    outer loop
      vertex -61.0314 87.7086 5.635
      vertex -61.2279 87.5578 2.86
      vertex -61.0954 87.4067 2.86
    endloop
  endfacet
  facet normal 0.440285 -0.893462 0.0887396
    outer loop
      vertex -59.2275 87.1589 2.86
      vertex -59.5025 87.299 5.635
      vertex -59.4077 87.0701 2.86
    endloop
  endfacet
  facet normal 0.0662566 0.993849 0.0887314
    outer loop
      vertex -59.7995 90.0346 2.86
      vertex -59.8303 89.7889 5.635
      vertex -59.798 90.0345 2.86
    endloop
  endfacet
  facet normal 0.0650127 0.993932 0.0887249
    outer loop
      vertex -59.8303 89.7889 5.635
      vertex -59.7995 90.0346 2.86
      vertex -60 89.8 5.635
    endloop
  endfacet
  facet normal 0.553052 -0.828407 0.0887438
    outer loop
      vertex -59.059 87.2712 2.86
      vertex -59.2086 87.4686 5.635
      vertex -59.35 87.3742 5.635
    endloop
  endfacet
  facet normal 0.597624 -0.796832 0.0889007
    outer loop
      vertex -59.2086 87.4686 5.635
      vertex -59.059 87.2712 2.86
      vertex -59.0578 87.2721 2.86
    endloop
  endfacet
  facet normal -0.893263 -0.440683 0.088769
    outer loop
      vertex -61.201 88.0025 5.635
      vertex -61.43 87.9077 2.86
      vertex -61.3411 87.7275 2.86
    endloop
  endfacet
  facet normal -0.976922 0.194294 0.0887321
    outer loop
      vertex -61.495 88.9006 2.86
      vertex -61.5342 88.7035 2.86
      vertex -61.2557 88.8365 5.635
    endloop
  endfacet
  facet normal 0.993902 -0.065434 0.0887528
    outer loop
      vertex -58.4522 88.5 2.86
      vertex -58.7 88.5 5.635
      vertex -58.4654 88.2995 2.86
    endloop
  endfacet
  facet normal 0.976893 0.194442 0.0887222
    outer loop
      vertex -58.7111 88.6697 5.635
      vertex -58.4658 88.7035 2.86
      vertex -58.7443 88.8365 5.635
    endloop
  endfacet
  facet normal 0.976714 0.195343 0.0887173
    outer loop
      vertex -58.4658 88.7035 2.86
      vertex -58.7111 88.6697 5.635
      vertex -58.4655 88.702 2.86
    endloop
  endfacet
  facet normal -0.320423 -0.94311 0.0887216
    outer loop
      vertex -60.402 87.0055 2.86
      vertex -60.3365 87.2443 5.635
      vertex -60.4975 87.299 5.635
    endloop
  endfacet
  facet normal -0.335013 -0.938036 0.0886293
    outer loop
      vertex -60.3365 87.2443 5.635
      vertex -60.402 87.0055 2.86
      vertex -60.4006 87.005 2.86
    endloop
  endfacet
  facet normal -0.796832 0.597624 0.0889007
    outer loop
      vertex -61.2288 89.441 2.86
      vertex -61.0314 89.2914 5.635
      vertex -61.2279 89.4422 2.86
    endloop
  endfacet
  facet normal -0.828407 0.553052 0.0887438
    outer loop
      vertex -61.0314 89.2914 5.635
      vertex -61.2288 89.441 2.86
      vertex -61.1258 89.15 5.635
    endloop
  endfacet
  facet normal 0.656715 0.748903 0.0887178
    outer loop
      vertex -59.0578 89.7279 2.86
      vertex -59.2086 89.5314 5.635
      vertex -58.9067 89.5954 2.86
    endloop
  endfacet
  facet normal 0.828309 0.553197 0.0887554
    outer loop
      vertex -58.7712 89.441 2.86
      vertex -58.8742 89.15 5.635
      vertex -58.6596 89.2739 2.86
    endloop
  endfacet
  facet normal 0.796832 0.597624 0.0889007
    outer loop
      vertex -58.9686 89.2914 5.635
      vertex -58.7712 89.441 2.86
      vertex -58.7721 89.4422 2.86
    endloop
  endfacet
  facet normal 0.828407 0.553052 0.0887438
    outer loop
      vertex -58.7712 89.441 2.86
      vertex -58.9686 89.2914 5.635
      vertex -58.8742 89.15 5.635
    endloop
  endfacet
  facet normal 0.32018 0.943192 0.0887386
    outer loop
      vertex -59.4077 89.9299 2.86
      vertex -59.598 89.9945 2.86
      vertex -59.5025 89.701 5.635
    endloop
  endfacet
  facet normal 0.065434 -0.993902 0.0887528
    outer loop
      vertex -60 87.2 5.635
      vertex -60 86.9522 2.86
      vertex -59.7995 86.9654 2.86
    endloop
  endfacet
  facet normal 0.194294 -0.976922 0.0887321
    outer loop
      vertex -59.6635 87.2443 5.635
      vertex -59.7965 86.9658 2.86
      vertex -59.5994 87.005 2.86
    endloop
  endfacet
  facet normal 0.976922 0.194294 0.0887321
    outer loop
      vertex -58.505 88.9006 2.86
      vertex -58.7443 88.8365 5.635
      vertex -58.4658 88.7035 2.86
    endloop
  endfacet
  facet normal -0.440521 0.893344 0.088757
    outer loop
      vertex -60.7725 89.8411 2.86
      vertex -60.65 89.6258 5.635
      vertex -60.4975 89.701 5.635
    endloop
  endfacet
  facet normal -0.445447 0.890895 0.0887845
    outer loop
      vertex -60.65 89.6258 5.635
      vertex -60.7725 89.8411 2.86
      vertex -60.7739 89.8404 2.86
    endloop
  endfacet
  facet normal 0.597624 0.796832 0.0889007
    outer loop
      vertex -59.059 89.7288 2.86
      vertex -59.2086 89.5314 5.635
      vertex -59.0578 89.7279 2.86
    endloop
  endfacet
  facet normal 0.553052 0.828407 0.0887438
    outer loop
      vertex -59.2086 89.5314 5.635
      vertex -59.059 89.7288 2.86
      vertex -59.35 89.6258 5.635
    endloop
  endfacet
  facet normal -0.065434 0.993902 0.0887528
    outer loop
      vertex -60 90.0478 2.86
      vertex -60.2005 90.0346 2.86
      vertex -60 89.8 5.635
    endloop
  endfacet
  facet normal -0.993902 0.065434 0.0887528
    outer loop
      vertex -61.5346 88.7005 2.86
      vertex -61.5478 88.5 2.86
      vertex -61.3 88.5 5.635
    endloop
  endfacet
  facet normal 0.32018 -0.943192 0.0887386
    outer loop
      vertex -59.5025 87.299 5.635
      vertex -59.598 87.0055 2.86
      vertex -59.4077 87.0701 2.86
    endloop
  endfacet
  facet normal 0.94334 0.319734 0.0887696
    outer loop
      vertex -58.57 89.0923 2.86
      vertex -58.799 88.9975 5.635
      vertex -58.5055 88.902 2.86
    endloop
  endfacet
  facet normal 0.94311 0.320423 0.0887216
    outer loop
      vertex -58.7443 88.8365 5.635
      vertex -58.5055 88.902 2.86
      vertex -58.799 88.9975 5.635
    endloop
  endfacet
  facet normal 0.938036 0.335013 0.0886293
    outer loop
      vertex -58.5055 88.902 2.86
      vertex -58.7443 88.8365 5.635
      vertex -58.505 88.9006 2.86
    endloop
  endfacet
  facet normal -0.737015 0.670013 0.0888329
    outer loop
      vertex -61.0954 89.5933 2.86
      vertex -60.9192 89.4192 5.635
      vertex -61.0944 89.5944 2.86
    endloop
  endfacet
  facet normal -0.748517 0.657149 0.0887561
    outer loop
      vertex -60.9192 89.4192 5.635
      vertex -61.0954 89.5933 2.86
      vertex -61.0314 89.2914 5.635
    endloop
  endfacet
  facet normal -0.440285 0.893462 0.0887396
    outer loop
      vertex -60.5923 89.9299 2.86
      vertex -60.7725 89.8411 2.86
      vertex -60.4975 89.701 5.635
    endloop
  endfacet
  facet normal -0.976714 0.195343 0.0887173
    outer loop
      vertex -61.2889 88.6697 5.635
      vertex -61.5342 88.7035 2.86
      vertex -61.5345 88.702 2.86
    endloop
  endfacet
  facet normal -0.976893 0.194442 0.0887222
    outer loop
      vertex -61.5342 88.7035 2.86
      vertex -61.2889 88.6697 5.635
      vertex -61.2557 88.8365 5.635
    endloop
  endfacet
  facet normal 0.553197 0.828309 0.0887554
    outer loop
      vertex -59.2261 89.8404 2.86
      vertex -59.35 89.6258 5.635
      vertex -59.059 89.7288 2.86
    endloop
  endfacet
  facet normal -0.828309 0.553197 0.0887554
    outer loop
      vertex -61.2288 89.441 2.86
      vertex -61.3404 89.2739 2.86
      vertex -61.1258 89.15 5.635
    endloop
  endfacet
  facet normal 0.656715 -0.748903 0.0887178
    outer loop
      vertex -58.9067 87.4046 2.86
      vertex -59.2086 87.4686 5.635
      vertex -59.0578 87.2721 2.86
    endloop
  endfacet
  facet normal 0.194294 0.976922 0.0887321
    outer loop
      vertex -59.5994 89.995 2.86
      vertex -59.7965 90.0342 2.86
      vertex -59.6635 89.7557 5.635
    endloop
  endfacet
  facet normal -0.993849 0.0662566 0.0887314
    outer loop
      vertex -61.5346 88.7005 2.86
      vertex -61.2889 88.6697 5.635
      vertex -61.5345 88.702 2.86
    endloop
  endfacet
  facet normal -0.993932 0.0650127 0.0887249
    outer loop
      vertex -61.2889 88.6697 5.635
      vertex -61.5346 88.7005 2.86
      vertex -61.3 88.5 5.635
    endloop
  endfacet
  facet normal -0.0650127 0.993932 0.0887249
    outer loop
      vertex -60.2005 90.0346 2.86
      vertex -60.1697 89.7889 5.635
      vertex -60 89.8 5.635
    endloop
  endfacet
  facet normal -0.0662566 0.993849 0.0887314
    outer loop
      vertex -60.1697 89.7889 5.635
      vertex -60.2005 90.0346 2.86
      vertex -60.202 90.0345 2.86
    endloop
  endfacet
  facet normal -0.656715 -0.748903 0.0887178
    outer loop
      vertex -60.7914 87.4686 5.635
      vertex -61.0933 87.4046 2.86
      vertex -60.9422 87.2721 2.86
    endloop
  endfacet
  facet normal -0.748903 0.656715 0.0887178
    outer loop
      vertex -61.0954 89.5933 2.86
      vertex -61.2279 89.4422 2.86
      vertex -61.0314 89.2914 5.635
    endloop
  endfacet
  facet normal 0.828309 -0.553197 0.0887554
    outer loop
      vertex -58.6596 87.7261 2.86
      vertex -58.8742 87.85 5.635
      vertex -58.7712 87.559 2.86
    endloop
  endfacet
  facet normal -0.94334 -0.319734 0.0887696
    outer loop
      vertex -61.201 88.0025 5.635
      vertex -61.4945 88.098 2.86
      vertex -61.43 87.9077 2.86
    endloop
  endfacet
  facet normal -0.32018 0.943192 0.0887386
    outer loop
      vertex -60.402 89.9945 2.86
      vertex -60.5923 89.9299 2.86
      vertex -60.4975 89.701 5.635
    endloop
  endfacet
  facet normal 0.657149 -0.748517 0.0887561
    outer loop
      vertex -58.9067 87.4046 2.86
      vertex -59.0808 87.5808 5.635
      vertex -59.2086 87.4686 5.635
    endloop
  endfacet
  facet normal 0.670013 -0.737015 0.0888329
    outer loop
      vertex -59.0808 87.5808 5.635
      vertex -58.9067 87.4046 2.86
      vertex -58.9056 87.4056 2.86
    endloop
  endfacet
  facet normal -0.938036 0.335013 0.0886293
    outer loop
      vertex -61.2557 88.8365 5.635
      vertex -61.4945 88.902 2.86
      vertex -61.495 88.9006 2.86
    endloop
  endfacet
  facet normal -0.94311 0.320423 0.0887216
    outer loop
      vertex -61.4945 88.902 2.86
      vertex -61.2557 88.8365 5.635
      vertex -61.201 88.9975 5.635
    endloop
  endfacet
  facet normal 0.445447 0.890895 0.0887845
    outer loop
      vertex -59.2275 89.8411 2.86
      vertex -59.35 89.6258 5.635
      vertex -59.2261 89.8404 2.86
    endloop
  endfacet
  facet normal 0.440521 0.893344 0.088757
    outer loop
      vertex -59.35 89.6258 5.635
      vertex -59.2275 89.8411 2.86
      vertex -59.5025 89.701 5.635
    endloop
  endfacet
  facet normal 0.065434 0.993902 0.0887528
    outer loop
      vertex -60 90.0478 2.86
      vertex -60 89.8 5.635
      vertex -59.7995 90.0346 2.86
    endloop
  endfacet
  facet normal -0.993902 -0.065434 0.0887528
    outer loop
      vertex -61.3 88.5 5.635
      vertex -61.5478 88.5 2.86
      vertex -61.5346 88.2995 2.86
    endloop
  endfacet
  facet normal -0.976922 -0.194294 0.0887321
    outer loop
      vertex -61.2557 88.1635 5.635
      vertex -61.5342 88.2965 2.86
      vertex -61.495 88.0994 2.86
    endloop
  endfacet
  facet normal -0.195343 0.976714 0.0887173
    outer loop
      vertex -60.2035 90.0342 2.86
      vertex -60.1697 89.7889 5.635
      vertex -60.202 90.0345 2.86
    endloop
  endfacet
  facet normal -0.194442 0.976893 0.0887222
    outer loop
      vertex -60.1697 89.7889 5.635
      vertex -60.2035 90.0342 2.86
      vertex -60.3365 89.7557 5.635
    endloop
  endfacet
  facet normal 0.748903 0.656715 0.0887178
    outer loop
      vertex -58.9046 89.5933 2.86
      vertex -58.9686 89.2914 5.635
      vertex -58.7721 89.4422 2.86
    endloop
  endfacet
  facet normal -0.890895 0.445447 0.0887845
    outer loop
      vertex -61.3411 89.2725 2.86
      vertex -61.1258 89.15 5.635
      vertex -61.3404 89.2739 2.86
    endloop
  endfacet
  facet normal -0.893344 0.440521 0.088757
    outer loop
      vertex -61.1258 89.15 5.635
      vertex -61.3411 89.2725 2.86
      vertex -61.201 88.9975 5.635
    endloop
  endfacet
  facet normal -0.194294 0.976922 0.0887321
    outer loop
      vertex -60.2035 90.0342 2.86
      vertex -60.4006 89.995 2.86
      vertex -60.3365 89.7557 5.635
    endloop
  endfacet
  facet normal 0.194442 0.976893 0.0887222
    outer loop
      vertex -59.7965 90.0342 2.86
      vertex -59.8303 89.7889 5.635
      vertex -59.6635 89.7557 5.635
    endloop
  endfacet
  facet normal 0.195343 0.976714 0.0887173
    outer loop
      vertex -59.8303 89.7889 5.635
      vertex -59.7965 90.0342 2.86
      vertex -59.798 90.0345 2.86
    endloop
  endfacet
  facet normal -0.893263 0.440683 0.088769
    outer loop
      vertex -61.3411 89.2725 2.86
      vertex -61.43 89.0923 2.86
      vertex -61.201 88.9975 5.635
    endloop
  endfacet
  facet normal -0.94334 0.319734 0.0887696
    outer loop
      vertex -61.43 89.0923 2.86
      vertex -61.4945 88.902 2.86
      vertex -61.201 88.9975 5.635
    endloop
  endfacet
  facet normal 0.737015 0.670013 0.0888329
    outer loop
      vertex -59.0808 89.4192 5.635
      vertex -58.9046 89.5933 2.86
      vertex -58.9056 89.5944 2.86
    endloop
  endfacet
  facet normal 0.748517 0.657149 0.0887561
    outer loop
      vertex -58.9046 89.5933 2.86
      vertex -59.0808 89.4192 5.635
      vertex -58.9686 89.2914 5.635
    endloop
  endfacet
  facet normal -0.656715 0.748903 0.0887178
    outer loop
      vertex -60.9422 89.7279 2.86
      vertex -61.0933 89.5954 2.86
      vertex -60.7914 89.5314 5.635
    endloop
  endfacet
  facet normal 0.893344 -0.440521 0.088757
    outer loop
      vertex -58.8742 87.85 5.635
      vertex -58.6589 87.7275 2.86
      vertex -58.799 88.0025 5.635
    endloop
  endfacet
  facet normal 0.890895 -0.445447 0.0887845
    outer loop
      vertex -58.6589 87.7275 2.86
      vertex -58.8742 87.85 5.635
      vertex -58.6596 87.7261 2.86
    endloop
  endfacet
  facet normal 0.828407 -0.553052 0.0887438
    outer loop
      vertex -58.9686 87.7086 5.635
      vertex -58.7712 87.559 2.86
      vertex -58.8742 87.85 5.635
    endloop
  endfacet
  facet normal 0.796832 -0.597624 0.0889007
    outer loop
      vertex -58.7712 87.559 2.86
      vertex -58.9686 87.7086 5.635
      vertex -58.7721 87.5578 2.86
    endloop
  endfacet
  facet normal 0.890895 0.445447 0.0887845
    outer loop
      vertex -58.8742 89.15 5.635
      vertex -58.6589 89.2725 2.86
      vertex -58.6596 89.2739 2.86
    endloop
  endfacet
  facet normal 0.893344 0.440521 0.088757
    outer loop
      vertex -58.6589 89.2725 2.86
      vertex -58.8742 89.15 5.635
      vertex -58.799 88.9975 5.635
    endloop
  endfacet
  facet normal 0.976714 -0.195343 0.0887173
    outer loop
      vertex -58.7111 88.3303 5.635
      vertex -58.4658 88.2965 2.86
      vertex -58.4655 88.298 2.86
    endloop
  endfacet
  facet normal 0.976893 -0.194442 0.0887222
    outer loop
      vertex -58.4658 88.2965 2.86
      vertex -58.7111 88.3303 5.635
      vertex -58.7443 88.1635 5.635
    endloop
  endfacet
  facet normal -0.335013 0.938036 0.0886293
    outer loop
      vertex -60.402 89.9945 2.86
      vertex -60.3365 89.7557 5.635
      vertex -60.4006 89.995 2.86
    endloop
  endfacet
  facet normal -0.320423 0.94311 0.0887216
    outer loop
      vertex -60.3365 89.7557 5.635
      vertex -60.402 89.9945 2.86
      vertex -60.4975 89.701 5.635
    endloop
  endfacet
  facet normal -0.065434 -0.993902 0.0887528
    outer loop
      vertex -60 87.2 5.635
      vertex -60.2005 86.9654 2.86
      vertex -60 86.9522 2.86
    endloop
  endfacet
  facet normal 0.938036 -0.335013 0.0886293
    outer loop
      vertex -58.7443 88.1635 5.635
      vertex -58.5055 88.098 2.86
      vertex -58.505 88.0994 2.86
    endloop
  endfacet
  facet normal 0.94311 -0.320423 0.0887216
    outer loop
      vertex -58.5055 88.098 2.86
      vertex -58.7443 88.1635 5.635
      vertex -58.799 88.0025 5.635
    endloop
  endfacet
  facet normal -0.553197 -0.828309 0.0887554
    outer loop
      vertex -60.65 87.3742 5.635
      vertex -60.941 87.2712 2.86
      vertex -60.7739 87.1596 2.86
    endloop
  endfacet
  facet normal 0.440285 0.893462 0.0887396
    outer loop
      vertex -59.4077 89.9299 2.86
      vertex -59.5025 89.701 5.635
      vertex -59.2275 89.8411 2.86
    endloop
  endfacet
  facet normal 0.748903 -0.656715 0.0887178
    outer loop
      vertex -58.7721 87.5578 2.86
      vertex -58.9686 87.7086 5.635
      vertex -58.9046 87.4067 2.86
    endloop
  endfacet
  facet normal 0.670013 0.737015 0.0888329
    outer loop
      vertex -58.9067 89.5954 2.86
      vertex -59.0808 89.4192 5.635
      vertex -58.9056 89.5944 2.86
    endloop
  endfacet
  facet normal 0.657149 0.748517 0.0887561
    outer loop
      vertex -59.0808 89.4192 5.635
      vertex -58.9067 89.5954 2.86
      vertex -59.2086 89.5314 5.635
    endloop
  endfacet
  facet normal 0.976922 -0.194294 0.0887321
    outer loop
      vertex -58.4658 88.2965 2.86
      vertex -58.7443 88.1635 5.635
      vertex -58.505 88.0994 2.86
    endloop
  endfacet
  facet normal -0.194442 -0.976893 0.0887222
    outer loop
      vertex -60.2035 86.9658 2.86
      vertex -60.1697 87.2111 5.635
      vertex -60.3365 87.2443 5.635
    endloop
  endfacet
  facet normal -0.195343 -0.976714 0.0887173
    outer loop
      vertex -60.1697 87.2111 5.635
      vertex -60.2035 86.9658 2.86
      vertex -60.202 86.9655 2.86
    endloop
  endfacet
  facet normal -0.938036 -0.335013 0.0886293
    outer loop
      vertex -61.4945 88.098 2.86
      vertex -61.2557 88.1635 5.635
      vertex -61.495 88.0994 2.86
    endloop
  endfacet
  facet normal -0.94311 -0.320423 0.0887216
    outer loop
      vertex -61.2557 88.1635 5.635
      vertex -61.4945 88.098 2.86
      vertex -61.201 88.0025 5.635
    endloop
  endfacet
  facet normal -0.828407 -0.553052 0.0887438
    outer loop
      vertex -61.2288 87.559 2.86
      vertex -61.0314 87.7086 5.635
      vertex -61.1258 87.85 5.635
    endloop
  endfacet
  facet normal -0.796832 -0.597624 0.0889007
    outer loop
      vertex -61.0314 87.7086 5.635
      vertex -61.2288 87.559 2.86
      vertex -61.2279 87.5578 2.86
    endloop
  endfacet
  facet normal 0.893263 -0.440683 0.088769
    outer loop
      vertex -58.57 87.9077 2.86
      vertex -58.799 88.0025 5.635
      vertex -58.6589 87.7275 2.86
    endloop
  endfacet
  facet normal 0.893263 0.440683 0.088769
    outer loop
      vertex -58.6589 89.2725 2.86
      vertex -58.799 88.9975 5.635
      vertex -58.57 89.0923 2.86
    endloop
  endfacet
  facet normal 0.748517 -0.657149 0.0887561
    outer loop
      vertex -59.0808 87.5808 5.635
      vertex -58.9046 87.4067 2.86
      vertex -58.9686 87.7086 5.635
    endloop
  endfacet
  facet normal 0.737015 -0.670013 0.0888329
    outer loop
      vertex -58.9046 87.4067 2.86
      vertex -59.0808 87.5808 5.635
      vertex -58.9056 87.4056 2.86
    endloop
  endfacet
  facet normal -0.194294 -0.976922 0.0887321
    outer loop
      vertex -60.3365 87.2443 5.635
      vertex -60.4006 87.005 2.86
      vertex -60.2035 86.9658 2.86
    endloop
  endfacet
  facet normal 0.0650127 -0.993932 0.0887249
    outer loop
      vertex -59.7995 86.9654 2.86
      vertex -59.8303 87.2111 5.635
      vertex -60 87.2 5.635
    endloop
  endfacet
  facet normal 0.0662566 -0.993849 0.0887314
    outer loop
      vertex -59.8303 87.2111 5.635
      vertex -59.7995 86.9654 2.86
      vertex -59.798 86.9655 2.86
    endloop
  endfacet
  facet normal -0.748517 -0.657149 0.0887561
    outer loop
      vertex -61.0954 87.4067 2.86
      vertex -60.9192 87.5808 5.635
      vertex -61.0314 87.7086 5.635
    endloop
  endfacet
  facet normal -0.737015 -0.670013 0.0888329
    outer loop
      vertex -60.9192 87.5808 5.635
      vertex -61.0954 87.4067 2.86
      vertex -61.0944 87.4056 2.86
    endloop
  endfacet
  facet normal -0.976714 -0.195343 0.0887173
    outer loop
      vertex -61.5342 88.2965 2.86
      vertex -61.2889 88.3303 5.635
      vertex -61.5345 88.298 2.86
    endloop
  endfacet
  facet normal -0.976893 -0.194442 0.0887222
    outer loop
      vertex -61.2889 88.3303 5.635
      vertex -61.5342 88.2965 2.86
      vertex -61.2557 88.1635 5.635
    endloop
  endfacet
  facet normal -0.993932 -0.0650127 0.0887249
    outer loop
      vertex -61.5346 88.2995 2.86
      vertex -61.2889 88.3303 5.635
      vertex -61.3 88.5 5.635
    endloop
  endfacet
  facet normal -0.993849 -0.0662566 0.0887314
    outer loop
      vertex -61.2889 88.3303 5.635
      vertex -61.5346 88.2995 2.86
      vertex -61.5345 88.298 2.86
    endloop
  endfacet
  facet normal 0.320423 0.94311 0.0887216
    outer loop
      vertex -59.598 89.9945 2.86
      vertex -59.6635 89.7557 5.635
      vertex -59.5025 89.701 5.635
    endloop
  endfacet
  facet normal 0.335013 0.938036 0.0886293
    outer loop
      vertex -59.6635 89.7557 5.635
      vertex -59.598 89.9945 2.86
      vertex -59.5994 89.995 2.86
    endloop
  endfacet
  facet normal -0.440285 -0.893462 0.0887396
    outer loop
      vertex -60.4975 87.299 5.635
      vertex -60.7725 87.1589 2.86
      vertex -60.5923 87.0701 2.86
    endloop
  endfacet
  facet normal -0.657149 0.748517 0.0887561
    outer loop
      vertex -61.0933 89.5954 2.86
      vertex -60.9192 89.4192 5.635
      vertex -60.7914 89.5314 5.635
    endloop
  endfacet
  facet normal -0.670013 0.737015 0.0888329
    outer loop
      vertex -60.9192 89.4192 5.635
      vertex -61.0933 89.5954 2.86
      vertex -61.0944 89.5944 2.86
    endloop
  endfacet
  facet normal -0.553197 0.828309 0.0887554
    outer loop
      vertex -60.7739 89.8404 2.86
      vertex -60.941 89.7288 2.86
      vertex -60.65 89.6258 5.635
    endloop
  endfacet
  facet normal -0.553052 0.828407 0.0887438
    outer loop
      vertex -60.941 89.7288 2.86
      vertex -60.7914 89.5314 5.635
      vertex -60.65 89.6258 5.635
    endloop
  endfacet
  facet normal -0.597624 0.796832 0.0889007
    outer loop
      vertex -60.7914 89.5314 5.635
      vertex -60.941 89.7288 2.86
      vertex -60.9422 89.7279 2.86
    endloop
  endfacet
  facet normal 0.553197 -0.828309 0.0887554
    outer loop
      vertex -59.059 87.2712 2.86
      vertex -59.35 87.3742 5.635
      vertex -59.2261 87.1596 2.86
    endloop
  endfacet
  facet normal 0.993849 0.0662566 0.0887314
    outer loop
      vertex -58.7111 88.6697 5.635
      vertex -58.4654 88.7005 2.86
      vertex -58.4655 88.702 2.86
    endloop
  endfacet
  facet normal 0.993932 0.0650127 0.0887249
    outer loop
      vertex -58.4654 88.7005 2.86
      vertex -58.7111 88.6697 5.635
      vertex -58.7 88.5 5.635
    endloop
  endfacet
  facet normal -0.0662566 -0.993849 0.0887314
    outer loop
      vertex -60.2005 86.9654 2.86
      vertex -60.1697 87.2111 5.635
      vertex -60.202 86.9655 2.86
    endloop
  endfacet
  facet normal -0.0650127 -0.993932 0.0887249
    outer loop
      vertex -60.1697 87.2111 5.635
      vertex -60.2005 86.9654 2.86
      vertex -60 87.2 5.635
    endloop
  endfacet
  facet normal 0.440521 -0.893344 0.088757
    outer loop
      vertex -59.2275 87.1589 2.86
      vertex -59.35 87.3742 5.635
      vertex -59.5025 87.299 5.635
    endloop
  endfacet
  facet normal 0.445447 -0.890895 0.0887845
    outer loop
      vertex -59.35 87.3742 5.635
      vertex -59.2275 87.1589 2.86
      vertex -59.2261 87.1596 2.86
    endloop
  endfacet
  facet normal 0.335013 -0.938036 0.0886293
    outer loop
      vertex -59.598 87.0055 2.86
      vertex -59.6635 87.2443 5.635
      vertex -59.5994 87.005 2.86
    endloop
  endfacet
  facet normal 0.320423 -0.94311 0.0887216
    outer loop
      vertex -59.6635 87.2443 5.635
      vertex -59.598 87.0055 2.86
      vertex -59.5025 87.299 5.635
    endloop
  endfacet
  facet normal 0.195343 -0.976714 0.0887173
    outer loop
      vertex -59.7965 86.9658 2.86
      vertex -59.8303 87.2111 5.635
      vertex -59.798 86.9655 2.86
    endloop
  endfacet
  facet normal 0.194442 -0.976893 0.0887222
    outer loop
      vertex -59.8303 87.2111 5.635
      vertex -59.7965 86.9658 2.86
      vertex -59.6635 87.2443 5.635
    endloop
  endfacet
  facet normal -0.32018 -0.943192 0.0887386
    outer loop
      vertex -60.4975 87.299 5.635
      vertex -60.5923 87.0701 2.86
      vertex -60.402 87.0055 2.86
    endloop
  endfacet
  facet normal -0.597624 -0.796832 0.0889007
    outer loop
      vertex -60.941 87.2712 2.86
      vertex -60.7914 87.4686 5.635
      vertex -60.9422 87.2721 2.86
    endloop
  endfacet
  facet normal -0.553052 -0.828407 0.0887438
    outer loop
      vertex -60.7914 87.4686 5.635
      vertex -60.941 87.2712 2.86
      vertex -60.65 87.3742 5.635
    endloop
  endfacet
  facet normal -0.670013 -0.737015 0.0888329
    outer loop
      vertex -61.0933 87.4046 2.86
      vertex -60.9192 87.5808 5.635
      vertex -61.0944 87.4056 2.86
    endloop
  endfacet
  facet normal -0.657149 -0.748517 0.0887561
    outer loop
      vertex -60.9192 87.5808 5.635
      vertex -61.0933 87.4046 2.86
      vertex -60.7914 87.4686 5.635
    endloop
  endfacet
  facet normal -0.445447 -0.890895 0.0887845
    outer loop
      vertex -60.7725 87.1589 2.86
      vertex -60.65 87.3742 5.635
      vertex -60.7739 87.1596 2.86
    endloop
  endfacet
  facet normal -0.440521 -0.893344 0.088757
    outer loop
      vertex -60.65 87.3742 5.635
      vertex -60.7725 87.1589 2.86
      vertex -60.4975 87.299 5.635
    endloop
  endfacet
  facet normal 0 0 1
    outer loop
      vertex -58.7111 88.6697 5.635
      vertex -58.7111 88.3303 5.635
      vertex -58.7 88.5 5.635
    endloop
  endfacet
  facet normal 0 0 1
    outer loop
      vertex -58.7443 88.8365 5.635
      vertex -58.7111 88.3303 5.635
      vertex -58.7111 88.6697 5.635
    endloop
  endfacet
  facet normal 0 0 1
    outer loop
      vertex -58.7443 88.8365 5.635
      vertex -58.7443 88.1635 5.635
      vertex -58.7111 88.3303 5.635
    endloop
  endfacet
  facet normal 0 0 1
    outer loop
      vertex -58.799 88.9975 5.635
      vertex -58.7443 88.1635 5.635
      vertex -58.7443 88.8365 5.635
    endloop
  endfacet
  facet normal 0 0 1
    outer loop
      vertex -58.799 88.9975 5.635
      vertex -58.799 88.0025 5.635
      vertex -58.7443 88.1635 5.635
    endloop
  endfacet
  facet normal 0 0 1
    outer loop
      vertex -58.8742 89.15 5.635
      vertex -58.799 88.0025 5.635
      vertex -58.799 88.9975 5.635
    endloop
  endfacet
  facet normal 0 0 1
    outer loop
      vertex -58.8742 89.15 5.635
      vertex -58.8742 87.85 5.635
      vertex -58.799 88.0025 5.635
    endloop
  endfacet
  facet normal 0 0 1
    outer loop
      vertex -58.9686 89.2914 5.635
      vertex -58.8742 87.85 5.635
      vertex -58.8742 89.15 5.635
    endloop
  endfacet
  facet normal 0 0 1
    outer loop
      vertex -58.9686 89.2914 5.635
      vertex -58.9686 87.7086 5.635
      vertex -58.8742 87.85 5.635
    endloop
  endfacet
  facet normal 0 0 1
    outer loop
      vertex -59.0808 89.4192 5.635
      vertex -58.9686 87.7086 5.635
      vertex -58.9686 89.2914 5.635
    endloop
  endfacet
  facet normal 0 0 1
    outer loop
      vertex -59.0808 89.4192 5.635
      vertex -59.0808 87.5808 5.635
      vertex -58.9686 87.7086 5.635
    endloop
  endfacet
  facet normal 0 0 1
    outer loop
      vertex -59.2086 89.5314 5.635
      vertex -59.0808 87.5808 5.635
      vertex -59.0808 89.4192 5.635
    endloop
  endfacet
  facet normal 0 0 1
    outer loop
      vertex -59.2086 89.5314 5.635
      vertex -59.2086 87.4686 5.635
      vertex -59.0808 87.5808 5.635
    endloop
  endfacet
  facet normal 0 0 1
    outer loop
      vertex -59.35 89.6258 5.635
      vertex -59.2086 87.4686 5.635
      vertex -59.2086 89.5314 5.635
    endloop
  endfacet
  facet normal 0 0 1
    outer loop
      vertex -59.35 89.6258 5.635
      vertex -59.35 87.3742 5.635
      vertex -59.2086 87.4686 5.635
    endloop
  endfacet
  facet normal 0 0 1
    outer loop
      vertex -59.5025 89.701 5.635
      vertex -59.35 87.3742 5.635
      vertex -59.35 89.6258 5.635
    endloop
  endfacet
  facet normal 0 0 1
    outer loop
      vertex -59.5025 89.701 5.635
      vertex -59.5025 87.299 5.635
      vertex -59.35 87.3742 5.635
    endloop
  endfacet
  facet normal 0 0 1
    outer loop
      vertex -59.6635 89.7557 5.635
      vertex -59.5025 87.299 5.635
      vertex -59.5025 89.701 5.635
    endloop
  endfacet
  facet normal 0 0 1
    outer loop
      vertex -59.6635 89.7557 5.635
      vertex -59.6635 87.2443 5.635
      vertex -59.5025 87.299 5.635
    endloop
  endfacet
  facet normal 0 0 1
    outer loop
      vertex -59.8303 89.7889 5.635
      vertex -59.6635 87.2443 5.635
      vertex -59.6635 89.7557 5.635
    endloop
  endfacet
  facet normal 0 0 1
    outer loop
      vertex -59.8303 89.7889 5.635
      vertex -59.8303 87.2111 5.635
      vertex -59.6635 87.2443 5.635
    endloop
  endfacet
  facet normal 0 0 1
    outer loop
      vertex -60 89.8 5.635
      vertex -59.8303 87.2111 5.635
      vertex -59.8303 89.7889 5.635
    endloop
  endfacet
  facet normal 0 0 1
    outer loop
      vertex -60 89.8 5.635
      vertex -60 87.2 5.635
      vertex -59.8303 87.2111 5.635
    endloop
  endfacet
  facet normal -0 0 1
    outer loop
      vertex -60.1697 89.7889 5.635
      vertex -60 87.2 5.635
      vertex -60 89.8 5.635
    endloop
  endfacet
  facet normal 0 0 1
    outer loop
      vertex -60.1697 89.7889 5.635
      vertex -60.1697 87.2111 5.635
      vertex -60 87.2 5.635
    endloop
  endfacet
  facet normal -0 0 1
    outer loop
      vertex -60.3365 89.7557 5.635
      vertex -60.1697 87.2111 5.635
      vertex -60.1697 89.7889 5.635
    endloop
  endfacet
  facet normal 0 0 1
    outer loop
      vertex -60.3365 89.7557 5.635
      vertex -60.3365 87.2443 5.635
      vertex -60.1697 87.2111 5.635
    endloop
  endfacet
  facet normal -0 0 1
    outer loop
      vertex -60.4975 89.701 5.635
      vertex -60.3365 87.2443 5.635
      vertex -60.3365 89.7557 5.635
    endloop
  endfacet
  facet normal 0 0 1
    outer loop
      vertex -60.4975 89.701 5.635
      vertex -60.4975 87.299 5.635
      vertex -60.3365 87.2443 5.635
    endloop
  endfacet
  facet normal -0 0 1
    outer loop
      vertex -60.65 89.6258 5.635
      vertex -60.4975 87.299 5.635
      vertex -60.4975 89.701 5.635
    endloop
  endfacet
  facet normal 0 0 1
    outer loop
      vertex -60.65 89.6258 5.635
      vertex -60.65 87.3742 5.635
      vertex -60.4975 87.299 5.635
    endloop
  endfacet
  facet normal -0 0 1
    outer loop
      vertex -60.7914 89.5314 5.635
      vertex -60.65 87.3742 5.635
      vertex -60.65 89.6258 5.635
    endloop
  endfacet
  facet normal 0 0 1
    outer loop
      vertex -60.7914 89.5314 5.635
      vertex -60.7914 87.4686 5.635
      vertex -60.65 87.3742 5.635
    endloop
  endfacet
  facet normal -0 0 1
    outer loop
      vertex -60.9192 89.4192 5.635
      vertex -60.7914 87.4686 5.635
      vertex -60.7914 89.5314 5.635
    endloop
  endfacet
  facet normal 0 0 1
    outer loop
      vertex -60.9192 89.4192 5.635
      vertex -60.9192 87.5808 5.635
      vertex -60.7914 87.4686 5.635
    endloop
  endfacet
  facet normal -0 0 1
    outer loop
      vertex -61.0314 89.2914 5.635
      vertex -60.9192 87.5808 5.635
      vertex -60.9192 89.4192 5.635
    endloop
  endfacet
  facet normal 0 0 1
    outer loop
      vertex -61.0314 89.2914 5.635
      vertex -61.0314 87.7086 5.635
      vertex -60.9192 87.5808 5.635
    endloop
  endfacet
  facet normal -0 0 1
    outer loop
      vertex -61.1258 89.15 5.635
      vertex -61.0314 87.7086 5.635
      vertex -61.0314 89.2914 5.635
    endloop
  endfacet
  facet normal 0 0 1
    outer loop
      vertex -61.1258 89.15 5.635
      vertex -61.1258 87.85 5.635
      vertex -61.0314 87.7086 5.635
    endloop
  endfacet
  facet normal -0 0 1
    outer loop
      vertex -61.201 88.9975 5.635
      vertex -61.1258 87.85 5.635
      vertex -61.1258 89.15 5.635
    endloop
  endfacet
  facet normal 0 0 1
    outer loop
      vertex -61.201 88.9975 5.635
      vertex -61.201 88.0025 5.635
      vertex -61.1258 87.85 5.635
    endloop
  endfacet
  facet normal -0 0 1
    outer loop
      vertex -61.2557 88.8365 5.635
      vertex -61.201 88.0025 5.635
      vertex -61.201 88.9975 5.635
    endloop
  endfacet
  facet normal 0 0 1
    outer loop
      vertex -61.2557 88.8365 5.635
      vertex -61.2557 88.1635 5.635
      vertex -61.201 88.0025 5.635
    endloop
  endfacet
  facet normal -0 0 1
    outer loop
      vertex -61.2889 88.6697 5.635
      vertex -61.2557 88.1635 5.635
      vertex -61.2557 88.8365 5.635
    endloop
  endfacet
  facet normal 0 0 1
    outer loop
      vertex -61.2889 88.6697 5.635
      vertex -61.2889 88.3303 5.635
      vertex -61.2557 88.1635 5.635
    endloop
  endfacet
  facet normal 0 -0 1
    outer loop
      vertex -61.2889 88.3303 5.635
      vertex -61.2889 88.6697 5.635
      vertex -61.3 88.5 5.635
    endloop
  endfacet
  facet normal -0.893344 -0.440521 0.088757
    outer loop
      vertex -61.3411 87.7275 2.86
      vertex -61.1258 87.85 5.635
      vertex -61.201 88.0025 5.635
    endloop
  endfacet
  facet normal -0.890895 -0.445447 0.0887845
    outer loop
      vertex -61.1258 87.85 5.635
      vertex -61.3411 87.7275 2.86
      vertex -61.3404 87.7261 2.86
    endloop
  endfacet
  facet normal -0.828309 -0.553197 0.0887554
    outer loop
      vertex -61.1258 87.85 5.635
      vertex -61.3404 87.7261 2.86
      vertex -61.2288 87.559 2.86
    endloop
  endfacet
  facet normal 0.980815 0.19494 0
    outer loop
      vertex 62.9743 -88.1084 2.86
      vertex 62.8978 -87.7235 1.8
      vertex 62.8978 -87.7235 2.86
    endloop
  endfacet
  facet normal 0.980815 0.19494 0
    outer loop
      vertex 62.8978 -87.7235 1.8
      vertex 62.9743 -88.1084 2.86
      vertex 62.9743 -88.1084 1.8
    endloop
  endfacet
  facet normal 0.997853 0.0654873 0
    outer loop
      vertex 63 -88.5 2.86
      vertex 62.9743 -88.1084 1.8
      vertex 62.9743 -88.1084 2.86
    endloop
  endfacet
  facet normal 0.997853 0.0654873 0
    outer loop
      vertex 62.9743 -88.1084 1.8
      vertex 63 -88.5 2.86
      vertex 63 -88.5 1.8
    endloop
  endfacet
  facet normal -0.896961 0.44211 0
    outer loop
      vertex 57.2284 -87.352 1.8
      vertex 57.4019 -87 2.86
      vertex 57.4019 -87 1.8
    endloop
  endfacet
  facet normal -0.896961 0.44211 0
    outer loop
      vertex 57.4019 -87 2.86
      vertex 57.2284 -87.352 1.8
      vertex 57.2284 -87.352 2.86
    endloop
  endfacet
  facet normal 0.751724 -0.659478 0
    outer loop
      vertex 62.1213 -90.6213 2.86
      vertex 62.3801 -90.3263 1.8
      vertex 62.3801 -90.3263 2.86
    endloop
  endfacet
  facet normal 0.751724 -0.659478 0
    outer loop
      vertex 62.3801 -90.3263 1.8
      vertex 62.1213 -90.6213 2.86
      vertex 62.1213 -90.6213 1.8
    endloop
  endfacet
  facet normal -0.751724 0.659478 0
    outer loop
      vertex 57.6199 -86.6737 1.8
      vertex 57.8787 -86.3787 2.86
      vertex 57.8787 -86.3787 1.8
    endloop
  endfacet
  facet normal -0.751724 0.659478 0
    outer loop
      vertex 57.8787 -86.3787 2.86
      vertex 57.6199 -86.6737 1.8
      vertex 57.6199 -86.6737 2.86
    endloop
  endfacet
  facet normal -0.321651 0.946858 0
    outer loop
      vertex 59.2235 -85.6022 1.8
      vertex 58.852 -85.7284 2.86
      vertex 59.2235 -85.6022 2.86
    endloop
  endfacet
  facet normal -0.321651 0.946858 0
    outer loop
      vertex 58.852 -85.7284 2.86
      vertex 59.2235 -85.6022 1.8
      vertex 58.852 -85.7284 1.8
    endloop
  endfacet
  facet normal 0.659478 0.751724 -0
    outer loop
      vertex 62.1213 -86.3787 1.8
      vertex 61.8263 -86.1199 2.86
      vertex 62.1213 -86.3787 2.86
    endloop
  endfacet
  facet normal 0.659478 0.751724 0
    outer loop
      vertex 61.8263 -86.1199 2.86
      vertex 62.1213 -86.3787 1.8
      vertex 61.8263 -86.1199 1.8
    endloop
  endfacet
  facet normal 0.44211 -0.896961 0
    outer loop
      vertex 61.148 -91.2716 1.8
      vertex 61.5 -91.0981 2.86
      vertex 61.148 -91.2716 2.86
    endloop
  endfacet
  facet normal 0.44211 -0.896961 0
    outer loop
      vertex 61.5 -91.0981 2.86
      vertex 61.148 -91.2716 1.8
      vertex 61.5 -91.0981 1.8
    endloop
  endfacet
  facet normal 0.896961 -0.44211 0
    outer loop
      vertex 62.5981 -90 2.86
      vertex 62.7716 -89.648 1.8
      vertex 62.7716 -89.648 2.86
    endloop
  endfacet
  facet normal 0.896961 -0.44211 0
    outer loop
      vertex 62.7716 -89.648 1.8
      vertex 62.5981 -90 2.86
      vertex 62.5981 -90 1.8
    endloop
  endfacet
  facet normal -0.997853 0.0654873 0
    outer loop
      vertex 57 -88.5 1.8
      vertex 57.0257 -88.1084 2.86
      vertex 57.0257 -88.1084 1.8
    endloop
  endfacet
  facet normal -0.997853 0.0654873 0
    outer loop
      vertex 57.0257 -88.1084 2.86
      vertex 57 -88.5 1.8
      vertex 57 -88.5 2.86
    endloop
  endfacet
  facet normal 0.946858 -0.321651 0
    outer loop
      vertex 62.7716 -89.648 2.86
      vertex 62.8978 -89.2765 1.8
      vertex 62.8978 -89.2765 2.86
    endloop
  endfacet
  facet normal 0.946858 -0.321651 0
    outer loop
      vertex 62.8978 -89.2765 1.8
      vertex 62.7716 -89.648 2.86
      vertex 62.7716 -89.648 1.8
    endloop
  endfacet
  facet normal -0.659478 0.751724 0
    outer loop
      vertex 58.1737 -86.1199 1.8
      vertex 57.8787 -86.3787 2.86
      vertex 58.1737 -86.1199 2.86
    endloop
  endfacet
  facet normal -0.659478 0.751724 0
    outer loop
      vertex 57.8787 -86.3787 2.86
      vertex 58.1737 -86.1199 1.8
      vertex 57.8787 -86.3787 1.8
    endloop
  endfacet
  facet normal 0.321651 -0.946858 0
    outer loop
      vertex 60.7765 -91.3978 1.8
      vertex 61.148 -91.2716 2.86
      vertex 60.7765 -91.3978 2.86
    endloop
  endfacet
  facet normal 0.321651 -0.946858 0
    outer loop
      vertex 61.148 -91.2716 2.86
      vertex 60.7765 -91.3978 1.8
      vertex 61.148 -91.2716 1.8
    endloop
  endfacet
  facet normal -0.0654873 -0.997853 0
    outer loop
      vertex 59.6084 -91.4743 1.8
      vertex 60 -91.5 2.86
      vertex 59.6084 -91.4743 2.86
    endloop
  endfacet
  facet normal -0.0654873 -0.997853 -0
    outer loop
      vertex 60 -91.5 2.86
      vertex 59.6084 -91.4743 1.8
      vertex 60 -91.5 1.8
    endloop
  endfacet
  facet normal 0.896961 0.44211 0
    outer loop
      vertex 62.7716 -87.352 2.86
      vertex 62.5981 -87 1.8
      vertex 62.5981 -87 2.86
    endloop
  endfacet
  facet normal 0.896961 0.44211 0
    outer loop
      vertex 62.5981 -87 1.8
      vertex 62.7716 -87.352 2.86
      vertex 62.7716 -87.352 1.8
    endloop
  endfacet
  facet normal -0.946858 -0.321651 0
    outer loop
      vertex 57.2284 -89.648 1.8
      vertex 57.1022 -89.2765 2.86
      vertex 57.1022 -89.2765 1.8
    endloop
  endfacet
  facet normal -0.946858 -0.321651 0
    outer loop
      vertex 57.1022 -89.2765 2.86
      vertex 57.2284 -89.648 1.8
      vertex 57.2284 -89.648 2.86
    endloop
  endfacet
  facet normal 0.997853 -0.0654873 0
    outer loop
      vertex 62.9743 -88.8916 2.86
      vertex 63 -88.5 1.8
      vertex 63 -88.5 2.86
    endloop
  endfacet
  facet normal 0.997853 -0.0654873 0
    outer loop
      vertex 63 -88.5 1.8
      vertex 62.9743 -88.8916 2.86
      vertex 62.9743 -88.8916 1.8
    endloop
  endfacet
  facet normal 0.44211 0.896961 -0
    outer loop
      vertex 61.5 -85.9019 1.8
      vertex 61.148 -85.7284 2.86
      vertex 61.5 -85.9019 2.86
    endloop
  endfacet
  facet normal 0.44211 0.896961 0
    outer loop
      vertex 61.148 -85.7284 2.86
      vertex 61.5 -85.9019 1.8
      vertex 61.148 -85.7284 1.8
    endloop
  endfacet
  facet normal -0.980815 -0.19494 0
    outer loop
      vertex 57.1022 -89.2765 1.8
      vertex 57.0257 -88.8916 2.86
      vertex 57.0257 -88.8916 1.8
    endloop
  endfacet
  facet normal -0.980815 -0.19494 0
    outer loop
      vertex 57.0257 -88.8916 2.86
      vertex 57.1022 -89.2765 1.8
      vertex 57.1022 -89.2765 2.86
    endloop
  endfacet
  facet normal 0.751724 0.659478 0
    outer loop
      vertex 62.3801 -86.6737 2.86
      vertex 62.1213 -86.3787 1.8
      vertex 62.1213 -86.3787 2.86
    endloop
  endfacet
  facet normal 0.751724 0.659478 0
    outer loop
      vertex 62.1213 -86.3787 1.8
      vertex 62.3801 -86.6737 2.86
      vertex 62.3801 -86.6737 1.8
    endloop
  endfacet
  facet normal 0.831501 0.555523 0
    outer loop
      vertex 62.5981 -87 2.86
      vertex 62.3801 -86.6737 1.8
      vertex 62.3801 -86.6737 2.86
    endloop
  endfacet
  facet normal 0.831501 0.555523 0
    outer loop
      vertex 62.3801 -86.6737 1.8
      vertex 62.5981 -87 2.86
      vertex 62.5981 -87 1.8
    endloop
  endfacet
  facet normal 0.555523 0.831501 -0
    outer loop
      vertex 61.8263 -86.1199 1.8
      vertex 61.5 -85.9019 2.86
      vertex 61.8263 -86.1199 2.86
    endloop
  endfacet
  facet normal 0.555523 0.831501 0
    outer loop
      vertex 61.5 -85.9019 2.86
      vertex 61.8263 -86.1199 1.8
      vertex 61.5 -85.9019 1.8
    endloop
  endfacet
  facet normal 0.659478 -0.751724 0
    outer loop
      vertex 61.8263 -90.8801 1.8
      vertex 62.1213 -90.6213 2.86
      vertex 61.8263 -90.8801 2.86
    endloop
  endfacet
  facet normal 0.659478 -0.751724 0
    outer loop
      vertex 62.1213 -90.6213 2.86
      vertex 61.8263 -90.8801 1.8
      vertex 62.1213 -90.6213 1.8
    endloop
  endfacet
  facet normal -0.321651 -0.946858 0
    outer loop
      vertex 58.852 -91.2716 1.8
      vertex 59.2235 -91.3978 2.86
      vertex 58.852 -91.2716 2.86
    endloop
  endfacet
  facet normal -0.321651 -0.946858 -0
    outer loop
      vertex 59.2235 -91.3978 2.86
      vertex 58.852 -91.2716 1.8
      vertex 59.2235 -91.3978 1.8
    endloop
  endfacet
  facet normal -0.44211 -0.896961 0
    outer loop
      vertex 58.5 -91.0981 1.8
      vertex 58.852 -91.2716 2.86
      vertex 58.5 -91.0981 2.86
    endloop
  endfacet
  facet normal -0.44211 -0.896961 -0
    outer loop
      vertex 58.852 -91.2716 2.86
      vertex 58.5 -91.0981 1.8
      vertex 58.852 -91.2716 1.8
    endloop
  endfacet
  facet normal -0.997853 -0.0654873 0
    outer loop
      vertex 57.0257 -88.8916 1.8
      vertex 57 -88.5 2.86
      vertex 57 -88.5 1.8
    endloop
  endfacet
  facet normal -0.997853 -0.0654873 0
    outer loop
      vertex 57 -88.5 2.86
      vertex 57.0257 -88.8916 1.8
      vertex 57.0257 -88.8916 2.86
    endloop
  endfacet
  facet normal -0.44211 0.896961 0
    outer loop
      vertex 58.852 -85.7284 1.8
      vertex 58.5 -85.9019 2.86
      vertex 58.852 -85.7284 2.86
    endloop
  endfacet
  facet normal -0.44211 0.896961 0
    outer loop
      vertex 58.5 -85.9019 2.86
      vertex 58.852 -85.7284 1.8
      vertex 58.5 -85.9019 1.8
    endloop
  endfacet
  facet normal -0.0654873 0.997853 0
    outer loop
      vertex 60 -85.5 1.8
      vertex 59.6084 -85.5257 2.86
      vertex 60 -85.5 2.86
    endloop
  endfacet
  facet normal -0.0654873 0.997853 0
    outer loop
      vertex 59.6084 -85.5257 2.86
      vertex 60 -85.5 1.8
      vertex 59.6084 -85.5257 1.8
    endloop
  endfacet
  facet normal -0.980815 0.19494 0
    outer loop
      vertex 57.0257 -88.1084 1.8
      vertex 57.1022 -87.7235 2.86
      vertex 57.1022 -87.7235 1.8
    endloop
  endfacet
  facet normal -0.980815 0.19494 0
    outer loop
      vertex 57.1022 -87.7235 2.86
      vertex 57.0257 -88.1084 1.8
      vertex 57.0257 -88.1084 2.86
    endloop
  endfacet
  facet normal -0.831501 0.555523 0
    outer loop
      vertex 57.4019 -87 1.8
      vertex 57.6199 -86.6737 2.86
      vertex 57.6199 -86.6737 1.8
    endloop
  endfacet
  facet normal -0.831501 0.555523 0
    outer loop
      vertex 57.6199 -86.6737 2.86
      vertex 57.4019 -87 1.8
      vertex 57.4019 -87 2.86
    endloop
  endfacet
  facet normal 0 0 1
    outer loop
      vertex 61.5478 -88.5 2.86
      vertex 63 -88.5 2.86
      vertex 62.9743 -88.1084 2.86
    endloop
  endfacet
  facet normal 0 0 1
    outer loop
      vertex 61.5342 -88.2965 2.86
      vertex 62.9743 -88.1084 2.86
      vertex 62.8978 -87.7235 2.86
    endloop
  endfacet
  facet normal 0 0 1
    outer loop
      vertex 63 -88.5 2.86
      vertex 61.5478 -88.5 2.86
      vertex 62.9743 -88.8916 2.86
    endloop
  endfacet
  facet normal 0 0 1
    outer loop
      vertex 61.4945 -88.098 2.86
      vertex 62.8978 -87.7235 2.86
      vertex 62.7716 -87.352 2.86
    endloop
  endfacet
  facet normal -0 0 1
    outer loop
      vertex 61.5346 -88.7005 2.86
      vertex 62.9743 -88.8916 2.86
      vertex 61.5478 -88.5 2.86
    endloop
  endfacet
  facet normal 0 0 1
    outer loop
      vertex 61.43 -87.9077 2.86
      vertex 62.7716 -87.352 2.86
      vertex 62.5981 -87 2.86
    endloop
  endfacet
  facet normal -0 0 1
    outer loop
      vertex 61.5345 -88.702 2.86
      vertex 62.9743 -88.8916 2.86
      vertex 61.5346 -88.7005 2.86
    endloop
  endfacet
  facet normal 0 0 1
    outer loop
      vertex 61.3404 -87.7261 2.86
      vertex 62.5981 -87 2.86
      vertex 62.3801 -86.6737 2.86
    endloop
  endfacet
  facet normal -0 0 1
    outer loop
      vertex 61.5342 -88.7035 2.86
      vertex 62.9743 -88.8916 2.86
      vertex 61.5345 -88.702 2.86
    endloop
  endfacet
  facet normal 0 0 1
    outer loop
      vertex 61.2279 -87.5578 2.86
      vertex 62.3801 -86.6737 2.86
      vertex 62.1213 -86.3787 2.86
    endloop
  endfacet
  facet normal 0 0 1
    outer loop
      vertex 62.9743 -88.8916 2.86
      vertex 61.5342 -88.7035 2.86
      vertex 62.8978 -89.2765 2.86
    endloop
  endfacet
  facet normal 0 0 1
    outer loop
      vertex 61.0933 -87.4046 2.86
      vertex 62.1213 -86.3787 2.86
      vertex 61.8263 -86.1199 2.86
    endloop
  endfacet
  facet normal -0 0 1
    outer loop
      vertex 61.495 -88.9006 2.86
      vertex 62.8978 -89.2765 2.86
      vertex 61.5342 -88.7035 2.86
    endloop
  endfacet
  facet normal -0 0 1
    outer loop
      vertex 61.4945 -88.902 2.86
      vertex 62.8978 -89.2765 2.86
      vertex 61.495 -88.9006 2.86
    endloop
  endfacet
  facet normal 0 0 1
    outer loop
      vertex 62.9743 -88.1084 2.86
      vertex 61.5346 -88.2995 2.86
      vertex 61.5478 -88.5 2.86
    endloop
  endfacet
  facet normal 0 0 1
    outer loop
      vertex 62.9743 -88.1084 2.86
      vertex 61.5345 -88.298 2.86
      vertex 61.5346 -88.2995 2.86
    endloop
  endfacet
  facet normal 0 0 1
    outer loop
      vertex 62.9743 -88.1084 2.86
      vertex 61.5342 -88.2965 2.86
      vertex 61.5345 -88.298 2.86
    endloop
  endfacet
  facet normal 0 0 1
    outer loop
      vertex 60.941 -87.2712 2.86
      vertex 61.8263 -86.1199 2.86
      vertex 61.5 -85.9019 2.86
    endloop
  endfacet
  facet normal 0 0 1
    outer loop
      vertex 62.8978 -87.7235 2.86
      vertex 61.495 -88.0994 2.86
      vertex 61.5342 -88.2965 2.86
    endloop
  endfacet
  facet normal 0 0 1
    outer loop
      vertex 62.8978 -87.7235 2.86
      vertex 61.4945 -88.098 2.86
      vertex 61.495 -88.0994 2.86
    endloop
  endfacet
  facet normal 0 0 1
    outer loop
      vertex 62.7716 -87.352 2.86
      vertex 61.43 -87.9077 2.86
      vertex 61.4945 -88.098 2.86
    endloop
  endfacet
  facet normal 0 0 1
    outer loop
      vertex 62.5981 -87 2.86
      vertex 61.3411 -87.7275 2.86
      vertex 61.43 -87.9077 2.86
    endloop
  endfacet
  facet normal 0 0 1
    outer loop
      vertex 62.5981 -87 2.86
      vertex 61.3404 -87.7261 2.86
      vertex 61.3411 -87.7275 2.86
    endloop
  endfacet
  facet normal 0 0 1
    outer loop
      vertex 62.3801 -86.6737 2.86
      vertex 61.2288 -87.559 2.86
      vertex 61.3404 -87.7261 2.86
    endloop
  endfacet
  facet normal 0 0 1
    outer loop
      vertex 62.3801 -86.6737 2.86
      vertex 61.2279 -87.5578 2.86
      vertex 61.2288 -87.559 2.86
    endloop
  endfacet
  facet normal 0 0 1
    outer loop
      vertex 60.7725 -87.1589 2.86
      vertex 61.5 -85.9019 2.86
      vertex 61.148 -85.7284 2.86
    endloop
  endfacet
  facet normal 0 0 1
    outer loop
      vertex 62.1213 -86.3787 2.86
      vertex 61.0954 -87.4067 2.86
      vertex 61.2279 -87.5578 2.86
    endloop
  endfacet
  facet normal 0 0 1
    outer loop
      vertex 62.1213 -86.3787 2.86
      vertex 61.0944 -87.4056 2.86
      vertex 61.0954 -87.4067 2.86
    endloop
  endfacet
  facet normal 0 0 1
    outer loop
      vertex 62.1213 -86.3787 2.86
      vertex 61.0933 -87.4046 2.86
      vertex 61.0944 -87.4056 2.86
    endloop
  endfacet
  facet normal 0 0 1
    outer loop
      vertex 61.8263 -86.1199 2.86
      vertex 60.9422 -87.2721 2.86
      vertex 61.0933 -87.4046 2.86
    endloop
  endfacet
  facet normal 0 0 1
    outer loop
      vertex 61.8263 -86.1199 2.86
      vertex 60.941 -87.2712 2.86
      vertex 60.9422 -87.2721 2.86
    endloop
  endfacet
  facet normal 0 0 1
    outer loop
      vertex 60.5923 -87.0701 2.86
      vertex 61.148 -85.7284 2.86
      vertex 60.7765 -85.6022 2.86
    endloop
  endfacet
  facet normal 0 0 1
    outer loop
      vertex 61.5 -85.9019 2.86
      vertex 60.7739 -87.1596 2.86
      vertex 60.941 -87.2712 2.86
    endloop
  endfacet
  facet normal 0 0 1
    outer loop
      vertex 61.5 -85.9019 2.86
      vertex 60.7725 -87.1589 2.86
      vertex 60.7739 -87.1596 2.86
    endloop
  endfacet
  facet normal 0 0 1
    outer loop
      vertex 61.148 -85.7284 2.86
      vertex 60.5923 -87.0701 2.86
      vertex 60.7725 -87.1589 2.86
    endloop
  endfacet
  facet normal 0 0 1
    outer loop
      vertex 60.7765 -85.6022 2.86
      vertex 60.402 -87.0055 2.86
      vertex 60.5923 -87.0701 2.86
    endloop
  endfacet
  facet normal 0 0 1
    outer loop
      vertex 60.7765 -85.6022 2.86
      vertex 60.4006 -87.005 2.86
      vertex 60.402 -87.0055 2.86
    endloop
  endfacet
  facet normal 0 0 1
    outer loop
      vertex 60.3916 -85.5257 2.86
      vertex 60.4006 -87.005 2.86
      vertex 60.7765 -85.6022 2.86
    endloop
  endfacet
  facet normal 0 0 1
    outer loop
      vertex 60.3916 -85.5257 2.86
      vertex 60.2035 -86.9658 2.86
      vertex 60.4006 -87.005 2.86
    endloop
  endfacet
  facet normal 0 0 1
    outer loop
      vertex 60.3916 -85.5257 2.86
      vertex 60.202 -86.9655 2.86
      vertex 60.2035 -86.9658 2.86
    endloop
  endfacet
  facet normal 0 0 1
    outer loop
      vertex 60.3916 -85.5257 2.86
      vertex 60.2005 -86.9654 2.86
      vertex 60.202 -86.9655 2.86
    endloop
  endfacet
  facet normal 0 0 1
    outer loop
      vertex 60 -85.5 2.86
      vertex 60.2005 -86.9654 2.86
      vertex 60.3916 -85.5257 2.86
    endloop
  endfacet
  facet normal 0 0 1
    outer loop
      vertex 60 -85.5 2.86
      vertex 60 -86.9522 2.86
      vertex 60.2005 -86.9654 2.86
    endloop
  endfacet
  facet normal 0 0 1
    outer loop
      vertex 60 -85.5 2.86
      vertex 59.7995 -86.9654 2.86
      vertex 60 -86.9522 2.86
    endloop
  endfacet
  facet normal -0 0 1
    outer loop
      vertex 59.6084 -85.5257 2.86
      vertex 59.7995 -86.9654 2.86
      vertex 60 -85.5 2.86
    endloop
  endfacet
  facet normal 0 0 1
    outer loop
      vertex 59.7995 -86.9654 2.86
      vertex 59.6084 -85.5257 2.86
      vertex 59.798 -86.9655 2.86
    endloop
  endfacet
  facet normal 0 0 1
    outer loop
      vertex 59.798 -86.9655 2.86
      vertex 59.6084 -85.5257 2.86
      vertex 59.7965 -86.9658 2.86
    endloop
  endfacet
  facet normal 0 0 1
    outer loop
      vertex 59.6084 -85.5257 2.86
      vertex 59.5994 -87.005 2.86
      vertex 59.7965 -86.9658 2.86
    endloop
  endfacet
  facet normal -0 0 1
    outer loop
      vertex 59.2235 -85.6022 2.86
      vertex 59.5994 -87.005 2.86
      vertex 59.6084 -85.5257 2.86
    endloop
  endfacet
  facet normal 0 0 1
    outer loop
      vertex 59.5994 -87.005 2.86
      vertex 59.2235 -85.6022 2.86
      vertex 59.598 -87.0055 2.86
    endloop
  endfacet
  facet normal 0 0 1
    outer loop
      vertex 59.598 -87.0055 2.86
      vertex 59.2235 -85.6022 2.86
      vertex 59.4077 -87.0701 2.86
    endloop
  endfacet
  facet normal -0 0 1
    outer loop
      vertex 58.852 -85.7284 2.86
      vertex 59.4077 -87.0701 2.86
      vertex 59.2235 -85.6022 2.86
    endloop
  endfacet
  facet normal 0 0 1
    outer loop
      vertex 59.4077 -87.0701 2.86
      vertex 58.852 -85.7284 2.86
      vertex 59.2275 -87.1589 2.86
    endloop
  endfacet
  facet normal -0 0 1
    outer loop
      vertex 58.5 -85.9019 2.86
      vertex 59.2275 -87.1589 2.86
      vertex 58.852 -85.7284 2.86
    endloop
  endfacet
  facet normal 0 0 1
    outer loop
      vertex 59.2275 -87.1589 2.86
      vertex 58.5 -85.9019 2.86
      vertex 59.2261 -87.1596 2.86
    endloop
  endfacet
  facet normal 0 0 1
    outer loop
      vertex 59.2261 -87.1596 2.86
      vertex 58.5 -85.9019 2.86
      vertex 59.059 -87.2712 2.86
    endloop
  endfacet
  facet normal -0 0 1
    outer loop
      vertex 58.1737 -86.1199 2.86
      vertex 59.059 -87.2712 2.86
      vertex 58.5 -85.9019 2.86
    endloop
  endfacet
  facet normal 0 0 1
    outer loop
      vertex 59.059 -87.2712 2.86
      vertex 58.1737 -86.1199 2.86
      vertex 59.0578 -87.2721 2.86
    endloop
  endfacet
  facet normal 0 0 1
    outer loop
      vertex 59.0578 -87.2721 2.86
      vertex 58.1737 -86.1199 2.86
      vertex 58.9067 -87.4046 2.86
    endloop
  endfacet
  facet normal -0 0 1
    outer loop
      vertex 57.8787 -86.3787 2.86
      vertex 58.9067 -87.4046 2.86
      vertex 58.1737 -86.1199 2.86
    endloop
  endfacet
  facet normal 0 0 1
    outer loop
      vertex 58.9067 -87.4046 2.86
      vertex 57.8787 -86.3787 2.86
      vertex 58.9056 -87.4056 2.86
    endloop
  endfacet
  facet normal 0 0 1
    outer loop
      vertex 58.9056 -87.4056 2.86
      vertex 57.8787 -86.3787 2.86
      vertex 58.9046 -87.4067 2.86
    endloop
  endfacet
  facet normal 0 0 1
    outer loop
      vertex 58.9046 -87.4067 2.86
      vertex 57.8787 -86.3787 2.86
      vertex 58.7721 -87.5578 2.86
    endloop
  endfacet
  facet normal -0 0 1
    outer loop
      vertex 57.6199 -86.6737 2.86
      vertex 58.7721 -87.5578 2.86
      vertex 57.8787 -86.3787 2.86
    endloop
  endfacet
  facet normal 0 0 1
    outer loop
      vertex 58.7721 -87.5578 2.86
      vertex 57.6199 -86.6737 2.86
      vertex 58.7712 -87.559 2.86
    endloop
  endfacet
  facet normal 0 0 1
    outer loop
      vertex 58.7712 -87.559 2.86
      vertex 57.6199 -86.6737 2.86
      vertex 58.6596 -87.7261 2.86
    endloop
  endfacet
  facet normal -0 0 1
    outer loop
      vertex 57.4019 -87 2.86
      vertex 58.6596 -87.7261 2.86
      vertex 57.6199 -86.6737 2.86
    endloop
  endfacet
  facet normal 0 0 1
    outer loop
      vertex 58.6596 -87.7261 2.86
      vertex 57.4019 -87 2.86
      vertex 58.6589 -87.7275 2.86
    endloop
  endfacet
  facet normal 0 0 1
    outer loop
      vertex 58.6589 -87.7275 2.86
      vertex 57.4019 -87 2.86
      vertex 58.57 -87.9077 2.86
    endloop
  endfacet
  facet normal -0 0 1
    outer loop
      vertex 57.2284 -87.352 2.86
      vertex 58.57 -87.9077 2.86
      vertex 57.4019 -87 2.86
    endloop
  endfacet
  facet normal 0 0 1
    outer loop
      vertex 58.57 -87.9077 2.86
      vertex 57.2284 -87.352 2.86
      vertex 58.5055 -88.098 2.86
    endloop
  endfacet
  facet normal -0 0 1
    outer loop
      vertex 57.1022 -87.7235 2.86
      vertex 58.5055 -88.098 2.86
      vertex 57.2284 -87.352 2.86
    endloop
  endfacet
  facet normal 0 0 1
    outer loop
      vertex 62.8978 -89.2765 2.86
      vertex 61.4945 -88.902 2.86
      vertex 62.7716 -89.648 2.86
    endloop
  endfacet
  facet normal -0 0 1
    outer loop
      vertex 61.43 -89.0923 2.86
      vertex 62.7716 -89.648 2.86
      vertex 61.4945 -88.902 2.86
    endloop
  endfacet
  facet normal 0 0 1
    outer loop
      vertex 62.7716 -89.648 2.86
      vertex 61.43 -89.0923 2.86
      vertex 62.5981 -90 2.86
    endloop
  endfacet
  facet normal -0 0 1
    outer loop
      vertex 61.3411 -89.2725 2.86
      vertex 62.5981 -90 2.86
      vertex 61.43 -89.0923 2.86
    endloop
  endfacet
  facet normal -0 0 1
    outer loop
      vertex 61.3404 -89.2739 2.86
      vertex 62.5981 -90 2.86
      vertex 61.3411 -89.2725 2.86
    endloop
  endfacet
  facet normal 0 0 1
    outer loop
      vertex 62.5981 -90 2.86
      vertex 61.3404 -89.2739 2.86
      vertex 62.3801 -90.3263 2.86
    endloop
  endfacet
  facet normal -0 0 1
    outer loop
      vertex 61.2288 -89.441 2.86
      vertex 62.3801 -90.3263 2.86
      vertex 61.3404 -89.2739 2.86
    endloop
  endfacet
  facet normal -0 0 1
    outer loop
      vertex 61.2279 -89.4422 2.86
      vertex 62.3801 -90.3263 2.86
      vertex 61.2288 -89.441 2.86
    endloop
  endfacet
  facet normal 0 0 1
    outer loop
      vertex 62.3801 -90.3263 2.86
      vertex 61.2279 -89.4422 2.86
      vertex 62.1213 -90.6213 2.86
    endloop
  endfacet
  facet normal -0 0 1
    outer loop
      vertex 61.0954 -89.5933 2.86
      vertex 62.1213 -90.6213 2.86
      vertex 61.2279 -89.4422 2.86
    endloop
  endfacet
  facet normal -0 0 1
    outer loop
      vertex 61.0944 -89.5944 2.86
      vertex 62.1213 -90.6213 2.86
      vertex 61.0954 -89.5933 2.86
    endloop
  endfacet
  facet normal -0 0 1
    outer loop
      vertex 61.0933 -89.5954 2.86
      vertex 62.1213 -90.6213 2.86
      vertex 61.0944 -89.5944 2.86
    endloop
  endfacet
  facet normal 0 0 1
    outer loop
      vertex 62.1213 -90.6213 2.86
      vertex 61.0933 -89.5954 2.86
      vertex 61.8263 -90.8801 2.86
    endloop
  endfacet
  facet normal -0 0 1
    outer loop
      vertex 60.9422 -89.7279 2.86
      vertex 61.8263 -90.8801 2.86
      vertex 61.0933 -89.5954 2.86
    endloop
  endfacet
  facet normal -0 0 1
    outer loop
      vertex 60.941 -89.7288 2.86
      vertex 61.8263 -90.8801 2.86
      vertex 60.9422 -89.7279 2.86
    endloop
  endfacet
  facet normal 0 0 1
    outer loop
      vertex 61.8263 -90.8801 2.86
      vertex 60.941 -89.7288 2.86
      vertex 61.5 -91.0981 2.86
    endloop
  endfacet
  facet normal -0 0 1
    outer loop
      vertex 60.7739 -89.8404 2.86
      vertex 61.5 -91.0981 2.86
      vertex 60.941 -89.7288 2.86
    endloop
  endfacet
  facet normal -0 0 1
    outer loop
      vertex 60.7725 -89.8411 2.86
      vertex 61.5 -91.0981 2.86
      vertex 60.7739 -89.8404 2.86
    endloop
  endfacet
  facet normal 0 0 1
    outer loop
      vertex 61.5 -91.0981 2.86
      vertex 60.7725 -89.8411 2.86
      vertex 61.148 -91.2716 2.86
    endloop
  endfacet
  facet normal -0 0 1
    outer loop
      vertex 60.5923 -89.9299 2.86
      vertex 61.148 -91.2716 2.86
      vertex 60.7725 -89.8411 2.86
    endloop
  endfacet
  facet normal 0 0 1
    outer loop
      vertex 61.148 -91.2716 2.86
      vertex 60.5923 -89.9299 2.86
      vertex 60.7765 -91.3978 2.86
    endloop
  endfacet
  facet normal -0 0 1
    outer loop
      vertex 60.402 -89.9945 2.86
      vertex 60.7765 -91.3978 2.86
      vertex 60.5923 -89.9299 2.86
    endloop
  endfacet
  facet normal -0 0 1
    outer loop
      vertex 60.4006 -89.995 2.86
      vertex 60.7765 -91.3978 2.86
      vertex 60.402 -89.9945 2.86
    endloop
  endfacet
  facet normal 0 0 1
    outer loop
      vertex 60.4006 -89.995 2.86
      vertex 60.3916 -91.4743 2.86
      vertex 60.7765 -91.3978 2.86
    endloop
  endfacet
  facet normal -0 0 1
    outer loop
      vertex 60.2035 -90.0342 2.86
      vertex 60.3916 -91.4743 2.86
      vertex 60.4006 -89.995 2.86
    endloop
  endfacet
  facet normal -0 0 1
    outer loop
      vertex 60.202 -90.0345 2.86
      vertex 60.3916 -91.4743 2.86
      vertex 60.2035 -90.0342 2.86
    endloop
  endfacet
  facet normal -0 0 1
    outer loop
      vertex 60.2005 -90.0346 2.86
      vertex 60.3916 -91.4743 2.86
      vertex 60.202 -90.0345 2.86
    endloop
  endfacet
  facet normal -0 0 1
    outer loop
      vertex 60 -90.0478 2.86
      vertex 60.3916 -91.4743 2.86
      vertex 60.2005 -90.0346 2.86
    endloop
  endfacet
  facet normal 0 0 1
    outer loop
      vertex 60 -90.0478 2.86
      vertex 60 -91.5 2.86
      vertex 60.3916 -91.4743 2.86
    endloop
  endfacet
  facet normal 0 0 1
    outer loop
      vertex 59.7995 -90.0346 2.86
      vertex 60 -91.5 2.86
      vertex 60 -90.0478 2.86
    endloop
  endfacet
  facet normal 0 0 1
    outer loop
      vertex 59.6084 -91.4743 2.86
      vertex 59.7995 -90.0346 2.86
      vertex 59.798 -90.0345 2.86
    endloop
  endfacet
  facet normal 0 0 1
    outer loop
      vertex 59.6084 -91.4743 2.86
      vertex 59.798 -90.0345 2.86
      vertex 59.7965 -90.0342 2.86
    endloop
  endfacet
  facet normal 0 0 1
    outer loop
      vertex 59.7995 -90.0346 2.86
      vertex 59.6084 -91.4743 2.86
      vertex 60 -91.5 2.86
    endloop
  endfacet
  facet normal 0 0 1
    outer loop
      vertex 59.5994 -89.995 2.86
      vertex 59.6084 -91.4743 2.86
      vertex 59.7965 -90.0342 2.86
    endloop
  endfacet
  facet normal 0 0 1
    outer loop
      vertex 59.2235 -91.3978 2.86
      vertex 59.5994 -89.995 2.86
      vertex 59.598 -89.9945 2.86
    endloop
  endfacet
  facet normal 0 0 1
    outer loop
      vertex 59.2235 -91.3978 2.86
      vertex 59.598 -89.9945 2.86
      vertex 59.4077 -89.9299 2.86
    endloop
  endfacet
  facet normal 0 0 1
    outer loop
      vertex 58.852 -91.2716 2.86
      vertex 59.4077 -89.9299 2.86
      vertex 59.2275 -89.8411 2.86
    endloop
  endfacet
  facet normal 0 0 1
    outer loop
      vertex 58.5 -91.0981 2.86
      vertex 59.2275 -89.8411 2.86
      vertex 59.2261 -89.8404 2.86
    endloop
  endfacet
  facet normal 0 0 1
    outer loop
      vertex 59.5994 -89.995 2.86
      vertex 59.2235 -91.3978 2.86
      vertex 59.6084 -91.4743 2.86
    endloop
  endfacet
  facet normal 0 0 1
    outer loop
      vertex 58.5 -91.0981 2.86
      vertex 59.2261 -89.8404 2.86
      vertex 59.059 -89.7288 2.86
    endloop
  endfacet
  facet normal 0 0 1
    outer loop
      vertex 58.1737 -90.8801 2.86
      vertex 59.059 -89.7288 2.86
      vertex 59.0578 -89.7279 2.86
    endloop
  endfacet
  facet normal 0 0 1
    outer loop
      vertex 58.1737 -90.8801 2.86
      vertex 59.0578 -89.7279 2.86
      vertex 58.9067 -89.5954 2.86
    endloop
  endfacet
  facet normal 0 0 1
    outer loop
      vertex 57.8787 -90.6213 2.86
      vertex 58.9067 -89.5954 2.86
      vertex 58.9056 -89.5944 2.86
    endloop
  endfacet
  facet normal 0 0 1
    outer loop
      vertex 57.8787 -90.6213 2.86
      vertex 58.9056 -89.5944 2.86
      vertex 58.9046 -89.5933 2.86
    endloop
  endfacet
  facet normal 0 0 1
    outer loop
      vertex 59.4077 -89.9299 2.86
      vertex 58.852 -91.2716 2.86
      vertex 59.2235 -91.3978 2.86
    endloop
  endfacet
  facet normal 0 0 1
    outer loop
      vertex 57.8787 -90.6213 2.86
      vertex 58.9046 -89.5933 2.86
      vertex 58.7721 -89.4422 2.86
    endloop
  endfacet
  facet normal 0 0 1
    outer loop
      vertex 57.6199 -90.3263 2.86
      vertex 58.7721 -89.4422 2.86
      vertex 58.7712 -89.441 2.86
    endloop
  endfacet
  facet normal 0 0 1
    outer loop
      vertex 57.6199 -90.3263 2.86
      vertex 58.7712 -89.441 2.86
      vertex 58.6596 -89.2739 2.86
    endloop
  endfacet
  facet normal 0 0 1
    outer loop
      vertex 57.4019 -90 2.86
      vertex 58.6596 -89.2739 2.86
      vertex 58.6589 -89.2725 2.86
    endloop
  endfacet
  facet normal 0 0 1
    outer loop
      vertex 57.4019 -90 2.86
      vertex 58.6589 -89.2725 2.86
      vertex 58.57 -89.0923 2.86
    endloop
  endfacet
  facet normal 0 0 1
    outer loop
      vertex 57.2284 -89.648 2.86
      vertex 58.57 -89.0923 2.86
      vertex 58.5055 -88.902 2.86
    endloop
  endfacet
  facet normal 0 0 1
    outer loop
      vertex 57.1022 -89.2765 2.86
      vertex 58.5055 -88.902 2.86
      vertex 58.505 -88.9006 2.86
    endloop
  endfacet
  facet normal 0 0 1
    outer loop
      vertex 59.2275 -89.8411 2.86
      vertex 58.5 -91.0981 2.86
      vertex 58.852 -91.2716 2.86
    endloop
  endfacet
  facet normal 0 0 1
    outer loop
      vertex 57.1022 -89.2765 2.86
      vertex 58.505 -88.9006 2.86
      vertex 58.4658 -88.7035 2.86
    endloop
  endfacet
  facet normal 0 0 1
    outer loop
      vertex 57.0257 -88.8916 2.86
      vertex 58.4658 -88.7035 2.86
      vertex 58.4655 -88.702 2.86
    endloop
  endfacet
  facet normal 0 0 1
    outer loop
      vertex 57.0257 -88.8916 2.86
      vertex 58.4655 -88.702 2.86
      vertex 58.4654 -88.7005 2.86
    endloop
  endfacet
  facet normal 0 0 1
    outer loop
      vertex 57.0257 -88.8916 2.86
      vertex 58.4654 -88.7005 2.86
      vertex 58.4522 -88.5 2.86
    endloop
  endfacet
  facet normal 0 0 1
    outer loop
      vertex 58.5055 -88.098 2.86
      vertex 57.1022 -87.7235 2.86
      vertex 58.505 -88.0994 2.86
    endloop
  endfacet
  facet normal 0 0 1
    outer loop
      vertex 59.059 -89.7288 2.86
      vertex 58.1737 -90.8801 2.86
      vertex 58.5 -91.0981 2.86
    endloop
  endfacet
  facet normal 0 0 1
    outer loop
      vertex 58.505 -88.0994 2.86
      vertex 57.1022 -87.7235 2.86
      vertex 58.4658 -88.2965 2.86
    endloop
  endfacet
  facet normal 0 0 1
    outer loop
      vertex 58.9067 -89.5954 2.86
      vertex 57.8787 -90.6213 2.86
      vertex 58.1737 -90.8801 2.86
    endloop
  endfacet
  facet normal -0 0 1
    outer loop
      vertex 57.0257 -88.1084 2.86
      vertex 58.4658 -88.2965 2.86
      vertex 57.1022 -87.7235 2.86
    endloop
  endfacet
  facet normal 0 0 1
    outer loop
      vertex 58.7721 -89.4422 2.86
      vertex 57.6199 -90.3263 2.86
      vertex 57.8787 -90.6213 2.86
    endloop
  endfacet
  facet normal 0 0 1
    outer loop
      vertex 58.4658 -88.2965 2.86
      vertex 57.0257 -88.1084 2.86
      vertex 58.4655 -88.298 2.86
    endloop
  endfacet
  facet normal 0 0 1
    outer loop
      vertex 58.6596 -89.2739 2.86
      vertex 57.4019 -90 2.86
      vertex 57.6199 -90.3263 2.86
    endloop
  endfacet
  facet normal 0 0 1
    outer loop
      vertex 58.4655 -88.298 2.86
      vertex 57.0257 -88.1084 2.86
      vertex 58.4654 -88.2995 2.86
    endloop
  endfacet
  facet normal 0 0 1
    outer loop
      vertex 58.57 -89.0923 2.86
      vertex 57.2284 -89.648 2.86
      vertex 57.4019 -90 2.86
    endloop
  endfacet
  facet normal 0 0 1
    outer loop
      vertex 58.4654 -88.2995 2.86
      vertex 57.0257 -88.1084 2.86
      vertex 58.4522 -88.5 2.86
    endloop
  endfacet
  facet normal 0 0 1
    outer loop
      vertex 58.5055 -88.902 2.86
      vertex 57.1022 -89.2765 2.86
      vertex 57.2284 -89.648 2.86
    endloop
  endfacet
  facet normal 0 0 1
    outer loop
      vertex 57 -88.5 2.86
      vertex 58.4522 -88.5 2.86
      vertex 57.0257 -88.1084 2.86
    endloop
  endfacet
  facet normal 0 0 1
    outer loop
      vertex 58.4658 -88.7035 2.86
      vertex 57.0257 -88.8916 2.86
      vertex 57.1022 -89.2765 2.86
    endloop
  endfacet
  facet normal 0 0 1
    outer loop
      vertex 58.4522 -88.5 2.86
      vertex 57 -88.5 2.86
      vertex 57.0257 -88.8916 2.86
    endloop
  endfacet
  facet normal 0.19494 0.980815 -0
    outer loop
      vertex 60.7765 -85.6022 1.8
      vertex 60.3916 -85.5257 2.86
      vertex 60.7765 -85.6022 2.86
    endloop
  endfacet
  facet normal 0.19494 0.980815 0
    outer loop
      vertex 60.3916 -85.5257 2.86
      vertex 60.7765 -85.6022 1.8
      vertex 60.3916 -85.5257 1.8
    endloop
  endfacet
  facet normal 0.321651 0.946858 -0
    outer loop
      vertex 61.148 -85.7284 1.8
      vertex 60.7765 -85.6022 2.86
      vertex 61.148 -85.7284 2.86
    endloop
  endfacet
  facet normal 0.321651 0.946858 0
    outer loop
      vertex 60.7765 -85.6022 2.86
      vertex 61.148 -85.7284 1.8
      vertex 60.7765 -85.6022 1.8
    endloop
  endfacet
  facet normal -0.555523 0.831501 0
    outer loop
      vertex 58.5 -85.9019 1.8
      vertex 58.1737 -86.1199 2.86
      vertex 58.5 -85.9019 2.86
    endloop
  endfacet
  facet normal -0.555523 0.831501 0
    outer loop
      vertex 58.1737 -86.1199 2.86
      vertex 58.5 -85.9019 1.8
      vertex 58.1737 -86.1199 1.8
    endloop
  endfacet
  facet normal 0.980815 -0.19494 0
    outer loop
      vertex 62.8978 -89.2765 2.86
      vertex 62.9743 -88.8916 1.8
      vertex 62.9743 -88.8916 2.86
    endloop
  endfacet
  facet normal 0.980815 -0.19494 0
    outer loop
      vertex 62.9743 -88.8916 1.8
      vertex 62.8978 -89.2765 2.86
      vertex 62.8978 -89.2765 1.8
    endloop
  endfacet
  facet normal 0.0654873 0.997853 -0
    outer loop
      vertex 60.3916 -85.5257 1.8
      vertex 60 -85.5 2.86
      vertex 60.3916 -85.5257 2.86
    endloop
  endfacet
  facet normal 0.0654873 0.997853 0
    outer loop
      vertex 60 -85.5 2.86
      vertex 60.3916 -85.5257 1.8
      vertex 60 -85.5 1.8
    endloop
  endfacet
  facet normal -0.659478 -0.751724 0
    outer loop
      vertex 57.8787 -90.6213 1.8
      vertex 58.1737 -90.8801 2.86
      vertex 57.8787 -90.6213 2.86
    endloop
  endfacet
  facet normal -0.659478 -0.751724 -0
    outer loop
      vertex 58.1737 -90.8801 2.86
      vertex 57.8787 -90.6213 1.8
      vertex 58.1737 -90.8801 1.8
    endloop
  endfacet
  facet normal -0.896961 -0.44211 0
    outer loop
      vertex 57.4019 -90 1.8
      vertex 57.2284 -89.648 2.86
      vertex 57.2284 -89.648 1.8
    endloop
  endfacet
  facet normal -0.896961 -0.44211 0
    outer loop
      vertex 57.2284 -89.648 2.86
      vertex 57.4019 -90 1.8
      vertex 57.4019 -90 2.86
    endloop
  endfacet
  facet normal 0.0654873 -0.997853 0
    outer loop
      vertex 60 -91.5 1.8
      vertex 60.3916 -91.4743 2.86
      vertex 60 -91.5 2.86
    endloop
  endfacet
  facet normal 0.0654873 -0.997853 0
    outer loop
      vertex 60.3916 -91.4743 2.86
      vertex 60 -91.5 1.8
      vertex 60.3916 -91.4743 1.8
    endloop
  endfacet
  facet normal 0.946858 0.321651 0
    outer loop
      vertex 62.8978 -87.7235 2.86
      vertex 62.7716 -87.352 1.8
      vertex 62.7716 -87.352 2.86
    endloop
  endfacet
  facet normal 0.946858 0.321651 0
    outer loop
      vertex 62.7716 -87.352 1.8
      vertex 62.8978 -87.7235 2.86
      vertex 62.8978 -87.7235 1.8
    endloop
  endfacet
  facet normal -0.946858 0.321651 0
    outer loop
      vertex 57.1022 -87.7235 1.8
      vertex 57.2284 -87.352 2.86
      vertex 57.2284 -87.352 1.8
    endloop
  endfacet
  facet normal -0.946858 0.321651 0
    outer loop
      vertex 57.2284 -87.352 2.86
      vertex 57.1022 -87.7235 1.8
      vertex 57.1022 -87.7235 2.86
    endloop
  endfacet
  facet normal 0.831501 -0.555523 0
    outer loop
      vertex 62.3801 -90.3263 2.86
      vertex 62.5981 -90 1.8
      vertex 62.5981 -90 2.86
    endloop
  endfacet
  facet normal 0.831501 -0.555523 0
    outer loop
      vertex 62.5981 -90 1.8
      vertex 62.3801 -90.3263 2.86
      vertex 62.3801 -90.3263 1.8
    endloop
  endfacet
  facet normal 0.19494 -0.980815 0
    outer loop
      vertex 60.3916 -91.4743 1.8
      vertex 60.7765 -91.3978 2.86
      vertex 60.3916 -91.4743 2.86
    endloop
  endfacet
  facet normal 0.19494 -0.980815 0
    outer loop
      vertex 60.7765 -91.3978 2.86
      vertex 60.3916 -91.4743 1.8
      vertex 60.7765 -91.3978 1.8
    endloop
  endfacet
  facet normal -0.831501 -0.555523 0
    outer loop
      vertex 57.6199 -90.3263 1.8
      vertex 57.4019 -90 2.86
      vertex 57.4019 -90 1.8
    endloop
  endfacet
  facet normal -0.831501 -0.555523 0
    outer loop
      vertex 57.4019 -90 2.86
      vertex 57.6199 -90.3263 1.8
      vertex 57.6199 -90.3263 2.86
    endloop
  endfacet
  facet normal -0.751724 -0.659478 0
    outer loop
      vertex 57.8787 -90.6213 1.8
      vertex 57.6199 -90.3263 2.86
      vertex 57.6199 -90.3263 1.8
    endloop
  endfacet
  facet normal -0.751724 -0.659478 0
    outer loop
      vertex 57.6199 -90.3263 2.86
      vertex 57.8787 -90.6213 1.8
      vertex 57.8787 -90.6213 2.86
    endloop
  endfacet
  facet normal -0.19494 0.980815 0
    outer loop
      vertex 59.6084 -85.5257 1.8
      vertex 59.2235 -85.6022 2.86
      vertex 59.6084 -85.5257 2.86
    endloop
  endfacet
  facet normal -0.19494 0.980815 0
    outer loop
      vertex 59.2235 -85.6022 2.86
      vertex 59.6084 -85.5257 1.8
      vertex 59.2235 -85.6022 1.8
    endloop
  endfacet
  facet normal -0.555523 -0.831501 0
    outer loop
      vertex 58.1737 -90.8801 1.8
      vertex 58.5 -91.0981 2.86
      vertex 58.1737 -90.8801 2.86
    endloop
  endfacet
  facet normal -0.555523 -0.831501 -0
    outer loop
      vertex 58.5 -91.0981 2.86
      vertex 58.1737 -90.8801 1.8
      vertex 58.5 -91.0981 1.8
    endloop
  endfacet
  facet normal -0.19494 -0.980815 0
    outer loop
      vertex 59.2235 -91.3978 1.8
      vertex 59.6084 -91.4743 2.86
      vertex 59.2235 -91.3978 2.86
    endloop
  endfacet
  facet normal -0.19494 -0.980815 -0
    outer loop
      vertex 59.6084 -91.4743 2.86
      vertex 59.2235 -91.3978 1.8
      vertex 59.6084 -91.4743 1.8
    endloop
  endfacet
  facet normal 0.555523 -0.831501 0
    outer loop
      vertex 61.5 -91.0981 1.8
      vertex 61.8263 -90.8801 2.86
      vertex 61.5 -91.0981 2.86
    endloop
  endfacet
  facet normal 0.555523 -0.831501 0
    outer loop
      vertex 61.8263 -90.8801 2.86
      vertex 61.5 -91.0981 1.8
      vertex 61.8263 -90.8801 1.8
    endloop
  endfacet
  facet normal 0.993902 0.065434 0.0887528
    outer loop
      vertex 61.5346 -88.2995 2.86
      vertex 61.3 -88.5 5.635
      vertex 61.5478 -88.5 2.86
    endloop
  endfacet
  facet normal 0.94334 -0.319734 0.0887696
    outer loop
      vertex 61.4945 -88.902 2.86
      vertex 61.201 -88.9975 5.635
      vertex 61.43 -89.0923 2.86
    endloop
  endfacet
  facet normal 0.993932 -0.0650127 0.0887249
    outer loop
      vertex 61.2889 -88.6697 5.635
      vertex 61.5346 -88.7005 2.86
      vertex 61.3 -88.5 5.635
    endloop
  endfacet
  facet normal 0.993849 -0.0662566 0.0887314
    outer loop
      vertex 61.5346 -88.7005 2.86
      vertex 61.2889 -88.6697 5.635
      vertex 61.5345 -88.702 2.86
    endloop
  endfacet
  facet normal -0.748903 -0.656715 0.0887178
    outer loop
      vertex 58.9686 -89.2914 5.635
      vertex 58.7721 -89.4422 2.86
      vertex 58.9046 -89.5933 2.86
    endloop
  endfacet
  facet normal 0.440285 -0.893462 0.0887396
    outer loop
      vertex 60.7725 -89.8411 2.86
      vertex 60.4975 -89.701 5.635
      vertex 60.5923 -89.9299 2.86
    endloop
  endfacet
  facet normal 0.0662566 0.993849 0.0887314
    outer loop
      vertex 60.2005 -86.9654 2.86
      vertex 60.1697 -87.2111 5.635
      vertex 60.202 -86.9655 2.86
    endloop
  endfacet
  facet normal 0.0650127 0.993932 0.0887249
    outer loop
      vertex 60.1697 -87.2111 5.635
      vertex 60.2005 -86.9654 2.86
      vertex 60 -87.2 5.635
    endloop
  endfacet
  facet normal 0.553052 -0.828407 0.0887438
    outer loop
      vertex 60.941 -89.7288 2.86
      vertex 60.7914 -89.5314 5.635
      vertex 60.65 -89.6258 5.635
    endloop
  endfacet
  facet normal 0.597624 -0.796832 0.0889007
    outer loop
      vertex 60.7914 -89.5314 5.635
      vertex 60.941 -89.7288 2.86
      vertex 60.9422 -89.7279 2.86
    endloop
  endfacet
  facet normal -0.893263 -0.440683 0.088769
    outer loop
      vertex 58.799 -88.9975 5.635
      vertex 58.57 -89.0923 2.86
      vertex 58.6589 -89.2725 2.86
    endloop
  endfacet
  facet normal -0.976922 0.194294 0.0887321
    outer loop
      vertex 58.505 -88.0994 2.86
      vertex 58.4658 -88.2965 2.86
      vertex 58.7443 -88.1635 5.635
    endloop
  endfacet
  facet normal 0.993902 -0.065434 0.0887528
    outer loop
      vertex 61.5478 -88.5 2.86
      vertex 61.3 -88.5 5.635
      vertex 61.5346 -88.7005 2.86
    endloop
  endfacet
  facet normal 0.976893 0.194442 0.0887222
    outer loop
      vertex 61.2889 -88.3303 5.635
      vertex 61.5342 -88.2965 2.86
      vertex 61.2557 -88.1635 5.635
    endloop
  endfacet
  facet normal 0.976714 0.195343 0.0887173
    outer loop
      vertex 61.5342 -88.2965 2.86
      vertex 61.2889 -88.3303 5.635
      vertex 61.5345 -88.298 2.86
    endloop
  endfacet
  facet normal -0.320423 -0.94311 0.0887216
    outer loop
      vertex 59.598 -89.9945 2.86
      vertex 59.6635 -89.7557 5.635
      vertex 59.5025 -89.701 5.635
    endloop
  endfacet
  facet normal -0.335013 -0.938036 0.0886293
    outer loop
      vertex 59.6635 -89.7557 5.635
      vertex 59.598 -89.9945 2.86
      vertex 59.5994 -89.995 2.86
    endloop
  endfacet
  facet normal -0.796832 0.597624 0.0889007
    outer loop
      vertex 58.7712 -87.559 2.86
      vertex 58.9686 -87.7086 5.635
      vertex 58.7721 -87.5578 2.86
    endloop
  endfacet
  facet normal -0.828407 0.553052 0.0887438
    outer loop
      vertex 58.9686 -87.7086 5.635
      vertex 58.7712 -87.559 2.86
      vertex 58.8742 -87.85 5.635
    endloop
  endfacet
  facet normal 0.656715 0.748903 0.0887178
    outer loop
      vertex 60.9422 -87.2721 2.86
      vertex 60.7914 -87.4686 5.635
      vertex 61.0933 -87.4046 2.86
    endloop
  endfacet
  facet normal 0.828309 0.553197 0.0887554
    outer loop
      vertex 61.2288 -87.559 2.86
      vertex 61.1258 -87.85 5.635
      vertex 61.3404 -87.7261 2.86
    endloop
  endfacet
  facet normal 0.796832 0.597624 0.0889007
    outer loop
      vertex 61.0314 -87.7086 5.635
      vertex 61.2288 -87.559 2.86
      vertex 61.2279 -87.5578 2.86
    endloop
  endfacet
  facet normal 0.828407 0.553052 0.0887438
    outer loop
      vertex 61.2288 -87.559 2.86
      vertex 61.0314 -87.7086 5.635
      vertex 61.1258 -87.85 5.635
    endloop
  endfacet
  facet normal 0.32018 0.943192 0.0887386
    outer loop
      vertex 60.5923 -87.0701 2.86
      vertex 60.402 -87.0055 2.86
      vertex 60.4975 -87.299 5.635
    endloop
  endfacet
  facet normal 0.065434 -0.993902 0.0887528
    outer loop
      vertex 60 -89.8 5.635
      vertex 60 -90.0478 2.86
      vertex 60.2005 -90.0346 2.86
    endloop
  endfacet
  facet normal 0.194294 -0.976922 0.0887321
    outer loop
      vertex 60.3365 -89.7557 5.635
      vertex 60.2035 -90.0342 2.86
      vertex 60.4006 -89.995 2.86
    endloop
  endfacet
  facet normal 0.976922 0.194294 0.0887321
    outer loop
      vertex 61.495 -88.0994 2.86
      vertex 61.2557 -88.1635 5.635
      vertex 61.5342 -88.2965 2.86
    endloop
  endfacet
  facet normal -0.440521 0.893344 0.088757
    outer loop
      vertex 59.2275 -87.1589 2.86
      vertex 59.35 -87.3742 5.635
      vertex 59.5025 -87.299 5.635
    endloop
  endfacet
  facet normal -0.445447 0.890895 0.0887845
    outer loop
      vertex 59.35 -87.3742 5.635
      vertex 59.2275 -87.1589 2.86
      vertex 59.2261 -87.1596 2.86
    endloop
  endfacet
  facet normal 0.597624 0.796832 0.0889007
    outer loop
      vertex 60.941 -87.2712 2.86
      vertex 60.7914 -87.4686 5.635
      vertex 60.9422 -87.2721 2.86
    endloop
  endfacet
  facet normal 0.553052 0.828407 0.0887438
    outer loop
      vertex 60.7914 -87.4686 5.635
      vertex 60.941 -87.2712 2.86
      vertex 60.65 -87.3742 5.635
    endloop
  endfacet
  facet normal -0.065434 0.993902 0.0887528
    outer loop
      vertex 60 -86.9522 2.86
      vertex 59.7995 -86.9654 2.86
      vertex 60 -87.2 5.635
    endloop
  endfacet
  facet normal -0.993902 0.065434 0.0887528
    outer loop
      vertex 58.4654 -88.2995 2.86
      vertex 58.4522 -88.5 2.86
      vertex 58.7 -88.5 5.635
    endloop
  endfacet
  facet normal 0.32018 -0.943192 0.0887386
    outer loop
      vertex 60.4975 -89.701 5.635
      vertex 60.402 -89.9945 2.86
      vertex 60.5923 -89.9299 2.86
    endloop
  endfacet
  facet normal 0.94334 0.319734 0.0887696
    outer loop
      vertex 61.43 -87.9077 2.86
      vertex 61.201 -88.0025 5.635
      vertex 61.4945 -88.098 2.86
    endloop
  endfacet
  facet normal 0.94311 0.320423 0.0887216
    outer loop
      vertex 61.2557 -88.1635 5.635
      vertex 61.4945 -88.098 2.86
      vertex 61.201 -88.0025 5.635
    endloop
  endfacet
  facet normal 0.938036 0.335013 0.0886293
    outer loop
      vertex 61.4945 -88.098 2.86
      vertex 61.2557 -88.1635 5.635
      vertex 61.495 -88.0994 2.86
    endloop
  endfacet
  facet normal -0.737015 0.670013 0.0888329
    outer loop
      vertex 58.9046 -87.4067 2.86
      vertex 59.0808 -87.5808 5.635
      vertex 58.9056 -87.4056 2.86
    endloop
  endfacet
  facet normal -0.748517 0.657149 0.0887561
    outer loop
      vertex 59.0808 -87.5808 5.635
      vertex 58.9046 -87.4067 2.86
      vertex 58.9686 -87.7086 5.635
    endloop
  endfacet
  facet normal -0.440285 0.893462 0.0887396
    outer loop
      vertex 59.4077 -87.0701 2.86
      vertex 59.2275 -87.1589 2.86
      vertex 59.5025 -87.299 5.635
    endloop
  endfacet
  facet normal -0.976714 0.195343 0.0887173
    outer loop
      vertex 58.7111 -88.3303 5.635
      vertex 58.4658 -88.2965 2.86
      vertex 58.4655 -88.298 2.86
    endloop
  endfacet
  facet normal -0.976893 0.194442 0.0887222
    outer loop
      vertex 58.4658 -88.2965 2.86
      vertex 58.7111 -88.3303 5.635
      vertex 58.7443 -88.1635 5.635
    endloop
  endfacet
  facet normal 0.553197 0.828309 0.0887554
    outer loop
      vertex 60.7739 -87.1596 2.86
      vertex 60.65 -87.3742 5.635
      vertex 60.941 -87.2712 2.86
    endloop
  endfacet
  facet normal -0.828309 0.553197 0.0887554
    outer loop
      vertex 58.7712 -87.559 2.86
      vertex 58.6596 -87.7261 2.86
      vertex 58.8742 -87.85 5.635
    endloop
  endfacet
  facet normal 0.656715 -0.748903 0.0887178
    outer loop
      vertex 61.0933 -89.5954 2.86
      vertex 60.7914 -89.5314 5.635
      vertex 60.9422 -89.7279 2.86
    endloop
  endfacet
  facet normal 0.194294 0.976922 0.0887321
    outer loop
      vertex 60.4006 -87.005 2.86
      vertex 60.2035 -86.9658 2.86
      vertex 60.3365 -87.2443 5.635
    endloop
  endfacet
  facet normal -0.993849 0.0662566 0.0887314
    outer loop
      vertex 58.4654 -88.2995 2.86
      vertex 58.7111 -88.3303 5.635
      vertex 58.4655 -88.298 2.86
    endloop
  endfacet
  facet normal -0.993932 0.0650127 0.0887249
    outer loop
      vertex 58.7111 -88.3303 5.635
      vertex 58.4654 -88.2995 2.86
      vertex 58.7 -88.5 5.635
    endloop
  endfacet
  facet normal -0.0650127 0.993932 0.0887249
    outer loop
      vertex 59.7995 -86.9654 2.86
      vertex 59.8303 -87.2111 5.635
      vertex 60 -87.2 5.635
    endloop
  endfacet
  facet normal -0.0662566 0.993849 0.0887314
    outer loop
      vertex 59.8303 -87.2111 5.635
      vertex 59.7995 -86.9654 2.86
      vertex 59.798 -86.9655 2.86
    endloop
  endfacet
  facet normal -0.656715 -0.748903 0.0887178
    outer loop
      vertex 59.2086 -89.5314 5.635
      vertex 58.9067 -89.5954 2.86
      vertex 59.0578 -89.7279 2.86
    endloop
  endfacet
  facet normal -0.748903 0.656715 0.0887178
    outer loop
      vertex 58.9046 -87.4067 2.86
      vertex 58.7721 -87.5578 2.86
      vertex 58.9686 -87.7086 5.635
    endloop
  endfacet
  facet normal 0.828309 -0.553197 0.0887554
    outer loop
      vertex 61.3404 -89.2739 2.86
      vertex 61.1258 -89.15 5.635
      vertex 61.2288 -89.441 2.86
    endloop
  endfacet
  facet normal -0.94334 -0.319734 0.0887696
    outer loop
      vertex 58.799 -88.9975 5.635
      vertex 58.5055 -88.902 2.86
      vertex 58.57 -89.0923 2.86
    endloop
  endfacet
  facet normal -0.32018 0.943192 0.0887386
    outer loop
      vertex 59.598 -87.0055 2.86
      vertex 59.4077 -87.0701 2.86
      vertex 59.5025 -87.299 5.635
    endloop
  endfacet
  facet normal 0.657149 -0.748517 0.0887561
    outer loop
      vertex 61.0933 -89.5954 2.86
      vertex 60.9192 -89.4192 5.635
      vertex 60.7914 -89.5314 5.635
    endloop
  endfacet
  facet normal 0.670013 -0.737015 0.0888329
    outer loop
      vertex 60.9192 -89.4192 5.635
      vertex 61.0933 -89.5954 2.86
      vertex 61.0944 -89.5944 2.86
    endloop
  endfacet
  facet normal -0.938036 0.335013 0.0886293
    outer loop
      vertex 58.7443 -88.1635 5.635
      vertex 58.5055 -88.098 2.86
      vertex 58.505 -88.0994 2.86
    endloop
  endfacet
  facet normal -0.94311 0.320423 0.0887216
    outer loop
      vertex 58.5055 -88.098 2.86
      vertex 58.7443 -88.1635 5.635
      vertex 58.799 -88.0025 5.635
    endloop
  endfacet
  facet normal 0.445447 0.890895 0.0887845
    outer loop
      vertex 60.7725 -87.1589 2.86
      vertex 60.65 -87.3742 5.635
      vertex 60.7739 -87.1596 2.86
    endloop
  endfacet
  facet normal 0.440521 0.893344 0.088757
    outer loop
      vertex 60.65 -87.3742 5.635
      vertex 60.7725 -87.1589 2.86
      vertex 60.4975 -87.299 5.635
    endloop
  endfacet
  facet normal 0.065434 0.993902 0.0887528
    outer loop
      vertex 60 -86.9522 2.86
      vertex 60 -87.2 5.635
      vertex 60.2005 -86.9654 2.86
    endloop
  endfacet
  facet normal -0.993902 -0.065434 0.0887528
    outer loop
      vertex 58.7 -88.5 5.635
      vertex 58.4522 -88.5 2.86
      vertex 58.4654 -88.7005 2.86
    endloop
  endfacet
  facet normal -0.976922 -0.194294 0.0887321
    outer loop
      vertex 58.7443 -88.8365 5.635
      vertex 58.4658 -88.7035 2.86
      vertex 58.505 -88.9006 2.86
    endloop
  endfacet
  facet normal -0.195343 0.976714 0.0887173
    outer loop
      vertex 59.7965 -86.9658 2.86
      vertex 59.8303 -87.2111 5.635
      vertex 59.798 -86.9655 2.86
    endloop
  endfacet
  facet normal -0.194442 0.976893 0.0887222
    outer loop
      vertex 59.8303 -87.2111 5.635
      vertex 59.7965 -86.9658 2.86
      vertex 59.6635 -87.2443 5.635
    endloop
  endfacet
  facet normal 0.748903 0.656715 0.0887178
    outer loop
      vertex 61.0954 -87.4067 2.86
      vertex 61.0314 -87.7086 5.635
      vertex 61.2279 -87.5578 2.86
    endloop
  endfacet
  facet normal -0.890895 0.445447 0.0887845
    outer loop
      vertex 58.6589 -87.7275 2.86
      vertex 58.8742 -87.85 5.635
      vertex 58.6596 -87.7261 2.86
    endloop
  endfacet
  facet normal -0.893344 0.440521 0.088757
    outer loop
      vertex 58.8742 -87.85 5.635
      vertex 58.6589 -87.7275 2.86
      vertex 58.799 -88.0025 5.635
    endloop
  endfacet
  facet normal -0.194294 0.976922 0.0887321
    outer loop
      vertex 59.7965 -86.9658 2.86
      vertex 59.5994 -87.005 2.86
      vertex 59.6635 -87.2443 5.635
    endloop
  endfacet
  facet normal 0.194442 0.976893 0.0887222
    outer loop
      vertex 60.2035 -86.9658 2.86
      vertex 60.1697 -87.2111 5.635
      vertex 60.3365 -87.2443 5.635
    endloop
  endfacet
  facet normal 0.195343 0.976714 0.0887173
    outer loop
      vertex 60.1697 -87.2111 5.635
      vertex 60.2035 -86.9658 2.86
      vertex 60.202 -86.9655 2.86
    endloop
  endfacet
  facet normal -0.893263 0.440683 0.088769
    outer loop
      vertex 58.6589 -87.7275 2.86
      vertex 58.57 -87.9077 2.86
      vertex 58.799 -88.0025 5.635
    endloop
  endfacet
  facet normal -0.94334 0.319734 0.0887696
    outer loop
      vertex 58.57 -87.9077 2.86
      vertex 58.5055 -88.098 2.86
      vertex 58.799 -88.0025 5.635
    endloop
  endfacet
  facet normal 0.737015 0.670013 0.0888329
    outer loop
      vertex 60.9192 -87.5808 5.635
      vertex 61.0954 -87.4067 2.86
      vertex 61.0944 -87.4056 2.86
    endloop
  endfacet
  facet normal 0.748517 0.657149 0.0887561
    outer loop
      vertex 61.0954 -87.4067 2.86
      vertex 60.9192 -87.5808 5.635
      vertex 61.0314 -87.7086 5.635
    endloop
  endfacet
  facet normal -0.656715 0.748903 0.0887178
    outer loop
      vertex 59.0578 -87.2721 2.86
      vertex 58.9067 -87.4046 2.86
      vertex 59.2086 -87.4686 5.635
    endloop
  endfacet
  facet normal 0.893344 -0.440521 0.088757
    outer loop
      vertex 61.1258 -89.15 5.635
      vertex 61.3411 -89.2725 2.86
      vertex 61.201 -88.9975 5.635
    endloop
  endfacet
  facet normal 0.890895 -0.445447 0.0887845
    outer loop
      vertex 61.3411 -89.2725 2.86
      vertex 61.1258 -89.15 5.635
      vertex 61.3404 -89.2739 2.86
    endloop
  endfacet
  facet normal 0.828407 -0.553052 0.0887438
    outer loop
      vertex 61.0314 -89.2914 5.635
      vertex 61.2288 -89.441 2.86
      vertex 61.1258 -89.15 5.635
    endloop
  endfacet
  facet normal 0.796832 -0.597624 0.0889007
    outer loop
      vertex 61.2288 -89.441 2.86
      vertex 61.0314 -89.2914 5.635
      vertex 61.2279 -89.4422 2.86
    endloop
  endfacet
  facet normal 0.890895 0.445447 0.0887845
    outer loop
      vertex 61.1258 -87.85 5.635
      vertex 61.3411 -87.7275 2.86
      vertex 61.3404 -87.7261 2.86
    endloop
  endfacet
  facet normal 0.893344 0.440521 0.088757
    outer loop
      vertex 61.3411 -87.7275 2.86
      vertex 61.1258 -87.85 5.635
      vertex 61.201 -88.0025 5.635
    endloop
  endfacet
  facet normal 0.976714 -0.195343 0.0887173
    outer loop
      vertex 61.2889 -88.6697 5.635
      vertex 61.5342 -88.7035 2.86
      vertex 61.5345 -88.702 2.86
    endloop
  endfacet
  facet normal 0.976893 -0.194442 0.0887222
    outer loop
      vertex 61.5342 -88.7035 2.86
      vertex 61.2889 -88.6697 5.635
      vertex 61.2557 -88.8365 5.635
    endloop
  endfacet
  facet normal -0.335013 0.938036 0.0886293
    outer loop
      vertex 59.598 -87.0055 2.86
      vertex 59.6635 -87.2443 5.635
      vertex 59.5994 -87.005 2.86
    endloop
  endfacet
  facet normal -0.320423 0.94311 0.0887216
    outer loop
      vertex 59.6635 -87.2443 5.635
      vertex 59.598 -87.0055 2.86
      vertex 59.5025 -87.299 5.635
    endloop
  endfacet
  facet normal -0.065434 -0.993902 0.0887528
    outer loop
      vertex 60 -89.8 5.635
      vertex 59.7995 -90.0346 2.86
      vertex 60 -90.0478 2.86
    endloop
  endfacet
  facet normal 0.938036 -0.335013 0.0886293
    outer loop
      vertex 61.2557 -88.8365 5.635
      vertex 61.4945 -88.902 2.86
      vertex 61.495 -88.9006 2.86
    endloop
  endfacet
  facet normal 0.94311 -0.320423 0.0887216
    outer loop
      vertex 61.4945 -88.902 2.86
      vertex 61.2557 -88.8365 5.635
      vertex 61.201 -88.9975 5.635
    endloop
  endfacet
  facet normal -0.553197 -0.828309 0.0887554
    outer loop
      vertex 59.35 -89.6258 5.635
      vertex 59.059 -89.7288 2.86
      vertex 59.2261 -89.8404 2.86
    endloop
  endfacet
  facet normal 0.440285 0.893462 0.0887396
    outer loop
      vertex 60.5923 -87.0701 2.86
      vertex 60.4975 -87.299 5.635
      vertex 60.7725 -87.1589 2.86
    endloop
  endfacet
  facet normal 0.748903 -0.656715 0.0887178
    outer loop
      vertex 61.2279 -89.4422 2.86
      vertex 61.0314 -89.2914 5.635
      vertex 61.0954 -89.5933 2.86
    endloop
  endfacet
  facet normal 0.670013 0.737015 0.0888329
    outer loop
      vertex 61.0933 -87.4046 2.86
      vertex 60.9192 -87.5808 5.635
      vertex 61.0944 -87.4056 2.86
    endloop
  endfacet
  facet normal 0.657149 0.748517 0.0887561
    outer loop
      vertex 60.9192 -87.5808 5.635
      vertex 61.0933 -87.4046 2.86
      vertex 60.7914 -87.4686 5.635
    endloop
  endfacet
  facet normal 0.976922 -0.194294 0.0887321
    outer loop
      vertex 61.5342 -88.7035 2.86
      vertex 61.2557 -88.8365 5.635
      vertex 61.495 -88.9006 2.86
    endloop
  endfacet
  facet normal -0.194442 -0.976893 0.0887222
    outer loop
      vertex 59.7965 -90.0342 2.86
      vertex 59.8303 -89.7889 5.635
      vertex 59.6635 -89.7557 5.635
    endloop
  endfacet
  facet normal -0.195343 -0.976714 0.0887173
    outer loop
      vertex 59.8303 -89.7889 5.635
      vertex 59.7965 -90.0342 2.86
      vertex 59.798 -90.0345 2.86
    endloop
  endfacet
  facet normal -0.938036 -0.335013 0.0886293
    outer loop
      vertex 58.5055 -88.902 2.86
      vertex 58.7443 -88.8365 5.635
      vertex 58.505 -88.9006 2.86
    endloop
  endfacet
  facet normal -0.94311 -0.320423 0.0887216
    outer loop
      vertex 58.7443 -88.8365 5.635
      vertex 58.5055 -88.902 2.86
      vertex 58.799 -88.9975 5.635
    endloop
  endfacet
  facet normal -0.828407 -0.553052 0.0887438
    outer loop
      vertex 58.7712 -89.441 2.86
      vertex 58.9686 -89.2914 5.635
      vertex 58.8742 -89.15 5.635
    endloop
  endfacet
  facet normal -0.796832 -0.597624 0.0889007
    outer loop
      vertex 58.9686 -89.2914 5.635
      vertex 58.7712 -89.441 2.86
      vertex 58.7721 -89.4422 2.86
    endloop
  endfacet
  facet normal 0.893263 -0.440683 0.088769
    outer loop
      vertex 61.43 -89.0923 2.86
      vertex 61.201 -88.9975 5.635
      vertex 61.3411 -89.2725 2.86
    endloop
  endfacet
  facet normal 0.893263 0.440683 0.088769
    outer loop
      vertex 61.3411 -87.7275 2.86
      vertex 61.201 -88.0025 5.635
      vertex 61.43 -87.9077 2.86
    endloop
  endfacet
  facet normal 0.748517 -0.657149 0.0887561
    outer loop
      vertex 60.9192 -89.4192 5.635
      vertex 61.0954 -89.5933 2.86
      vertex 61.0314 -89.2914 5.635
    endloop
  endfacet
  facet normal 0.737015 -0.670013 0.0888329
    outer loop
      vertex 61.0954 -89.5933 2.86
      vertex 60.9192 -89.4192 5.635
      vertex 61.0944 -89.5944 2.86
    endloop
  endfacet
  facet normal -0.194294 -0.976922 0.0887321
    outer loop
      vertex 59.6635 -89.7557 5.635
      vertex 59.5994 -89.995 2.86
      vertex 59.7965 -90.0342 2.86
    endloop
  endfacet
  facet normal 0.0650127 -0.993932 0.0887249
    outer loop
      vertex 60.2005 -90.0346 2.86
      vertex 60.1697 -89.7889 5.635
      vertex 60 -89.8 5.635
    endloop
  endfacet
  facet normal 0.0662566 -0.993849 0.0887314
    outer loop
      vertex 60.1697 -89.7889 5.635
      vertex 60.2005 -90.0346 2.86
      vertex 60.202 -90.0345 2.86
    endloop
  endfacet
  facet normal -0.748517 -0.657149 0.0887561
    outer loop
      vertex 58.9046 -89.5933 2.86
      vertex 59.0808 -89.4192 5.635
      vertex 58.9686 -89.2914 5.635
    endloop
  endfacet
  facet normal -0.737015 -0.670013 0.0888329
    outer loop
      vertex 59.0808 -89.4192 5.635
      vertex 58.9046 -89.5933 2.86
      vertex 58.9056 -89.5944 2.86
    endloop
  endfacet
  facet normal -0.976714 -0.195343 0.0887173
    outer loop
      vertex 58.4658 -88.7035 2.86
      vertex 58.7111 -88.6697 5.635
      vertex 58.4655 -88.702 2.86
    endloop
  endfacet
  facet normal -0.976893 -0.194442 0.0887222
    outer loop
      vertex 58.7111 -88.6697 5.635
      vertex 58.4658 -88.7035 2.86
      vertex 58.7443 -88.8365 5.635
    endloop
  endfacet
  facet normal -0.993932 -0.0650127 0.0887249
    outer loop
      vertex 58.4654 -88.7005 2.86
      vertex 58.7111 -88.6697 5.635
      vertex 58.7 -88.5 5.635
    endloop
  endfacet
  facet normal -0.993849 -0.0662566 0.0887314
    outer loop
      vertex 58.7111 -88.6697 5.635
      vertex 58.4654 -88.7005 2.86
      vertex 58.4655 -88.702 2.86
    endloop
  endfacet
  facet normal 0.320423 0.94311 0.0887216
    outer loop
      vertex 60.402 -87.0055 2.86
      vertex 60.3365 -87.2443 5.635
      vertex 60.4975 -87.299 5.635
    endloop
  endfacet
  facet normal 0.335013 0.938036 0.0886293
    outer loop
      vertex 60.3365 -87.2443 5.635
      vertex 60.402 -87.0055 2.86
      vertex 60.4006 -87.005 2.86
    endloop
  endfacet
  facet normal -0.440285 -0.893462 0.0887396
    outer loop
      vertex 59.5025 -89.701 5.635
      vertex 59.2275 -89.8411 2.86
      vertex 59.4077 -89.9299 2.86
    endloop
  endfacet
  facet normal -0.657149 0.748517 0.0887561
    outer loop
      vertex 58.9067 -87.4046 2.86
      vertex 59.0808 -87.5808 5.635
      vertex 59.2086 -87.4686 5.635
    endloop
  endfacet
  facet normal -0.670013 0.737015 0.0888329
    outer loop
      vertex 59.0808 -87.5808 5.635
      vertex 58.9067 -87.4046 2.86
      vertex 58.9056 -87.4056 2.86
    endloop
  endfacet
  facet normal -0.553197 0.828309 0.0887554
    outer loop
      vertex 59.2261 -87.1596 2.86
      vertex 59.059 -87.2712 2.86
      vertex 59.35 -87.3742 5.635
    endloop
  endfacet
  facet normal -0.553052 0.828407 0.0887438
    outer loop
      vertex 59.059 -87.2712 2.86
      vertex 59.2086 -87.4686 5.635
      vertex 59.35 -87.3742 5.635
    endloop
  endfacet
  facet normal -0.597624 0.796832 0.0889007
    outer loop
      vertex 59.2086 -87.4686 5.635
      vertex 59.059 -87.2712 2.86
      vertex 59.0578 -87.2721 2.86
    endloop
  endfacet
  facet normal 0.553197 -0.828309 0.0887554
    outer loop
      vertex 60.941 -89.7288 2.86
      vertex 60.65 -89.6258 5.635
      vertex 60.7739 -89.8404 2.86
    endloop
  endfacet
  facet normal 0.993849 0.0662566 0.0887314
    outer loop
      vertex 61.2889 -88.3303 5.635
      vertex 61.5346 -88.2995 2.86
      vertex 61.5345 -88.298 2.86
    endloop
  endfacet
  facet normal 0.993932 0.0650127 0.0887249
    outer loop
      vertex 61.5346 -88.2995 2.86
      vertex 61.2889 -88.3303 5.635
      vertex 61.3 -88.5 5.635
    endloop
  endfacet
  facet normal -0.0662566 -0.993849 0.0887314
    outer loop
      vertex 59.7995 -90.0346 2.86
      vertex 59.8303 -89.7889 5.635
      vertex 59.798 -90.0345 2.86
    endloop
  endfacet
  facet normal -0.0650127 -0.993932 0.0887249
    outer loop
      vertex 59.8303 -89.7889 5.635
      vertex 59.7995 -90.0346 2.86
      vertex 60 -89.8 5.635
    endloop
  endfacet
  facet normal 0.440521 -0.893344 0.088757
    outer loop
      vertex 60.7725 -89.8411 2.86
      vertex 60.65 -89.6258 5.635
      vertex 60.4975 -89.701 5.635
    endloop
  endfacet
  facet normal 0.445447 -0.890895 0.0887845
    outer loop
      vertex 60.65 -89.6258 5.635
      vertex 60.7725 -89.8411 2.86
      vertex 60.7739 -89.8404 2.86
    endloop
  endfacet
  facet normal 0.335013 -0.938036 0.0886293
    outer loop
      vertex 60.402 -89.9945 2.86
      vertex 60.3365 -89.7557 5.635
      vertex 60.4006 -89.995 2.86
    endloop
  endfacet
  facet normal 0.320423 -0.94311 0.0887216
    outer loop
      vertex 60.3365 -89.7557 5.635
      vertex 60.402 -89.9945 2.86
      vertex 60.4975 -89.701 5.635
    endloop
  endfacet
  facet normal 0.195343 -0.976714 0.0887173
    outer loop
      vertex 60.2035 -90.0342 2.86
      vertex 60.1697 -89.7889 5.635
      vertex 60.202 -90.0345 2.86
    endloop
  endfacet
  facet normal 0.194442 -0.976893 0.0887222
    outer loop
      vertex 60.1697 -89.7889 5.635
      vertex 60.2035 -90.0342 2.86
      vertex 60.3365 -89.7557 5.635
    endloop
  endfacet
  facet normal -0.32018 -0.943192 0.0887386
    outer loop
      vertex 59.5025 -89.701 5.635
      vertex 59.4077 -89.9299 2.86
      vertex 59.598 -89.9945 2.86
    endloop
  endfacet
  facet normal -0.597624 -0.796832 0.0889007
    outer loop
      vertex 59.059 -89.7288 2.86
      vertex 59.2086 -89.5314 5.635
      vertex 59.0578 -89.7279 2.86
    endloop
  endfacet
  facet normal -0.553052 -0.828407 0.0887438
    outer loop
      vertex 59.2086 -89.5314 5.635
      vertex 59.059 -89.7288 2.86
      vertex 59.35 -89.6258 5.635
    endloop
  endfacet
  facet normal -0.670013 -0.737015 0.0888329
    outer loop
      vertex 58.9067 -89.5954 2.86
      vertex 59.0808 -89.4192 5.635
      vertex 58.9056 -89.5944 2.86
    endloop
  endfacet
  facet normal -0.657149 -0.748517 0.0887561
    outer loop
      vertex 59.0808 -89.4192 5.635
      vertex 58.9067 -89.5954 2.86
      vertex 59.2086 -89.5314 5.635
    endloop
  endfacet
  facet normal -0.445447 -0.890895 0.0887845
    outer loop
      vertex 59.2275 -89.8411 2.86
      vertex 59.35 -89.6258 5.635
      vertex 59.2261 -89.8404 2.86
    endloop
  endfacet
  facet normal -0.440521 -0.893344 0.088757
    outer loop
      vertex 59.35 -89.6258 5.635
      vertex 59.2275 -89.8411 2.86
      vertex 59.5025 -89.701 5.635
    endloop
  endfacet
  facet normal 0 0 1
    outer loop
      vertex 61.2889 -88.3303 5.635
      vertex 61.2889 -88.6697 5.635
      vertex 61.3 -88.5 5.635
    endloop
  endfacet
  facet normal 0 0 1
    outer loop
      vertex 61.2557 -88.1635 5.635
      vertex 61.2889 -88.6697 5.635
      vertex 61.2889 -88.3303 5.635
    endloop
  endfacet
  facet normal 0 0 1
    outer loop
      vertex 61.2557 -88.1635 5.635
      vertex 61.2557 -88.8365 5.635
      vertex 61.2889 -88.6697 5.635
    endloop
  endfacet
  facet normal 0 0 1
    outer loop
      vertex 61.201 -88.0025 5.635
      vertex 61.2557 -88.8365 5.635
      vertex 61.2557 -88.1635 5.635
    endloop
  endfacet
  facet normal 0 0 1
    outer loop
      vertex 61.201 -88.0025 5.635
      vertex 61.201 -88.9975 5.635
      vertex 61.2557 -88.8365 5.635
    endloop
  endfacet
  facet normal 0 0 1
    outer loop
      vertex 61.1258 -87.85 5.635
      vertex 61.201 -88.9975 5.635
      vertex 61.201 -88.0025 5.635
    endloop
  endfacet
  facet normal 0 0 1
    outer loop
      vertex 61.1258 -87.85 5.635
      vertex 61.1258 -89.15 5.635
      vertex 61.201 -88.9975 5.635
    endloop
  endfacet
  facet normal 0 0 1
    outer loop
      vertex 61.0314 -87.7086 5.635
      vertex 61.1258 -89.15 5.635
      vertex 61.1258 -87.85 5.635
    endloop
  endfacet
  facet normal 0 0 1
    outer loop
      vertex 61.0314 -87.7086 5.635
      vertex 61.0314 -89.2914 5.635
      vertex 61.1258 -89.15 5.635
    endloop
  endfacet
  facet normal 0 0 1
    outer loop
      vertex 60.9192 -87.5808 5.635
      vertex 61.0314 -89.2914 5.635
      vertex 61.0314 -87.7086 5.635
    endloop
  endfacet
  facet normal 0 0 1
    outer loop
      vertex 60.9192 -87.5808 5.635
      vertex 60.9192 -89.4192 5.635
      vertex 61.0314 -89.2914 5.635
    endloop
  endfacet
  facet normal 0 0 1
    outer loop
      vertex 60.7914 -87.4686 5.635
      vertex 60.9192 -89.4192 5.635
      vertex 60.9192 -87.5808 5.635
    endloop
  endfacet
  facet normal 0 0 1
    outer loop
      vertex 60.7914 -87.4686 5.635
      vertex 60.7914 -89.5314 5.635
      vertex 60.9192 -89.4192 5.635
    endloop
  endfacet
  facet normal 0 0 1
    outer loop
      vertex 60.65 -87.3742 5.635
      vertex 60.7914 -89.5314 5.635
      vertex 60.7914 -87.4686 5.635
    endloop
  endfacet
  facet normal 0 0 1
    outer loop
      vertex 60.65 -87.3742 5.635
      vertex 60.65 -89.6258 5.635
      vertex 60.7914 -89.5314 5.635
    endloop
  endfacet
  facet normal 0 0 1
    outer loop
      vertex 60.4975 -87.299 5.635
      vertex 60.65 -89.6258 5.635
      vertex 60.65 -87.3742 5.635
    endloop
  endfacet
  facet normal 0 0 1
    outer loop
      vertex 60.4975 -87.299 5.635
      vertex 60.4975 -89.701 5.635
      vertex 60.65 -89.6258 5.635
    endloop
  endfacet
  facet normal 0 0 1
    outer loop
      vertex 60.3365 -87.2443 5.635
      vertex 60.4975 -89.701 5.635
      vertex 60.4975 -87.299 5.635
    endloop
  endfacet
  facet normal 0 0 1
    outer loop
      vertex 60.3365 -87.2443 5.635
      vertex 60.3365 -89.7557 5.635
      vertex 60.4975 -89.701 5.635
    endloop
  endfacet
  facet normal 0 0 1
    outer loop
      vertex 60.1697 -87.2111 5.635
      vertex 60.3365 -89.7557 5.635
      vertex 60.3365 -87.2443 5.635
    endloop
  endfacet
  facet normal 0 0 1
    outer loop
      vertex 60.1697 -87.2111 5.635
      vertex 60.1697 -89.7889 5.635
      vertex 60.3365 -89.7557 5.635
    endloop
  endfacet
  facet normal 0 0 1
    outer loop
      vertex 60 -87.2 5.635
      vertex 60.1697 -89.7889 5.635
      vertex 60.1697 -87.2111 5.635
    endloop
  endfacet
  facet normal 0 0 1
    outer loop
      vertex 60 -87.2 5.635
      vertex 60 -89.8 5.635
      vertex 60.1697 -89.7889 5.635
    endloop
  endfacet
  facet normal -0 0 1
    outer loop
      vertex 59.8303 -87.2111 5.635
      vertex 60 -89.8 5.635
      vertex 60 -87.2 5.635
    endloop
  endfacet
  facet normal 0 0 1
    outer loop
      vertex 59.8303 -87.2111 5.635
      vertex 59.8303 -89.7889 5.635
      vertex 60 -89.8 5.635
    endloop
  endfacet
  facet normal -0 0 1
    outer loop
      vertex 59.6635 -87.2443 5.635
      vertex 59.8303 -89.7889 5.635
      vertex 59.8303 -87.2111 5.635
    endloop
  endfacet
  facet normal 0 0 1
    outer loop
      vertex 59.6635 -87.2443 5.635
      vertex 59.6635 -89.7557 5.635
      vertex 59.8303 -89.7889 5.635
    endloop
  endfacet
  facet normal -0 0 1
    outer loop
      vertex 59.5025 -87.299 5.635
      vertex 59.6635 -89.7557 5.635
      vertex 59.6635 -87.2443 5.635
    endloop
  endfacet
  facet normal 0 0 1
    outer loop
      vertex 59.5025 -87.299 5.635
      vertex 59.5025 -89.701 5.635
      vertex 59.6635 -89.7557 5.635
    endloop
  endfacet
  facet normal -0 0 1
    outer loop
      vertex 59.35 -87.3742 5.635
      vertex 59.5025 -89.701 5.635
      vertex 59.5025 -87.299 5.635
    endloop
  endfacet
  facet normal 0 0 1
    outer loop
      vertex 59.35 -87.3742 5.635
      vertex 59.35 -89.6258 5.635
      vertex 59.5025 -89.701 5.635
    endloop
  endfacet
  facet normal -0 0 1
    outer loop
      vertex 59.2086 -87.4686 5.635
      vertex 59.35 -89.6258 5.635
      vertex 59.35 -87.3742 5.635
    endloop
  endfacet
  facet normal 0 0 1
    outer loop
      vertex 59.2086 -87.4686 5.635
      vertex 59.2086 -89.5314 5.635
      vertex 59.35 -89.6258 5.635
    endloop
  endfacet
  facet normal -0 0 1
    outer loop
      vertex 59.0808 -87.5808 5.635
      vertex 59.2086 -89.5314 5.635
      vertex 59.2086 -87.4686 5.635
    endloop
  endfacet
  facet normal 0 0 1
    outer loop
      vertex 59.0808 -87.5808 5.635
      vertex 59.0808 -89.4192 5.635
      vertex 59.2086 -89.5314 5.635
    endloop
  endfacet
  facet normal -0 0 1
    outer loop
      vertex 58.9686 -87.7086 5.635
      vertex 59.0808 -89.4192 5.635
      vertex 59.0808 -87.5808 5.635
    endloop
  endfacet
  facet normal 0 0 1
    outer loop
      vertex 58.9686 -87.7086 5.635
      vertex 58.9686 -89.2914 5.635
      vertex 59.0808 -89.4192 5.635
    endloop
  endfacet
  facet normal -0 0 1
    outer loop
      vertex 58.8742 -87.85 5.635
      vertex 58.9686 -89.2914 5.635
      vertex 58.9686 -87.7086 5.635
    endloop
  endfacet
  facet normal 0 0 1
    outer loop
      vertex 58.8742 -87.85 5.635
      vertex 58.8742 -89.15 5.635
      vertex 58.9686 -89.2914 5.635
    endloop
  endfacet
  facet normal -0 0 1
    outer loop
      vertex 58.799 -88.0025 5.635
      vertex 58.8742 -89.15 5.635
      vertex 58.8742 -87.85 5.635
    endloop
  endfacet
  facet normal 0 0 1
    outer loop
      vertex 58.799 -88.0025 5.635
      vertex 58.799 -88.9975 5.635
      vertex 58.8742 -89.15 5.635
    endloop
  endfacet
  facet normal -0 0 1
    outer loop
      vertex 58.7443 -88.1635 5.635
      vertex 58.799 -88.9975 5.635
      vertex 58.799 -88.0025 5.635
    endloop
  endfacet
  facet normal 0 0 1
    outer loop
      vertex 58.7443 -88.1635 5.635
      vertex 58.7443 -88.8365 5.635
      vertex 58.799 -88.9975 5.635
    endloop
  endfacet
  facet normal -0 0 1
    outer loop
      vertex 58.7111 -88.3303 5.635
      vertex 58.7443 -88.8365 5.635
      vertex 58.7443 -88.1635 5.635
    endloop
  endfacet
  facet normal 0 0 1
    outer loop
      vertex 58.7111 -88.3303 5.635
      vertex 58.7111 -88.6697 5.635
      vertex 58.7443 -88.8365 5.635
    endloop
  endfacet
  facet normal 0 -0 1
    outer loop
      vertex 58.7111 -88.6697 5.635
      vertex 58.7111 -88.3303 5.635
      vertex 58.7 -88.5 5.635
    endloop
  endfacet
  facet normal -0.893344 -0.440521 0.088757
    outer loop
      vertex 58.6589 -89.2725 2.86
      vertex 58.8742 -89.15 5.635
      vertex 58.799 -88.9975 5.635
    endloop
  endfacet
  facet normal -0.890895 -0.445447 0.0887845
    outer loop
      vertex 58.8742 -89.15 5.635
      vertex 58.6589 -89.2725 2.86
      vertex 58.6596 -89.2739 2.86
    endloop
  endfacet
  facet normal -0.828309 -0.553197 0.0887554
    outer loop
      vertex 58.8742 -89.15 5.635
      vertex 58.6596 -89.2739 2.86
      vertex 58.7712 -89.441 2.86
    endloop
  endfacet
  facet normal 0.980815 0.19494 0
    outer loop
      vertex 62.9743 88.8916 2.86
      vertex 62.8978 89.2765 1.8
      vertex 62.8978 89.2765 2.86
    endloop
  endfacet
  facet normal 0.980815 0.19494 0
    outer loop
      vertex 62.8978 89.2765 1.8
      vertex 62.9743 88.8916 2.86
      vertex 62.9743 88.8916 1.8
    endloop
  endfacet
  facet normal 0.997853 0.0654873 0
    outer loop
      vertex 63 88.5 2.86
      vertex 62.9743 88.8916 1.8
      vertex 62.9743 88.8916 2.86
    endloop
  endfacet
  facet normal 0.997853 0.0654873 0
    outer loop
      vertex 62.9743 88.8916 1.8
      vertex 63 88.5 2.86
      vertex 63 88.5 1.8
    endloop
  endfacet
  facet normal -0.896961 0.44211 0
    outer loop
      vertex 57.2284 89.648 1.8
      vertex 57.4019 90 2.86
      vertex 57.4019 90 1.8
    endloop
  endfacet
  facet normal -0.896961 0.44211 0
    outer loop
      vertex 57.4019 90 2.86
      vertex 57.2284 89.648 1.8
      vertex 57.2284 89.648 2.86
    endloop
  endfacet
  facet normal 0.751724 -0.659478 0
    outer loop
      vertex 62.1213 86.3787 2.86
      vertex 62.3801 86.6737 1.8
      vertex 62.3801 86.6737 2.86
    endloop
  endfacet
  facet normal 0.751724 -0.659478 0
    outer loop
      vertex 62.3801 86.6737 1.8
      vertex 62.1213 86.3787 2.86
      vertex 62.1213 86.3787 1.8
    endloop
  endfacet
  facet normal 0.980815 -0.19494 0
    outer loop
      vertex 62.8978 87.7235 2.86
      vertex 62.9743 88.1084 1.8
      vertex 62.9743 88.1084 2.86
    endloop
  endfacet
  facet normal 0.980815 -0.19494 0
    outer loop
      vertex 62.9743 88.1084 1.8
      vertex 62.8978 87.7235 2.86
      vertex 62.8978 87.7235 1.8
    endloop
  endfacet
  facet normal -0.751724 0.659478 0
    outer loop
      vertex 57.6199 90.3263 1.8
      vertex 57.8787 90.6213 2.86
      vertex 57.8787 90.6213 1.8
    endloop
  endfacet
  facet normal -0.751724 0.659478 0
    outer loop
      vertex 57.8787 90.6213 2.86
      vertex 57.6199 90.3263 1.8
      vertex 57.6199 90.3263 2.86
    endloop
  endfacet
  facet normal -0.321651 0.946858 0
    outer loop
      vertex 59.2235 91.3978 1.8
      vertex 58.852 91.2716 2.86
      vertex 59.2235 91.3978 2.86
    endloop
  endfacet
  facet normal -0.321651 0.946858 0
    outer loop
      vertex 58.852 91.2716 2.86
      vertex 59.2235 91.3978 1.8
      vertex 58.852 91.2716 1.8
    endloop
  endfacet
  facet normal 0.659478 0.751724 -0
    outer loop
      vertex 62.1213 90.6213 1.8
      vertex 61.8263 90.8801 2.86
      vertex 62.1213 90.6213 2.86
    endloop
  endfacet
  facet normal 0.659478 0.751724 0
    outer loop
      vertex 61.8263 90.8801 2.86
      vertex 62.1213 90.6213 1.8
      vertex 61.8263 90.8801 1.8
    endloop
  endfacet
  facet normal 0.44211 -0.896961 0
    outer loop
      vertex 61.148 85.7284 1.8
      vertex 61.5 85.9019 2.86
      vertex 61.148 85.7284 2.86
    endloop
  endfacet
  facet normal 0.44211 -0.896961 0
    outer loop
      vertex 61.5 85.9019 2.86
      vertex 61.148 85.7284 1.8
      vertex 61.5 85.9019 1.8
    endloop
  endfacet
  facet normal 0.896961 -0.44211 0
    outer loop
      vertex 62.5981 87 2.86
      vertex 62.7716 87.352 1.8
      vertex 62.7716 87.352 2.86
    endloop
  endfacet
  facet normal 0.896961 -0.44211 0
    outer loop
      vertex 62.7716 87.352 1.8
      vertex 62.5981 87 2.86
      vertex 62.5981 87 1.8
    endloop
  endfacet
  facet normal -0.997853 0.0654873 0
    outer loop
      vertex 57 88.5 1.8
      vertex 57.0257 88.8916 2.86
      vertex 57.0257 88.8916 1.8
    endloop
  endfacet
  facet normal -0.997853 0.0654873 0
    outer loop
      vertex 57.0257 88.8916 2.86
      vertex 57 88.5 1.8
      vertex 57 88.5 2.86
    endloop
  endfacet
  facet normal 0.946858 -0.321651 0
    outer loop
      vertex 62.7716 87.352 2.86
      vertex 62.8978 87.7235 1.8
      vertex 62.8978 87.7235 2.86
    endloop
  endfacet
  facet normal 0.946858 -0.321651 0
    outer loop
      vertex 62.8978 87.7235 1.8
      vertex 62.7716 87.352 2.86
      vertex 62.7716 87.352 1.8
    endloop
  endfacet
  facet normal -0.659478 0.751724 0
    outer loop
      vertex 58.1737 90.8801 1.8
      vertex 57.8787 90.6213 2.86
      vertex 58.1737 90.8801 2.86
    endloop
  endfacet
  facet normal -0.659478 0.751724 0
    outer loop
      vertex 57.8787 90.6213 2.86
      vertex 58.1737 90.8801 1.8
      vertex 57.8787 90.6213 1.8
    endloop
  endfacet
  facet normal 0.321651 -0.946858 0
    outer loop
      vertex 60.7765 85.6022 1.8
      vertex 61.148 85.7284 2.86
      vertex 60.7765 85.6022 2.86
    endloop
  endfacet
  facet normal 0.321651 -0.946858 0
    outer loop
      vertex 61.148 85.7284 2.86
      vertex 60.7765 85.6022 1.8
      vertex 61.148 85.7284 1.8
    endloop
  endfacet
  facet normal -0.0654873 -0.997853 0
    outer loop
      vertex 59.6084 85.5257 1.8
      vertex 60 85.5 2.86
      vertex 59.6084 85.5257 2.86
    endloop
  endfacet
  facet normal -0.0654873 -0.997853 -0
    outer loop
      vertex 60 85.5 2.86
      vertex 59.6084 85.5257 1.8
      vertex 60 85.5 1.8
    endloop
  endfacet
  facet normal 0.896961 0.44211 0
    outer loop
      vertex 62.7716 89.648 2.86
      vertex 62.5981 90 1.8
      vertex 62.5981 90 2.86
    endloop
  endfacet
  facet normal 0.896961 0.44211 0
    outer loop
      vertex 62.5981 90 1.8
      vertex 62.7716 89.648 2.86
      vertex 62.7716 89.648 1.8
    endloop
  endfacet
  facet normal -0.946858 -0.321651 0
    outer loop
      vertex 57.2284 87.352 1.8
      vertex 57.1022 87.7235 2.86
      vertex 57.1022 87.7235 1.8
    endloop
  endfacet
  facet normal -0.946858 -0.321651 0
    outer loop
      vertex 57.1022 87.7235 2.86
      vertex 57.2284 87.352 1.8
      vertex 57.2284 87.352 2.86
    endloop
  endfacet
  facet normal -0.19494 -0.980815 0
    outer loop
      vertex 59.2235 85.6022 1.8
      vertex 59.6084 85.5257 2.86
      vertex 59.2235 85.6022 2.86
    endloop
  endfacet
  facet normal -0.19494 -0.980815 -0
    outer loop
      vertex 59.6084 85.5257 2.86
      vertex 59.2235 85.6022 1.8
      vertex 59.6084 85.5257 1.8
    endloop
  endfacet
  facet normal 0.997853 -0.0654873 0
    outer loop
      vertex 62.9743 88.1084 2.86
      vertex 63 88.5 1.8
      vertex 63 88.5 2.86
    endloop
  endfacet
  facet normal 0.997853 -0.0654873 0
    outer loop
      vertex 63 88.5 1.8
      vertex 62.9743 88.1084 2.86
      vertex 62.9743 88.1084 1.8
    endloop
  endfacet
  facet normal 0.44211 0.896961 -0
    outer loop
      vertex 61.5 91.0981 1.8
      vertex 61.148 91.2716 2.86
      vertex 61.5 91.0981 2.86
    endloop
  endfacet
  facet normal 0.44211 0.896961 0
    outer loop
      vertex 61.148 91.2716 2.86
      vertex 61.5 91.0981 1.8
      vertex 61.148 91.2716 1.8
    endloop
  endfacet
  facet normal -0.980815 -0.19494 0
    outer loop
      vertex 57.1022 87.7235 1.8
      vertex 57.0257 88.1084 2.86
      vertex 57.0257 88.1084 1.8
    endloop
  endfacet
  facet normal -0.980815 -0.19494 0
    outer loop
      vertex 57.0257 88.1084 2.86
      vertex 57.1022 87.7235 1.8
      vertex 57.1022 87.7235 2.86
    endloop
  endfacet
  facet normal 0.751724 0.659478 0
    outer loop
      vertex 62.3801 90.3263 2.86
      vertex 62.1213 90.6213 1.8
      vertex 62.1213 90.6213 2.86
    endloop
  endfacet
  facet normal 0.751724 0.659478 0
    outer loop
      vertex 62.1213 90.6213 1.8
      vertex 62.3801 90.3263 2.86
      vertex 62.3801 90.3263 1.8
    endloop
  endfacet
  facet normal 0.831501 0.555523 0
    outer loop
      vertex 62.5981 90 2.86
      vertex 62.3801 90.3263 1.8
      vertex 62.3801 90.3263 2.86
    endloop
  endfacet
  facet normal 0.831501 0.555523 0
    outer loop
      vertex 62.3801 90.3263 1.8
      vertex 62.5981 90 2.86
      vertex 62.5981 90 1.8
    endloop
  endfacet
  facet normal 0.555523 0.831501 -0
    outer loop
      vertex 61.8263 90.8801 1.8
      vertex 61.5 91.0981 2.86
      vertex 61.8263 90.8801 2.86
    endloop
  endfacet
  facet normal 0.555523 0.831501 0
    outer loop
      vertex 61.5 91.0981 2.86
      vertex 61.8263 90.8801 1.8
      vertex 61.5 91.0981 1.8
    endloop
  endfacet
  facet normal 0.659478 -0.751724 0
    outer loop
      vertex 61.8263 86.1199 1.8
      vertex 62.1213 86.3787 2.86
      vertex 61.8263 86.1199 2.86
    endloop
  endfacet
  facet normal 0.659478 -0.751724 0
    outer loop
      vertex 62.1213 86.3787 2.86
      vertex 61.8263 86.1199 1.8
      vertex 62.1213 86.3787 1.8
    endloop
  endfacet
  facet normal -0.321651 -0.946858 0
    outer loop
      vertex 58.852 85.7284 1.8
      vertex 59.2235 85.6022 2.86
      vertex 58.852 85.7284 2.86
    endloop
  endfacet
  facet normal -0.321651 -0.946858 -0
    outer loop
      vertex 59.2235 85.6022 2.86
      vertex 58.852 85.7284 1.8
      vertex 59.2235 85.6022 1.8
    endloop
  endfacet
  facet normal -0.44211 -0.896961 0
    outer loop
      vertex 58.5 85.9019 1.8
      vertex 58.852 85.7284 2.86
      vertex 58.5 85.9019 2.86
    endloop
  endfacet
  facet normal -0.44211 -0.896961 -0
    outer loop
      vertex 58.852 85.7284 2.86
      vertex 58.5 85.9019 1.8
      vertex 58.852 85.7284 1.8
    endloop
  endfacet
  facet normal -0.997853 -0.0654873 0
    outer loop
      vertex 57.0257 88.1084 1.8
      vertex 57 88.5 2.86
      vertex 57 88.5 1.8
    endloop
  endfacet
  facet normal -0.997853 -0.0654873 0
    outer loop
      vertex 57 88.5 2.86
      vertex 57.0257 88.1084 1.8
      vertex 57.0257 88.1084 2.86
    endloop
  endfacet
  facet normal -0.44211 0.896961 0
    outer loop
      vertex 58.852 91.2716 1.8
      vertex 58.5 91.0981 2.86
      vertex 58.852 91.2716 2.86
    endloop
  endfacet
  facet normal -0.44211 0.896961 0
    outer loop
      vertex 58.5 91.0981 2.86
      vertex 58.852 91.2716 1.8
      vertex 58.5 91.0981 1.8
    endloop
  endfacet
  facet normal -0.0654873 0.997853 0
    outer loop
      vertex 60 91.5 1.8
      vertex 59.6084 91.4743 2.86
      vertex 60 91.5 2.86
    endloop
  endfacet
  facet normal -0.0654873 0.997853 0
    outer loop
      vertex 59.6084 91.4743 2.86
      vertex 60 91.5 1.8
      vertex 59.6084 91.4743 1.8
    endloop
  endfacet
  facet normal -0.980815 0.19494 0
    outer loop
      vertex 57.0257 88.8916 1.8
      vertex 57.1022 89.2765 2.86
      vertex 57.1022 89.2765 1.8
    endloop
  endfacet
  facet normal -0.980815 0.19494 0
    outer loop
      vertex 57.1022 89.2765 2.86
      vertex 57.0257 88.8916 1.8
      vertex 57.0257 88.8916 2.86
    endloop
  endfacet
  facet normal -0.831501 0.555523 0
    outer loop
      vertex 57.4019 90 1.8
      vertex 57.6199 90.3263 2.86
      vertex 57.6199 90.3263 1.8
    endloop
  endfacet
  facet normal -0.831501 0.555523 0
    outer loop
      vertex 57.6199 90.3263 2.86
      vertex 57.4019 90 1.8
      vertex 57.4019 90 2.86
    endloop
  endfacet
  facet normal 0 0 1
    outer loop
      vertex 61.5478 88.5 2.86
      vertex 63 88.5 2.86
      vertex 62.9743 88.8916 2.86
    endloop
  endfacet
  facet normal 0 0 1
    outer loop
      vertex 61.5342 88.7035 2.86
      vertex 62.9743 88.8916 2.86
      vertex 62.8978 89.2765 2.86
    endloop
  endfacet
  facet normal 0 0 1
    outer loop
      vertex 63 88.5 2.86
      vertex 61.5478 88.5 2.86
      vertex 62.9743 88.1084 2.86
    endloop
  endfacet
  facet normal 0 0 1
    outer loop
      vertex 61.4945 88.902 2.86
      vertex 62.8978 89.2765 2.86
      vertex 62.7716 89.648 2.86
    endloop
  endfacet
  facet normal -0 0 1
    outer loop
      vertex 61.5346 88.2995 2.86
      vertex 62.9743 88.1084 2.86
      vertex 61.5478 88.5 2.86
    endloop
  endfacet
  facet normal 0 0 1
    outer loop
      vertex 61.43 89.0923 2.86
      vertex 62.7716 89.648 2.86
      vertex 62.5981 90 2.86
    endloop
  endfacet
  facet normal -0 0 1
    outer loop
      vertex 61.5345 88.298 2.86
      vertex 62.9743 88.1084 2.86
      vertex 61.5346 88.2995 2.86
    endloop
  endfacet
  facet normal 0 0 1
    outer loop
      vertex 61.3404 89.2739 2.86
      vertex 62.5981 90 2.86
      vertex 62.3801 90.3263 2.86
    endloop
  endfacet
  facet normal -0 0 1
    outer loop
      vertex 61.5342 88.2965 2.86
      vertex 62.9743 88.1084 2.86
      vertex 61.5345 88.298 2.86
    endloop
  endfacet
  facet normal 0 0 1
    outer loop
      vertex 61.2279 89.4422 2.86
      vertex 62.3801 90.3263 2.86
      vertex 62.1213 90.6213 2.86
    endloop
  endfacet
  facet normal 0 0 1
    outer loop
      vertex 62.9743 88.1084 2.86
      vertex 61.5342 88.2965 2.86
      vertex 62.8978 87.7235 2.86
    endloop
  endfacet
  facet normal 0 0 1
    outer loop
      vertex 61.0933 89.5954 2.86
      vertex 62.1213 90.6213 2.86
      vertex 61.8263 90.8801 2.86
    endloop
  endfacet
  facet normal -0 0 1
    outer loop
      vertex 61.495 88.0994 2.86
      vertex 62.8978 87.7235 2.86
      vertex 61.5342 88.2965 2.86
    endloop
  endfacet
  facet normal -0 0 1
    outer loop
      vertex 61.4945 88.098 2.86
      vertex 62.8978 87.7235 2.86
      vertex 61.495 88.0994 2.86
    endloop
  endfacet
  facet normal 0 0 1
    outer loop
      vertex 62.9743 88.8916 2.86
      vertex 61.5346 88.7005 2.86
      vertex 61.5478 88.5 2.86
    endloop
  endfacet
  facet normal 0 0 1
    outer loop
      vertex 62.9743 88.8916 2.86
      vertex 61.5345 88.702 2.86
      vertex 61.5346 88.7005 2.86
    endloop
  endfacet
  facet normal 0 0 1
    outer loop
      vertex 62.9743 88.8916 2.86
      vertex 61.5342 88.7035 2.86
      vertex 61.5345 88.702 2.86
    endloop
  endfacet
  facet normal 0 0 1
    outer loop
      vertex 60.941 89.7288 2.86
      vertex 61.8263 90.8801 2.86
      vertex 61.5 91.0981 2.86
    endloop
  endfacet
  facet normal 0 0 1
    outer loop
      vertex 62.8978 89.2765 2.86
      vertex 61.495 88.9006 2.86
      vertex 61.5342 88.7035 2.86
    endloop
  endfacet
  facet normal 0 0 1
    outer loop
      vertex 62.8978 89.2765 2.86
      vertex 61.4945 88.902 2.86
      vertex 61.495 88.9006 2.86
    endloop
  endfacet
  facet normal 0 0 1
    outer loop
      vertex 62.7716 89.648 2.86
      vertex 61.43 89.0923 2.86
      vertex 61.4945 88.902 2.86
    endloop
  endfacet
  facet normal 0 0 1
    outer loop
      vertex 62.5981 90 2.86
      vertex 61.3411 89.2725 2.86
      vertex 61.43 89.0923 2.86
    endloop
  endfacet
  facet normal 0 0 1
    outer loop
      vertex 62.5981 90 2.86
      vertex 61.3404 89.2739 2.86
      vertex 61.3411 89.2725 2.86
    endloop
  endfacet
  facet normal 0 0 1
    outer loop
      vertex 62.3801 90.3263 2.86
      vertex 61.2288 89.441 2.86
      vertex 61.3404 89.2739 2.86
    endloop
  endfacet
  facet normal 0 0 1
    outer loop
      vertex 62.3801 90.3263 2.86
      vertex 61.2279 89.4422 2.86
      vertex 61.2288 89.441 2.86
    endloop
  endfacet
  facet normal 0 0 1
    outer loop
      vertex 60.7725 89.8411 2.86
      vertex 61.5 91.0981 2.86
      vertex 61.148 91.2716 2.86
    endloop
  endfacet
  facet normal 0 0 1
    outer loop
      vertex 62.1213 90.6213 2.86
      vertex 61.0954 89.5933 2.86
      vertex 61.2279 89.4422 2.86
    endloop
  endfacet
  facet normal 0 0 1
    outer loop
      vertex 62.1213 90.6213 2.86
      vertex 61.0944 89.5944 2.86
      vertex 61.0954 89.5933 2.86
    endloop
  endfacet
  facet normal 0 0 1
    outer loop
      vertex 62.1213 90.6213 2.86
      vertex 61.0933 89.5954 2.86
      vertex 61.0944 89.5944 2.86
    endloop
  endfacet
  facet normal 0 0 1
    outer loop
      vertex 61.8263 90.8801 2.86
      vertex 60.9422 89.7279 2.86
      vertex 61.0933 89.5954 2.86
    endloop
  endfacet
  facet normal 0 0 1
    outer loop
      vertex 61.8263 90.8801 2.86
      vertex 60.941 89.7288 2.86
      vertex 60.9422 89.7279 2.86
    endloop
  endfacet
  facet normal 0 0 1
    outer loop
      vertex 60.5923 89.9299 2.86
      vertex 61.148 91.2716 2.86
      vertex 60.7765 91.3978 2.86
    endloop
  endfacet
  facet normal 0 0 1
    outer loop
      vertex 61.5 91.0981 2.86
      vertex 60.7739 89.8404 2.86
      vertex 60.941 89.7288 2.86
    endloop
  endfacet
  facet normal 0 0 1
    outer loop
      vertex 61.5 91.0981 2.86
      vertex 60.7725 89.8411 2.86
      vertex 60.7739 89.8404 2.86
    endloop
  endfacet
  facet normal 0 0 1
    outer loop
      vertex 61.148 91.2716 2.86
      vertex 60.5923 89.9299 2.86
      vertex 60.7725 89.8411 2.86
    endloop
  endfacet
  facet normal 0 0 1
    outer loop
      vertex 60.7765 91.3978 2.86
      vertex 60.402 89.9945 2.86
      vertex 60.5923 89.9299 2.86
    endloop
  endfacet
  facet normal 0 0 1
    outer loop
      vertex 60.7765 91.3978 2.86
      vertex 60.4006 89.995 2.86
      vertex 60.402 89.9945 2.86
    endloop
  endfacet
  facet normal 0 0 1
    outer loop
      vertex 60.3916 91.4743 2.86
      vertex 60.4006 89.995 2.86
      vertex 60.7765 91.3978 2.86
    endloop
  endfacet
  facet normal 0 0 1
    outer loop
      vertex 60.3916 91.4743 2.86
      vertex 60.2035 90.0342 2.86
      vertex 60.4006 89.995 2.86
    endloop
  endfacet
  facet normal 0 0 1
    outer loop
      vertex 60.3916 91.4743 2.86
      vertex 60.202 90.0345 2.86
      vertex 60.2035 90.0342 2.86
    endloop
  endfacet
  facet normal 0 0 1
    outer loop
      vertex 60.3916 91.4743 2.86
      vertex 60.2005 90.0346 2.86
      vertex 60.202 90.0345 2.86
    endloop
  endfacet
  facet normal 0 0 1
    outer loop
      vertex 60 91.5 2.86
      vertex 60.2005 90.0346 2.86
      vertex 60.3916 91.4743 2.86
    endloop
  endfacet
  facet normal 0 0 1
    outer loop
      vertex 60 91.5 2.86
      vertex 60 90.0478 2.86
      vertex 60.2005 90.0346 2.86
    endloop
  endfacet
  facet normal 0 0 1
    outer loop
      vertex 60 91.5 2.86
      vertex 59.7995 90.0346 2.86
      vertex 60 90.0478 2.86
    endloop
  endfacet
  facet normal -0 0 1
    outer loop
      vertex 59.6084 91.4743 2.86
      vertex 59.7995 90.0346 2.86
      vertex 60 91.5 2.86
    endloop
  endfacet
  facet normal 0 0 1
    outer loop
      vertex 59.7995 90.0346 2.86
      vertex 59.6084 91.4743 2.86
      vertex 59.798 90.0345 2.86
    endloop
  endfacet
  facet normal 0 0 1
    outer loop
      vertex 59.798 90.0345 2.86
      vertex 59.6084 91.4743 2.86
      vertex 59.7965 90.0342 2.86
    endloop
  endfacet
  facet normal 0 0 1
    outer loop
      vertex 59.6084 91.4743 2.86
      vertex 59.5994 89.995 2.86
      vertex 59.7965 90.0342 2.86
    endloop
  endfacet
  facet normal -0 0 1
    outer loop
      vertex 59.2235 91.3978 2.86
      vertex 59.5994 89.995 2.86
      vertex 59.6084 91.4743 2.86
    endloop
  endfacet
  facet normal 0 0 1
    outer loop
      vertex 59.5994 89.995 2.86
      vertex 59.2235 91.3978 2.86
      vertex 59.598 89.9945 2.86
    endloop
  endfacet
  facet normal 0 0 1
    outer loop
      vertex 59.598 89.9945 2.86
      vertex 59.2235 91.3978 2.86
      vertex 59.4077 89.9299 2.86
    endloop
  endfacet
  facet normal -0 0 1
    outer loop
      vertex 58.852 91.2716 2.86
      vertex 59.4077 89.9299 2.86
      vertex 59.2235 91.3978 2.86
    endloop
  endfacet
  facet normal 0 0 1
    outer loop
      vertex 59.4077 89.9299 2.86
      vertex 58.852 91.2716 2.86
      vertex 59.2275 89.8411 2.86
    endloop
  endfacet
  facet normal -0 0 1
    outer loop
      vertex 58.5 91.0981 2.86
      vertex 59.2275 89.8411 2.86
      vertex 58.852 91.2716 2.86
    endloop
  endfacet
  facet normal 0 0 1
    outer loop
      vertex 59.2275 89.8411 2.86
      vertex 58.5 91.0981 2.86
      vertex 59.2261 89.8404 2.86
    endloop
  endfacet
  facet normal 0 0 1
    outer loop
      vertex 59.2261 89.8404 2.86
      vertex 58.5 91.0981 2.86
      vertex 59.059 89.7288 2.86
    endloop
  endfacet
  facet normal -0 0 1
    outer loop
      vertex 58.1737 90.8801 2.86
      vertex 59.059 89.7288 2.86
      vertex 58.5 91.0981 2.86
    endloop
  endfacet
  facet normal 0 0 1
    outer loop
      vertex 59.059 89.7288 2.86
      vertex 58.1737 90.8801 2.86
      vertex 59.0578 89.7279 2.86
    endloop
  endfacet
  facet normal 0 0 1
    outer loop
      vertex 59.0578 89.7279 2.86
      vertex 58.1737 90.8801 2.86
      vertex 58.9067 89.5954 2.86
    endloop
  endfacet
  facet normal -0 0 1
    outer loop
      vertex 57.8787 90.6213 2.86
      vertex 58.9067 89.5954 2.86
      vertex 58.1737 90.8801 2.86
    endloop
  endfacet
  facet normal 0 0 1
    outer loop
      vertex 58.9067 89.5954 2.86
      vertex 57.8787 90.6213 2.86
      vertex 58.9056 89.5944 2.86
    endloop
  endfacet
  facet normal 0 0 1
    outer loop
      vertex 58.9056 89.5944 2.86
      vertex 57.8787 90.6213 2.86
      vertex 58.9046 89.5933 2.86
    endloop
  endfacet
  facet normal 0 0 1
    outer loop
      vertex 58.9046 89.5933 2.86
      vertex 57.8787 90.6213 2.86
      vertex 58.7721 89.4422 2.86
    endloop
  endfacet
  facet normal -0 0 1
    outer loop
      vertex 57.6199 90.3263 2.86
      vertex 58.7721 89.4422 2.86
      vertex 57.8787 90.6213 2.86
    endloop
  endfacet
  facet normal 0 0 1
    outer loop
      vertex 58.7721 89.4422 2.86
      vertex 57.6199 90.3263 2.86
      vertex 58.7712 89.441 2.86
    endloop
  endfacet
  facet normal 0 0 1
    outer loop
      vertex 58.7712 89.441 2.86
      vertex 57.6199 90.3263 2.86
      vertex 58.6596 89.2739 2.86
    endloop
  endfacet
  facet normal -0 0 1
    outer loop
      vertex 57.4019 90 2.86
      vertex 58.6596 89.2739 2.86
      vertex 57.6199 90.3263 2.86
    endloop
  endfacet
  facet normal 0 0 1
    outer loop
      vertex 58.6596 89.2739 2.86
      vertex 57.4019 90 2.86
      vertex 58.6589 89.2725 2.86
    endloop
  endfacet
  facet normal 0 0 1
    outer loop
      vertex 58.6589 89.2725 2.86
      vertex 57.4019 90 2.86
      vertex 58.57 89.0923 2.86
    endloop
  endfacet
  facet normal -0 0 1
    outer loop
      vertex 57.2284 89.648 2.86
      vertex 58.57 89.0923 2.86
      vertex 57.4019 90 2.86
    endloop
  endfacet
  facet normal 0 0 1
    outer loop
      vertex 58.57 89.0923 2.86
      vertex 57.2284 89.648 2.86
      vertex 58.5055 88.902 2.86
    endloop
  endfacet
  facet normal -0 0 1
    outer loop
      vertex 57.1022 89.2765 2.86
      vertex 58.5055 88.902 2.86
      vertex 57.2284 89.648 2.86
    endloop
  endfacet
  facet normal 0 0 1
    outer loop
      vertex 62.8978 87.7235 2.86
      vertex 61.4945 88.098 2.86
      vertex 62.7716 87.352 2.86
    endloop
  endfacet
  facet normal -0 0 1
    outer loop
      vertex 61.43 87.9077 2.86
      vertex 62.7716 87.352 2.86
      vertex 61.4945 88.098 2.86
    endloop
  endfacet
  facet normal 0 0 1
    outer loop
      vertex 62.7716 87.352 2.86
      vertex 61.43 87.9077 2.86
      vertex 62.5981 87 2.86
    endloop
  endfacet
  facet normal -0 0 1
    outer loop
      vertex 61.3411 87.7275 2.86
      vertex 62.5981 87 2.86
      vertex 61.43 87.9077 2.86
    endloop
  endfacet
  facet normal -0 0 1
    outer loop
      vertex 61.3404 87.7261 2.86
      vertex 62.5981 87 2.86
      vertex 61.3411 87.7275 2.86
    endloop
  endfacet
  facet normal 0 0 1
    outer loop
      vertex 62.5981 87 2.86
      vertex 61.3404 87.7261 2.86
      vertex 62.3801 86.6737 2.86
    endloop
  endfacet
  facet normal -0 0 1
    outer loop
      vertex 61.2288 87.559 2.86
      vertex 62.3801 86.6737 2.86
      vertex 61.3404 87.7261 2.86
    endloop
  endfacet
  facet normal -0 0 1
    outer loop
      vertex 61.2279 87.5578 2.86
      vertex 62.3801 86.6737 2.86
      vertex 61.2288 87.559 2.86
    endloop
  endfacet
  facet normal 0 0 1
    outer loop
      vertex 62.3801 86.6737 2.86
      vertex 61.2279 87.5578 2.86
      vertex 62.1213 86.3787 2.86
    endloop
  endfacet
  facet normal -0 0 1
    outer loop
      vertex 61.0954 87.4067 2.86
      vertex 62.1213 86.3787 2.86
      vertex 61.2279 87.5578 2.86
    endloop
  endfacet
  facet normal -0 0 1
    outer loop
      vertex 61.0944 87.4056 2.86
      vertex 62.1213 86.3787 2.86
      vertex 61.0954 87.4067 2.86
    endloop
  endfacet
  facet normal -0 0 1
    outer loop
      vertex 61.0933 87.4046 2.86
      vertex 62.1213 86.3787 2.86
      vertex 61.0944 87.4056 2.86
    endloop
  endfacet
  facet normal 0 0 1
    outer loop
      vertex 62.1213 86.3787 2.86
      vertex 61.0933 87.4046 2.86
      vertex 61.8263 86.1199 2.86
    endloop
  endfacet
  facet normal -0 0 1
    outer loop
      vertex 60.9422 87.2721 2.86
      vertex 61.8263 86.1199 2.86
      vertex 61.0933 87.4046 2.86
    endloop
  endfacet
  facet normal -0 0 1
    outer loop
      vertex 60.941 87.2712 2.86
      vertex 61.8263 86.1199 2.86
      vertex 60.9422 87.2721 2.86
    endloop
  endfacet
  facet normal 0 0 1
    outer loop
      vertex 61.8263 86.1199 2.86
      vertex 60.941 87.2712 2.86
      vertex 61.5 85.9019 2.86
    endloop
  endfacet
  facet normal -0 0 1
    outer loop
      vertex 60.7739 87.1596 2.86
      vertex 61.5 85.9019 2.86
      vertex 60.941 87.2712 2.86
    endloop
  endfacet
  facet normal -0 0 1
    outer loop
      vertex 60.7725 87.1589 2.86
      vertex 61.5 85.9019 2.86
      vertex 60.7739 87.1596 2.86
    endloop
  endfacet
  facet normal 0 0 1
    outer loop
      vertex 61.5 85.9019 2.86
      vertex 60.7725 87.1589 2.86
      vertex 61.148 85.7284 2.86
    endloop
  endfacet
  facet normal -0 0 1
    outer loop
      vertex 60.5923 87.0701 2.86
      vertex 61.148 85.7284 2.86
      vertex 60.7725 87.1589 2.86
    endloop
  endfacet
  facet normal 0 0 1
    outer loop
      vertex 61.148 85.7284 2.86
      vertex 60.5923 87.0701 2.86
      vertex 60.7765 85.6022 2.86
    endloop
  endfacet
  facet normal -0 0 1
    outer loop
      vertex 60.402 87.0055 2.86
      vertex 60.7765 85.6022 2.86
      vertex 60.5923 87.0701 2.86
    endloop
  endfacet
  facet normal -0 0 1
    outer loop
      vertex 60.4006 87.005 2.86
      vertex 60.7765 85.6022 2.86
      vertex 60.402 87.0055 2.86
    endloop
  endfacet
  facet normal 0 0 1
    outer loop
      vertex 60.4006 87.005 2.86
      vertex 60.3916 85.5257 2.86
      vertex 60.7765 85.6022 2.86
    endloop
  endfacet
  facet normal -0 0 1
    outer loop
      vertex 60.2035 86.9658 2.86
      vertex 60.3916 85.5257 2.86
      vertex 60.4006 87.005 2.86
    endloop
  endfacet
  facet normal -0 0 1
    outer loop
      vertex 60.202 86.9655 2.86
      vertex 60.3916 85.5257 2.86
      vertex 60.2035 86.9658 2.86
    endloop
  endfacet
  facet normal -0 0 1
    outer loop
      vertex 60.2005 86.9654 2.86
      vertex 60.3916 85.5257 2.86
      vertex 60.202 86.9655 2.86
    endloop
  endfacet
  facet normal -0 0 1
    outer loop
      vertex 60 86.9522 2.86
      vertex 60.3916 85.5257 2.86
      vertex 60.2005 86.9654 2.86
    endloop
  endfacet
  facet normal 0 0 1
    outer loop
      vertex 60 86.9522 2.86
      vertex 60 85.5 2.86
      vertex 60.3916 85.5257 2.86
    endloop
  endfacet
  facet normal 0 0 1
    outer loop
      vertex 59.7995 86.9654 2.86
      vertex 60 85.5 2.86
      vertex 60 86.9522 2.86
    endloop
  endfacet
  facet normal 0 0 1
    outer loop
      vertex 59.6084 85.5257 2.86
      vertex 59.7995 86.9654 2.86
      vertex 59.798 86.9655 2.86
    endloop
  endfacet
  facet normal 0 0 1
    outer loop
      vertex 59.6084 85.5257 2.86
      vertex 59.798 86.9655 2.86
      vertex 59.7965 86.9658 2.86
    endloop
  endfacet
  facet normal 0 0 1
    outer loop
      vertex 59.7995 86.9654 2.86
      vertex 59.6084 85.5257 2.86
      vertex 60 85.5 2.86
    endloop
  endfacet
  facet normal 0 0 1
    outer loop
      vertex 59.5994 87.005 2.86
      vertex 59.6084 85.5257 2.86
      vertex 59.7965 86.9658 2.86
    endloop
  endfacet
  facet normal 0 0 1
    outer loop
      vertex 59.2235 85.6022 2.86
      vertex 59.5994 87.005 2.86
      vertex 59.598 87.0055 2.86
    endloop
  endfacet
  facet normal 0 0 1
    outer loop
      vertex 59.2235 85.6022 2.86
      vertex 59.598 87.0055 2.86
      vertex 59.4077 87.0701 2.86
    endloop
  endfacet
  facet normal 0 0 1
    outer loop
      vertex 58.852 85.7284 2.86
      vertex 59.4077 87.0701 2.86
      vertex 59.2275 87.1589 2.86
    endloop
  endfacet
  facet normal 0 0 1
    outer loop
      vertex 58.5 85.9019 2.86
      vertex 59.2275 87.1589 2.86
      vertex 59.2261 87.1596 2.86
    endloop
  endfacet
  facet normal 0 0 1
    outer loop
      vertex 59.5994 87.005 2.86
      vertex 59.2235 85.6022 2.86
      vertex 59.6084 85.5257 2.86
    endloop
  endfacet
  facet normal 0 0 1
    outer loop
      vertex 58.5 85.9019 2.86
      vertex 59.2261 87.1596 2.86
      vertex 59.059 87.2712 2.86
    endloop
  endfacet
  facet normal 0 0 1
    outer loop
      vertex 58.1737 86.1199 2.86
      vertex 59.059 87.2712 2.86
      vertex 59.0578 87.2721 2.86
    endloop
  endfacet
  facet normal 0 0 1
    outer loop
      vertex 58.1737 86.1199 2.86
      vertex 59.0578 87.2721 2.86
      vertex 58.9067 87.4046 2.86
    endloop
  endfacet
  facet normal 0 0 1
    outer loop
      vertex 57.8787 86.3787 2.86
      vertex 58.9067 87.4046 2.86
      vertex 58.9056 87.4056 2.86
    endloop
  endfacet
  facet normal 0 0 1
    outer loop
      vertex 57.8787 86.3787 2.86
      vertex 58.9056 87.4056 2.86
      vertex 58.9046 87.4067 2.86
    endloop
  endfacet
  facet normal 0 0 1
    outer loop
      vertex 59.4077 87.0701 2.86
      vertex 58.852 85.7284 2.86
      vertex 59.2235 85.6022 2.86
    endloop
  endfacet
  facet normal 0 0 1
    outer loop
      vertex 57.8787 86.3787 2.86
      vertex 58.9046 87.4067 2.86
      vertex 58.7721 87.5578 2.86
    endloop
  endfacet
  facet normal 0 0 1
    outer loop
      vertex 57.6199 86.6737 2.86
      vertex 58.7721 87.5578 2.86
      vertex 58.7712 87.559 2.86
    endloop
  endfacet
  facet normal 0 0 1
    outer loop
      vertex 57.6199 86.6737 2.86
      vertex 58.7712 87.559 2.86
      vertex 58.6596 87.7261 2.86
    endloop
  endfacet
  facet normal 0 0 1
    outer loop
      vertex 57.4019 87 2.86
      vertex 58.6596 87.7261 2.86
      vertex 58.6589 87.7275 2.86
    endloop
  endfacet
  facet normal 0 0 1
    outer loop
      vertex 57.4019 87 2.86
      vertex 58.6589 87.7275 2.86
      vertex 58.57 87.9077 2.86
    endloop
  endfacet
  facet normal 0 0 1
    outer loop
      vertex 57.2284 87.352 2.86
      vertex 58.57 87.9077 2.86
      vertex 58.5055 88.098 2.86
    endloop
  endfacet
  facet normal 0 0 1
    outer loop
      vertex 57.1022 87.7235 2.86
      vertex 58.5055 88.098 2.86
      vertex 58.505 88.0994 2.86
    endloop
  endfacet
  facet normal 0 0 1
    outer loop
      vertex 59.2275 87.1589 2.86
      vertex 58.5 85.9019 2.86
      vertex 58.852 85.7284 2.86
    endloop
  endfacet
  facet normal 0 0 1
    outer loop
      vertex 57.1022 87.7235 2.86
      vertex 58.505 88.0994 2.86
      vertex 58.4658 88.2965 2.86
    endloop
  endfacet
  facet normal 0 0 1
    outer loop
      vertex 57.0257 88.1084 2.86
      vertex 58.4658 88.2965 2.86
      vertex 58.4655 88.298 2.86
    endloop
  endfacet
  facet normal 0 0 1
    outer loop
      vertex 57.0257 88.1084 2.86
      vertex 58.4655 88.298 2.86
      vertex 58.4654 88.2995 2.86
    endloop
  endfacet
  facet normal 0 0 1
    outer loop
      vertex 57.0257 88.1084 2.86
      vertex 58.4654 88.2995 2.86
      vertex 58.4522 88.5 2.86
    endloop
  endfacet
  facet normal 0 0 1
    outer loop
      vertex 58.5055 88.902 2.86
      vertex 57.1022 89.2765 2.86
      vertex 58.505 88.9006 2.86
    endloop
  endfacet
  facet normal 0 0 1
    outer loop
      vertex 59.059 87.2712 2.86
      vertex 58.1737 86.1199 2.86
      vertex 58.5 85.9019 2.86
    endloop
  endfacet
  facet normal 0 0 1
    outer loop
      vertex 58.505 88.9006 2.86
      vertex 57.1022 89.2765 2.86
      vertex 58.4658 88.7035 2.86
    endloop
  endfacet
  facet normal 0 0 1
    outer loop
      vertex 58.9067 87.4046 2.86
      vertex 57.8787 86.3787 2.86
      vertex 58.1737 86.1199 2.86
    endloop
  endfacet
  facet normal -0 0 1
    outer loop
      vertex 57.0257 88.8916 2.86
      vertex 58.4658 88.7035 2.86
      vertex 57.1022 89.2765 2.86
    endloop
  endfacet
  facet normal 0 0 1
    outer loop
      vertex 58.7721 87.5578 2.86
      vertex 57.6199 86.6737 2.86
      vertex 57.8787 86.3787 2.86
    endloop
  endfacet
  facet normal 0 0 1
    outer loop
      vertex 58.4658 88.7035 2.86
      vertex 57.0257 88.8916 2.86
      vertex 58.4655 88.702 2.86
    endloop
  endfacet
  facet normal 0 0 1
    outer loop
      vertex 58.6596 87.7261 2.86
      vertex 57.4019 87 2.86
      vertex 57.6199 86.6737 2.86
    endloop
  endfacet
  facet normal 0 0 1
    outer loop
      vertex 58.4655 88.702 2.86
      vertex 57.0257 88.8916 2.86
      vertex 58.4654 88.7005 2.86
    endloop
  endfacet
  facet normal 0 0 1
    outer loop
      vertex 58.57 87.9077 2.86
      vertex 57.2284 87.352 2.86
      vertex 57.4019 87 2.86
    endloop
  endfacet
  facet normal 0 0 1
    outer loop
      vertex 58.4654 88.7005 2.86
      vertex 57.0257 88.8916 2.86
      vertex 58.4522 88.5 2.86
    endloop
  endfacet
  facet normal 0 0 1
    outer loop
      vertex 58.5055 88.098 2.86
      vertex 57.1022 87.7235 2.86
      vertex 57.2284 87.352 2.86
    endloop
  endfacet
  facet normal 0 0 1
    outer loop
      vertex 57 88.5 2.86
      vertex 58.4522 88.5 2.86
      vertex 57.0257 88.8916 2.86
    endloop
  endfacet
  facet normal 0 0 1
    outer loop
      vertex 58.4658 88.2965 2.86
      vertex 57.0257 88.1084 2.86
      vertex 57.1022 87.7235 2.86
    endloop
  endfacet
  facet normal 0 0 1
    outer loop
      vertex 58.4522 88.5 2.86
      vertex 57 88.5 2.86
      vertex 57.0257 88.1084 2.86
    endloop
  endfacet
  facet normal 0.19494 0.980815 -0
    outer loop
      vertex 60.7765 91.3978 1.8
      vertex 60.3916 91.4743 2.86
      vertex 60.7765 91.3978 2.86
    endloop
  endfacet
  facet normal 0.19494 0.980815 0
    outer loop
      vertex 60.3916 91.4743 2.86
      vertex 60.7765 91.3978 1.8
      vertex 60.3916 91.4743 1.8
    endloop
  endfacet
  facet normal 0.321651 0.946858 -0
    outer loop
      vertex 61.148 91.2716 1.8
      vertex 60.7765 91.3978 2.86
      vertex 61.148 91.2716 2.86
    endloop
  endfacet
  facet normal 0.321651 0.946858 0
    outer loop
      vertex 60.7765 91.3978 2.86
      vertex 61.148 91.2716 1.8
      vertex 60.7765 91.3978 1.8
    endloop
  endfacet
  facet normal -0.555523 0.831501 0
    outer loop
      vertex 58.5 91.0981 1.8
      vertex 58.1737 90.8801 2.86
      vertex 58.5 91.0981 2.86
    endloop
  endfacet
  facet normal -0.555523 0.831501 0
    outer loop
      vertex 58.1737 90.8801 2.86
      vertex 58.5 91.0981 1.8
      vertex 58.1737 90.8801 1.8
    endloop
  endfacet
  facet normal 0.0654873 0.997853 -0
    outer loop
      vertex 60.3916 91.4743 1.8
      vertex 60 91.5 2.86
      vertex 60.3916 91.4743 2.86
    endloop
  endfacet
  facet normal 0.0654873 0.997853 0
    outer loop
      vertex 60 91.5 2.86
      vertex 60.3916 91.4743 1.8
      vertex 60 91.5 1.8
    endloop
  endfacet
  facet normal -0.659478 -0.751724 0
    outer loop
      vertex 57.8787 86.3787 1.8
      vertex 58.1737 86.1199 2.86
      vertex 57.8787 86.3787 2.86
    endloop
  endfacet
  facet normal -0.659478 -0.751724 -0
    outer loop
      vertex 58.1737 86.1199 2.86
      vertex 57.8787 86.3787 1.8
      vertex 58.1737 86.1199 1.8
    endloop
  endfacet
  facet normal -0.896961 -0.44211 0
    outer loop
      vertex 57.4019 87 1.8
      vertex 57.2284 87.352 2.86
      vertex 57.2284 87.352 1.8
    endloop
  endfacet
  facet normal -0.896961 -0.44211 0
    outer loop
      vertex 57.2284 87.352 2.86
      vertex 57.4019 87 1.8
      vertex 57.4019 87 2.86
    endloop
  endfacet
  facet normal 0.0654873 -0.997853 0
    outer loop
      vertex 60 85.5 1.8
      vertex 60.3916 85.5257 2.86
      vertex 60 85.5 2.86
    endloop
  endfacet
  facet normal 0.0654873 -0.997853 0
    outer loop
      vertex 60.3916 85.5257 2.86
      vertex 60 85.5 1.8
      vertex 60.3916 85.5257 1.8
    endloop
  endfacet
  facet normal 0.946858 0.321651 0
    outer loop
      vertex 62.8978 89.2765 2.86
      vertex 62.7716 89.648 1.8
      vertex 62.7716 89.648 2.86
    endloop
  endfacet
  facet normal 0.946858 0.321651 0
    outer loop
      vertex 62.7716 89.648 1.8
      vertex 62.8978 89.2765 2.86
      vertex 62.8978 89.2765 1.8
    endloop
  endfacet
  facet normal -0.946858 0.321651 0
    outer loop
      vertex 57.1022 89.2765 1.8
      vertex 57.2284 89.648 2.86
      vertex 57.2284 89.648 1.8
    endloop
  endfacet
  facet normal -0.946858 0.321651 0
    outer loop
      vertex 57.2284 89.648 2.86
      vertex 57.1022 89.2765 1.8
      vertex 57.1022 89.2765 2.86
    endloop
  endfacet
  facet normal 0.831501 -0.555523 0
    outer loop
      vertex 62.3801 86.6737 2.86
      vertex 62.5981 87 1.8
      vertex 62.5981 87 2.86
    endloop
  endfacet
  facet normal 0.831501 -0.555523 0
    outer loop
      vertex 62.5981 87 1.8
      vertex 62.3801 86.6737 2.86
      vertex 62.3801 86.6737 1.8
    endloop
  endfacet
  facet normal 0.19494 -0.980815 0
    outer loop
      vertex 60.3916 85.5257 1.8
      vertex 60.7765 85.6022 2.86
      vertex 60.3916 85.5257 2.86
    endloop
  endfacet
  facet normal 0.19494 -0.980815 0
    outer loop
      vertex 60.7765 85.6022 2.86
      vertex 60.3916 85.5257 1.8
      vertex 60.7765 85.6022 1.8
    endloop
  endfacet
  facet normal -0.831501 -0.555523 0
    outer loop
      vertex 57.6199 86.6737 1.8
      vertex 57.4019 87 2.86
      vertex 57.4019 87 1.8
    endloop
  endfacet
  facet normal -0.831501 -0.555523 0
    outer loop
      vertex 57.4019 87 2.86
      vertex 57.6199 86.6737 1.8
      vertex 57.6199 86.6737 2.86
    endloop
  endfacet
  facet normal -0.751724 -0.659478 0
    outer loop
      vertex 57.8787 86.3787 1.8
      vertex 57.6199 86.6737 2.86
      vertex 57.6199 86.6737 1.8
    endloop
  endfacet
  facet normal -0.751724 -0.659478 0
    outer loop
      vertex 57.6199 86.6737 2.86
      vertex 57.8787 86.3787 1.8
      vertex 57.8787 86.3787 2.86
    endloop
  endfacet
  facet normal -0.19494 0.980815 0
    outer loop
      vertex 59.6084 91.4743 1.8
      vertex 59.2235 91.3978 2.86
      vertex 59.6084 91.4743 2.86
    endloop
  endfacet
  facet normal -0.19494 0.980815 0
    outer loop
      vertex 59.2235 91.3978 2.86
      vertex 59.6084 91.4743 1.8
      vertex 59.2235 91.3978 1.8
    endloop
  endfacet
  facet normal -0.555523 -0.831501 0
    outer loop
      vertex 58.1737 86.1199 1.8
      vertex 58.5 85.9019 2.86
      vertex 58.1737 86.1199 2.86
    endloop
  endfacet
  facet normal -0.555523 -0.831501 -0
    outer loop
      vertex 58.5 85.9019 2.86
      vertex 58.1737 86.1199 1.8
      vertex 58.5 85.9019 1.8
    endloop
  endfacet
  facet normal 0.555523 -0.831501 0
    outer loop
      vertex 61.5 85.9019 1.8
      vertex 61.8263 86.1199 2.86
      vertex 61.5 85.9019 2.86
    endloop
  endfacet
  facet normal 0.555523 -0.831501 0
    outer loop
      vertex 61.8263 86.1199 2.86
      vertex 61.5 85.9019 1.8
      vertex 61.8263 86.1199 1.8
    endloop
  endfacet
  facet normal 0.993902 0.065434 0.0887528
    outer loop
      vertex 61.5346 88.7005 2.86
      vertex 61.3 88.5 5.635
      vertex 61.5478 88.5 2.86
    endloop
  endfacet
  facet normal 0.94334 -0.319734 0.0887696
    outer loop
      vertex 61.4945 88.098 2.86
      vertex 61.201 88.0025 5.635
      vertex 61.43 87.9077 2.86
    endloop
  endfacet
  facet normal 0.993932 -0.0650127 0.0887249
    outer loop
      vertex 61.2889 88.3303 5.635
      vertex 61.5346 88.2995 2.86
      vertex 61.3 88.5 5.635
    endloop
  endfacet
  facet normal 0.993849 -0.0662566 0.0887314
    outer loop
      vertex 61.5346 88.2995 2.86
      vertex 61.2889 88.3303 5.635
      vertex 61.5345 88.298 2.86
    endloop
  endfacet
  facet normal -0.748903 -0.656715 0.0887178
    outer loop
      vertex 58.9686 87.7086 5.635
      vertex 58.7721 87.5578 2.86
      vertex 58.9046 87.4067 2.86
    endloop
  endfacet
  facet normal 0.440285 -0.893462 0.0887396
    outer loop
      vertex 60.7725 87.1589 2.86
      vertex 60.4975 87.299 5.635
      vertex 60.5923 87.0701 2.86
    endloop
  endfacet
  facet normal 0.0662566 0.993849 0.0887314
    outer loop
      vertex 60.2005 90.0346 2.86
      vertex 60.1697 89.7889 5.635
      vertex 60.202 90.0345 2.86
    endloop
  endfacet
  facet normal 0.0650127 0.993932 0.0887249
    outer loop
      vertex 60.1697 89.7889 5.635
      vertex 60.2005 90.0346 2.86
      vertex 60 89.8 5.635
    endloop
  endfacet
  facet normal 0.553052 -0.828407 0.0887438
    outer loop
      vertex 60.941 87.2712 2.86
      vertex 60.7914 87.4686 5.635
      vertex 60.65 87.3742 5.635
    endloop
  endfacet
  facet normal 0.597624 -0.796832 0.0889007
    outer loop
      vertex 60.7914 87.4686 5.635
      vertex 60.941 87.2712 2.86
      vertex 60.9422 87.2721 2.86
    endloop
  endfacet
  facet normal -0.893263 -0.440683 0.088769
    outer loop
      vertex 58.799 88.0025 5.635
      vertex 58.57 87.9077 2.86
      vertex 58.6589 87.7275 2.86
    endloop
  endfacet
  facet normal -0.976922 0.194294 0.0887321
    outer loop
      vertex 58.505 88.9006 2.86
      vertex 58.4658 88.7035 2.86
      vertex 58.7443 88.8365 5.635
    endloop
  endfacet
  facet normal 0.993902 -0.065434 0.0887528
    outer loop
      vertex 61.5478 88.5 2.86
      vertex 61.3 88.5 5.635
      vertex 61.5346 88.2995 2.86
    endloop
  endfacet
  facet normal 0.976893 0.194442 0.0887222
    outer loop
      vertex 61.2889 88.6697 5.635
      vertex 61.5342 88.7035 2.86
      vertex 61.2557 88.8365 5.635
    endloop
  endfacet
  facet normal 0.976714 0.195343 0.0887173
    outer loop
      vertex 61.5342 88.7035 2.86
      vertex 61.2889 88.6697 5.635
      vertex 61.5345 88.702 2.86
    endloop
  endfacet
  facet normal -0.320423 -0.94311 0.0887216
    outer loop
      vertex 59.598 87.0055 2.86
      vertex 59.6635 87.2443 5.635
      vertex 59.5025 87.299 5.635
    endloop
  endfacet
  facet normal -0.335013 -0.938036 0.0886293
    outer loop
      vertex 59.6635 87.2443 5.635
      vertex 59.598 87.0055 2.86
      vertex 59.5994 87.005 2.86
    endloop
  endfacet
  facet normal -0.796832 0.597624 0.0889007
    outer loop
      vertex 58.7712 89.441 2.86
      vertex 58.9686 89.2914 5.635
      vertex 58.7721 89.4422 2.86
    endloop
  endfacet
  facet normal -0.828407 0.553052 0.0887438
    outer loop
      vertex 58.9686 89.2914 5.635
      vertex 58.7712 89.441 2.86
      vertex 58.8742 89.15 5.635
    endloop
  endfacet
  facet normal 0.656715 0.748903 0.0887178
    outer loop
      vertex 60.9422 89.7279 2.86
      vertex 60.7914 89.5314 5.635
      vertex 61.0933 89.5954 2.86
    endloop
  endfacet
  facet normal 0.828309 0.553197 0.0887554
    outer loop
      vertex 61.2288 89.441 2.86
      vertex 61.1258 89.15 5.635
      vertex 61.3404 89.2739 2.86
    endloop
  endfacet
  facet normal 0.796832 0.597624 0.0889007
    outer loop
      vertex 61.0314 89.2914 5.635
      vertex 61.2288 89.441 2.86
      vertex 61.2279 89.4422 2.86
    endloop
  endfacet
  facet normal 0.828407 0.553052 0.0887438
    outer loop
      vertex 61.2288 89.441 2.86
      vertex 61.0314 89.2914 5.635
      vertex 61.1258 89.15 5.635
    endloop
  endfacet
  facet normal 0.32018 0.943192 0.0887386
    outer loop
      vertex 60.5923 89.9299 2.86
      vertex 60.402 89.9945 2.86
      vertex 60.4975 89.701 5.635
    endloop
  endfacet
  facet normal 0.065434 -0.993902 0.0887528
    outer loop
      vertex 60 87.2 5.635
      vertex 60 86.9522 2.86
      vertex 60.2005 86.9654 2.86
    endloop
  endfacet
  facet normal 0.194294 -0.976922 0.0887321
    outer loop
      vertex 60.3365 87.2443 5.635
      vertex 60.2035 86.9658 2.86
      vertex 60.4006 87.005 2.86
    endloop
  endfacet
  facet normal 0.976922 0.194294 0.0887321
    outer loop
      vertex 61.495 88.9006 2.86
      vertex 61.2557 88.8365 5.635
      vertex 61.5342 88.7035 2.86
    endloop
  endfacet
  facet normal -0.440521 0.893344 0.088757
    outer loop
      vertex 59.2275 89.8411 2.86
      vertex 59.35 89.6258 5.635
      vertex 59.5025 89.701 5.635
    endloop
  endfacet
  facet normal -0.445447 0.890895 0.0887845
    outer loop
      vertex 59.35 89.6258 5.635
      vertex 59.2275 89.8411 2.86
      vertex 59.2261 89.8404 2.86
    endloop
  endfacet
  facet normal 0.597624 0.796832 0.0889007
    outer loop
      vertex 60.941 89.7288 2.86
      vertex 60.7914 89.5314 5.635
      vertex 60.9422 89.7279 2.86
    endloop
  endfacet
  facet normal 0.553052 0.828407 0.0887438
    outer loop
      vertex 60.7914 89.5314 5.635
      vertex 60.941 89.7288 2.86
      vertex 60.65 89.6258 5.635
    endloop
  endfacet
  facet normal -0.065434 0.993902 0.0887528
    outer loop
      vertex 60 90.0478 2.86
      vertex 59.7995 90.0346 2.86
      vertex 60 89.8 5.635
    endloop
  endfacet
  facet normal -0.993902 0.065434 0.0887528
    outer loop
      vertex 58.4654 88.7005 2.86
      vertex 58.4522 88.5 2.86
      vertex 58.7 88.5 5.635
    endloop
  endfacet
  facet normal 0.32018 -0.943192 0.0887386
    outer loop
      vertex 60.4975 87.299 5.635
      vertex 60.402 87.0055 2.86
      vertex 60.5923 87.0701 2.86
    endloop
  endfacet
  facet normal 0.94334 0.319734 0.0887696
    outer loop
      vertex 61.43 89.0923 2.86
      vertex 61.201 88.9975 5.635
      vertex 61.4945 88.902 2.86
    endloop
  endfacet
  facet normal 0.94311 0.320423 0.0887216
    outer loop
      vertex 61.2557 88.8365 5.635
      vertex 61.4945 88.902 2.86
      vertex 61.201 88.9975 5.635
    endloop
  endfacet
  facet normal 0.938036 0.335013 0.0886293
    outer loop
      vertex 61.4945 88.902 2.86
      vertex 61.2557 88.8365 5.635
      vertex 61.495 88.9006 2.86
    endloop
  endfacet
  facet normal -0.737015 0.670013 0.0888329
    outer loop
      vertex 58.9046 89.5933 2.86
      vertex 59.0808 89.4192 5.635
      vertex 58.9056 89.5944 2.86
    endloop
  endfacet
  facet normal -0.748517 0.657149 0.0887561
    outer loop
      vertex 59.0808 89.4192 5.635
      vertex 58.9046 89.5933 2.86
      vertex 58.9686 89.2914 5.635
    endloop
  endfacet
  facet normal -0.440285 0.893462 0.0887396
    outer loop
      vertex 59.4077 89.9299 2.86
      vertex 59.2275 89.8411 2.86
      vertex 59.5025 89.701 5.635
    endloop
  endfacet
  facet normal -0.976714 0.195343 0.0887173
    outer loop
      vertex 58.7111 88.6697 5.635
      vertex 58.4658 88.7035 2.86
      vertex 58.4655 88.702 2.86
    endloop
  endfacet
  facet normal -0.976893 0.194442 0.0887222
    outer loop
      vertex 58.4658 88.7035 2.86
      vertex 58.7111 88.6697 5.635
      vertex 58.7443 88.8365 5.635
    endloop
  endfacet
  facet normal 0.553197 0.828309 0.0887554
    outer loop
      vertex 60.7739 89.8404 2.86
      vertex 60.65 89.6258 5.635
      vertex 60.941 89.7288 2.86
    endloop
  endfacet
  facet normal -0.828309 0.553197 0.0887554
    outer loop
      vertex 58.7712 89.441 2.86
      vertex 58.6596 89.2739 2.86
      vertex 58.8742 89.15 5.635
    endloop
  endfacet
  facet normal 0.656715 -0.748903 0.0887178
    outer loop
      vertex 61.0933 87.4046 2.86
      vertex 60.7914 87.4686 5.635
      vertex 60.9422 87.2721 2.86
    endloop
  endfacet
  facet normal 0.194294 0.976922 0.0887321
    outer loop
      vertex 60.4006 89.995 2.86
      vertex 60.2035 90.0342 2.86
      vertex 60.3365 89.7557 5.635
    endloop
  endfacet
  facet normal -0.993849 0.0662566 0.0887314
    outer loop
      vertex 58.4654 88.7005 2.86
      vertex 58.7111 88.6697 5.635
      vertex 58.4655 88.702 2.86
    endloop
  endfacet
  facet normal -0.993932 0.0650127 0.0887249
    outer loop
      vertex 58.7111 88.6697 5.635
      vertex 58.4654 88.7005 2.86
      vertex 58.7 88.5 5.635
    endloop
  endfacet
  facet normal -0.0650127 0.993932 0.0887249
    outer loop
      vertex 59.7995 90.0346 2.86
      vertex 59.8303 89.7889 5.635
      vertex 60 89.8 5.635
    endloop
  endfacet
  facet normal -0.0662566 0.993849 0.0887314
    outer loop
      vertex 59.8303 89.7889 5.635
      vertex 59.7995 90.0346 2.86
      vertex 59.798 90.0345 2.86
    endloop
  endfacet
  facet normal -0.656715 -0.748903 0.0887178
    outer loop
      vertex 59.2086 87.4686 5.635
      vertex 58.9067 87.4046 2.86
      vertex 59.0578 87.2721 2.86
    endloop
  endfacet
  facet normal -0.748903 0.656715 0.0887178
    outer loop
      vertex 58.9046 89.5933 2.86
      vertex 58.7721 89.4422 2.86
      vertex 58.9686 89.2914 5.635
    endloop
  endfacet
  facet normal 0.828309 -0.553197 0.0887554
    outer loop
      vertex 61.3404 87.7261 2.86
      vertex 61.1258 87.85 5.635
      vertex 61.2288 87.559 2.86
    endloop
  endfacet
  facet normal -0.94334 -0.319734 0.0887696
    outer loop
      vertex 58.799 88.0025 5.635
      vertex 58.5055 88.098 2.86
      vertex 58.57 87.9077 2.86
    endloop
  endfacet
  facet normal -0.32018 0.943192 0.0887386
    outer loop
      vertex 59.598 89.9945 2.86
      vertex 59.4077 89.9299 2.86
      vertex 59.5025 89.701 5.635
    endloop
  endfacet
  facet normal 0.657149 -0.748517 0.0887561
    outer loop
      vertex 61.0933 87.4046 2.86
      vertex 60.9192 87.5808 5.635
      vertex 60.7914 87.4686 5.635
    endloop
  endfacet
  facet normal 0.670013 -0.737015 0.0888329
    outer loop
      vertex 60.9192 87.5808 5.635
      vertex 61.0933 87.4046 2.86
      vertex 61.0944 87.4056 2.86
    endloop
  endfacet
  facet normal -0.938036 0.335013 0.0886293
    outer loop
      vertex 58.7443 88.8365 5.635
      vertex 58.5055 88.902 2.86
      vertex 58.505 88.9006 2.86
    endloop
  endfacet
  facet normal -0.94311 0.320423 0.0887216
    outer loop
      vertex 58.5055 88.902 2.86
      vertex 58.7443 88.8365 5.635
      vertex 58.799 88.9975 5.635
    endloop
  endfacet
  facet normal 0.445447 0.890895 0.0887845
    outer loop
      vertex 60.7725 89.8411 2.86
      vertex 60.65 89.6258 5.635
      vertex 60.7739 89.8404 2.86
    endloop
  endfacet
  facet normal 0.440521 0.893344 0.088757
    outer loop
      vertex 60.65 89.6258 5.635
      vertex 60.7725 89.8411 2.86
      vertex 60.4975 89.701 5.635
    endloop
  endfacet
  facet normal 0.065434 0.993902 0.0887528
    outer loop
      vertex 60 90.0478 2.86
      vertex 60 89.8 5.635
      vertex 60.2005 90.0346 2.86
    endloop
  endfacet
  facet normal -0.993902 -0.065434 0.0887528
    outer loop
      vertex 58.7 88.5 5.635
      vertex 58.4522 88.5 2.86
      vertex 58.4654 88.2995 2.86
    endloop
  endfacet
  facet normal -0.976922 -0.194294 0.0887321
    outer loop
      vertex 58.7443 88.1635 5.635
      vertex 58.4658 88.2965 2.86
      vertex 58.505 88.0994 2.86
    endloop
  endfacet
  facet normal -0.195343 0.976714 0.0887173
    outer loop
      vertex 59.7965 90.0342 2.86
      vertex 59.8303 89.7889 5.635
      vertex 59.798 90.0345 2.86
    endloop
  endfacet
  facet normal -0.194442 0.976893 0.0887222
    outer loop
      vertex 59.8303 89.7889 5.635
      vertex 59.7965 90.0342 2.86
      vertex 59.6635 89.7557 5.635
    endloop
  endfacet
  facet normal 0.748903 0.656715 0.0887178
    outer loop
      vertex 61.0954 89.5933 2.86
      vertex 61.0314 89.2914 5.635
      vertex 61.2279 89.4422 2.86
    endloop
  endfacet
  facet normal -0.890895 0.445447 0.0887845
    outer loop
      vertex 58.6589 89.2725 2.86
      vertex 58.8742 89.15 5.635
      vertex 58.6596 89.2739 2.86
    endloop
  endfacet
  facet normal -0.893344 0.440521 0.088757
    outer loop
      vertex 58.8742 89.15 5.635
      vertex 58.6589 89.2725 2.86
      vertex 58.799 88.9975 5.635
    endloop
  endfacet
  facet normal -0.194294 0.976922 0.0887321
    outer loop
      vertex 59.7965 90.0342 2.86
      vertex 59.5994 89.995 2.86
      vertex 59.6635 89.7557 5.635
    endloop
  endfacet
  facet normal 0.194442 0.976893 0.0887222
    outer loop
      vertex 60.2035 90.0342 2.86
      vertex 60.1697 89.7889 5.635
      vertex 60.3365 89.7557 5.635
    endloop
  endfacet
  facet normal 0.195343 0.976714 0.0887173
    outer loop
      vertex 60.1697 89.7889 5.635
      vertex 60.2035 90.0342 2.86
      vertex 60.202 90.0345 2.86
    endloop
  endfacet
  facet normal -0.893263 0.440683 0.088769
    outer loop
      vertex 58.6589 89.2725 2.86
      vertex 58.57 89.0923 2.86
      vertex 58.799 88.9975 5.635
    endloop
  endfacet
  facet normal -0.94334 0.319734 0.0887696
    outer loop
      vertex 58.57 89.0923 2.86
      vertex 58.5055 88.902 2.86
      vertex 58.799 88.9975 5.635
    endloop
  endfacet
  facet normal 0.737015 0.670013 0.0888329
    outer loop
      vertex 60.9192 89.4192 5.635
      vertex 61.0954 89.5933 2.86
      vertex 61.0944 89.5944 2.86
    endloop
  endfacet
  facet normal 0.748517 0.657149 0.0887561
    outer loop
      vertex 61.0954 89.5933 2.86
      vertex 60.9192 89.4192 5.635
      vertex 61.0314 89.2914 5.635
    endloop
  endfacet
  facet normal -0.656715 0.748903 0.0887178
    outer loop
      vertex 59.0578 89.7279 2.86
      vertex 58.9067 89.5954 2.86
      vertex 59.2086 89.5314 5.635
    endloop
  endfacet
  facet normal 0.893344 -0.440521 0.088757
    outer loop
      vertex 61.1258 87.85 5.635
      vertex 61.3411 87.7275 2.86
      vertex 61.201 88.0025 5.635
    endloop
  endfacet
  facet normal 0.890895 -0.445447 0.0887845
    outer loop
      vertex 61.3411 87.7275 2.86
      vertex 61.1258 87.85 5.635
      vertex 61.3404 87.7261 2.86
    endloop
  endfacet
  facet normal 0.828407 -0.553052 0.0887438
    outer loop
      vertex 61.0314 87.7086 5.635
      vertex 61.2288 87.559 2.86
      vertex 61.1258 87.85 5.635
    endloop
  endfacet
  facet normal 0.796832 -0.597624 0.0889007
    outer loop
      vertex 61.2288 87.559 2.86
      vertex 61.0314 87.7086 5.635
      vertex 61.2279 87.5578 2.86
    endloop
  endfacet
  facet normal 0.890895 0.445447 0.0887845
    outer loop
      vertex 61.1258 89.15 5.635
      vertex 61.3411 89.2725 2.86
      vertex 61.3404 89.2739 2.86
    endloop
  endfacet
  facet normal 0.893344 0.440521 0.088757
    outer loop
      vertex 61.3411 89.2725 2.86
      vertex 61.1258 89.15 5.635
      vertex 61.201 88.9975 5.635
    endloop
  endfacet
  facet normal 0.976714 -0.195343 0.0887173
    outer loop
      vertex 61.2889 88.3303 5.635
      vertex 61.5342 88.2965 2.86
      vertex 61.5345 88.298 2.86
    endloop
  endfacet
  facet normal 0.976893 -0.194442 0.0887222
    outer loop
      vertex 61.5342 88.2965 2.86
      vertex 61.2889 88.3303 5.635
      vertex 61.2557 88.1635 5.635
    endloop
  endfacet
  facet normal -0.335013 0.938036 0.0886293
    outer loop
      vertex 59.598 89.9945 2.86
      vertex 59.6635 89.7557 5.635
      vertex 59.5994 89.995 2.86
    endloop
  endfacet
  facet normal -0.320423 0.94311 0.0887216
    outer loop
      vertex 59.6635 89.7557 5.635
      vertex 59.598 89.9945 2.86
      vertex 59.5025 89.701 5.635
    endloop
  endfacet
  facet normal -0.065434 -0.993902 0.0887528
    outer loop
      vertex 60 87.2 5.635
      vertex 59.7995 86.9654 2.86
      vertex 60 86.9522 2.86
    endloop
  endfacet
  facet normal 0.938036 -0.335013 0.0886293
    outer loop
      vertex 61.2557 88.1635 5.635
      vertex 61.4945 88.098 2.86
      vertex 61.495 88.0994 2.86
    endloop
  endfacet
  facet normal 0.94311 -0.320423 0.0887216
    outer loop
      vertex 61.4945 88.098 2.86
      vertex 61.2557 88.1635 5.635
      vertex 61.201 88.0025 5.635
    endloop
  endfacet
  facet normal -0.553197 -0.828309 0.0887554
    outer loop
      vertex 59.35 87.3742 5.635
      vertex 59.059 87.2712 2.86
      vertex 59.2261 87.1596 2.86
    endloop
  endfacet
  facet normal 0.440285 0.893462 0.0887396
    outer loop
      vertex 60.5923 89.9299 2.86
      vertex 60.4975 89.701 5.635
      vertex 60.7725 89.8411 2.86
    endloop
  endfacet
  facet normal 0.748903 -0.656715 0.0887178
    outer loop
      vertex 61.2279 87.5578 2.86
      vertex 61.0314 87.7086 5.635
      vertex 61.0954 87.4067 2.86
    endloop
  endfacet
  facet normal 0.670013 0.737015 0.0888329
    outer loop
      vertex 61.0933 89.5954 2.86
      vertex 60.9192 89.4192 5.635
      vertex 61.0944 89.5944 2.86
    endloop
  endfacet
  facet normal 0.657149 0.748517 0.0887561
    outer loop
      vertex 60.9192 89.4192 5.635
      vertex 61.0933 89.5954 2.86
      vertex 60.7914 89.5314 5.635
    endloop
  endfacet
  facet normal 0.976922 -0.194294 0.0887321
    outer loop
      vertex 61.5342 88.2965 2.86
      vertex 61.2557 88.1635 5.635
      vertex 61.495 88.0994 2.86
    endloop
  endfacet
  facet normal -0.194442 -0.976893 0.0887222
    outer loop
      vertex 59.7965 86.9658 2.86
      vertex 59.8303 87.2111 5.635
      vertex 59.6635 87.2443 5.635
    endloop
  endfacet
  facet normal -0.195343 -0.976714 0.0887173
    outer loop
      vertex 59.8303 87.2111 5.635
      vertex 59.7965 86.9658 2.86
      vertex 59.798 86.9655 2.86
    endloop
  endfacet
  facet normal -0.938036 -0.335013 0.0886293
    outer loop
      vertex 58.5055 88.098 2.86
      vertex 58.7443 88.1635 5.635
      vertex 58.505 88.0994 2.86
    endloop
  endfacet
  facet normal -0.94311 -0.320423 0.0887216
    outer loop
      vertex 58.7443 88.1635 5.635
      vertex 58.5055 88.098 2.86
      vertex 58.799 88.0025 5.635
    endloop
  endfacet
  facet normal -0.828407 -0.553052 0.0887438
    outer loop
      vertex 58.7712 87.559 2.86
      vertex 58.9686 87.7086 5.635
      vertex 58.8742 87.85 5.635
    endloop
  endfacet
  facet normal -0.796832 -0.597624 0.0889007
    outer loop
      vertex 58.9686 87.7086 5.635
      vertex 58.7712 87.559 2.86
      vertex 58.7721 87.5578 2.86
    endloop
  endfacet
  facet normal 0.893263 -0.440683 0.088769
    outer loop
      vertex 61.43 87.9077 2.86
      vertex 61.201 88.0025 5.635
      vertex 61.3411 87.7275 2.86
    endloop
  endfacet
  facet normal 0.893263 0.440683 0.088769
    outer loop
      vertex 61.3411 89.2725 2.86
      vertex 61.201 88.9975 5.635
      vertex 61.43 89.0923 2.86
    endloop
  endfacet
  facet normal 0.748517 -0.657149 0.0887561
    outer loop
      vertex 60.9192 87.5808 5.635
      vertex 61.0954 87.4067 2.86
      vertex 61.0314 87.7086 5.635
    endloop
  endfacet
  facet normal 0.737015 -0.670013 0.0888329
    outer loop
      vertex 61.0954 87.4067 2.86
      vertex 60.9192 87.5808 5.635
      vertex 61.0944 87.4056 2.86
    endloop
  endfacet
  facet normal -0.194294 -0.976922 0.0887321
    outer loop
      vertex 59.6635 87.2443 5.635
      vertex 59.5994 87.005 2.86
      vertex 59.7965 86.9658 2.86
    endloop
  endfacet
  facet normal 0.0650127 -0.993932 0.0887249
    outer loop
      vertex 60.2005 86.9654 2.86
      vertex 60.1697 87.2111 5.635
      vertex 60 87.2 5.635
    endloop
  endfacet
  facet normal 0.0662566 -0.993849 0.0887314
    outer loop
      vertex 60.1697 87.2111 5.635
      vertex 60.2005 86.9654 2.86
      vertex 60.202 86.9655 2.86
    endloop
  endfacet
  facet normal -0.748517 -0.657149 0.0887561
    outer loop
      vertex 58.9046 87.4067 2.86
      vertex 59.0808 87.5808 5.635
      vertex 58.9686 87.7086 5.635
    endloop
  endfacet
  facet normal -0.737015 -0.670013 0.0888329
    outer loop
      vertex 59.0808 87.5808 5.635
      vertex 58.9046 87.4067 2.86
      vertex 58.9056 87.4056 2.86
    endloop
  endfacet
  facet normal -0.976714 -0.195343 0.0887173
    outer loop
      vertex 58.4658 88.2965 2.86
      vertex 58.7111 88.3303 5.635
      vertex 58.4655 88.298 2.86
    endloop
  endfacet
  facet normal -0.976893 -0.194442 0.0887222
    outer loop
      vertex 58.7111 88.3303 5.635
      vertex 58.4658 88.2965 2.86
      vertex 58.7443 88.1635 5.635
    endloop
  endfacet
  facet normal -0.993932 -0.0650127 0.0887249
    outer loop
      vertex 58.4654 88.2995 2.86
      vertex 58.7111 88.3303 5.635
      vertex 58.7 88.5 5.635
    endloop
  endfacet
  facet normal -0.993849 -0.0662566 0.0887314
    outer loop
      vertex 58.7111 88.3303 5.635
      vertex 58.4654 88.2995 2.86
      vertex 58.4655 88.298 2.86
    endloop
  endfacet
  facet normal 0.320423 0.94311 0.0887216
    outer loop
      vertex 60.402 89.9945 2.86
      vertex 60.3365 89.7557 5.635
      vertex 60.4975 89.701 5.635
    endloop
  endfacet
  facet normal 0.335013 0.938036 0.0886293
    outer loop
      vertex 60.3365 89.7557 5.635
      vertex 60.402 89.9945 2.86
      vertex 60.4006 89.995 2.86
    endloop
  endfacet
  facet normal -0.440285 -0.893462 0.0887396
    outer loop
      vertex 59.5025 87.299 5.635
      vertex 59.2275 87.1589 2.86
      vertex 59.4077 87.0701 2.86
    endloop
  endfacet
  facet normal -0.657149 0.748517 0.0887561
    outer loop
      vertex 58.9067 89.5954 2.86
      vertex 59.0808 89.4192 5.635
      vertex 59.2086 89.5314 5.635
    endloop
  endfacet
  facet normal -0.670013 0.737015 0.0888329
    outer loop
      vertex 59.0808 89.4192 5.635
      vertex 58.9067 89.5954 2.86
      vertex 58.9056 89.5944 2.86
    endloop
  endfacet
  facet normal -0.553197 0.828309 0.0887554
    outer loop
      vertex 59.2261 89.8404 2.86
      vertex 59.059 89.7288 2.86
      vertex 59.35 89.6258 5.635
    endloop
  endfacet
  facet normal -0.553052 0.828407 0.0887438
    outer loop
      vertex 59.059 89.7288 2.86
      vertex 59.2086 89.5314 5.635
      vertex 59.35 89.6258 5.635
    endloop
  endfacet
  facet normal -0.597624 0.796832 0.0889007
    outer loop
      vertex 59.2086 89.5314 5.635
      vertex 59.059 89.7288 2.86
      vertex 59.0578 89.7279 2.86
    endloop
  endfacet
  facet normal 0.553197 -0.828309 0.0887554
    outer loop
      vertex 60.941 87.2712 2.86
      vertex 60.65 87.3742 5.635
      vertex 60.7739 87.1596 2.86
    endloop
  endfacet
  facet normal 0.993849 0.0662566 0.0887314
    outer loop
      vertex 61.2889 88.6697 5.635
      vertex 61.5346 88.7005 2.86
      vertex 61.5345 88.702 2.86
    endloop
  endfacet
  facet normal 0.993932 0.0650127 0.0887249
    outer loop
      vertex 61.5346 88.7005 2.86
      vertex 61.2889 88.6697 5.635
      vertex 61.3 88.5 5.635
    endloop
  endfacet
  facet normal -0.0662566 -0.993849 0.0887314
    outer loop
      vertex 59.7995 86.9654 2.86
      vertex 59.8303 87.2111 5.635
      vertex 59.798 86.9655 2.86
    endloop
  endfacet
  facet normal -0.0650127 -0.993932 0.0887249
    outer loop
      vertex 59.8303 87.2111 5.635
      vertex 59.7995 86.9654 2.86
      vertex 60 87.2 5.635
    endloop
  endfacet
  facet normal 0.440521 -0.893344 0.088757
    outer loop
      vertex 60.7725 87.1589 2.86
      vertex 60.65 87.3742 5.635
      vertex 60.4975 87.299 5.635
    endloop
  endfacet
  facet normal 0.445447 -0.890895 0.0887845
    outer loop
      vertex 60.65 87.3742 5.635
      vertex 60.7725 87.1589 2.86
      vertex 60.7739 87.1596 2.86
    endloop
  endfacet
  facet normal 0.335013 -0.938036 0.0886293
    outer loop
      vertex 60.402 87.0055 2.86
      vertex 60.3365 87.2443 5.635
      vertex 60.4006 87.005 2.86
    endloop
  endfacet
  facet normal 0.320423 -0.94311 0.0887216
    outer loop
      vertex 60.3365 87.2443 5.635
      vertex 60.402 87.0055 2.86
      vertex 60.4975 87.299 5.635
    endloop
  endfacet
  facet normal 0.195343 -0.976714 0.0887173
    outer loop
      vertex 60.2035 86.9658 2.86
      vertex 60.1697 87.2111 5.635
      vertex 60.202 86.9655 2.86
    endloop
  endfacet
  facet normal 0.194442 -0.976893 0.0887222
    outer loop
      vertex 60.1697 87.2111 5.635
      vertex 60.2035 86.9658 2.86
      vertex 60.3365 87.2443 5.635
    endloop
  endfacet
  facet normal -0.32018 -0.943192 0.0887386
    outer loop
      vertex 59.5025 87.299 5.635
      vertex 59.4077 87.0701 2.86
      vertex 59.598 87.0055 2.86
    endloop
  endfacet
  facet normal -0.597624 -0.796832 0.0889007
    outer loop
      vertex 59.059 87.2712 2.86
      vertex 59.2086 87.4686 5.635
      vertex 59.0578 87.2721 2.86
    endloop
  endfacet
  facet normal -0.553052 -0.828407 0.0887438
    outer loop
      vertex 59.2086 87.4686 5.635
      vertex 59.059 87.2712 2.86
      vertex 59.35 87.3742 5.635
    endloop
  endfacet
  facet normal -0.670013 -0.737015 0.0888329
    outer loop
      vertex 58.9067 87.4046 2.86
      vertex 59.0808 87.5808 5.635
      vertex 58.9056 87.4056 2.86
    endloop
  endfacet
  facet normal -0.657149 -0.748517 0.0887561
    outer loop
      vertex 59.0808 87.5808 5.635
      vertex 58.9067 87.4046 2.86
      vertex 59.2086 87.4686 5.635
    endloop
  endfacet
  facet normal -0.445447 -0.890895 0.0887845
    outer loop
      vertex 59.2275 87.1589 2.86
      vertex 59.35 87.3742 5.635
      vertex 59.2261 87.1596 2.86
    endloop
  endfacet
  facet normal -0.440521 -0.893344 0.088757
    outer loop
      vertex 59.35 87.3742 5.635
      vertex 59.2275 87.1589 2.86
      vertex 59.5025 87.299 5.635
    endloop
  endfacet
  facet normal 0 0 1
    outer loop
      vertex 61.2889 88.6697 5.635
      vertex 61.2889 88.3303 5.635
      vertex 61.3 88.5 5.635
    endloop
  endfacet
  facet normal 0 0 1
    outer loop
      vertex 61.2557 88.8365 5.635
      vertex 61.2889 88.3303 5.635
      vertex 61.2889 88.6697 5.635
    endloop
  endfacet
  facet normal 0 0 1
    outer loop
      vertex 61.2557 88.8365 5.635
      vertex 61.2557 88.1635 5.635
      vertex 61.2889 88.3303 5.635
    endloop
  endfacet
  facet normal 0 0 1
    outer loop
      vertex 61.201 88.9975 5.635
      vertex 61.2557 88.1635 5.635
      vertex 61.2557 88.8365 5.635
    endloop
  endfacet
  facet normal 0 0 1
    outer loop
      vertex 61.201 88.9975 5.635
      vertex 61.201 88.0025 5.635
      vertex 61.2557 88.1635 5.635
    endloop
  endfacet
  facet normal 0 0 1
    outer loop
      vertex 61.1258 89.15 5.635
      vertex 61.201 88.0025 5.635
      vertex 61.201 88.9975 5.635
    endloop
  endfacet
  facet normal 0 0 1
    outer loop
      vertex 61.1258 89.15 5.635
      vertex 61.1258 87.85 5.635
      vertex 61.201 88.0025 5.635
    endloop
  endfacet
  facet normal 0 0 1
    outer loop
      vertex 61.0314 89.2914 5.635
      vertex 61.1258 87.85 5.635
      vertex 61.1258 89.15 5.635
    endloop
  endfacet
  facet normal 0 0 1
    outer loop
      vertex 61.0314 89.2914 5.635
      vertex 61.0314 87.7086 5.635
      vertex 61.1258 87.85 5.635
    endloop
  endfacet
  facet normal 0 0 1
    outer loop
      vertex 60.9192 89.4192 5.635
      vertex 61.0314 87.7086 5.635
      vertex 61.0314 89.2914 5.635
    endloop
  endfacet
  facet normal 0 0 1
    outer loop
      vertex 60.9192 89.4192 5.635
      vertex 60.9192 87.5808 5.635
      vertex 61.0314 87.7086 5.635
    endloop
  endfacet
  facet normal 0 0 1
    outer loop
      vertex 60.7914 89.5314 5.635
      vertex 60.9192 87.5808 5.635
      vertex 60.9192 89.4192 5.635
    endloop
  endfacet
  facet normal 0 0 1
    outer loop
      vertex 60.7914 89.5314 5.635
      vertex 60.7914 87.4686 5.635
      vertex 60.9192 87.5808 5.635
    endloop
  endfacet
  facet normal 0 0 1
    outer loop
      vertex 60.65 89.6258 5.635
      vertex 60.7914 87.4686 5.635
      vertex 60.7914 89.5314 5.635
    endloop
  endfacet
  facet normal 0 0 1
    outer loop
      vertex 60.65 89.6258 5.635
      vertex 60.65 87.3742 5.635
      vertex 60.7914 87.4686 5.635
    endloop
  endfacet
  facet normal 0 0 1
    outer loop
      vertex 60.4975 89.701 5.635
      vertex 60.65 87.3742 5.635
      vertex 60.65 89.6258 5.635
    endloop
  endfacet
  facet normal 0 0 1
    outer loop
      vertex 60.4975 89.701 5.635
      vertex 60.4975 87.299 5.635
      vertex 60.65 87.3742 5.635
    endloop
  endfacet
  facet normal 0 0 1
    outer loop
      vertex 60.3365 89.7557 5.635
      vertex 60.4975 87.299 5.635
      vertex 60.4975 89.701 5.635
    endloop
  endfacet
  facet normal 0 0 1
    outer loop
      vertex 60.3365 89.7557 5.635
      vertex 60.3365 87.2443 5.635
      vertex 60.4975 87.299 5.635
    endloop
  endfacet
  facet normal 0 0 1
    outer loop
      vertex 60.1697 89.7889 5.635
      vertex 60.3365 87.2443 5.635
      vertex 60.3365 89.7557 5.635
    endloop
  endfacet
  facet normal 0 0 1
    outer loop
      vertex 60.1697 89.7889 5.635
      vertex 60.1697 87.2111 5.635
      vertex 60.3365 87.2443 5.635
    endloop
  endfacet
  facet normal 0 0 1
    outer loop
      vertex 60 89.8 5.635
      vertex 60.1697 87.2111 5.635
      vertex 60.1697 89.7889 5.635
    endloop
  endfacet
  facet normal 0 0 1
    outer loop
      vertex 60 89.8 5.635
      vertex 60 87.2 5.635
      vertex 60.1697 87.2111 5.635
    endloop
  endfacet
  facet normal -0 0 1
    outer loop
      vertex 59.8303 89.7889 5.635
      vertex 60 87.2 5.635
      vertex 60 89.8 5.635
    endloop
  endfacet
  facet normal 0 0 1
    outer loop
      vertex 59.8303 89.7889 5.635
      vertex 59.8303 87.2111 5.635
      vertex 60 87.2 5.635
    endloop
  endfacet
  facet normal -0 0 1
    outer loop
      vertex 59.6635 89.7557 5.635
      vertex 59.8303 87.2111 5.635
      vertex 59.8303 89.7889 5.635
    endloop
  endfacet
  facet normal 0 0 1
    outer loop
      vertex 59.6635 89.7557 5.635
      vertex 59.6635 87.2443 5.635
      vertex 59.8303 87.2111 5.635
    endloop
  endfacet
  facet normal -0 0 1
    outer loop
      vertex 59.5025 89.701 5.635
      vertex 59.6635 87.2443 5.635
      vertex 59.6635 89.7557 5.635
    endloop
  endfacet
  facet normal 0 0 1
    outer loop
      vertex 59.5025 89.701 5.635
      vertex 59.5025 87.299 5.635
      vertex 59.6635 87.2443 5.635
    endloop
  endfacet
  facet normal -0 0 1
    outer loop
      vertex 59.35 89.6258 5.635
      vertex 59.5025 87.299 5.635
      vertex 59.5025 89.701 5.635
    endloop
  endfacet
  facet normal 0 0 1
    outer loop
      vertex 59.35 89.6258 5.635
      vertex 59.35 87.3742 5.635
      vertex 59.5025 87.299 5.635
    endloop
  endfacet
  facet normal -0 0 1
    outer loop
      vertex 59.2086 89.5314 5.635
      vertex 59.35 87.3742 5.635
      vertex 59.35 89.6258 5.635
    endloop
  endfacet
  facet normal 0 0 1
    outer loop
      vertex 59.2086 89.5314 5.635
      vertex 59.2086 87.4686 5.635
      vertex 59.35 87.3742 5.635
    endloop
  endfacet
  facet normal -0 0 1
    outer loop
      vertex 59.0808 89.4192 5.635
      vertex 59.2086 87.4686 5.635
      vertex 59.2086 89.5314 5.635
    endloop
  endfacet
  facet normal 0 0 1
    outer loop
      vertex 59.0808 89.4192 5.635
      vertex 59.0808 87.5808 5.635
      vertex 59.2086 87.4686 5.635
    endloop
  endfacet
  facet normal -0 0 1
    outer loop
      vertex 58.9686 89.2914 5.635
      vertex 59.0808 87.5808 5.635
      vertex 59.0808 89.4192 5.635
    endloop
  endfacet
  facet normal 0 0 1
    outer loop
      vertex 58.9686 89.2914 5.635
      vertex 58.9686 87.7086 5.635
      vertex 59.0808 87.5808 5.635
    endloop
  endfacet
  facet normal -0 0 1
    outer loop
      vertex 58.8742 89.15 5.635
      vertex 58.9686 87.7086 5.635
      vertex 58.9686 89.2914 5.635
    endloop
  endfacet
  facet normal 0 0 1
    outer loop
      vertex 58.8742 89.15 5.635
      vertex 58.8742 87.85 5.635
      vertex 58.9686 87.7086 5.635
    endloop
  endfacet
  facet normal -0 0 1
    outer loop
      vertex 58.799 88.9975 5.635
      vertex 58.8742 87.85 5.635
      vertex 58.8742 89.15 5.635
    endloop
  endfacet
  facet normal 0 0 1
    outer loop
      vertex 58.799 88.9975 5.635
      vertex 58.799 88.0025 5.635
      vertex 58.8742 87.85 5.635
    endloop
  endfacet
  facet normal -0 0 1
    outer loop
      vertex 58.7443 88.8365 5.635
      vertex 58.799 88.0025 5.635
      vertex 58.799 88.9975 5.635
    endloop
  endfacet
  facet normal 0 0 1
    outer loop
      vertex 58.7443 88.8365 5.635
      vertex 58.7443 88.1635 5.635
      vertex 58.799 88.0025 5.635
    endloop
  endfacet
  facet normal -0 0 1
    outer loop
      vertex 58.7111 88.6697 5.635
      vertex 58.7443 88.1635 5.635
      vertex 58.7443 88.8365 5.635
    endloop
  endfacet
  facet normal 0 0 1
    outer loop
      vertex 58.7111 88.6697 5.635
      vertex 58.7111 88.3303 5.635
      vertex 58.7443 88.1635 5.635
    endloop
  endfacet
  facet normal 0 -0 1
    outer loop
      vertex 58.7111 88.3303 5.635
      vertex 58.7111 88.6697 5.635
      vertex 58.7 88.5 5.635
    endloop
  endfacet
  facet normal -0.893344 -0.440521 0.088757
    outer loop
      vertex 58.6589 87.7275 2.86
      vertex 58.8742 87.85 5.635
      vertex 58.799 88.0025 5.635
    endloop
  endfacet
  facet normal -0.890895 -0.445447 0.0887845
    outer loop
      vertex 58.8742 87.85 5.635
      vertex 58.6589 87.7275 2.86
      vertex 58.6596 87.7261 2.86
    endloop
  endfacet
  facet normal -0.828309 -0.553197 0.0887554
    outer loop
      vertex 58.8742 87.85 5.635
      vertex 58.6596 87.7261 2.86
      vertex 58.7712 87.559 2.86
    endloop
  endfacet
endsolid OpenSCAD_Model
