solid OpenSCAD_Model
  facet normal 0 -0.947957 0.318399
    outer loop
      vertex -57 -34.6966 28.2523
      vertex -53.43 -34.8549 27.781
      vertex -53.7926 -34.6966 28.2523
    endloop
  endfacet
  facet normal -7.04875e-06 -0.947973 0.318351
    outer loop
      vertex -57 -34.6966 28.2523
      vertex -53.3581 -34.8863 27.6875
      vertex -53.43 -34.8549 27.781
    endloop
  endfacet
  facet normal 2.47755e-05 -0.947911 0.318536
    outer loop
      vertex -57 -34.6966 28.2523
      vertex -52.5797 -35.1537 26.8917
      vertex -53.3581 -34.8863 27.6875
    endloop
  endfacet
  facet normal -0.000360064 -0.948288 0.317412
    outer loop
      vertex -57 -34.6966 28.2523
      vertex -52.5056 -35.1791 26.8159
      vertex -52.5797 -35.1537 26.8917
    endloop
  endfacet
  facet normal 0.000416125 -0.947554 0.319594
    outer loop
      vertex -57 -34.6966 28.2523
      vertex -52.4226 -35.2021 26.7476
      vertex -52.5056 -35.1791 26.8159
    endloop
  endfacet
  facet normal -3.34056e-05 -0.947968 0.318366
    outer loop
      vertex -57 -34.6966 28.2523
      vertex -51.5171 -35.4524 26.0024
      vertex -52.4226 -35.2021 26.7476
    endloop
  endfacet
  facet normal 2.33075e-06 -0.947942 0.318444
    outer loop
      vertex -58.5 -41.5 8
      vertex -51.5171 -35.4524 26.0024
      vertex -57 -34.6966 28.2523
    endloop
  endfacet
  facet normal -1.75161e-05 -0.947939 0.318451
    outer loop
      vertex -51.5171 -35.4524 26.0024
      vertex -58.5 -41.5 8
      vertex -50.4755 -35.6862 25.3065
    endloop
  endfacet
  facet normal 0.000167417 -0.947965 0.318374
    outer loop
      vertex -50.4755 -35.6862 25.3065
      vertex -58.5 -41.5 8
      vertex -50.4091 -35.7011 25.2621
    endloop
  endfacet
  facet normal -0.000371435 -0.947889 0.318601
    outer loop
      vertex -50.4091 -35.7011 25.2621
      vertex -58.5 -41.5 8
      vertex -50.3387 -35.7139 25.2241
    endloop
  endfacet
  facet normal 0.000162998 -0.947975 0.318346
    outer loop
      vertex -58.5 -41.5 8
      vertex -47.8618 -36.1118 24.0396
      vertex -47.9135 -36.1061 24.0566
    endloop
  endfacet
  facet normal 0.00174027 -0.948342 0.317246
    outer loop
      vertex -58.5 -41.5 8
      vertex -46.5275 -36.2578 23.6048
      vertex -46.5704 -36.2545 23.6149
    endloop
  endfacet
  facet normal -2.68567e-05 -0.947945 0.318435
    outer loop
      vertex -37.5 -41.5 8
      vertex -43.848 -36.4269 23.1015
      vertex -45.1962 -36.3626 23.2928
    endloop
  endfacet
  facet normal 0.000121764 -0.947926 0.318492
    outer loop
      vertex -37.5 -41.5 8
      vertex -43.7854 -36.4289 23.0955
      vertex -43.8164 -36.4284 23.097
    endloop
  endfacet
  facet normal 1.99329e-05 -0.947945 0.318434
    outer loop
      vertex -50.3387 -35.7139 25.2241
      vertex -58.5 -41.5 8
      vertex -49.2008 -35.9204 24.6093
    endloop
  endfacet
  facet normal -1.23335e-05 -0.94794 0.31845
    outer loop
      vertex -58.5 -41.5 8
      vertex -47.964 -36.0988 24.0783
      vertex -49.2008 -35.9204 24.6093
    endloop
  endfacet
  facet normal -0.000150806 -0.947912 0.318532
    outer loop
      vertex -58.5 -41.5 8
      vertex -47.9135 -36.1061 24.0566
      vertex -47.964 -36.0988 24.0783
    endloop
  endfacet
  facet normal -1.81228e-05 -0.947938 0.318454
    outer loop
      vertex -47.8618 -36.1118 24.0396
      vertex -58.5 -41.5 8
      vertex -46.5704 -36.2545 23.6149
    endloop
  endfacet
  facet normal 7.09156e-06 -0.947942 0.318442
    outer loop
      vertex -46.5275 -36.2578 23.6048
      vertex -58.5 -41.5 8
      vertex -45.1962 -36.3626 23.2928
    endloop
  endfacet
  facet normal 0 -0.947941 0.318447
    outer loop
      vertex -37.5 -41.5 8
      vertex -45.1962 -36.3626 23.2928
      vertex -58.5 -41.5 8
    endloop
  endfacet
  facet normal 0.000373333 -0.947894 0.318586
    outer loop
      vertex -43.848 -36.4269 23.1015
      vertex -37.5 -41.5 8
      vertex -43.8164 -36.4284 23.097
    endloop
  endfacet
  facet normal 4.3069e-07 -0.947941 0.318446
    outer loop
      vertex -43.7854 -36.4289 23.0955
      vertex -37.5 -41.5 8
      vertex -42.4566 -36.4505 23.0312
    endloop
  endfacet
  facet normal 0 -0.947941 0.318446
    outer loop
      vertex -42.4566 -36.4505 23.0312
      vertex -37.5 -41.5 8
      vertex -38.6133 -36.4505 23.0312
    endloop
  endfacet
  facet normal 0.99682 -0.0138341 0.0784778
    outer loop
      vertex -38.16 -28.541 18.6677
      vertex -38.6133 -36.4505 23.0312
      vertex -37.5 -41.5 8
    endloop
  endfacet
  facet normal -0.996818 -0.0138585 0.0785013
    outer loop
      vertex -58.5 -41.5 8
      vertex -57.6124 -26.2373 21.9653
      vertex -57.6748 -25.6756 21.2721
    endloop
  endfacet
  facet normal -0.996822 -0.0138128 0.0784556
    outer loop
      vertex -58.5 -41.5 8
      vertex -57.4543 -27.6035 23.7328
      vertex -57.5066 -27.19 23.1411
    endloop
  endfacet
  facet normal -0.99682 -0.013837 0.0784753
    outer loop
      vertex -57.0809 -29.9864 28.0552
      vertex -57 -34.6966 28.2523
      vertex -57 -30.2939 29.0286
    endloop
  endfacet
  facet normal -0.996819 -0.0138367 0.0784836
    outer loop
      vertex -57.1705 -29.5496 26.9942
      vertex -57 -34.6966 28.2523
      vertex -57.0809 -29.9864 28.0552
    endloop
  endfacet
  facet normal -0.996828 -0.013864 0.0783732
    outer loop
      vertex -57.2057 -29.3777 26.5769
      vertex -57 -34.6966 28.2523
      vertex -57.1705 -29.5496 26.9942
    endloop
  endfacet
  facet normal -0.996815 -0.0138089 0.0785464
    outer loop
      vertex -57.2479 -29.1004 26.0901
      vertex -57 -34.6966 28.2523
      vertex -57.2057 -29.3777 26.5769
    endloop
  endfacet
  facet normal -0.996819 -0.013829 0.0784947
    outer loop
      vertex -57.3489 -28.4362 24.9245
      vertex -57 -34.6966 28.2523
      vertex -57.2479 -29.1004 26.0901
    endloop
  endfacet
  facet normal -0.996818 -0.013824 0.0785041
    outer loop
      vertex -57.4543 -27.6035 23.7328
      vertex -57 -34.6966 28.2523
      vertex -57.3489 -28.4362 24.9245
    endloop
  endfacet
  facet normal -0.99682 -0.01384 0.0784811
    outer loop
      vertex -57.6124 -26.2373 21.9653
      vertex -58.5 -41.5 8
      vertex -57.5066 -27.19 23.1411
    endloop
  endfacet
  facet normal -0.99683 -0.0137408 0.0783617
    outer loop
      vertex -58.5 -41.5 8
      vertex -57.6748 -25.6756 21.2721
      vertex -57.6876 -25.5477 21.1317
    endloop
  endfacet
  facet normal -0.99682 -0.0138399 0.0784794
    outer loop
      vertex -57.4543 -27.6035 23.7328
      vertex -58.5 -41.5 8
      vertex -57 -34.6966 28.2523
    endloop
  endfacet
  facet normal -0.000184562 -0.17349 0.984836
    outer loop
      vertex -57 -34.6966 28.2523
      vertex -55.2345 -32.9603 28.5585
      vertex -55.4279 -32.716 28.6015
    endloop
  endfacet
  facet normal 0 -0.173578 0.98482
    outer loop
      vertex -54.2877 -34.1559 28.3476
      vertex -57 -34.6966 28.2523
      vertex -53.7926 -34.6966 28.2523
    endloop
  endfacet
  facet normal 2.43789e-05 -0.173696 0.984799
    outer loop
      vertex -55.2345 -32.9603 28.5585
      vertex -57 -34.6966 28.2523
      vertex -54.2877 -34.1559 28.3476
    endloop
  endfacet
  facet normal 9.32603e-05 -0.173704 0.984798
    outer loop
      vertex -55.6126 -32.4417 28.6499
      vertex -57 -34.6966 28.2523
      vertex -55.4279 -32.716 28.6015
    endloop
  endfacet
  facet normal -3.42269e-05 -0.173628 0.984811
    outer loop
      vertex -56.3909 -31.2856 28.8537
      vertex -57 -34.6966 28.2523
      vertex -55.6126 -32.4417 28.6499
    endloop
  endfacet
  facet normal 6.44571e-05 -0.173645 0.984808
    outer loop
      vertex -57 -34.6966 28.2523
      vertex -56.3909 -31.2856 28.8537
      vertex -57 -30.2939 29.0286
    endloop
  endfacet
  facet normal 0 0.397143 -0.917757
    outer loop
      vertex -37.9189 -14.189 8
      vertex -57.5746 -11.3954 9.20888
      vertex -38.4254 -11.3954 9.20888
    endloop
  endfacet
  facet normal 0 0.397143 -0.917757
    outer loop
      vertex -57.5746 -11.3954 9.20888
      vertex -37.9189 -14.189 8
      vertex -58.0811 -14.189 8
    endloop
  endfacet
  facet normal -0.998092 -4.13908e-05 0.0617443
    outer loop
      vertex -58.5 -16.5 8
      vertex -58.2241 -16.2108 12.4601
      vertex -58.2448 -15.7421 12.1258
    endloop
  endfacet
  facet normal -0.998092 -2.19442e-05 0.061743
    outer loop
      vertex -58.5 -16.5 8
      vertex -58.1937 -16.8414 12.9513
      vertex -58.2241 -16.2108 12.4601
    endloop
  endfacet
  facet normal -0.998092 -8.02634e-06 0.061744
    outer loop
      vertex -58.5 -16.5 8
      vertex -58.1247 -18.273 14.0665
      vertex -58.1937 -16.8414 12.9513
    endloop
  endfacet
  facet normal -0.998092 -1.67945e-06 0.0617458
    outer loop
      vertex -58.5 -16.5 8
      vertex -58.0619 -19.468 15.0816
      vertex -58.1247 -18.273 14.0665
    endloop
  endfacet
  facet normal -0.99809 6.57986e-05 0.061774
    outer loop
      vertex -58.5 -16.5 8
      vertex -58.0185 -20.2947 15.7837
      vertex -58.0619 -19.468 15.0816
    endloop
  endfacet
  facet normal -0.998092 0 0.061742
    outer loop
      vertex -58.5 -41.5 8
      vertex -58.0185 -20.2947 15.7837
      vertex -58.5 -16.5 8
    endloop
  endfacet
  facet normal -0.998088 -2.56025e-05 0.0618115
    outer loop
      vertex -58.0185 -20.2947 15.7837
      vertex -58.5 -41.5 8
      vertex -57.9671 -21.1888 16.6133
    endloop
  endfacet
  facet normal -0.998094 1.76176e-05 0.06171
    outer loop
      vertex -57.9671 -21.1888 16.6133
      vertex -58.5 -41.5 8
      vertex -57.9073 -22.2316 17.5808
    endloop
  endfacet
  facet normal -0.998091 -7.01617e-06 0.0617593
    outer loop
      vertex -57.9073 -22.2316 17.5808
      vertex -58.5 -41.5 8
      vertex -57.8539 -23.0781 18.4437
    endloop
  endfacet
  facet normal -0.998092 6.0924e-06 0.0617363
    outer loop
      vertex -57.8539 -23.0781 18.4437
      vertex -58.5 -41.5 8
      vertex -57.7934 -24.0377 19.4219
    endloop
  endfacet
  facet normal -0.998089 -2.66804e-05 0.0617862
    outer loop
      vertex -57.7934 -24.0377 19.4219
      vertex -58.5 -41.5 8
      vertex -57.7264 -24.9932 20.5038
    endloop
  endfacet
  facet normal -0.998094 3.43892e-05 0.0617059
    outer loop
      vertex -57.7264 -24.9932 20.5038
      vertex -58.5 -41.5 8
      vertex -57.6876 -25.5477 21.1317
    endloop
  endfacet
  facet normal -0.985114 0.169295 0.0298347
    outer loop
      vertex -58.1227 -14.9202 11.4936
      vertex -58.5 -16.5 8
      vertex -58.2448 -15.7421 12.1258
    endloop
  endfacet
  facet normal -0.985107 0.169336 0.0298155
    outer loop
      vertex -58.0699 -14.5649 11.2202
      vertex -58.5 -16.5 8
      vertex -58.1227 -14.9202 11.4936
    endloop
  endfacet
  facet normal -0.985105 0.169348 0.0298082
    outer loop
      vertex -58.0216 -14.2456 11.0024
      vertex -58.5 -16.5 8
      vertex -58.0699 -14.5649 11.2202
    endloop
  endfacet
  facet normal -0.985115 0.169283 0.0298584
    outer loop
      vertex -57.8413 -13.0528 10.1884
      vertex -58.5 -16.5 8
      vertex -58.0216 -14.2456 11.0024
    endloop
  endfacet
  facet normal -0.985117 0.169271 0.0298777
    outer loop
      vertex -58.5 -16.5 8
      vertex -57.8413 -13.0528 10.1884
      vertex -57.6527 -11.8262 9.45758
    endloop
  endfacet
  facet normal 0.985115 0.169283 0.0298513
    outer loop
      vertex -37.5 -16.5 8
      vertex -38.345 -11.839 9.45361
      vertex -37.7261 -15.8287 11.6546
    endloop
  endfacet
  facet normal 0.998092 -1.34656e-06 0.0617494
    outer loop
      vertex -38.16 -28.541 18.6677
      vertex -37.5 -16.5 8
      vertex -37.7261 -15.8287 11.6546
    endloop
  endfacet
  facet normal 0.998092 0 0.0617509
    outer loop
      vertex -37.5 -16.5 8
      vertex -38.16 -28.541 18.6677
      vertex -37.5 -41.5 8
    endloop
  endfacet
  facet normal 0.983963 0.178372 6.28801e-05
    outer loop
      vertex -38.345 -11.839 9.45361
      vertex -37.9189 -14.189 8
      vertex -38.4254 -11.3954 9.20888
    endloop
  endfacet
  facet normal 0.983966 0.178357 8.84877e-05
    outer loop
      vertex -37.9189 -14.189 8
      vertex -38.345 -11.839 9.45361
      vertex -37.5 -16.5 8
    endloop
  endfacet
  facet normal -0.983931 0.17855 -0.000279562
    outer loop
      vertex -58.0811 -14.189 8
      vertex -57.6362 -11.7351 9.40311
      vertex -57.6091 -11.5859 9.314
    endloop
  endfacet
  facet normal -0.983974 0.178313 0.000204793
    outer loop
      vertex -58.0811 -14.189 8
      vertex -57.6091 -11.5859 9.314
      vertex -57.5746 -11.3954 9.20888
    endloop
  endfacet
  facet normal -0.983974 0.178309 0.000154433
    outer loop
      vertex -57.6362 -11.7351 9.40311
      vertex -58.0811 -14.189 8
      vertex -57.6527 -11.8262 9.45758
    endloop
  endfacet
  facet normal -0.983966 0.178357 7.46285e-05
    outer loop
      vertex -57.6527 -11.8262 9.45758
      vertex -58.0811 -14.189 8
      vertex -58.5 -16.5 8
    endloop
  endfacet
  facet normal 0 -0.947941 0.318446
    outer loop
      vertex 38.6133 -36.4505 23.0312
      vertex 37.5 -41.5 8
      vertex 42.4566 -36.4505 23.0312
    endloop
  endfacet
  facet normal 0 -0.947957 0.318399
    outer loop
      vertex 53.43 -34.8549 27.781
      vertex 57 -34.6966 28.2523
      vertex 53.7926 -34.6966 28.2523
    endloop
  endfacet
  facet normal 7.04875e-06 -0.947973 0.318351
    outer loop
      vertex 53.3581 -34.8863 27.6875
      vertex 57 -34.6966 28.2523
      vertex 53.43 -34.8549 27.781
    endloop
  endfacet
  facet normal -2.47755e-05 -0.947911 0.318536
    outer loop
      vertex 52.5797 -35.1537 26.8917
      vertex 57 -34.6966 28.2523
      vertex 53.3581 -34.8863 27.6875
    endloop
  endfacet
  facet normal 0.000360064 -0.948288 0.317412
    outer loop
      vertex 52.5056 -35.1791 26.8159
      vertex 57 -34.6966 28.2523
      vertex 52.5797 -35.1537 26.8917
    endloop
  endfacet
  facet normal -0.000416125 -0.947554 0.319594
    outer loop
      vertex 52.4226 -35.2021 26.7476
      vertex 57 -34.6966 28.2523
      vertex 52.5056 -35.1791 26.8159
    endloop
  endfacet
  facet normal 3.34056e-05 -0.947968 0.318366
    outer loop
      vertex 51.5171 -35.4524 26.0024
      vertex 57 -34.6966 28.2523
      vertex 52.4226 -35.2021 26.7476
    endloop
  endfacet
  facet normal 1.75161e-05 -0.947939 0.318451
    outer loop
      vertex 58.5 -41.5 8
      vertex 51.5171 -35.4524 26.0024
      vertex 50.4755 -35.6862 25.3065
    endloop
  endfacet
  facet normal -0.000167417 -0.947965 0.318374
    outer loop
      vertex 58.5 -41.5 8
      vertex 50.4755 -35.6862 25.3065
      vertex 50.4091 -35.7011 25.2621
    endloop
  endfacet
  facet normal 0.000371435 -0.947889 0.318601
    outer loop
      vertex 58.5 -41.5 8
      vertex 50.4091 -35.7011 25.2621
      vertex 50.3387 -35.7139 25.2241
    endloop
  endfacet
  facet normal -1.99329e-05 -0.947945 0.318434
    outer loop
      vertex 58.5 -41.5 8
      vertex 50.3387 -35.7139 25.2241
      vertex 49.2008 -35.9204 24.6093
    endloop
  endfacet
  facet normal 1.81228e-05 -0.947938 0.318454
    outer loop
      vertex 58.5 -41.5 8
      vertex 47.8618 -36.1118 24.0396
      vertex 46.5704 -36.2545 23.6149
    endloop
  endfacet
  facet normal -7.09156e-06 -0.947942 0.318442
    outer loop
      vertex 58.5 -41.5 8
      vertex 46.5275 -36.2578 23.6048
      vertex 45.1962 -36.3626 23.2928
    endloop
  endfacet
  facet normal -0.000373333 -0.947894 0.318586
    outer loop
      vertex 37.5 -41.5 8
      vertex 43.848 -36.4269 23.1015
      vertex 43.8164 -36.4284 23.097
    endloop
  endfacet
  facet normal -4.3069e-07 -0.947941 0.318446
    outer loop
      vertex 37.5 -41.5 8
      vertex 43.7854 -36.4289 23.0955
      vertex 42.4566 -36.4505 23.0312
    endloop
  endfacet
  facet normal -0.000121764 -0.947926 0.318492
    outer loop
      vertex 43.7854 -36.4289 23.0955
      vertex 37.5 -41.5 8
      vertex 43.8164 -36.4284 23.097
    endloop
  endfacet
  facet normal 2.68567e-05 -0.947945 0.318435
    outer loop
      vertex 43.848 -36.4269 23.1015
      vertex 37.5 -41.5 8
      vertex 45.1962 -36.3626 23.2928
    endloop
  endfacet
  facet normal 0 -0.947941 0.318447
    outer loop
      vertex 58.5 -41.5 8
      vertex 45.1962 -36.3626 23.2928
      vertex 37.5 -41.5 8
    endloop
  endfacet
  facet normal -0.00174027 -0.948342 0.317246
    outer loop
      vertex 46.5275 -36.2578 23.6048
      vertex 58.5 -41.5 8
      vertex 46.5704 -36.2545 23.6149
    endloop
  endfacet
  facet normal -0.000162998 -0.947975 0.318346
    outer loop
      vertex 47.8618 -36.1118 24.0396
      vertex 58.5 -41.5 8
      vertex 47.9135 -36.1061 24.0566
    endloop
  endfacet
  facet normal 0.000150806 -0.947912 0.318532
    outer loop
      vertex 47.9135 -36.1061 24.0566
      vertex 58.5 -41.5 8
      vertex 47.964 -36.0988 24.0783
    endloop
  endfacet
  facet normal 1.23335e-05 -0.94794 0.31845
    outer loop
      vertex 47.964 -36.0988 24.0783
      vertex 58.5 -41.5 8
      vertex 49.2008 -35.9204 24.6093
    endloop
  endfacet
  facet normal -2.33075e-06 -0.947942 0.318444
    outer loop
      vertex 51.5171 -35.4524 26.0024
      vertex 58.5 -41.5 8
      vertex 57 -34.6966 28.2523
    endloop
  endfacet
  facet normal 0.99682 -0.01384 0.0784811
    outer loop
      vertex 58.5 -41.5 8
      vertex 57.6124 -26.2373 21.9653
      vertex 57.5066 -27.19 23.1411
    endloop
  endfacet
  facet normal 0.996818 -0.013824 0.0785041
    outer loop
      vertex 57 -34.6966 28.2523
      vertex 57.4543 -27.6035 23.7328
      vertex 57.3489 -28.4362 24.9245
    endloop
  endfacet
  facet normal 0.99682 -0.013837 0.0784753
    outer loop
      vertex 57 -34.6966 28.2523
      vertex 57.0809 -29.9864 28.0552
      vertex 57 -30.2939 29.0286
    endloop
  endfacet
  facet normal 0.996819 -0.0138367 0.0784836
    outer loop
      vertex 57 -34.6966 28.2523
      vertex 57.1705 -29.5496 26.9942
      vertex 57.0809 -29.9864 28.0552
    endloop
  endfacet
  facet normal 0.996828 -0.013864 0.0783732
    outer loop
      vertex 57 -34.6966 28.2523
      vertex 57.2057 -29.3777 26.5769
      vertex 57.1705 -29.5496 26.9942
    endloop
  endfacet
  facet normal 0.996815 -0.0138089 0.0785464
    outer loop
      vertex 57 -34.6966 28.2523
      vertex 57.2479 -29.1004 26.0901
      vertex 57.2057 -29.3777 26.5769
    endloop
  endfacet
  facet normal 0.996819 -0.013829 0.0784947
    outer loop
      vertex 57 -34.6966 28.2523
      vertex 57.3489 -28.4362 24.9245
      vertex 57.2479 -29.1004 26.0901
    endloop
  endfacet
  facet normal 0.99682 -0.0138399 0.0784794
    outer loop
      vertex 58.5 -41.5 8
      vertex 57.4543 -27.6035 23.7328
      vertex 57 -34.6966 28.2523
    endloop
  endfacet
  facet normal 0.996822 -0.0138128 0.0784556
    outer loop
      vertex 57.4543 -27.6035 23.7328
      vertex 58.5 -41.5 8
      vertex 57.5066 -27.19 23.1411
    endloop
  endfacet
  facet normal 0.996818 -0.0138585 0.0785013
    outer loop
      vertex 57.6124 -26.2373 21.9653
      vertex 58.5 -41.5 8
      vertex 57.6748 -25.6756 21.2721
    endloop
  endfacet
  facet normal 0.99683 -0.0137408 0.0783617
    outer loop
      vertex 57.6748 -25.6756 21.2721
      vertex 58.5 -41.5 8
      vertex 57.6876 -25.5477 21.1317
    endloop
  endfacet
  facet normal -0.99682 -0.0138341 0.0784778
    outer loop
      vertex 38.16 -28.541 18.6677
      vertex 37.5 -41.5 8
      vertex 38.6133 -36.4505 23.0312
    endloop
  endfacet
  facet normal -6.44571e-05 -0.173645 0.984808
    outer loop
      vertex 56.3909 -31.2856 28.8537
      vertex 57 -34.6966 28.2523
      vertex 57 -30.2939 29.0286
    endloop
  endfacet
  facet normal 3.42269e-05 -0.173628 0.984811
    outer loop
      vertex 55.6126 -32.4417 28.6499
      vertex 57 -34.6966 28.2523
      vertex 56.3909 -31.2856 28.8537
    endloop
  endfacet
  facet normal -9.32603e-05 -0.173704 0.984798
    outer loop
      vertex 55.4279 -32.716 28.6015
      vertex 57 -34.6966 28.2523
      vertex 55.6126 -32.4417 28.6499
    endloop
  endfacet
  facet normal 0.000184562 -0.17349 0.984836
    outer loop
      vertex 55.2345 -32.9603 28.5585
      vertex 57 -34.6966 28.2523
      vertex 55.4279 -32.716 28.6015
    endloop
  endfacet
  facet normal -2.43789e-05 -0.173696 0.984799
    outer loop
      vertex 54.2877 -34.1559 28.3476
      vertex 57 -34.6966 28.2523
      vertex 55.2345 -32.9603 28.5585
    endloop
  endfacet
  facet normal 0 -0.173578 0.98482
    outer loop
      vertex 57 -34.6966 28.2523
      vertex 54.2877 -34.1559 28.3476
      vertex 53.7926 -34.6966 28.2523
    endloop
  endfacet
  facet normal 0 0.397143 -0.917757
    outer loop
      vertex 58.0811 -14.189 8
      vertex 38.4254 -11.3954 9.20888
      vertex 57.5746 -11.3954 9.20888
    endloop
  endfacet
  facet normal 0 0.397143 -0.917757
    outer loop
      vertex 38.4254 -11.3954 9.20888
      vertex 58.0811 -14.189 8
      vertex 37.9189 -14.189 8
    endloop
  endfacet
  facet normal -0.998092 -1.34656e-06 0.0617494
    outer loop
      vertex 37.5 -16.5 8
      vertex 38.16 -28.541 18.6677
      vertex 37.7261 -15.8287 11.6546
    endloop
  endfacet
  facet normal -0.998092 0 0.0617509
    outer loop
      vertex 38.16 -28.541 18.6677
      vertex 37.5 -16.5 8
      vertex 37.5 -41.5 8
    endloop
  endfacet
  facet normal -0.985115 0.169283 0.0298513
    outer loop
      vertex 38.345 -11.839 9.45361
      vertex 37.5 -16.5 8
      vertex 37.7261 -15.8287 11.6546
    endloop
  endfacet
  facet normal 0.985117 0.169271 0.0298777
    outer loop
      vertex 57.8413 -13.0528 10.1884
      vertex 58.5 -16.5 8
      vertex 57.6527 -11.8262 9.45758
    endloop
  endfacet
  facet normal 0.985115 0.169283 0.0298584
    outer loop
      vertex 58.0216 -14.2456 11.0024
      vertex 58.5 -16.5 8
      vertex 57.8413 -13.0528 10.1884
    endloop
  endfacet
  facet normal 0.985105 0.169348 0.0298082
    outer loop
      vertex 58.0699 -14.5649 11.2202
      vertex 58.5 -16.5 8
      vertex 58.0216 -14.2456 11.0024
    endloop
  endfacet
  facet normal 0.985107 0.169336 0.0298155
    outer loop
      vertex 58.1227 -14.9202 11.4936
      vertex 58.5 -16.5 8
      vertex 58.0699 -14.5649 11.2202
    endloop
  endfacet
  facet normal 0.985114 0.169295 0.0298347
    outer loop
      vertex 58.5 -16.5 8
      vertex 58.1227 -14.9202 11.4936
      vertex 58.2448 -15.7421 12.1258
    endloop
  endfacet
  facet normal 0.998092 -4.13908e-05 0.0617443
    outer loop
      vertex 58.2241 -16.2108 12.4601
      vertex 58.5 -16.5 8
      vertex 58.2448 -15.7421 12.1258
    endloop
  endfacet
  facet normal 0.998092 -2.19442e-05 0.061743
    outer loop
      vertex 58.1937 -16.8414 12.9513
      vertex 58.5 -16.5 8
      vertex 58.2241 -16.2108 12.4601
    endloop
  endfacet
  facet normal 0.998092 -8.02634e-06 0.061744
    outer loop
      vertex 58.1247 -18.273 14.0665
      vertex 58.5 -16.5 8
      vertex 58.1937 -16.8414 12.9513
    endloop
  endfacet
  facet normal 0.998092 -1.67945e-06 0.0617458
    outer loop
      vertex 58.0619 -19.468 15.0816
      vertex 58.5 -16.5 8
      vertex 58.1247 -18.273 14.0665
    endloop
  endfacet
  facet normal 0.99809 6.57986e-05 0.061774
    outer loop
      vertex 58.0185 -20.2947 15.7837
      vertex 58.5 -16.5 8
      vertex 58.0619 -19.468 15.0816
    endloop
  endfacet
  facet normal 0.998088 -2.56025e-05 0.0618115
    outer loop
      vertex 58.5 -41.5 8
      vertex 58.0185 -20.2947 15.7837
      vertex 57.9671 -21.1888 16.6133
    endloop
  endfacet
  facet normal 0.998094 1.76176e-05 0.06171
    outer loop
      vertex 58.5 -41.5 8
      vertex 57.9671 -21.1888 16.6133
      vertex 57.9073 -22.2316 17.5808
    endloop
  endfacet
  facet normal 0.998091 -7.01617e-06 0.0617593
    outer loop
      vertex 58.5 -41.5 8
      vertex 57.9073 -22.2316 17.5808
      vertex 57.8539 -23.0781 18.4437
    endloop
  endfacet
  facet normal 0.998092 6.0924e-06 0.0617363
    outer loop
      vertex 58.5 -41.5 8
      vertex 57.8539 -23.0781 18.4437
      vertex 57.7934 -24.0377 19.4219
    endloop
  endfacet
  facet normal 0.998089 -2.66804e-05 0.0617862
    outer loop
      vertex 58.5 -41.5 8
      vertex 57.7934 -24.0377 19.4219
      vertex 57.7264 -24.9932 20.5038
    endloop
  endfacet
  facet normal 0.998094 3.43892e-05 0.0617059
    outer loop
      vertex 58.5 -41.5 8
      vertex 57.7264 -24.9932 20.5038
      vertex 57.6876 -25.5477 21.1317
    endloop
  endfacet
  facet normal 0.998092 0 0.061742
    outer loop
      vertex 58.0185 -20.2947 15.7837
      vertex 58.5 -41.5 8
      vertex 58.5 -16.5 8
    endloop
  endfacet
  facet normal 0.983974 0.178309 0.000154433
    outer loop
      vertex 58.0811 -14.189 8
      vertex 57.6362 -11.7351 9.40311
      vertex 57.6527 -11.8262 9.45758
    endloop
  endfacet
  facet normal 0.983974 0.178313 0.000204793
    outer loop
      vertex 57.6091 -11.5859 9.314
      vertex 58.0811 -14.189 8
      vertex 57.5746 -11.3954 9.20888
    endloop
  endfacet
  facet normal 0.983931 0.17855 -0.000279562
    outer loop
      vertex 57.6362 -11.7351 9.40311
      vertex 58.0811 -14.189 8
      vertex 57.6091 -11.5859 9.314
    endloop
  endfacet
  facet normal 0.983966 0.178357 7.46285e-05
    outer loop
      vertex 58.0811 -14.189 8
      vertex 57.6527 -11.8262 9.45758
      vertex 58.5 -16.5 8
    endloop
  endfacet
  facet normal -0.983963 0.178372 6.28801e-05
    outer loop
      vertex 37.9189 -14.189 8
      vertex 38.345 -11.839 9.45361
      vertex 38.4254 -11.3954 9.20888
    endloop
  endfacet
  facet normal -0.983966 0.178357 8.84877e-05
    outer loop
      vertex 38.345 -11.839 9.45361
      vertex 37.9189 -14.189 8
      vertex 37.5 -16.5 8
    endloop
  endfacet
  facet normal 0 1 -0
    outer loop
      vertex 58 28 0.7
      vertex -58 28 7.3
      vertex 58 28 7.3
    endloop
  endfacet
  facet normal 0 1 0
    outer loop
      vertex -58 28 7.3
      vertex 58 28 0.7
      vertex -58 28 0.7
    endloop
  endfacet
  facet normal 1 -0 0
    outer loop
      vertex 71 -67 7.3
      vertex 71 15 0.7
      vertex 71 15 7.3
    endloop
  endfacet
  facet normal 1 0 0
    outer loop
      vertex 71 15 0.7
      vertex 71 -67 7.3
      vertex 71 -67 0.7
    endloop
  endfacet
  facet normal 0.227541 -0.6703 0.706345
    outer loop
      vertex 62.707 -78.3637 8
      vertex 61.3647 -79.557 7.3
      vertex 62.9749 -79.0104 7.3
    endloop
  endfacet
  facet normal 0 -1 0
    outer loop
      vertex -58 -80 7.3
      vertex 5.8 -80 5.275
      vertex 58 -80 7.3
    endloop
  endfacet
  facet normal 0 -1 0
    outer loop
      vertex -58 -80 0.7
      vertex 5.8 -80 5.275
      vertex -58 -80 7.3
    endloop
  endfacet
  facet normal 0 -1 -0
    outer loop
      vertex 5.8 -80 5.275
      vertex -58 -80 0.7
      vertex 5.8 -80 0.7
    endloop
  endfacet
  facet normal 0 -1 0
    outer loop
      vertex 14.2 -80 5.275
      vertex 58 -80 7.3
      vertex 5.8 -80 5.275
    endloop
  endfacet
  facet normal 0 -1 0
    outer loop
      vertex 58 -80 0.7
      vertex 14.2 -80 5.275
      vertex 14.2 -80 0.7
    endloop
  endfacet
  facet normal 0 -1 0
    outer loop
      vertex 14.2 -80 5.275
      vertex 58 -80 0.7
      vertex 58 -80 7.3
    endloop
  endfacet
  facet normal 0.138108 0.694282 0.706328
    outer loop
      vertex 61.3647 27.557 7.3
      vertex 59.6055 27.1948 8
      vertex 61.1835 26.8809 8
    endloop
  endfacet
  facet normal 0.0462833 0.706349 0.706349
    outer loop
      vertex 58 28 7.3
      vertex 58 27.3 8
      vertex 59.6055 27.1948 8
    endloop
  endfacet
  facet normal 0.670311 -0.227558 0.706329
    outer loop
      vertex 69.8809 -70.1835 8
      vertex 69.3637 -71.707 8
      vertex 70.557 -70.3647 7.3
    endloop
  endfacet
  facet normal 0.751844 0.659341 0
    outer loop
      vertex 68.3136 22.9139 7.3
      vertex 67.1924 24.1924 0.7
      vertex 67.1924 24.1924 7.3
    endloop
  endfacet
  facet normal 0.751844 0.659341 0
    outer loop
      vertex 67.1924 24.1924 0.7
      vertex 68.3136 22.9139 7.3
      vertex 68.3136 22.9139 0.7
    endloop
  endfacet
  facet normal -0.0653948 0.997859 0
    outer loop
      vertex -58 28 0.7
      vertex -59.6968 27.8888 7.3
      vertex -58 28 7.3
    endloop
  endfacet
  facet normal -0.0653948 0.997859 0
    outer loop
      vertex -59.6968 27.8888 7.3
      vertex -58 28 0.7
      vertex -59.6968 27.8888 0.7
    endloop
  endfacet
  facet normal 0.706357 0.0462912 0.70634
    outer loop
      vertex 70.8888 16.6968 7.3
      vertex 70.1948 16.6055 8
      vertex 71 15 7.3
    endloop
  endfacet
  facet normal 0.588581 -0.393261 0.706342
    outer loop
      vertex 68.6521 -73.15 8
      vertex 68.3136 -74.9139 7.3
      vertex 69.2583 -73.5 7.3
    endloop
  endfacet
  facet normal 0 0.759257 -0.650791
    outer loop
      vertex 57.4 27.4 0
      vertex -58 28 0.7
      vertex 58 28 0.7
    endloop
  endfacet
  facet normal 0 0.759257 -0.650791
    outer loop
      vertex -58 28 0.7
      vertex 57.4 27.4 0
      vertex -57.4 27.4 0
    endloop
  endfacet
  facet normal 0.555555 -0.83148 0
    outer loop
      vertex 64.5 -78.2583 0.7
      vertex 65.9139 -77.3136 7.3
      vertex 64.5 -78.2583 7.3
    endloop
  endfacet
  facet normal 0.555555 -0.83148 0
    outer loop
      vertex 65.9139 -77.3136 7.3
      vertex 64.5 -78.2583 0.7
      vertex 65.9139 -77.3136 0.7
    endloop
  endfacet
  facet normal 0.321445 0.946928 -0
    outer loop
      vertex 62.9749 27.0104 0.7
      vertex 61.3647 27.557 7.3
      vertex 62.9749 27.0104 7.3
    endloop
  endfacet
  facet normal 0.321445 0.946928 0
    outer loop
      vertex 61.3647 27.557 7.3
      vertex 62.9749 27.0104 0.7
      vertex 61.3647 27.557 0.7
    endloop
  endfacet
  facet normal 0.138114 -0.694273 0.706336
    outer loop
      vertex 61.3647 -79.557 7.3
      vertex 59.6055 -79.1948 8
      vertex 59.6968 -79.8888 7.3
    endloop
  endfacet
  facet normal 0.532192 -0.466724 0.706358
    outer loop
      vertex 67.7582 -74.4878 8
      vertex 66.6974 -75.6974 8
      vertex 68.3136 -74.9139 7.3
    endloop
  endfacet
  facet normal 0.0462912 -0.706357 0.70634
    outer loop
      vertex 59.6055 -79.1948 8
      vertex 58 -80 7.3
      vertex 59.6968 -79.8888 7.3
    endloop
  endfacet
  facet normal -0.759257 0 -0.650791
    outer loop
      vertex -70.4 -66.4 0
      vertex -71 15 0.7
      vertex -70.4 14.4 0
    endloop
  endfacet
  facet normal -0.759257 -0 -0.650791
    outer loop
      vertex -71 15 0.7
      vertex -70.4 -66.4 0
      vertex -71 -67 0.7
    endloop
  endfacet
  facet normal -0.313083 0.634866 0.706346
    outer loop
      vertex -62.9749 27.0104 7.3
      vertex -64.5 26.2583 7.3
      vertex -62.707 26.3637 8
    endloop
  endfacet
  facet normal -0.0653948 -0.997859 0
    outer loop
      vertex -59.6968 -79.8888 0.7
      vertex -58 -80 7.3
      vertex -59.6968 -79.8888 7.3
    endloop
  endfacet
  facet normal -0.0653948 -0.997859 -0
    outer loop
      vertex -58 -80 7.3
      vertex -59.6968 -79.8888 0.7
      vertex -58 -80 0.7
    endloop
  endfacet
  facet normal 0.420116 -0.479056 -0.770719
    outer loop
      vertex 65.9139 -77.3136 0.7
      vertex 66.5924 -75.5924 0
      vertex 67.1924 -76.1924 0.7
    endloop
  endfacet
  facet normal 0.420116 -0.479056 -0.770719
    outer loop
      vertex 66.5924 -75.5924 0
      vertex 65.9139 -77.3136 0.7
      vertex 65.3139 -76.7136 0
    endloop
  endfacet
  facet normal -0.19511 0.980781 0
    outer loop
      vertex -59.6968 27.8888 0.7
      vertex -61.3647 27.557 7.3
      vertex -59.6968 27.8888 7.3
    endloop
  endfacet
  facet normal -0.19511 0.980781 0
    outer loop
      vertex -61.3647 27.557 7.3
      vertex -59.6968 27.8888 0.7
      vertex -61.3647 27.557 0.7
    endloop
  endfacet
  facet normal 0 0.707107 0.707107
    outer loop
      vertex 58 28 7.3
      vertex -58 27.3 8
      vertex 58 27.3 8
    endloop
  endfacet
  facet normal 0 0.707107 0.707107
    outer loop
      vertex -58 27.3 8
      vertex 58 28 7.3
      vertex -58 28 7.3
    endloop
  endfacet
  facet normal 0.659341 0.751844 -0
    outer loop
      vertex 67.1924 24.1924 0.7
      vertex 65.9139 25.3136 7.3
      vertex 67.1924 24.1924 7.3
    endloop
  endfacet
  facet normal 0.659341 0.751844 0
    outer loop
      vertex 65.9139 25.3136 7.3
      vertex 67.1924 24.1924 0.7
      vertex 65.9139 25.3136 0.7
    endloop
  endfacet
  facet normal 0.393261 0.588581 0.706342
    outer loop
      vertex 64.5 26.2583 7.3
      vertex 64.15 25.6521 8
      vertex 65.9139 25.3136 7.3
    endloop
  endfacet
  facet normal 0.420116 0.479056 -0.770719
    outer loop
      vertex 66.5924 23.5924 0
      vertex 65.9139 25.3136 0.7
      vertex 67.1924 24.1924 0.7
    endloop
  endfacet
  facet normal 0.420116 0.479056 -0.770719
    outer loop
      vertex 65.9139 25.3136 0.7
      vertex 66.5924 23.5924 0
      vertex 65.3139 24.7136 0
    endloop
  endfacet
  facet normal -0.707107 0 0.707107
    outer loop
      vertex -71 -67 7.3
      vertex -70.3 15 8
      vertex -71 15 7.3
    endloop
  endfacet
  facet normal -0.707107 0 0.707107
    outer loop
      vertex -70.3 15 8
      vertex -71 -67 7.3
      vertex -70.3 -67 8
    endloop
  endfacet
  facet normal 0.313081 0.634873 0.70634
    outer loop
      vertex 64.5 26.2583 7.3
      vertex 62.707 26.3637 8
      vertex 64.15 25.6521 8
    endloop
  endfacet
  facet normal 0.997859 0.0653948 0
    outer loop
      vertex 71 15 7.3
      vertex 70.8888 16.6968 0.7
      vertex 70.8888 16.6968 7.3
    endloop
  endfacet
  facet normal 0.997859 0.0653948 0
    outer loop
      vertex 70.8888 16.6968 0.7
      vertex 71 15 7.3
      vertex 71 15 0.7
    endloop
  endfacet
  facet normal 0.588555 -0.393264 0.706362
    outer loop
      vertex 68.6521 -73.15 8
      vertex 67.7582 -74.4878 8
      vertex 68.3136 -74.9139 7.3
    endloop
  endfacet
  facet normal 0.759257 0 -0.650791
    outer loop
      vertex 71 15 0.7
      vertex 70.4 -66.4 0
      vertex 70.4 14.4 0
    endloop
  endfacet
  facet normal 0.759257 0 -0.650791
    outer loop
      vertex 70.4 -66.4 0
      vertex 71 15 0.7
      vertex 71 -67 0.7
    endloop
  endfacet
  facet normal 0.751844 -0.659341 0
    outer loop
      vertex 67.1924 -76.1924 7.3
      vertex 68.3136 -74.9139 0.7
      vertex 68.3136 -74.9139 7.3
    endloop
  endfacet
  facet normal 0.751844 -0.659341 0
    outer loop
      vertex 68.3136 -74.9139 0.7
      vertex 67.1924 -76.1924 7.3
      vertex 67.1924 -76.1924 0.7
    endloop
  endfacet
  facet normal 0.980781 0.19511 0
    outer loop
      vertex 70.8888 16.6968 7.3
      vertex 70.557 18.3647 0.7
      vertex 70.557 18.3647 7.3
    endloop
  endfacet
  facet normal 0.980781 0.19511 0
    outer loop
      vertex 70.557 18.3647 0.7
      vertex 70.8888 16.6968 7.3
      vertex 70.8888 16.6968 0.7
    endloop
  endfacet
  facet normal 0 -0.759257 -0.650791
    outer loop
      vertex -57.4 -79.4 0
      vertex 5.8 -80 0.7
      vertex -58 -80 0.7
    endloop
  endfacet
  facet normal 0 -0.759257 -0.650791
    outer loop
      vertex 5.8 -80 0.7
      vertex -57.4 -79.4 0
      vertex 5.8 -79.4 0
    endloop
  endfacet
  facet normal -0 -0.759257 -0.650791
    outer loop
      vertex 57.4 -79.4 0
      vertex 14.2 -80 0.7
      vertex 14.2 -79.4 0
    endloop
  endfacet
  facet normal 0 -0.759257 -0.650791
    outer loop
      vertex 14.2 -80 0.7
      vertex 57.4 -79.4 0
      vertex 58 -80 0.7
    endloop
  endfacet
  facet normal 0.0483336 -0.737522 -0.673591
    outer loop
      vertex 59.0968 -79.2888 0
      vertex 58 -80 0.7
      vertex 57.4 -79.4 0
    endloop
  endfacet
  facet normal 0.0483336 -0.737522 -0.673591
    outer loop
      vertex 58 -80 0.7
      vertex 59.0968 -79.2888 0
      vertex 59.6968 -79.8888 0.7
    endloop
  endfacet
  facet normal 0.588555 0.393264 0.706362
    outer loop
      vertex 68.3136 22.9139 7.3
      vertex 67.7582 22.4878 8
      vertex 68.6521 21.15 8
    endloop
  endfacet
  facet normal 0.313081 -0.634873 0.70634
    outer loop
      vertex 64.15 -77.6521 8
      vertex 62.707 -78.3637 8
      vertex 64.5 -78.2583 7.3
    endloop
  endfacet
  facet normal 0.357608 -0.53522 -0.765281
    outer loop
      vertex 64.5 -78.2583 0.7
      vertex 65.3139 -76.7136 0
      vertex 65.9139 -77.3136 0.7
    endloop
  endfacet
  facet normal 0.357608 -0.53522 -0.765281
    outer loop
      vertex 65.3139 -76.7136 0
      vertex 64.5 -78.2583 0.7
      vertex 63.9 -77.6583 0
    endloop
  endfacet
  facet normal -0.6703 -0.227541 0.706345
    outer loop
      vertex -69.3637 -71.707 8
      vertex -70.557 -70.3647 7.3
      vertex -70.0104 -71.9749 7.3
    endloop
  endfacet
  facet normal 0.896872 -0.442291 0
    outer loop
      vertex 69.2583 -73.5 7.3
      vertex 70.0104 -71.9749 0.7
      vertex 70.0104 -71.9749 7.3
    endloop
  endfacet
  facet normal 0.896872 -0.442291 0
    outer loop
      vertex 70.0104 -71.9749 0.7
      vertex 69.2583 -73.5 7.3
      vertex 69.2583 -73.5 0.7
    endloop
  endfacet
  facet normal 0.53219 0.466712 0.706366
    outer loop
      vertex 67.1924 24.1924 7.3
      vertex 66.6974 23.6974 8
      vertex 68.3136 22.9139 7.3
    endloop
  endfacet
  facet normal 0.138114 0.694273 0.706336
    outer loop
      vertex 59.6968 27.8888 7.3
      vertex 59.6055 27.1948 8
      vertex 61.3647 27.557 7.3
    endloop
  endfacet
  facet normal 0.946928 0.321445 0
    outer loop
      vertex 70.557 18.3647 7.3
      vertex 70.0104 19.9749 0.7
      vertex 70.0104 19.9749 7.3
    endloop
  endfacet
  facet normal 0.946928 0.321445 0
    outer loop
      vertex 70.0104 19.9749 0.7
      vertex 70.557 18.3647 7.3
      vertex 70.557 18.3647 0.7
    endloop
  endfacet
  facet normal 0.466724 0.532192 0.706358
    outer loop
      vertex 65.9139 25.3136 7.3
      vertex 65.4878 24.7582 8
      vertex 66.6974 23.6974 8
    endloop
  endfacet
  facet normal 0.997859 -0.0653948 0
    outer loop
      vertex 70.8888 -68.6968 7.3
      vertex 71 -67 0.7
      vertex 71 -67 7.3
    endloop
  endfacet
  facet normal 0.997859 -0.0653948 0
    outer loop
      vertex 71 -67 0.7
      vertex 70.8888 -68.6968 7.3
      vertex 70.8888 -68.6968 0.7
    endloop
  endfacet
  facet normal -0.634866 -0.313083 0.706346
    outer loop
      vertex -69.3637 -71.707 8
      vertex -70.0104 -71.9749 7.3
      vertex -69.2583 -73.5 7.3
    endloop
  endfacet
  facet normal 0.641053 -0.217613 -0.735999
    outer loop
      vertex 69.4104 -71.3749 0
      vertex 70.557 -70.3647 0.7
      vertex 70.0104 -71.9749 0.7
    endloop
  endfacet
  facet normal 0.641046 -0.217597 -0.736011
    outer loop
      vertex 70.557 -70.3647 0.7
      vertex 69.4104 -71.3749 0
      vertex 69.957 -69.7646 0
    endloop
  endfacet
  facet normal 0.634873 0.313081 0.70634
    outer loop
      vertex 69.2583 21.5 7.3
      vertex 68.6521 21.15 8
      vertex 69.3637 19.707 8
    endloop
  endfacet
  facet normal -0.589134 0.29053 -0.753998
    outer loop
      vertex -70.0104 19.9749 0.7
      vertex -68.6583 20.9 0
      vertex -69.4104 19.3749 0
    endloop
  endfacet
  facet normal -0.589134 0.29053 -0.753998
    outer loop
      vertex -68.6583 20.9 0
      vertex -70.0104 19.9749 0.7
      vertex -69.2583 21.5 0.7
    endloop
  endfacet
  facet normal -0.479056 0.420116 -0.770719
    outer loop
      vertex -68.3136 22.9139 0.7
      vertex -66.5924 23.5924 0
      vertex -67.7136 22.3139 0
    endloop
  endfacet
  facet normal -0.479056 0.420116 -0.770719
    outer loop
      vertex -66.5924 23.5924 0
      vertex -68.3136 22.9139 0.7
      vertex -67.1924 24.1924 0.7
    endloop
  endfacet
  facet normal 0.313083 -0.634866 0.706346
    outer loop
      vertex 64.5 -78.2583 7.3
      vertex 62.707 -78.3637 8
      vertex 62.9749 -79.0104 7.3
    endloop
  endfacet
  facet normal 0.946928 -0.321445 0
    outer loop
      vertex 70.0104 -71.9749 7.3
      vertex 70.557 -70.3647 0.7
      vertex 70.557 -70.3647 7.3
    endloop
  endfacet
  facet normal 0.946928 -0.321445 0
    outer loop
      vertex 70.557 -70.3647 0.7
      vertex 70.0104 -71.9749 7.3
      vertex 70.0104 -71.9749 0.7
    endloop
  endfacet
  facet normal 0.53219 -0.466712 0.706366
    outer loop
      vertex 68.3136 -74.9139 7.3
      vertex 66.6974 -75.6974 8
      vertex 67.1924 -76.1924 7.3
    endloop
  endfacet
  facet normal -0.466724 -0.532192 0.706358
    outer loop
      vertex -65.4878 -76.7582 8
      vertex -66.6974 -75.6974 8
      vertex -65.9139 -77.3136 7.3
    endloop
  endfacet
  facet normal 0.0653948 -0.997859 0
    outer loop
      vertex 58 -80 0.7
      vertex 59.6968 -79.8888 7.3
      vertex 58 -80 7.3
    endloop
  endfacet
  facet normal 0.0653948 -0.997859 0
    outer loop
      vertex 59.6968 -79.8888 7.3
      vertex 58 -80 0.7
      vertex 59.6968 -79.8888 0.7
    endloop
  endfacet
  facet normal -0.0462912 -0.706357 0.70634
    outer loop
      vertex -59.6055 -79.1948 8
      vertex -59.6968 -79.8888 7.3
      vertex -58 -80 7.3
    endloop
  endfacet
  facet normal -0.442291 -0.896872 0
    outer loop
      vertex -64.5 -78.2583 0.7
      vertex -62.9749 -79.0104 7.3
      vertex -64.5 -78.2583 7.3
    endloop
  endfacet
  facet normal -0.442291 -0.896872 -0
    outer loop
      vertex -62.9749 -79.0104 7.3
      vertex -64.5 -78.2583 0.7
      vertex -62.9749 -79.0104 0.7
    endloop
  endfacet
  facet normal 0 -0.707107 0.707107
    outer loop
      vertex -58 -80 7.3
      vertex 58 -79.3 8
      vertex -58 -79.3 8
    endloop
  endfacet
  facet normal 0 -0.707107 0.707107
    outer loop
      vertex 58 -79.3 8
      vertex -58 -80 7.3
      vertex 58 -80 7.3
    endloop
  endfacet
  facet normal 0.442291 -0.896872 0
    outer loop
      vertex 62.9749 -79.0104 0.7
      vertex 64.5 -78.2583 7.3
      vertex 62.9749 -79.0104 7.3
    endloop
  endfacet
  facet normal 0.442291 -0.896872 0
    outer loop
      vertex 64.5 -78.2583 7.3
      vertex 62.9749 -79.0104 0.7
      vertex 64.5 -78.2583 0.7
    endloop
  endfacet
  facet normal -0.588555 -0.393264 0.706362
    outer loop
      vertex -67.7582 -74.4878 8
      vertex -68.6521 -73.15 8
      vertex -68.3136 -74.9139 7.3
    endloop
  endfacet
  facet normal -0.466712 0.53219 0.706366
    outer loop
      vertex -65.9139 25.3136 7.3
      vertex -67.1924 24.1924 7.3
      vertex -66.6974 23.6974 8
    endloop
  endfacet
  facet normal -0.737522 0.0483336 -0.673591
    outer loop
      vertex -70.2888 16.0968 0
      vertex -71 15 0.7
      vertex -70.8888 16.6968 0.7
    endloop
  endfacet
  facet normal -0.737522 0.0483336 -0.673591
    outer loop
      vertex -71 15 0.7
      vertex -70.2888 16.0968 0
      vertex -70.4 14.4 0
    endloop
  endfacet
  facet normal -0.588581 -0.393261 0.706342
    outer loop
      vertex -68.6521 -73.15 8
      vertex -69.2583 -73.5 7.3
      vertex -68.3136 -74.9139 7.3
    endloop
  endfacet
  facet normal 0.442291 0.896872 -0
    outer loop
      vertex 64.5 26.2583 0.7
      vertex 62.9749 27.0104 7.3
      vertex 64.5 26.2583 7.3
    endloop
  endfacet
  facet normal 0.442291 0.896872 0
    outer loop
      vertex 62.9749 27.0104 7.3
      vertex 64.5 26.2583 0.7
      vertex 62.9749 27.0104 0.7
    endloop
  endfacet
  facet normal 0.6703 0.227541 0.706345
    outer loop
      vertex 70.0104 19.9749 7.3
      vertex 69.3637 19.707 8
      vertex 70.557 18.3647 7.3
    endloop
  endfacet
  facet normal 0.227558 -0.670311 0.706329
    outer loop
      vertex 62.707 -78.3637 8
      vertex 61.1835 -78.8809 8
      vertex 61.3647 -79.557 7.3
    endloop
  endfacet
  facet normal 0.137417 0.690771 -0.709895
    outer loop
      vertex 60.7646 26.957 0
      vertex 59.6968 27.8888 0.7
      vertex 61.3647 27.557 0.7
    endloop
  endfacet
  facet normal 0.137426 0.690777 -0.709888
    outer loop
      vertex 59.6968 27.8888 0.7
      vertex 60.7646 26.957 0
      vertex 59.0968 27.2888 0
    endloop
  endfacet
  facet normal -0.29053 0.589134 -0.753998
    outer loop
      vertex -63.9 25.6583 0
      vertex -62.9749 27.0104 0.7
      vertex -62.3749 26.4104 0
    endloop
  endfacet
  facet normal -0.29053 0.589134 -0.753998
    outer loop
      vertex -62.9749 27.0104 0.7
      vertex -63.9 25.6583 0
      vertex -64.5 26.2583 0.7
    endloop
  endfacet
  facet normal 0.217613 0.641053 -0.735999
    outer loop
      vertex 62.3749 26.4104 0
      vertex 61.3647 27.557 0.7
      vertex 62.9749 27.0104 0.7
    endloop
  endfacet
  facet normal 0.217597 0.641046 -0.736011
    outer loop
      vertex 61.3647 27.557 0.7
      vertex 62.3749 26.4104 0
      vertex 60.7646 26.957 0
    endloop
  endfacet
  facet normal -0.53522 0.357608 -0.765281
    outer loop
      vertex -69.2583 21.5 0.7
      vertex -67.7136 22.3139 0
      vertex -68.6583 20.9 0
    endloop
  endfacet
  facet normal -0.53522 0.357608 -0.765281
    outer loop
      vertex -67.7136 22.3139 0
      vertex -69.2583 21.5 0.7
      vertex -68.3136 22.9139 0.7
    endloop
  endfacet
  facet normal -0.137426 -0.690777 -0.709888
    outer loop
      vertex -59.6968 -79.8888 0.7
      vertex -60.7646 -78.957 0
      vertex -59.0968 -79.2888 0
    endloop
  endfacet
  facet normal -0.137417 -0.690771 -0.709895
    outer loop
      vertex -60.7646 -78.957 0
      vertex -59.6968 -79.8888 0.7
      vertex -61.3647 -79.557 0.7
    endloop
  endfacet
  facet normal 0.589134 0.29053 -0.753998
    outer loop
      vertex 68.6583 20.9 0
      vertex 70.0104 19.9749 0.7
      vertex 69.4104 19.3749 0
    endloop
  endfacet
  facet normal 0.589134 0.29053 -0.753998
    outer loop
      vertex 70.0104 19.9749 0.7
      vertex 68.6583 20.9 0
      vertex 69.2583 21.5 0.7
    endloop
  endfacet
  facet normal -0.393261 -0.588581 0.706342
    outer loop
      vertex -64.15 -77.6521 8
      vertex -65.9139 -77.3136 7.3
      vertex -64.5 -78.2583 7.3
    endloop
  endfacet
  facet normal 0.0462912 0.706357 0.70634
    outer loop
      vertex 59.6968 27.8888 7.3
      vertex 58 28 7.3
      vertex 59.6055 27.1948 8
    endloop
  endfacet
  facet normal 0.694273 0.138114 0.706336
    outer loop
      vertex 70.557 18.3647 7.3
      vertex 70.1948 16.6055 8
      vertex 70.8888 16.6968 7.3
    endloop
  endfacet
  facet normal -0.0462833 -0.706349 0.706349
    outer loop
      vertex -58 -79.3 8
      vertex -59.6055 -79.1948 8
      vertex -58 -80 7.3
    endloop
  endfacet
  facet normal 0.393264 0.588555 0.706362
    outer loop
      vertex 65.9139 25.3136 7.3
      vertex 64.15 25.6521 8
      vertex 65.4878 24.7582 8
    endloop
  endfacet
  facet normal 0.694273 -0.138114 0.706336
    outer loop
      vertex 70.8888 -68.6968 7.3
      vertex 70.1948 -68.6055 8
      vertex 70.557 -70.3647 7.3
    endloop
  endfacet
  facet normal -0.6703 0.227541 0.706345
    outer loop
      vertex -70.0104 19.9749 7.3
      vertex -70.557 18.3647 7.3
      vertex -69.3637 19.707 8
    endloop
  endfacet
  facet normal 0.659341 -0.751844 0
    outer loop
      vertex 65.9139 -77.3136 0.7
      vertex 67.1924 -76.1924 7.3
      vertex 65.9139 -77.3136 7.3
    endloop
  endfacet
  facet normal 0.659341 -0.751844 0
    outer loop
      vertex 67.1924 -76.1924 7.3
      vertex 65.9139 -77.3136 0.7
      vertex 67.1924 -76.1924 0.7
    endloop
  endfacet
  facet normal 0.53522 -0.357608 -0.765281
    outer loop
      vertex 67.7136 -74.3139 0
      vertex 69.2583 -73.5 0.7
      vertex 68.3136 -74.9139 0.7
    endloop
  endfacet
  facet normal 0.53522 -0.357608 -0.765281
    outer loop
      vertex 69.2583 -73.5 0.7
      vertex 67.7136 -74.3139 0
      vertex 68.6583 -72.9 0
    endloop
  endfacet
  facet normal 0.393264 -0.588555 0.706362
    outer loop
      vertex 65.4878 -76.7582 8
      vertex 64.15 -77.6521 8
      vertex 65.9139 -77.3136 7.3
    endloop
  endfacet
  facet normal -0.217597 -0.641046 -0.736011
    outer loop
      vertex -61.3647 -79.557 0.7
      vertex -62.3749 -78.4104 0
      vertex -60.7646 -78.957 0
    endloop
  endfacet
  facet normal -0.217613 -0.641053 -0.735999
    outer loop
      vertex -62.3749 -78.4104 0
      vertex -61.3647 -79.557 0.7
      vertex -62.9749 -79.0104 0.7
    endloop
  endfacet
  facet normal -0.0483336 0.737522 -0.673591
    outer loop
      vertex -59.0968 27.2888 0
      vertex -58 28 0.7
      vertex -57.4 27.4 0
    endloop
  endfacet
  facet normal -0.0483336 0.737522 -0.673591
    outer loop
      vertex -58 28 0.7
      vertex -59.0968 27.2888 0
      vertex -59.6968 27.8888 0.7
    endloop
  endfacet
  facet normal 0.641046 0.217597 -0.736011
    outer loop
      vertex 69.4104 19.3749 0
      vertex 70.557 18.3647 0.7
      vertex 69.957 17.7646 0
    endloop
  endfacet
  facet normal 0.641053 0.217613 -0.735999
    outer loop
      vertex 70.557 18.3647 0.7
      vertex 69.4104 19.3749 0
      vertex 70.0104 19.9749 0.7
    endloop
  endfacet
  facet normal 0.706357 -0.0462912 0.70634
    outer loop
      vertex 71 -67 7.3
      vertex 70.1948 -68.6055 8
      vertex 70.8888 -68.6968 7.3
    endloop
  endfacet
  facet normal -0.19511 -0.980781 0
    outer loop
      vertex -61.3647 -79.557 0.7
      vertex -59.6968 -79.8888 7.3
      vertex -61.3647 -79.557 7.3
    endloop
  endfacet
  facet normal -0.19511 -0.980781 -0
    outer loop
      vertex -59.6968 -79.8888 7.3
      vertex -61.3647 -79.557 0.7
      vertex -59.6968 -79.8888 0.7
    endloop
  endfacet
  facet normal 0.707107 -0 0.707107
    outer loop
      vertex 70.3 -67 8
      vertex 71 15 7.3
      vertex 70.3 15 8
    endloop
  endfacet
  facet normal 0.707107 0 0.707107
    outer loop
      vertex 71 15 7.3
      vertex 70.3 -67 8
      vertex 71 -67 7.3
    endloop
  endfacet
  facet normal 0.706349 0.0462833 0.706349
    outer loop
      vertex 71 15 7.3
      vertex 70.1948 16.6055 8
      vertex 70.3 15 8
    endloop
  endfacet
  facet normal -0.466724 0.532192 0.706358
    outer loop
      vertex -65.9139 25.3136 7.3
      vertex -66.6974 23.6974 8
      vertex -65.4878 24.7582 8
    endloop
  endfacet
  facet normal -0.997859 0.0653948 0
    outer loop
      vertex -71 15 0.7
      vertex -70.8888 16.6968 7.3
      vertex -70.8888 16.6968 0.7
    endloop
  endfacet
  facet normal -0.997859 0.0653948 0
    outer loop
      vertex -70.8888 16.6968 7.3
      vertex -71 15 0.7
      vertex -71 15 7.3
    endloop
  endfacet
  facet normal -0.138114 -0.694273 0.706336
    outer loop
      vertex -59.6055 -79.1948 8
      vertex -61.3647 -79.557 7.3
      vertex -59.6968 -79.8888 7.3
    endloop
  endfacet
  facet normal 0.393261 -0.588581 0.706342
    outer loop
      vertex 65.9139 -77.3136 7.3
      vertex 64.15 -77.6521 8
      vertex 64.5 -78.2583 7.3
    endloop
  endfacet
  facet normal -0.555555 -0.83148 0
    outer loop
      vertex -65.9139 -77.3136 0.7
      vertex -64.5 -78.2583 7.3
      vertex -65.9139 -77.3136 7.3
    endloop
  endfacet
  facet normal -0.555555 -0.83148 -0
    outer loop
      vertex -64.5 -78.2583 7.3
      vertex -65.9139 -77.3136 0.7
      vertex -64.5 -78.2583 0.7
    endloop
  endfacet
  facet normal -0.321445 0.946928 0
    outer loop
      vertex -61.3647 27.557 0.7
      vertex -62.9749 27.0104 7.3
      vertex -61.3647 27.557 7.3
    endloop
  endfacet
  facet normal -0.321445 0.946928 0
    outer loop
      vertex -62.9749 27.0104 7.3
      vertex -61.3647 27.557 0.7
      vertex -62.9749 27.0104 0.7
    endloop
  endfacet
  facet normal -0.0462833 0.706349 0.706349
    outer loop
      vertex -58 28 7.3
      vertex -59.6055 27.1948 8
      vertex -58 27.3 8
    endloop
  endfacet
  facet normal -0.641046 0.217597 -0.736011
    outer loop
      vertex -70.557 18.3647 0.7
      vertex -69.4104 19.3749 0
      vertex -69.957 17.7646 0
    endloop
  endfacet
  facet normal -0.641053 0.217613 -0.735999
    outer loop
      vertex -69.4104 19.3749 0
      vertex -70.557 18.3647 0.7
      vertex -70.0104 19.9749 0.7
    endloop
  endfacet
  facet normal 0.555555 0.83148 -0
    outer loop
      vertex 65.9139 25.3136 0.7
      vertex 64.5 26.2583 7.3
      vertex 65.9139 25.3136 7.3
    endloop
  endfacet
  facet normal 0.555555 0.83148 0
    outer loop
      vertex 64.5 26.2583 7.3
      vertex 65.9139 25.3136 0.7
      vertex 64.5 26.2583 0.7
    endloop
  endfacet
  facet normal -0.137426 0.690777 -0.709888
    outer loop
      vertex -60.7646 26.957 0
      vertex -59.6968 27.8888 0.7
      vertex -59.0968 27.2888 0
    endloop
  endfacet
  facet normal -0.137417 0.690771 -0.709895
    outer loop
      vertex -59.6968 27.8888 0.7
      vertex -60.7646 26.957 0
      vertex -61.3647 27.557 0.7
    endloop
  endfacet
  facet normal 0.588581 0.393261 0.706342
    outer loop
      vertex 69.2583 21.5 7.3
      vertex 68.3136 22.9139 7.3
      vertex 68.6521 21.15 8
    endloop
  endfacet
  facet normal 0.466712 0.53219 0.706366
    outer loop
      vertex 67.1924 24.1924 7.3
      vertex 65.9139 25.3136 7.3
      vertex 66.6974 23.6974 8
    endloop
  endfacet
  facet normal 0.896872 0.442291 0
    outer loop
      vertex 70.0104 19.9749 7.3
      vertex 69.2583 21.5 0.7
      vertex 69.2583 21.5 7.3
    endloop
  endfacet
  facet normal 0.896872 0.442291 0
    outer loop
      vertex 69.2583 21.5 0.7
      vertex 70.0104 19.9749 7.3
      vertex 70.0104 19.9749 0.7
    endloop
  endfacet
  facet normal 0 0 -1
    outer loop
      vertex 5.8 -79.4 0
      vertex -57.4 -79.4 0
      vertex 5.8 2 0
    endloop
  endfacet
  facet normal 0 0 -1
    outer loop
      vertex 57.4 -79.4 0
      vertex 70.4 -66.4 0
      vertex 70.2888 -68.0968 0
    endloop
  endfacet
  facet normal 0 0 -1
    outer loop
      vertex 70.4 -66.4 0
      vertex 14.2 2 0
      vertex 70.4 14.4 0
    endloop
  endfacet
  facet normal 0 0 -1
    outer loop
      vertex 57.4 -79.4 0
      vertex 70.2888 -68.0968 0
      vertex 69.957 -69.7646 0
    endloop
  endfacet
  facet normal 0 -0 -1
    outer loop
      vertex 57.4 27.4 0
      vertex 70.4 14.4 0
      vertex 14.2 2 0
    endloop
  endfacet
  facet normal 0 0 -1
    outer loop
      vertex 57.4 -79.4 0
      vertex 69.957 -69.7646 0
      vertex 69.4104 -71.3749 0
    endloop
  endfacet
  facet normal 0 0 -1
    outer loop
      vertex 70.4 14.4 0
      vertex 57.4 27.4 0
      vertex 70.2888 16.0968 0
    endloop
  endfacet
  facet normal 0 0 -1
    outer loop
      vertex 57.4 -79.4 0
      vertex 69.4104 -71.3749 0
      vertex 68.6583 -72.9 0
    endloop
  endfacet
  facet normal 0 0 -1
    outer loop
      vertex 70.2888 16.0968 0
      vertex 57.4 27.4 0
      vertex 69.957 17.7646 0
    endloop
  endfacet
  facet normal 0 0 -1
    outer loop
      vertex 57.4 -79.4 0
      vertex 68.6583 -72.9 0
      vertex 67.7136 -74.3139 0
    endloop
  endfacet
  facet normal 0 0 -1
    outer loop
      vertex 69.957 17.7646 0
      vertex 57.4 27.4 0
      vertex 69.4104 19.3749 0
    endloop
  endfacet
  facet normal 0 0 -1
    outer loop
      vertex 57.4 -79.4 0
      vertex 67.7136 -74.3139 0
      vertex 66.5924 -75.5924 0
    endloop
  endfacet
  facet normal 0 0 -1
    outer loop
      vertex 69.4104 19.3749 0
      vertex 57.4 27.4 0
      vertex 68.6583 20.9 0
    endloop
  endfacet
  facet normal 0 0 -1
    outer loop
      vertex 57.4 -79.4 0
      vertex 66.5924 -75.5924 0
      vertex 65.3139 -76.7136 0
    endloop
  endfacet
  facet normal 0 0 -1
    outer loop
      vertex 68.6583 20.9 0
      vertex 57.4 27.4 0
      vertex 67.7136 22.3139 0
    endloop
  endfacet
  facet normal 0 0 -1
    outer loop
      vertex 57.4 -79.4 0
      vertex 65.3139 -76.7136 0
      vertex 63.9 -77.6583 0
    endloop
  endfacet
  facet normal 0 0 -1
    outer loop
      vertex 67.7136 22.3139 0
      vertex 57.4 27.4 0
      vertex 66.5924 23.5924 0
    endloop
  endfacet
  facet normal 0 0 -1
    outer loop
      vertex 57.4 -79.4 0
      vertex 63.9 -77.6583 0
      vertex 62.3749 -78.4104 0
    endloop
  endfacet
  facet normal 0 0 -1
    outer loop
      vertex 66.5924 23.5924 0
      vertex 57.4 27.4 0
      vertex 65.3139 24.7136 0
    endloop
  endfacet
  facet normal 0 0 -1
    outer loop
      vertex 57.4 -79.4 0
      vertex 62.3749 -78.4104 0
      vertex 60.7646 -78.957 0
    endloop
  endfacet
  facet normal 0 0 -1
    outer loop
      vertex 65.3139 24.7136 0
      vertex 57.4 27.4 0
      vertex 63.9 25.6583 0
    endloop
  endfacet
  facet normal 0 0 -1
    outer loop
      vertex 57.4 -79.4 0
      vertex 60.7646 -78.957 0
      vertex 59.0968 -79.2888 0
    endloop
  endfacet
  facet normal 0 0 -1
    outer loop
      vertex 63.9 25.6583 0
      vertex 57.4 27.4 0
      vertex 62.3749 26.4104 0
    endloop
  endfacet
  facet normal 0 0 -1
    outer loop
      vertex 70.4 -66.4 0
      vertex 57.4 -79.4 0
      vertex 14.2 -79.4 0
    endloop
  endfacet
  facet normal 0 0 -1
    outer loop
      vertex 62.3749 26.4104 0
      vertex 57.4 27.4 0
      vertex 60.7646 26.957 0
    endloop
  endfacet
  facet normal -0 0 -1
    outer loop
      vertex 70.4 -66.4 0
      vertex 14.2 -79.4 0
      vertex 14.2 2 0
    endloop
  endfacet
  facet normal 0 0 -1
    outer loop
      vertex 60.7646 26.957 0
      vertex 57.4 27.4 0
      vertex 59.0968 27.2888 0
    endloop
  endfacet
  facet normal 0 0 -1
    outer loop
      vertex 5.8 2 0
      vertex 57.4 27.4 0
      vertex 14.2 2 0
    endloop
  endfacet
  facet normal 0 0 -1
    outer loop
      vertex 5.8 2 0
      vertex -57.4 27.4 0
      vertex 57.4 27.4 0
    endloop
  endfacet
  facet normal 0 0 -1
    outer loop
      vertex -70.4 -66.4 0
      vertex 5.8 2 0
      vertex -57.4 -79.4 0
    endloop
  endfacet
  facet normal 0 0 -1
    outer loop
      vertex -70.4 -66.4 0
      vertex -57.4 -79.4 0
      vertex -59.0968 -79.2888 0
    endloop
  endfacet
  facet normal 0 0 -1
    outer loop
      vertex -70.4 14.4 0
      vertex 5.8 2 0
      vertex -70.4 -66.4 0
    endloop
  endfacet
  facet normal 0 0 -1
    outer loop
      vertex -70.4 -66.4 0
      vertex -59.0968 -79.2888 0
      vertex -60.7646 -78.957 0
    endloop
  endfacet
  facet normal 0 0 -1
    outer loop
      vertex 5.8 2 0
      vertex -70.4 14.4 0
      vertex -57.4 27.4 0
    endloop
  endfacet
  facet normal 0 0 -1
    outer loop
      vertex -70.4 -66.4 0
      vertex -60.7646 -78.957 0
      vertex -62.3749 -78.4104 0
    endloop
  endfacet
  facet normal 0 0 -1
    outer loop
      vertex -57.4 27.4 0
      vertex -70.4 14.4 0
      vertex -59.0968 27.2888 0
    endloop
  endfacet
  facet normal 0 0 -1
    outer loop
      vertex -70.4 -66.4 0
      vertex -62.3749 -78.4104 0
      vertex -63.9 -77.6583 0
    endloop
  endfacet
  facet normal 0 0 -1
    outer loop
      vertex -59.0968 27.2888 0
      vertex -70.4 14.4 0
      vertex -60.7646 26.957 0
    endloop
  endfacet
  facet normal 0 0 -1
    outer loop
      vertex -70.4 -66.4 0
      vertex -63.9 -77.6583 0
      vertex -65.3139 -76.7136 0
    endloop
  endfacet
  facet normal 0 0 -1
    outer loop
      vertex -60.7646 26.957 0
      vertex -70.4 14.4 0
      vertex -62.3749 26.4104 0
    endloop
  endfacet
  facet normal 0 0 -1
    outer loop
      vertex -70.4 -66.4 0
      vertex -65.3139 -76.7136 0
      vertex -66.5924 -75.5924 0
    endloop
  endfacet
  facet normal 0 0 -1
    outer loop
      vertex -62.3749 26.4104 0
      vertex -70.4 14.4 0
      vertex -63.9 25.6583 0
    endloop
  endfacet
  facet normal 0 0 -1
    outer loop
      vertex -70.4 -66.4 0
      vertex -66.5924 -75.5924 0
      vertex -67.7136 -74.3139 0
    endloop
  endfacet
  facet normal 0 0 -1
    outer loop
      vertex -63.9 25.6583 0
      vertex -70.4 14.4 0
      vertex -65.3139 24.7136 0
    endloop
  endfacet
  facet normal 0 0 -1
    outer loop
      vertex -70.4 -66.4 0
      vertex -67.7136 -74.3139 0
      vertex -68.6583 -72.9 0
    endloop
  endfacet
  facet normal 0 0 -1
    outer loop
      vertex -65.3139 24.7136 0
      vertex -70.4 14.4 0
      vertex -66.5924 23.5924 0
    endloop
  endfacet
  facet normal 0 0 -1
    outer loop
      vertex -70.4 -66.4 0
      vertex -68.6583 -72.9 0
      vertex -69.4104 -71.3749 0
    endloop
  endfacet
  facet normal 0 0 -1
    outer loop
      vertex -66.5924 23.5924 0
      vertex -70.4 14.4 0
      vertex -67.7136 22.3139 0
    endloop
  endfacet
  facet normal 0 0 -1
    outer loop
      vertex -70.4 -66.4 0
      vertex -69.4104 -71.3749 0
      vertex -69.957 -69.7646 0
    endloop
  endfacet
  facet normal 0 0 -1
    outer loop
      vertex -67.7136 22.3139 0
      vertex -70.4 14.4 0
      vertex -68.6583 20.9 0
    endloop
  endfacet
  facet normal 0 0 -1
    outer loop
      vertex -70.4 -66.4 0
      vertex -69.957 -69.7646 0
      vertex -70.2888 -68.0968 0
    endloop
  endfacet
  facet normal 0 0 -1
    outer loop
      vertex -68.6583 20.9 0
      vertex -70.4 14.4 0
      vertex -69.4104 19.3749 0
    endloop
  endfacet
  facet normal 0 0 -1
    outer loop
      vertex -69.4104 19.3749 0
      vertex -70.4 14.4 0
      vertex -69.957 17.7646 0
    endloop
  endfacet
  facet normal 0 0 -1
    outer loop
      vertex -69.957 17.7646 0
      vertex -70.4 14.4 0
      vertex -70.2888 16.0968 0
    endloop
  endfacet
  facet normal 0.0483336 0.737522 -0.673591
    outer loop
      vertex 59.0968 27.2888 0
      vertex 58 28 0.7
      vertex 59.6968 27.8888 0.7
    endloop
  endfacet
  facet normal 0.0483336 0.737522 -0.673591
    outer loop
      vertex 58 28 0.7
      vertex 59.0968 27.2888 0
      vertex 57.4 27.4 0
    endloop
  endfacet
  facet normal 0.19511 -0.980781 0
    outer loop
      vertex 59.6968 -79.8888 0.7
      vertex 61.3647 -79.557 7.3
      vertex 59.6968 -79.8888 7.3
    endloop
  endfacet
  facet normal 0.19511 -0.980781 0
    outer loop
      vertex 61.3647 -79.557 7.3
      vertex 59.6968 -79.8888 0.7
      vertex 61.3647 -79.557 0.7
    endloop
  endfacet
  facet normal -0.217597 0.641046 -0.736011
    outer loop
      vertex -62.3749 26.4104 0
      vertex -61.3647 27.557 0.7
      vertex -60.7646 26.957 0
    endloop
  endfacet
  facet normal -0.217613 0.641053 -0.735999
    outer loop
      vertex -61.3647 27.557 0.7
      vertex -62.3749 26.4104 0
      vertex -62.9749 27.0104 0.7
    endloop
  endfacet
  facet normal 0.19511 0.980781 -0
    outer loop
      vertex 61.3647 27.557 0.7
      vertex 59.6968 27.8888 7.3
      vertex 61.3647 27.557 7.3
    endloop
  endfacet
  facet normal 0.19511 0.980781 0
    outer loop
      vertex 59.6968 27.8888 7.3
      vertex 61.3647 27.557 0.7
      vertex 59.6968 27.8888 0.7
    endloop
  endfacet
  facet normal 0.0653948 0.997859 -0
    outer loop
      vertex 59.6968 27.8888 0.7
      vertex 58 28 7.3
      vertex 59.6968 27.8888 7.3
    endloop
  endfacet
  facet normal 0.0653948 0.997859 0
    outer loop
      vertex 58 28 7.3
      vertex 59.6968 27.8888 0.7
      vertex 58 28 0.7
    endloop
  endfacet
  facet normal 0.589134 -0.29053 -0.753998
    outer loop
      vertex 68.6583 -72.9 0
      vertex 70.0104 -71.9749 0.7
      vertex 69.2583 -73.5 0.7
    endloop
  endfacet
  facet normal 0.589134 -0.29053 -0.753998
    outer loop
      vertex 70.0104 -71.9749 0.7
      vertex 68.6583 -72.9 0
      vertex 69.4104 -71.3749 0
    endloop
  endfacet
  facet normal 0.6703 -0.227541 0.706345
    outer loop
      vertex 70.557 -70.3647 7.3
      vertex 69.3637 -71.707 8
      vertex 70.0104 -71.9749 7.3
    endloop
  endfacet
  facet normal 0.670311 0.227558 0.706329
    outer loop
      vertex 70.557 18.3647 7.3
      vertex 69.3637 19.707 8
      vertex 69.8809 18.1835 8
    endloop
  endfacet
  facet normal 0.980781 -0.19511 0
    outer loop
      vertex 70.557 -70.3647 7.3
      vertex 70.8888 -68.6968 0.7
      vertex 70.8888 -68.6968 7.3
    endloop
  endfacet
  facet normal 0.980781 -0.19511 0
    outer loop
      vertex 70.8888 -68.6968 0.7
      vertex 70.557 -70.3647 7.3
      vertex 70.557 -70.3647 0.7
    endloop
  endfacet
  facet normal 0.479056 0.420116 -0.770719
    outer loop
      vertex 66.5924 23.5924 0
      vertex 68.3136 22.9139 0.7
      vertex 67.7136 22.3139 0
    endloop
  endfacet
  facet normal 0.479056 0.420116 -0.770719
    outer loop
      vertex 68.3136 22.9139 0.7
      vertex 66.5924 23.5924 0
      vertex 67.1924 24.1924 0.7
    endloop
  endfacet
  facet normal 0.690777 0.137426 -0.709888
    outer loop
      vertex 69.957 17.7646 0
      vertex 70.8888 16.6968 0.7
      vertex 70.2888 16.0968 0
    endloop
  endfacet
  facet normal 0.690771 0.137417 -0.709895
    outer loop
      vertex 70.8888 16.6968 0.7
      vertex 69.957 17.7646 0
      vertex 70.557 18.3647 0.7
    endloop
  endfacet
  facet normal 0.479056 -0.420116 -0.770719
    outer loop
      vertex 66.5924 -75.5924 0
      vertex 68.3136 -74.9139 0.7
      vertex 67.1924 -76.1924 0.7
    endloop
  endfacet
  facet normal 0.479056 -0.420116 -0.770719
    outer loop
      vertex 68.3136 -74.9139 0.7
      vertex 66.5924 -75.5924 0
      vertex 67.7136 -74.3139 0
    endloop
  endfacet
  facet normal -0.659341 -0.751844 0
    outer loop
      vertex -67.1924 -76.1924 0.7
      vertex -65.9139 -77.3136 7.3
      vertex -67.1924 -76.1924 7.3
    endloop
  endfacet
  facet normal -0.659341 -0.751844 -0
    outer loop
      vertex -65.9139 -77.3136 7.3
      vertex -67.1924 -76.1924 0.7
      vertex -65.9139 -77.3136 0.7
    endloop
  endfacet
  facet normal 0.466712 -0.53219 0.706366
    outer loop
      vertex 66.6974 -75.6974 8
      vertex 65.9139 -77.3136 7.3
      vertex 67.1924 -76.1924 7.3
    endloop
  endfacet
  facet normal -0.393264 -0.588555 0.706362
    outer loop
      vertex -65.4878 -76.7582 8
      vertex -65.9139 -77.3136 7.3
      vertex -64.15 -77.6521 8
    endloop
  endfacet
  facet normal 0.83148 -0.555555 0
    outer loop
      vertex 68.3136 -74.9139 7.3
      vertex 69.2583 -73.5 0.7
      vertex 69.2583 -73.5 7.3
    endloop
  endfacet
  facet normal 0.83148 -0.555555 0
    outer loop
      vertex 69.2583 -73.5 0.7
      vertex 68.3136 -74.9139 7.3
      vertex 68.3136 -74.9139 0.7
    endloop
  endfacet
  facet normal 0.137417 -0.690771 -0.709895
    outer loop
      vertex 59.6968 -79.8888 0.7
      vertex 60.7646 -78.957 0
      vertex 61.3647 -79.557 0.7
    endloop
  endfacet
  facet normal 0.137426 -0.690777 -0.709888
    outer loop
      vertex 60.7646 -78.957 0
      vertex 59.6968 -79.8888 0.7
      vertex 59.0968 -79.2888 0
    endloop
  endfacet
  facet normal 0.217613 -0.641053 -0.735999
    outer loop
      vertex 61.3647 -79.557 0.7
      vertex 62.3749 -78.4104 0
      vertex 62.9749 -79.0104 0.7
    endloop
  endfacet
  facet normal 0.217597 -0.641046 -0.736011
    outer loop
      vertex 62.3749 -78.4104 0
      vertex 61.3647 -79.557 0.7
      vertex 60.7646 -78.957 0
    endloop
  endfacet
  facet normal 0.227541 0.6703 0.706345
    outer loop
      vertex 62.9749 27.0104 7.3
      vertex 61.3647 27.557 7.3
      vertex 62.707 26.3637 8
    endloop
  endfacet
  facet normal 0.0462833 -0.706349 0.706349
    outer loop
      vertex 58 -79.3 8
      vertex 58 -80 7.3
      vertex 59.6055 -79.1948 8
    endloop
  endfacet
  facet normal -0.138114 0.694273 0.706336
    outer loop
      vertex -59.6968 27.8888 7.3
      vertex -61.3647 27.557 7.3
      vertex -59.6055 27.1948 8
    endloop
  endfacet
  facet normal -0.420116 0.479056 -0.770719
    outer loop
      vertex -66.5924 23.5924 0
      vertex -65.9139 25.3136 0.7
      vertex -65.3139 24.7136 0
    endloop
  endfacet
  facet normal -0.420116 0.479056 -0.770719
    outer loop
      vertex -65.9139 25.3136 0.7
      vertex -66.5924 23.5924 0
      vertex -67.1924 24.1924 0.7
    endloop
  endfacet
  facet normal -0.227558 0.670311 0.706329
    outer loop
      vertex -61.3647 27.557 7.3
      vertex -62.707 26.3637 8
      vertex -61.1835 26.8809 8
    endloop
  endfacet
  facet normal -1 0 0
    outer loop
      vertex -71 -67 0.7
      vertex -71 15 7.3
      vertex -71 15 0.7
    endloop
  endfacet
  facet normal -1 -0 0
    outer loop
      vertex -71 15 7.3
      vertex -71 -67 0.7
      vertex -71 -67 7.3
    endloop
  endfacet
  facet normal -0.589134 -0.29053 -0.753998
    outer loop
      vertex -70.0104 -71.9749 0.7
      vertex -68.6583 -72.9 0
      vertex -69.2583 -73.5 0.7
    endloop
  endfacet
  facet normal -0.589134 -0.29053 -0.753998
    outer loop
      vertex -68.6583 -72.9 0
      vertex -70.0104 -71.9749 0.7
      vertex -69.4104 -71.3749 0
    endloop
  endfacet
  facet normal -0.393264 0.588555 0.706362
    outer loop
      vertex -64.15 25.6521 8
      vertex -65.9139 25.3136 7.3
      vertex -65.4878 24.7582 8
    endloop
  endfacet
  facet normal 0.694282 0.138108 0.706328
    outer loop
      vertex 70.557 18.3647 7.3
      vertex 69.8809 18.1835 8
      vertex 70.1948 16.6055 8
    endloop
  endfacet
  facet normal 0.634873 -0.313081 0.70634
    outer loop
      vertex 69.3637 -71.707 8
      vertex 68.6521 -73.15 8
      vertex 69.2583 -73.5 7.3
    endloop
  endfacet
  facet normal 0.313083 0.634866 0.706346
    outer loop
      vertex 62.9749 27.0104 7.3
      vertex 62.707 26.3637 8
      vertex 64.5 26.2583 7.3
    endloop
  endfacet
  facet normal -0.313083 -0.634866 0.706346
    outer loop
      vertex -62.707 -78.3637 8
      vertex -64.5 -78.2583 7.3
      vertex -62.9749 -79.0104 7.3
    endloop
  endfacet
  facet normal -0.588581 0.393261 0.706342
    outer loop
      vertex -68.3136 22.9139 7.3
      vertex -69.2583 21.5 7.3
      vertex -68.6521 21.15 8
    endloop
  endfacet
  facet normal -0.641053 -0.217613 -0.735999
    outer loop
      vertex -70.557 -70.3647 0.7
      vertex -69.4104 -71.3749 0
      vertex -70.0104 -71.9749 0.7
    endloop
  endfacet
  facet normal -0.641046 -0.217597 -0.736011
    outer loop
      vertex -69.4104 -71.3749 0
      vertex -70.557 -70.3647 0.7
      vertex -69.957 -69.7646 0
    endloop
  endfacet
  facet normal -0.690777 0.137426 -0.709888
    outer loop
      vertex -70.8888 16.6968 0.7
      vertex -69.957 17.7646 0
      vertex -70.2888 16.0968 0
    endloop
  endfacet
  facet normal -0.690771 0.137417 -0.709895
    outer loop
      vertex -69.957 17.7646 0
      vertex -70.8888 16.6968 0.7
      vertex -70.557 18.3647 0.7
    endloop
  endfacet
  facet normal 0.690771 -0.137417 -0.709895
    outer loop
      vertex 69.957 -69.7646 0
      vertex 70.8888 -68.6968 0.7
      vertex 70.557 -70.3647 0.7
    endloop
  endfacet
  facet normal 0.690777 -0.137426 -0.709888
    outer loop
      vertex 70.8888 -68.6968 0.7
      vertex 69.957 -69.7646 0
      vertex 70.2888 -68.0968 0
    endloop
  endfacet
  facet normal 0.532192 0.466724 0.706358
    outer loop
      vertex 68.3136 22.9139 7.3
      vertex 66.6974 23.6974 8
      vertex 67.7582 22.4878 8
    endloop
  endfacet
  facet normal 0 0 1
    outer loop
      vertex 58 27.3 8
      vertex 70.3 15 8
      vertex 70.1948 16.6055 8
    endloop
  endfacet
  facet normal 0 0 1
    outer loop
      vertex 70.3 15 8
      vertex 65 -0.662773 8
      vertex 70.3 -67 8
    endloop
  endfacet
  facet normal 0 0 1
    outer loop
      vertex 58 27.3 8
      vertex 70.1948 16.6055 8
      vertex 69.8809 18.1835 8
    endloop
  endfacet
  facet normal -0 0 1
    outer loop
      vertex 58.5 -41.5 8
      vertex 70.3 -67 8
      vertex 65 -0.662773 8
    endloop
  endfacet
  facet normal 0 0 1
    outer loop
      vertex 58 27.3 8
      vertex 69.8809 18.1835 8
      vertex 69.3637 19.707 8
    endloop
  endfacet
  facet normal 0 0 1
    outer loop
      vertex 58 -79.3 8
      vertex 70.3 -67 8
      vertex 58.5 -41.5 8
    endloop
  endfacet
  facet normal 0 0 1
    outer loop
      vertex 58 27.3 8
      vertex 69.3637 19.707 8
      vertex 68.6521 21.15 8
    endloop
  endfacet
  facet normal 0 0 1
    outer loop
      vertex 70.3 -67 8
      vertex 58 -79.3 8
      vertex 70.1948 -68.6055 8
    endloop
  endfacet
  facet normal 0 0 1
    outer loop
      vertex 58 27.3 8
      vertex 68.6521 21.15 8
      vertex 67.7582 22.4878 8
    endloop
  endfacet
  facet normal 0 0 1
    outer loop
      vertex 70.1948 -68.6055 8
      vertex 58 -79.3 8
      vertex 69.8809 -70.1835 8
    endloop
  endfacet
  facet normal 0 0 1
    outer loop
      vertex 58 27.3 8
      vertex 67.7582 22.4878 8
      vertex 66.6974 23.6974 8
    endloop
  endfacet
  facet normal 0 0 1
    outer loop
      vertex 69.8809 -70.1835 8
      vertex 58 -79.3 8
      vertex 69.3637 -71.707 8
    endloop
  endfacet
  facet normal 0 0 1
    outer loop
      vertex 58 27.3 8
      vertex 66.6974 23.6974 8
      vertex 65.4878 24.7582 8
    endloop
  endfacet
  facet normal 0 0 1
    outer loop
      vertex 69.3637 -71.707 8
      vertex 58 -79.3 8
      vertex 68.6521 -73.15 8
    endloop
  endfacet
  facet normal 0 0 1
    outer loop
      vertex 70.3 15 8
      vertex 65 0.174978 8
      vertex 65 -0.662773 8
    endloop
  endfacet
  facet normal 0 0 1
    outer loop
      vertex 58 27.3 8
      vertex 65.4878 24.7582 8
      vertex 64.15 25.6521 8
    endloop
  endfacet
  facet normal 0 0 1
    outer loop
      vertex 58 27.3 8
      vertex 64.15 25.6521 8
      vertex 62.707 26.3637 8
    endloop
  endfacet
  facet normal 0 0 1
    outer loop
      vertex 58 27.3 8
      vertex 62.707 26.3637 8
      vertex 61.1835 26.8809 8
    endloop
  endfacet
  facet normal 0 0 1
    outer loop
      vertex 58 27.3 8
      vertex 61.1835 26.8809 8
      vertex 59.6055 27.1948 8
    endloop
  endfacet
  facet normal 0 0 1
    outer loop
      vertex 70.3 15 8
      vertex 58 27.3 8
      vertex 65 0.174978 8
    endloop
  endfacet
  facet normal -0 0 1
    outer loop
      vertex -58 27.3 8
      vertex 65 0.174978 8
      vertex 58 27.3 8
    endloop
  endfacet
  facet normal 0 0 1
    outer loop
      vertex -70.3 15 8
      vertex -58 27.3 8
      vertex -59.6055 27.1948 8
    endloop
  endfacet
  facet normal 0 0 1
    outer loop
      vertex -70.3 15 8
      vertex -59.6055 27.1948 8
      vertex -61.1835 26.8809 8
    endloop
  endfacet
  facet normal 0 0 1
    outer loop
      vertex -70.3 15 8
      vertex -61.1835 26.8809 8
      vertex -62.707 26.3637 8
    endloop
  endfacet
  facet normal 0 0 1
    outer loop
      vertex -70.3 15 8
      vertex -62.707 26.3637 8
      vertex -64.15 25.6521 8
    endloop
  endfacet
  facet normal 0 0 1
    outer loop
      vertex -58 27.3 8
      vertex -65 0.174978 8
      vertex 65 0.174978 8
    endloop
  endfacet
  facet normal 0 0 1
    outer loop
      vertex -58 27.3 8
      vertex -70.3 15 8
      vertex -65 0.174978 8
    endloop
  endfacet
  facet normal 0 0 1
    outer loop
      vertex -70.3 15 8
      vertex -64.15 25.6521 8
      vertex -65.4878 24.7582 8
    endloop
  endfacet
  facet normal 0 0 1
    outer loop
      vertex 68.6521 -73.15 8
      vertex 58 -79.3 8
      vertex 67.7582 -74.4878 8
    endloop
  endfacet
  facet normal 0 0 1
    outer loop
      vertex 67.7582 -74.4878 8
      vertex 58 -79.3 8
      vertex 66.6974 -75.6974 8
    endloop
  endfacet
  facet normal 0 0 1
    outer loop
      vertex 66.6974 -75.6974 8
      vertex 58 -79.3 8
      vertex 65.4878 -76.7582 8
    endloop
  endfacet
  facet normal 0 0 1
    outer loop
      vertex 65.4878 -76.7582 8
      vertex 58 -79.3 8
      vertex 64.15 -77.6521 8
    endloop
  endfacet
  facet normal 0 0 1
    outer loop
      vertex 64.15 -77.6521 8
      vertex 58 -79.3 8
      vertex 62.707 -78.3637 8
    endloop
  endfacet
  facet normal 0 0 1
    outer loop
      vertex 58.5 -41.5 8
      vertex 65 -0.662773 8
      vertex 58.5 -16.5 8
    endloop
  endfacet
  facet normal 0 0 1
    outer loop
      vertex 65 -0.662773 8
      vertex 58.0811 -14.189 8
      vertex 58.5 -16.5 8
    endloop
  endfacet
  facet normal 0 0 1
    outer loop
      vertex 65 -0.662773 8
      vertex 37.9189 -14.189 8
      vertex 58.0811 -14.189 8
    endloop
  endfacet
  facet normal -0 0 1
    outer loop
      vertex 14.1641 -10.3705 8
      vertex 37.9189 -14.189 8
      vertex 14.2 -9 8
    endloop
  endfacet
  facet normal -0 0 1
    outer loop
      vertex 14.2 -9 8
      vertex 37.9189 -14.189 8
      vertex 14.2 -4 8
    endloop
  endfacet
  facet normal 0 0 1
    outer loop
      vertex 65 -0.662773 8
      vertex 14.2 -4 8
      vertex 37.9189 -14.189 8
    endloop
  endfacet
  facet normal 0 0 1
    outer loop
      vertex 65 -0.662773 8
      vertex 5.8 -4 8
      vertex 14.2 -4 8
    endloop
  endfacet
  facet normal 0 0 1
    outer loop
      vertex -37.9189 -14.189 8
      vertex 5.8 -9 8
      vertex 5.8 -4 8
    endloop
  endfacet
  facet normal 0 0 1
    outer loop
      vertex 5.8 -9 8
      vertex -37.9189 -14.189 8
      vertex -37.5 -16.5 8
    endloop
  endfacet
  facet normal 0 0 1
    outer loop
      vertex -65 -0.662773 8
      vertex -37.9189 -14.189 8
      vertex 5.8 -4 8
    endloop
  endfacet
  facet normal 0 0 1
    outer loop
      vertex -65 -0.662773 8
      vertex -58.5 -41.5 8
      vertex -58.5 -16.5 8
    endloop
  endfacet
  facet normal 0 0 1
    outer loop
      vertex -58.5 -41.5 8
      vertex -70.3 -67 8
      vertex -59.6055 -79.1948 8
    endloop
  endfacet
  facet normal 0 0 1
    outer loop
      vertex -59.6055 -79.1948 8
      vertex -70.3 -67 8
      vertex -61.1835 -78.8809 8
    endloop
  endfacet
  facet normal 0 0 1
    outer loop
      vertex -61.1835 -78.8809 8
      vertex -70.3 -67 8
      vertex -62.707 -78.3637 8
    endloop
  endfacet
  facet normal -0 0 1
    outer loop
      vertex -65 -0.662773 8
      vertex 5.8 -4 8
      vertex 65 -0.662773 8
    endloop
  endfacet
  facet normal 0 0 1
    outer loop
      vertex -37.9189 -14.189 8
      vertex -65 -0.662773 8
      vertex -58.0811 -14.189 8
    endloop
  endfacet
  facet normal 0 0 1
    outer loop
      vertex -65 -0.662773 8
      vertex -58.5 -16.5 8
      vertex -58.0811 -14.189 8
    endloop
  endfacet
  facet normal 0 0 1
    outer loop
      vertex -58.5 -41.5 8
      vertex -65 -0.662773 8
      vertex -70.3 -67 8
    endloop
  endfacet
  facet normal 0 0 1
    outer loop
      vertex -65 0.174978 8
      vertex -70.3 15 8
      vertex -65 -0.662773 8
    endloop
  endfacet
  facet normal 0 0 1
    outer loop
      vertex -70.3 -67 8
      vertex -65 -0.662773 8
      vertex -70.3 15 8
    endloop
  endfacet
  facet normal 0 0 1
    outer loop
      vertex -70.3 15 8
      vertex -65.4878 24.7582 8
      vertex -66.6974 23.6974 8
    endloop
  endfacet
  facet normal 0 0 1
    outer loop
      vertex -62.707 -78.3637 8
      vertex -70.3 -67 8
      vertex -64.15 -77.6521 8
    endloop
  endfacet
  facet normal 0 0 1
    outer loop
      vertex -70.3 15 8
      vertex -66.6974 23.6974 8
      vertex -67.7582 22.4878 8
    endloop
  endfacet
  facet normal 0 0 1
    outer loop
      vertex -64.15 -77.6521 8
      vertex -70.3 -67 8
      vertex -65.4878 -76.7582 8
    endloop
  endfacet
  facet normal 0 0 1
    outer loop
      vertex -70.3 15 8
      vertex -67.7582 22.4878 8
      vertex -68.6521 21.15 8
    endloop
  endfacet
  facet normal 0 0 1
    outer loop
      vertex -65.4878 -76.7582 8
      vertex -70.3 -67 8
      vertex -66.6974 -75.6974 8
    endloop
  endfacet
  facet normal 0 0 1
    outer loop
      vertex -70.3 15 8
      vertex -68.6521 21.15 8
      vertex -69.3637 19.707 8
    endloop
  endfacet
  facet normal 0 0 1
    outer loop
      vertex -66.6974 -75.6974 8
      vertex -70.3 -67 8
      vertex -67.7582 -74.4878 8
    endloop
  endfacet
  facet normal 0 0 1
    outer loop
      vertex -70.3 15 8
      vertex -69.3637 19.707 8
      vertex -69.8809 18.1835 8
    endloop
  endfacet
  facet normal 0 0 1
    outer loop
      vertex -67.7582 -74.4878 8
      vertex -70.3 -67 8
      vertex -68.6521 -73.15 8
    endloop
  endfacet
  facet normal 0 0 1
    outer loop
      vertex -70.3 15 8
      vertex -69.8809 18.1835 8
      vertex -70.1948 16.6055 8
    endloop
  endfacet
  facet normal 0 0 1
    outer loop
      vertex -68.6521 -73.15 8
      vertex -70.3 -67 8
      vertex -69.3637 -71.707 8
    endloop
  endfacet
  facet normal 0 0 1
    outer loop
      vertex -69.3637 -71.707 8
      vertex -70.3 -67 8
      vertex -69.8809 -70.1835 8
    endloop
  endfacet
  facet normal 0 0 1
    outer loop
      vertex -69.8809 -70.1835 8
      vertex -70.3 -67 8
      vertex -70.1948 -68.6055 8
    endloop
  endfacet
  facet normal 0 0 1
    outer loop
      vertex 62.707 -78.3637 8
      vertex 58 -79.3 8
      vertex 61.1835 -78.8809 8
    endloop
  endfacet
  facet normal 0 0 1
    outer loop
      vertex 61.1835 -78.8809 8
      vertex 58 -79.3 8
      vertex 59.6055 -79.1948 8
    endloop
  endfacet
  facet normal -0 0 1
    outer loop
      vertex 37.5 -41.5 8
      vertex 58 -79.3 8
      vertex 58.5 -41.5 8
    endloop
  endfacet
  facet normal -0 0 1
    outer loop
      vertex 14.0569 -11.7176 8
      vertex 37.9189 -14.189 8
      vertex 14.1641 -10.3705 8
    endloop
  endfacet
  facet normal 0 0 1
    outer loop
      vertex 37.9189 -14.189 8
      vertex 14.0569 -11.7176 8
      vertex 37.5 -16.5 8
    endloop
  endfacet
  facet normal -0 0 1
    outer loop
      vertex 13.8803 -13.0182 8
      vertex 37.5 -16.5 8
      vertex 14.0569 -11.7176 8
    endloop
  endfacet
  facet normal -0 0 1
    outer loop
      vertex 13.6373 -14.25 8
      vertex 37.5 -16.5 8
      vertex 13.8803 -13.0182 8
    endloop
  endfacet
  facet normal -0 0 1
    outer loop
      vertex 13.3321 -15.392 8
      vertex 37.5 -16.5 8
      vertex 13.6373 -14.25 8
    endloop
  endfacet
  facet normal -0 0 1
    outer loop
      vertex 12.9698 -16.4246 8
      vertex 37.5 -16.5 8
      vertex 13.3321 -15.392 8
    endloop
  endfacet
  facet normal 0 0 1
    outer loop
      vertex 12.5568 -17.3302 8
      vertex 37.5 -16.5 8
      vertex 12.9698 -16.4246 8
    endloop
  endfacet
  facet normal 0 0 1
    outer loop
      vertex 12.1 -18.0933 8
      vertex 37.5 -16.5 8
      vertex 12.5568 -17.3302 8
    endloop
  endfacet
  facet normal 0 0 1
    outer loop
      vertex 37.5 -16.5 8
      vertex 12.1 -18.0933 8
      vertex 37.5 -41.5 8
    endloop
  endfacet
  facet normal -0 0 1
    outer loop
      vertex 11.6073 -18.7007 8
      vertex 37.5 -41.5 8
      vertex 12.1 -18.0933 8
    endloop
  endfacet
  facet normal -0 0 1
    outer loop
      vertex 11.2546 -19 8
      vertex 37.5 -41.5 8
      vertex 11.6073 -18.7007 8
    endloop
  endfacet
  facet normal -0 0 1
    outer loop
      vertex 8.74537 -19 8
      vertex 37.5 -41.5 8
      vertex 11.2546 -19 8
    endloop
  endfacet
  facet normal 0 0 1
    outer loop
      vertex -37.5 -41.5 8
      vertex 37.5 -41.5 8
      vertex 8.74537 -19 8
    endloop
  endfacet
  facet normal 0 0 1
    outer loop
      vertex -37.5 -41.5 8
      vertex 8.74537 -19 8
      vertex 8.39273 -18.7007 8
    endloop
  endfacet
  facet normal 0 0 1
    outer loop
      vertex -37.5 -16.5 8
      vertex 5.83593 -10.3705 8
      vertex 5.8 -9 8
    endloop
  endfacet
  facet normal 0 0 1
    outer loop
      vertex -37.5 -16.5 8
      vertex 5.94311 -11.7176 8
      vertex 5.83593 -10.3705 8
    endloop
  endfacet
  facet normal 0 0 1
    outer loop
      vertex -37.5 -16.5 8
      vertex 6.11971 -13.0182 8
      vertex 5.94311 -11.7176 8
    endloop
  endfacet
  facet normal 0 0 1
    outer loop
      vertex -37.5 -16.5 8
      vertex 6.36269 -14.25 8
      vertex 6.11971 -13.0182 8
    endloop
  endfacet
  facet normal 0 0 1
    outer loop
      vertex -37.5 -16.5 8
      vertex 6.66792 -15.392 8
      vertex 6.36269 -14.25 8
    endloop
  endfacet
  facet normal 0 0 1
    outer loop
      vertex -37.5 -16.5 8
      vertex 7.03015 -16.4246 8
      vertex 6.66792 -15.392 8
    endloop
  endfacet
  facet normal -0 0 1
    outer loop
      vertex -37.5 -16.5 8
      vertex 7.4432 -17.3302 8
      vertex 7.03015 -16.4246 8
    endloop
  endfacet
  facet normal 0 0 1
    outer loop
      vertex -37.5 -41.5 8
      vertex 7.4432 -17.3302 8
      vertex -37.5 -16.5 8
    endloop
  endfacet
  facet normal 0 0 1
    outer loop
      vertex 7.4432 -17.3302 8
      vertex -37.5 -41.5 8
      vertex 7.9 -18.0933 8
    endloop
  endfacet
  facet normal 0 0 1
    outer loop
      vertex 7.9 -18.0933 8
      vertex -37.5 -41.5 8
      vertex 8.39273 -18.7007 8
    endloop
  endfacet
  facet normal 0 0 1
    outer loop
      vertex 37.5 -41.5 8
      vertex -37.5 -41.5 8
      vertex 58 -79.3 8
    endloop
  endfacet
  facet normal 0 0 1
    outer loop
      vertex -37.5 -41.5 8
      vertex -58 -79.3 8
      vertex 58 -79.3 8
    endloop
  endfacet
  facet normal -0 0 1
    outer loop
      vertex -58.5 -41.5 8
      vertex -58 -79.3 8
      vertex -37.5 -41.5 8
    endloop
  endfacet
  facet normal 0 0 1
    outer loop
      vertex -58 -79.3 8
      vertex -58.5 -41.5 8
      vertex -59.6055 -79.1948 8
    endloop
  endfacet
  facet normal 0.53522 0.357608 -0.765281
    outer loop
      vertex 67.7136 22.3139 0
      vertex 69.2583 21.5 0.7
      vertex 68.6583 20.9 0
    endloop
  endfacet
  facet normal 0.53522 0.357608 -0.765281
    outer loop
      vertex 69.2583 21.5 0.7
      vertex 67.7136 22.3139 0
      vertex 68.3136 22.9139 0.7
    endloop
  endfacet
  facet normal -0.479056 -0.420116 -0.770719
    outer loop
      vertex -68.3136 -74.9139 0.7
      vertex -66.5924 -75.5924 0
      vertex -67.1924 -76.1924 0.7
    endloop
  endfacet
  facet normal -0.479056 -0.420116 -0.770719
    outer loop
      vertex -66.5924 -75.5924 0
      vertex -68.3136 -74.9139 0.7
      vertex -67.7136 -74.3139 0
    endloop
  endfacet
  facet normal -0.357608 0.53522 -0.765281
    outer loop
      vertex -65.3139 24.7136 0
      vertex -64.5 26.2583 0.7
      vertex -63.9 25.6583 0
    endloop
  endfacet
  facet normal -0.357608 0.53522 -0.765281
    outer loop
      vertex -64.5 26.2583 0.7
      vertex -65.3139 24.7136 0
      vertex -65.9139 25.3136 0.7
    endloop
  endfacet
  facet normal -0.694273 -0.138114 0.706336
    outer loop
      vertex -70.1948 -68.6055 8
      vertex -70.8888 -68.6968 7.3
      vertex -70.557 -70.3647 7.3
    endloop
  endfacet
  facet normal -0.706349 -0.0462833 0.706349
    outer loop
      vertex -70.3 -67 8
      vertex -71 -67 7.3
      vertex -70.1948 -68.6055 8
    endloop
  endfacet
  facet normal -0.706349 0.0462833 0.706349
    outer loop
      vertex -70.1948 16.6055 8
      vertex -71 15 7.3
      vertex -70.3 15 8
    endloop
  endfacet
  facet normal 0.138108 -0.694282 0.706328
    outer loop
      vertex 61.1835 -78.8809 8
      vertex 59.6055 -79.1948 8
      vertex 61.3647 -79.557 7.3
    endloop
  endfacet
  facet normal 0.357608 0.53522 -0.765281
    outer loop
      vertex 65.3139 24.7136 0
      vertex 64.5 26.2583 0.7
      vertex 65.9139 25.3136 0.7
    endloop
  endfacet
  facet normal 0.357608 0.53522 -0.765281
    outer loop
      vertex 64.5 26.2583 0.7
      vertex 65.3139 24.7136 0
      vertex 63.9 25.6583 0
    endloop
  endfacet
  facet normal 0.466724 -0.532192 0.706358
    outer loop
      vertex 66.6974 -75.6974 8
      vertex 65.4878 -76.7582 8
      vertex 65.9139 -77.3136 7.3
    endloop
  endfacet
  facet normal -0.313081 -0.634873 0.70634
    outer loop
      vertex -64.15 -77.6521 8
      vertex -64.5 -78.2583 7.3
      vertex -62.707 -78.3637 8
    endloop
  endfacet
  facet normal 0.634866 0.313083 0.706346
    outer loop
      vertex 70.0104 19.9749 7.3
      vertex 69.2583 21.5 7.3
      vertex 69.3637 19.707 8
    endloop
  endfacet
  facet normal -0.53522 -0.357608 -0.765281
    outer loop
      vertex -69.2583 -73.5 0.7
      vertex -67.7136 -74.3139 0
      vertex -68.3136 -74.9139 0.7
    endloop
  endfacet
  facet normal -0.53522 -0.357608 -0.765281
    outer loop
      vertex -67.7136 -74.3139 0
      vertex -69.2583 -73.5 0.7
      vertex -68.6583 -72.9 0
    endloop
  endfacet
  facet normal 0.29053 -0.589134 -0.753998
    outer loop
      vertex 62.9749 -79.0104 0.7
      vertex 63.9 -77.6583 0
      vertex 64.5 -78.2583 0.7
    endloop
  endfacet
  facet normal 0.29053 -0.589134 -0.753998
    outer loop
      vertex 63.9 -77.6583 0
      vertex 62.9749 -79.0104 0.7
      vertex 62.3749 -78.4104 0
    endloop
  endfacet
  facet normal 0.737522 0.0483336 -0.673591
    outer loop
      vertex 71 15 0.7
      vertex 70.2888 16.0968 0
      vertex 70.8888 16.6968 0.7
    endloop
  endfacet
  facet normal 0.737522 0.0483336 -0.673591
    outer loop
      vertex 70.2888 16.0968 0
      vertex 71 15 0.7
      vertex 70.4 14.4 0
    endloop
  endfacet
  facet normal -0.420116 -0.479056 -0.770719
    outer loop
      vertex -65.9139 -77.3136 0.7
      vertex -66.5924 -75.5924 0
      vertex -65.3139 -76.7136 0
    endloop
  endfacet
  facet normal -0.420116 -0.479056 -0.770719
    outer loop
      vertex -66.5924 -75.5924 0
      vertex -65.9139 -77.3136 0.7
      vertex -67.1924 -76.1924 0.7
    endloop
  endfacet
  facet normal -0.0483336 -0.737522 -0.673591
    outer loop
      vertex -59.0968 -79.2888 0
      vertex -58 -80 0.7
      vertex -59.6968 -79.8888 0.7
    endloop
  endfacet
  facet normal -0.0483336 -0.737522 -0.673591
    outer loop
      vertex -58 -80 0.7
      vertex -59.0968 -79.2888 0
      vertex -57.4 -79.4 0
    endloop
  endfacet
  facet normal 0.321445 -0.946928 0
    outer loop
      vertex 61.3647 -79.557 0.7
      vertex 62.9749 -79.0104 7.3
      vertex 61.3647 -79.557 7.3
    endloop
  endfacet
  facet normal 0.321445 -0.946928 0
    outer loop
      vertex 62.9749 -79.0104 7.3
      vertex 61.3647 -79.557 0.7
      vertex 62.9749 -79.0104 0.7
    endloop
  endfacet
  facet normal 0.694282 -0.138108 0.706328
    outer loop
      vertex 70.1948 -68.6055 8
      vertex 69.8809 -70.1835 8
      vertex 70.557 -70.3647 7.3
    endloop
  endfacet
  facet normal -0.0462912 0.706357 0.70634
    outer loop
      vertex -58 28 7.3
      vertex -59.6968 27.8888 7.3
      vertex -59.6055 27.1948 8
    endloop
  endfacet
  facet normal -0.751844 0.659341 0
    outer loop
      vertex -68.3136 22.9139 0.7
      vertex -67.1924 24.1924 7.3
      vertex -67.1924 24.1924 0.7
    endloop
  endfacet
  facet normal -0.751844 0.659341 0
    outer loop
      vertex -67.1924 24.1924 7.3
      vertex -68.3136 22.9139 0.7
      vertex -68.3136 22.9139 7.3
    endloop
  endfacet
  facet normal -0.227541 0.6703 0.706345
    outer loop
      vertex -61.3647 27.557 7.3
      vertex -62.9749 27.0104 7.3
      vertex -62.707 26.3637 8
    endloop
  endfacet
  facet normal -0.896872 0.442291 0
    outer loop
      vertex -70.0104 19.9749 0.7
      vertex -69.2583 21.5 7.3
      vertex -69.2583 21.5 0.7
    endloop
  endfacet
  facet normal -0.896872 0.442291 0
    outer loop
      vertex -69.2583 21.5 7.3
      vertex -70.0104 19.9749 0.7
      vertex -70.0104 19.9749 7.3
    endloop
  endfacet
  facet normal -0.670311 0.227558 0.706329
    outer loop
      vertex -69.3637 19.707 8
      vertex -70.557 18.3647 7.3
      vertex -69.8809 18.1835 8
    endloop
  endfacet
  facet normal 0.227558 0.670311 0.706329
    outer loop
      vertex 61.3647 27.557 7.3
      vertex 61.1835 26.8809 8
      vertex 62.707 26.3637 8
    endloop
  endfacet
  facet normal -0.694273 0.138114 0.706336
    outer loop
      vertex -70.557 18.3647 7.3
      vertex -70.8888 16.6968 7.3
      vertex -70.1948 16.6055 8
    endloop
  endfacet
  facet normal -0.690771 -0.137417 -0.709895
    outer loop
      vertex -70.8888 -68.6968 0.7
      vertex -69.957 -69.7646 0
      vertex -70.557 -70.3647 0.7
    endloop
  endfacet
  facet normal -0.690777 -0.137426 -0.709888
    outer loop
      vertex -69.957 -69.7646 0
      vertex -70.8888 -68.6968 0.7
      vertex -70.2888 -68.0968 0
    endloop
  endfacet
  facet normal -0.83148 -0.555555 0
    outer loop
      vertex -68.3136 -74.9139 0.7
      vertex -69.2583 -73.5 7.3
      vertex -69.2583 -73.5 0.7
    endloop
  endfacet
  facet normal -0.83148 -0.555555 0
    outer loop
      vertex -69.2583 -73.5 7.3
      vertex -68.3136 -74.9139 0.7
      vertex -68.3136 -74.9139 7.3
    endloop
  endfacet
  facet normal -0.634873 0.313081 0.70634
    outer loop
      vertex -69.2583 21.5 7.3
      vertex -69.3637 19.707 8
      vertex -68.6521 21.15 8
    endloop
  endfacet
  facet normal 0.634866 -0.313083 0.706346
    outer loop
      vertex 69.3637 -71.707 8
      vertex 69.2583 -73.5 7.3
      vertex 70.0104 -71.9749 7.3
    endloop
  endfacet
  facet normal -0.946928 -0.321445 0
    outer loop
      vertex -70.0104 -71.9749 0.7
      vertex -70.557 -70.3647 7.3
      vertex -70.557 -70.3647 0.7
    endloop
  endfacet
  facet normal -0.946928 -0.321445 0
    outer loop
      vertex -70.557 -70.3647 7.3
      vertex -70.0104 -71.9749 0.7
      vertex -70.0104 -71.9749 7.3
    endloop
  endfacet
  facet normal -0.227541 -0.6703 0.706345
    outer loop
      vertex -62.707 -78.3637 8
      vertex -62.9749 -79.0104 7.3
      vertex -61.3647 -79.557 7.3
    endloop
  endfacet
  facet normal -0.321445 -0.946928 0
    outer loop
      vertex -62.9749 -79.0104 0.7
      vertex -61.3647 -79.557 7.3
      vertex -62.9749 -79.0104 7.3
    endloop
  endfacet
  facet normal -0.321445 -0.946928 -0
    outer loop
      vertex -61.3647 -79.557 7.3
      vertex -62.9749 -79.0104 0.7
      vertex -61.3647 -79.557 0.7
    endloop
  endfacet
  facet normal 0.706349 -0.0462833 0.706349
    outer loop
      vertex 70.3 -67 8
      vertex 70.1948 -68.6055 8
      vertex 71 -67 7.3
    endloop
  endfacet
  facet normal -0.670311 -0.227558 0.706329
    outer loop
      vertex -69.8809 -70.1835 8
      vertex -70.557 -70.3647 7.3
      vertex -69.3637 -71.707 8
    endloop
  endfacet
  facet normal -0.980781 -0.19511 0
    outer loop
      vertex -70.557 -70.3647 0.7
      vertex -70.8888 -68.6968 7.3
      vertex -70.8888 -68.6968 0.7
    endloop
  endfacet
  facet normal -0.980781 -0.19511 0
    outer loop
      vertex -70.8888 -68.6968 7.3
      vertex -70.557 -70.3647 0.7
      vertex -70.557 -70.3647 7.3
    endloop
  endfacet
  facet normal -0.634873 -0.313081 0.70634
    outer loop
      vertex -68.6521 -73.15 8
      vertex -69.3637 -71.707 8
      vertex -69.2583 -73.5 7.3
    endloop
  endfacet
  facet normal 0.737522 -0.0483336 -0.673591
    outer loop
      vertex 71 -67 0.7
      vertex 70.2888 -68.0968 0
      vertex 70.4 -66.4 0
    endloop
  endfacet
  facet normal 0.737522 -0.0483336 -0.673591
    outer loop
      vertex 70.2888 -68.0968 0
      vertex 71 -67 0.7
      vertex 70.8888 -68.6968 0.7
    endloop
  endfacet
  facet normal -0.694282 -0.138108 0.706328
    outer loop
      vertex -70.1948 -68.6055 8
      vertex -70.557 -70.3647 7.3
      vertex -69.8809 -70.1835 8
    endloop
  endfacet
  facet normal -0.706357 -0.0462912 0.70634
    outer loop
      vertex -70.1948 -68.6055 8
      vertex -71 -67 7.3
      vertex -70.8888 -68.6968 7.3
    endloop
  endfacet
  facet normal 0.29053 0.589134 -0.753998
    outer loop
      vertex 63.9 25.6583 0
      vertex 62.9749 27.0104 0.7
      vertex 64.5 26.2583 0.7
    endloop
  endfacet
  facet normal 0.29053 0.589134 -0.753998
    outer loop
      vertex 62.9749 27.0104 0.7
      vertex 63.9 25.6583 0
      vertex 62.3749 26.4104 0
    endloop
  endfacet
  facet normal -0.634866 0.313083 0.706346
    outer loop
      vertex -69.2583 21.5 7.3
      vertex -70.0104 19.9749 7.3
      vertex -69.3637 19.707 8
    endloop
  endfacet
  facet normal -0.53219 0.466712 0.706366
    outer loop
      vertex -67.1924 24.1924 7.3
      vertex -68.3136 22.9139 7.3
      vertex -66.6974 23.6974 8
    endloop
  endfacet
  facet normal 0.83148 0.555555 0
    outer loop
      vertex 69.2583 21.5 7.3
      vertex 68.3136 22.9139 0.7
      vertex 68.3136 22.9139 7.3
    endloop
  endfacet
  facet normal 0.83148 0.555555 0
    outer loop
      vertex 68.3136 22.9139 0.7
      vertex 69.2583 21.5 7.3
      vertex 69.2583 21.5 0.7
    endloop
  endfacet
  facet normal -0.357608 -0.53522 -0.765281
    outer loop
      vertex -64.5 -78.2583 0.7
      vertex -65.3139 -76.7136 0
      vertex -63.9 -77.6583 0
    endloop
  endfacet
  facet normal -0.357608 -0.53522 -0.765281
    outer loop
      vertex -65.3139 -76.7136 0
      vertex -64.5 -78.2583 0.7
      vertex -65.9139 -77.3136 0.7
    endloop
  endfacet
  facet normal -0.442291 0.896872 0
    outer loop
      vertex -62.9749 27.0104 0.7
      vertex -64.5 26.2583 7.3
      vertex -62.9749 27.0104 7.3
    endloop
  endfacet
  facet normal -0.442291 0.896872 0
    outer loop
      vertex -64.5 26.2583 7.3
      vertex -62.9749 27.0104 0.7
      vertex -64.5 26.2583 0.7
    endloop
  endfacet
  facet normal -0.555555 0.83148 0
    outer loop
      vertex -64.5 26.2583 0.7
      vertex -65.9139 25.3136 7.3
      vertex -64.5 26.2583 7.3
    endloop
  endfacet
  facet normal -0.555555 0.83148 0
    outer loop
      vertex -65.9139 25.3136 7.3
      vertex -64.5 26.2583 0.7
      vertex -65.9139 25.3136 0.7
    endloop
  endfacet
  facet normal -0.659341 0.751844 0
    outer loop
      vertex -65.9139 25.3136 0.7
      vertex -67.1924 24.1924 7.3
      vertex -65.9139 25.3136 7.3
    endloop
  endfacet
  facet normal -0.659341 0.751844 0
    outer loop
      vertex -67.1924 24.1924 7.3
      vertex -65.9139 25.3136 0.7
      vertex -67.1924 24.1924 0.7
    endloop
  endfacet
  facet normal -0.694282 0.138108 0.706328
    outer loop
      vertex -69.8809 18.1835 8
      vertex -70.557 18.3647 7.3
      vertex -70.1948 16.6055 8
    endloop
  endfacet
  facet normal -0.946928 0.321445 0
    outer loop
      vertex -70.557 18.3647 0.7
      vertex -70.0104 19.9749 7.3
      vertex -70.0104 19.9749 0.7
    endloop
  endfacet
  facet normal -0.946928 0.321445 0
    outer loop
      vertex -70.0104 19.9749 7.3
      vertex -70.557 18.3647 0.7
      vertex -70.557 18.3647 7.3
    endloop
  endfacet
  facet normal -0.706357 0.0462912 0.70634
    outer loop
      vertex -70.8888 16.6968 7.3
      vertex -71 15 7.3
      vertex -70.1948 16.6055 8
    endloop
  endfacet
  facet normal -0.532192 0.466724 0.706358
    outer loop
      vertex -66.6974 23.6974 8
      vertex -68.3136 22.9139 7.3
      vertex -67.7582 22.4878 8
    endloop
  endfacet
  facet normal -0.83148 0.555555 0
    outer loop
      vertex -69.2583 21.5 0.7
      vertex -68.3136 22.9139 7.3
      vertex -68.3136 22.9139 0.7
    endloop
  endfacet
  facet normal -0.83148 0.555555 0
    outer loop
      vertex -68.3136 22.9139 7.3
      vertex -69.2583 21.5 0.7
      vertex -69.2583 21.5 7.3
    endloop
  endfacet
  facet normal -0.227558 -0.670311 0.706329
    outer loop
      vertex -61.1835 -78.8809 8
      vertex -62.707 -78.3637 8
      vertex -61.3647 -79.557 7.3
    endloop
  endfacet
  facet normal -0.138108 -0.694282 0.706328
    outer loop
      vertex -61.1835 -78.8809 8
      vertex -61.3647 -79.557 7.3
      vertex -59.6055 -79.1948 8
    endloop
  endfacet
  facet normal -0.896872 -0.442291 0
    outer loop
      vertex -69.2583 -73.5 0.7
      vertex -70.0104 -71.9749 7.3
      vertex -70.0104 -71.9749 0.7
    endloop
  endfacet
  facet normal -0.896872 -0.442291 0
    outer loop
      vertex -70.0104 -71.9749 7.3
      vertex -69.2583 -73.5 0.7
      vertex -69.2583 -73.5 7.3
    endloop
  endfacet
  facet normal -0.53219 -0.466712 0.706366
    outer loop
      vertex -66.6974 -75.6974 8
      vertex -68.3136 -74.9139 7.3
      vertex -67.1924 -76.1924 7.3
    endloop
  endfacet
  facet normal -0.751844 -0.659341 0
    outer loop
      vertex -67.1924 -76.1924 0.7
      vertex -68.3136 -74.9139 7.3
      vertex -68.3136 -74.9139 0.7
    endloop
  endfacet
  facet normal -0.751844 -0.659341 0
    outer loop
      vertex -68.3136 -74.9139 7.3
      vertex -67.1924 -76.1924 0.7
      vertex -67.1924 -76.1924 7.3
    endloop
  endfacet
  facet normal -0.313081 0.634873 0.70634
    outer loop
      vertex -62.707 26.3637 8
      vertex -64.5 26.2583 7.3
      vertex -64.15 25.6521 8
    endloop
  endfacet
  facet normal -0.138108 0.694282 0.706328
    outer loop
      vertex -59.6055 27.1948 8
      vertex -61.3647 27.557 7.3
      vertex -61.1835 26.8809 8
    endloop
  endfacet
  facet normal -0.588555 0.393264 0.706362
    outer loop
      vertex -68.3136 22.9139 7.3
      vertex -68.6521 21.15 8
      vertex -67.7582 22.4878 8
    endloop
  endfacet
  facet normal -0.29053 -0.589134 -0.753998
    outer loop
      vertex -62.9749 -79.0104 0.7
      vertex -63.9 -77.6583 0
      vertex -62.3749 -78.4104 0
    endloop
  endfacet
  facet normal -0.29053 -0.589134 -0.753998
    outer loop
      vertex -63.9 -77.6583 0
      vertex -62.9749 -79.0104 0.7
      vertex -64.5 -78.2583 0.7
    endloop
  endfacet
  facet normal -0.532192 -0.466724 0.706358
    outer loop
      vertex -67.7582 -74.4878 8
      vertex -68.3136 -74.9139 7.3
      vertex -66.6974 -75.6974 8
    endloop
  endfacet
  facet normal -0.980781 0.19511 0
    outer loop
      vertex -70.8888 16.6968 0.7
      vertex -70.557 18.3647 7.3
      vertex -70.557 18.3647 0.7
    endloop
  endfacet
  facet normal -0.980781 0.19511 0
    outer loop
      vertex -70.557 18.3647 7.3
      vertex -70.8888 16.6968 0.7
      vertex -70.8888 16.6968 7.3
    endloop
  endfacet
  facet normal -0.466712 -0.53219 0.706366
    outer loop
      vertex -66.6974 -75.6974 8
      vertex -67.1924 -76.1924 7.3
      vertex -65.9139 -77.3136 7.3
    endloop
  endfacet
  facet normal -0.997859 -0.0653948 0
    outer loop
      vertex -70.8888 -68.6968 0.7
      vertex -71 -67 7.3
      vertex -71 -67 0.7
    endloop
  endfacet
  facet normal -0.997859 -0.0653948 0
    outer loop
      vertex -71 -67 7.3
      vertex -70.8888 -68.6968 0.7
      vertex -70.8888 -68.6968 7.3
    endloop
  endfacet
  facet normal -0.737522 -0.0483336 -0.673591
    outer loop
      vertex -70.2888 -68.0968 0
      vertex -71 -67 0.7
      vertex -70.4 -66.4 0
    endloop
  endfacet
  facet normal -0.737522 -0.0483336 -0.673591
    outer loop
      vertex -71 -67 0.7
      vertex -70.2888 -68.0968 0
      vertex -70.8888 -68.6968 0.7
    endloop
  endfacet
  facet normal -0.393261 0.588581 0.706342
    outer loop
      vertex -64.5 26.2583 7.3
      vertex -65.9139 25.3136 7.3
      vertex -64.15 25.6521 8
    endloop
  endfacet
  facet normal 0 -0.984808 -0.173648
    outer loop
      vertex -59 -0.932713 9.53091
      vertex -65 -0.662773 8
      vertex 59 -0.932713 9.53091
    endloop
  endfacet
  facet normal 3.53995e-07 -0.984808 -0.173649
    outer loop
      vertex -60.0834 -0.945044 9.60084
      vertex -65 -0.662773 8
      vertex -59 -0.932713 9.53091
    endloop
  endfacet
  facet normal -4.57752e-09 -0.984808 -0.173648
    outer loop
      vertex -61.1482 -0.981824 9.80943
      vertex -65 -0.662773 8
      vertex -60.0834 -0.945044 9.60084
    endloop
  endfacet
  facet normal -1.2486e-06 -0.984808 -0.173645
    outer loop
      vertex -62.1763 -1.04242 10.1531
      vertex -65 -0.662773 8
      vertex -61.1482 -0.981824 9.80943
    endloop
  endfacet
  facet normal 3.42714e-06 -0.984807 -0.173651
    outer loop
      vertex -63.15 -1.12581 10.626
      vertex -65 -0.662773 8
      vertex -62.1763 -1.04242 10.1531
    endloop
  endfacet
  facet normal 9.25939e-07 -0.984807 -0.17365
    outer loop
      vertex -64.0527 -1.23055 11.22
      vertex -65 -0.662773 8
      vertex -63.15 -1.12581 10.626
    endloop
  endfacet
  facet normal -1.09898e-05 -0.984808 -0.173646
    outer loop
      vertex -64.869 -1.35485 11.925
      vertex -65 -0.662773 8
      vertex -64.0527 -1.23055 11.22
    endloop
  endfacet
  facet normal 9.08725e-05 -0.984808 -0.17365
    outer loop
      vertex -65 -0.662773 8
      vertex -64.869 -1.35485 11.925
      vertex -65 -1.3808 12.0721
    endloop
  endfacet
  facet normal -9.08725e-05 -0.984808 -0.17365
    outer loop
      vertex 64.869 -1.35485 11.925
      vertex 65 -0.662773 8
      vertex 65 -1.3808 12.0721
    endloop
  endfacet
  facet normal 1.09898e-05 -0.984808 -0.173646
    outer loop
      vertex 64.0527 -1.23055 11.22
      vertex 65 -0.662773 8
      vertex 64.869 -1.35485 11.925
    endloop
  endfacet
  facet normal -9.25939e-07 -0.984807 -0.17365
    outer loop
      vertex 63.15 -1.12581 10.626
      vertex 65 -0.662773 8
      vertex 64.0527 -1.23055 11.22
    endloop
  endfacet
  facet normal -3.42714e-06 -0.984807 -0.173651
    outer loop
      vertex 62.1763 -1.04242 10.1531
      vertex 65 -0.662773 8
      vertex 63.15 -1.12581 10.626
    endloop
  endfacet
  facet normal 1.2486e-06 -0.984808 -0.173645
    outer loop
      vertex 61.1482 -0.981824 9.80943
      vertex 65 -0.662773 8
      vertex 62.1763 -1.04242 10.1531
    endloop
  endfacet
  facet normal 4.57752e-09 -0.984808 -0.173648
    outer loop
      vertex 60.0834 -0.945044 9.60084
      vertex 65 -0.662773 8
      vertex 61.1482 -0.981824 9.80943
    endloop
  endfacet
  facet normal -3.53995e-07 -0.984808 -0.173649
    outer loop
      vertex 59 -0.932713 9.53091
      vertex 65 -0.662773 8
      vertex 60.0834 -0.945044 9.60084
    endloop
  endfacet
  facet normal -0 -0.984808 -0.173648
    outer loop
      vertex 65 -0.662773 8
      vertex 59 -0.932713 9.53091
      vertex -65 -0.662773 8
    endloop
  endfacet
  facet normal -1 0 0
    outer loop
      vertex -65 -0.662773 8
      vertex -65 -0.100546 12.2979
      vertex -65 0.174978 8
    endloop
  endfacet
  facet normal -1 0 0
    outer loop
      vertex -65 -0.100546 12.2979
      vertex -65 -0.662773 8
      vertex -65 -1.3808 12.0721
    endloop
  endfacet
  facet normal -1 0 0
    outer loop
      vertex -65 -0.100546 12.2979
      vertex -65 3.30172 8.55133
      vertex -65 0.174978 8
    endloop
  endfacet
  facet normal -1 0 0
    outer loop
      vertex -65 3.30172 8.55133
      vertex -65 -0.100546 12.2979
      vertex -65 1.21794 20.369
    endloop
  endfacet
  facet normal -1 0 0
    outer loop
      vertex -65 1.21794 20.369
      vertex -65 -0.100546 12.2979
      vertex -65 -1.44104 19.9002
    endloop
  endfacet
  facet normal 0 -0.17363 0.984811
    outer loop
      vertex -65 1.21794 20.369
      vertex 65 -1.44104 19.9002
      vertex 65 1.21794 20.369
    endloop
  endfacet
  facet normal 0 -0.17363 0.984811
    outer loop
      vertex 65 -1.44104 19.9002
      vertex -65 1.21794 20.369
      vertex -65 -1.44104 19.9002
    endloop
  endfacet
  facet normal 0 0.984807 0.173651
    outer loop
      vertex 24 2.60713 12.4906
      vertex -24 1.91253 16.4298
      vertex 24 1.91253 16.4298
    endloop
  endfacet
  facet normal 0 0.984807 0.173651
    outer loop
      vertex -24 1.91253 16.4298
      vertex 24 2.60713 12.4906
      vertex -24 2.60713 12.4906
    endloop
  endfacet
  facet normal -0 0.984808 0.173649
    outer loop
      vertex 24 1.91253 16.4298
      vertex 65 1.21794 20.369
      vertex 50 1.91253 16.4298
    endloop
  endfacet
  facet normal -6.56538e-07 0.984807 0.173651
    outer loop
      vertex 65 1.21794 20.369
      vertex 50 2.60713 12.4906
      vertex 50 1.91253 16.4298
    endloop
  endfacet
  facet normal 0 0.984808 0.173646
    outer loop
      vertex 65 3.30172 8.55133
      vertex 24 2.60713 12.4906
      vertex 50 2.60713 12.4906
    endloop
  endfacet
  facet normal 0 0.984808 0.173646
    outer loop
      vertex 24 2.60713 12.4906
      vertex 65 3.30172 8.55133
      vertex -24 2.60713 12.4906
    endloop
  endfacet
  facet normal -0 0.984808 0.173646
    outer loop
      vertex -65 3.30172 8.55133
      vertex -24 2.60713 12.4906
      vertex 65 3.30172 8.55133
    endloop
  endfacet
  facet normal 7.59086e-07 0.984808 0.173649
    outer loop
      vertex 65 3.30172 8.55133
      vertex 50 2.60713 12.4906
      vertex 65 1.21794 20.369
    endloop
  endfacet
  facet normal 0 0.984808 0.173649
    outer loop
      vertex 65 1.21794 20.369
      vertex 24 1.91253 16.4298
      vertex -65 1.21794 20.369
    endloop
  endfacet
  facet normal -0 0.984808 0.173649
    outer loop
      vertex -24 1.91253 16.4298
      vertex -65 1.21794 20.369
      vertex 24 1.91253 16.4298
    endloop
  endfacet
  facet normal -0 0.984808 0.173649
    outer loop
      vertex -50 1.91253 16.4298
      vertex -65 1.21794 20.369
      vertex -24 1.91253 16.4298
    endloop
  endfacet
  facet normal 6.56538e-07 0.984807 0.173651
    outer loop
      vertex -50 2.60713 12.4906
      vertex -65 1.21794 20.369
      vertex -50 1.91253 16.4298
    endloop
  endfacet
  facet normal -7.59086e-07 0.984808 0.173649
    outer loop
      vertex -50 2.60713 12.4906
      vertex -65 3.30172 8.55133
      vertex -65 1.21794 20.369
    endloop
  endfacet
  facet normal 0 0.984808 0.173646
    outer loop
      vertex -24 2.60713 12.4906
      vertex -65 3.30172 8.55133
      vertex -50 2.60713 12.4906
    endloop
  endfacet
  facet normal 0 0.173648 -0.984808
    outer loop
      vertex -65 0.174978 8
      vertex 65 3.30172 8.55133
      vertex 65 0.174978 8
    endloop
  endfacet
  facet normal 0 0.173648 -0.984808
    outer loop
      vertex 65 3.30172 8.55133
      vertex -65 0.174978 8
      vertex -65 3.30172 8.55133
    endloop
  endfacet
  facet normal 1 -0 0
    outer loop
      vertex 65 -0.100546 12.2979
      vertex 65 3.30172 8.55133
      vertex 65 1.21794 20.369
    endloop
  endfacet
  facet normal 1 0 0
    outer loop
      vertex 65 3.30172 8.55133
      vertex 65 -0.100546 12.2979
      vertex 65 0.174978 8
    endloop
  endfacet
  facet normal 1 0 -0
    outer loop
      vertex 65 -0.100546 12.2979
      vertex 65 1.21794 20.369
      vertex 65 -1.44104 19.9002
    endloop
  endfacet
  facet normal 1 0 0
    outer loop
      vertex 65 -0.100546 12.2979
      vertex 65 -0.662773 8
      vertex 65 0.174978 8
    endloop
  endfacet
  facet normal 1 0 -0
    outer loop
      vertex 65 -0.662773 8
      vertex 65 -0.100546 12.2979
      vertex 65 -1.3808 12.0721
    endloop
  endfacet
  facet normal -0.321447 -0.164452 0.932538
    outer loop
      vertex 61.1482 -0.981824 9.80943
      vertex 62.1763 0.237825 10.3789
      vertex 61.1482 0.298425 10.0352
    endloop
  endfacet
  facet normal -0.321422 -0.164475 0.932543
    outer loop
      vertex 62.1763 0.237825 10.3789
      vertex 61.1482 -0.981824 9.80943
      vertex 62.1763 -1.04242 10.1531
    endloop
  endfacet
  facet normal 0.195122 -0.170309 0.965879
    outer loop
      vertex -61.1482 0.298425 10.0352
      vertex -60.0834 -0.945044 9.60084
      vertex -60.0834 0.335205 9.82658
    endloop
  endfacet
  facet normal 0.195096 -0.170332 0.96588
    outer loop
      vertex -60.0834 -0.945044 9.60084
      vertex -61.1482 0.298425 10.0352
      vertex -61.1482 -0.981824 9.80943
    endloop
  endfacet
  facet normal 0.659294 -0.130596 0.740457
    outer loop
      vertex -64.869 -0.0746048 12.1507
      vertex -64.0527 -1.23055 11.22
      vertex -64.0527 0.0497014 11.4458
    endloop
  endfacet
  facet normal 0.659345 -0.130532 0.740423
    outer loop
      vertex -64.0527 -1.23055 11.22
      vertex -64.869 -0.0746048 12.1507
      vertex -64.869 -1.35485 11.925
    endloop
  endfacet
  facet normal 0.75204 -0.114434 0.649108
    outer loop
      vertex -65 -0.100546 12.2979
      vertex -64.869 -1.35485 11.925
      vertex -64.869 -0.0746048 12.1507
    endloop
  endfacet
  facet normal 0.751828 -0.114524 0.649337
    outer loop
      vertex -64.869 -1.35485 11.925
      vertex -65 -0.100546 12.2979
      vertex -65 -1.3808 12.0721
    endloop
  endfacet
  facet normal 0.555569 -0.144419 0.818832
    outer loop
      vertex -64.0527 0.0497014 11.4458
      vertex -63.15 -1.12581 10.626
      vertex -63.15 0.15444 10.8518
    endloop
  endfacet
  facet normal 0.55557 -0.144419 0.818832
    outer loop
      vertex -63.15 -1.12581 10.626
      vertex -64.0527 0.0497014 11.4458
      vertex -64.0527 -1.23055 11.22
    endloop
  endfacet
  facet normal 0 -0.173646 0.984808
    outer loop
      vertex -59 0.347537 9.75665
      vertex 59 -0.932713 9.53091
      vertex 59 0.347537 9.75665
    endloop
  endfacet
  facet normal 0 -0.173646 0.984808
    outer loop
      vertex 59 -0.932713 9.53091
      vertex -59 0.347537 9.75665
      vertex -59 -0.932713 9.53091
    endloop
  endfacet
  facet normal -0.0654024 -0.173274 0.9827
    outer loop
      vertex 59 -0.932713 9.53091
      vertex 60.0834 0.335205 9.82658
      vertex 59 0.347537 9.75665
    endloop
  endfacet
  facet normal -0.0654023 -0.173275 0.9827
    outer loop
      vertex 60.0834 0.335205 9.82658
      vertex 59 -0.932713 9.53091
      vertex 60.0834 -0.945044 9.60084
    endloop
  endfacet
  facet normal -0.442303 -0.155778 0.883233
    outer loop
      vertex 62.1763 -1.04242 10.1531
      vertex 63.15 0.15444 10.8518
      vertex 62.1763 0.237825 10.3789
    endloop
  endfacet
  facet normal -0.442304 -0.155777 0.883233
    outer loop
      vertex 63.15 0.15444 10.8518
      vertex 62.1763 -1.04242 10.1531
      vertex 63.15 -1.12581 10.626
    endloop
  endfacet
  facet normal -0.659294 -0.130596 0.740457
    outer loop
      vertex 64.0527 -1.23055 11.22
      vertex 64.869 -0.0746048 12.1507
      vertex 64.0527 0.0497014 11.4458
    endloop
  endfacet
  facet normal -0.659345 -0.130532 0.740423
    outer loop
      vertex 64.869 -0.0746048 12.1507
      vertex 64.0527 -1.23055 11.22
      vertex 64.869 -1.35485 11.925
    endloop
  endfacet
  facet normal -0.555569 -0.144419 0.818832
    outer loop
      vertex 63.15 -1.12581 10.626
      vertex 64.0527 0.0497014 11.4458
      vertex 63.15 0.15444 10.8518
    endloop
  endfacet
  facet normal -0.55557 -0.144419 0.818832
    outer loop
      vertex 64.0527 0.0497014 11.4458
      vertex 63.15 -1.12581 10.626
      vertex 64.0527 -1.23055 11.22
    endloop
  endfacet
  facet normal -0.195122 -0.170309 0.965879
    outer loop
      vertex 60.0834 -0.945044 9.60084
      vertex 61.1482 0.298425 10.0352
      vertex 60.0834 0.335205 9.82658
    endloop
  endfacet
  facet normal -0.195096 -0.170332 0.96588
    outer loop
      vertex 61.1482 0.298425 10.0352
      vertex 60.0834 -0.945044 9.60084
      vertex 61.1482 -0.981824 9.80943
    endloop
  endfacet
  facet normal 0.442303 -0.155778 0.883233
    outer loop
      vertex -63.15 0.15444 10.8518
      vertex -62.1763 -1.04242 10.1531
      vertex -62.1763 0.237825 10.3789
    endloop
  endfacet
  facet normal 0.442304 -0.155777 0.883233
    outer loop
      vertex -62.1763 -1.04242 10.1531
      vertex -63.15 0.15444 10.8518
      vertex -63.15 -1.12581 10.626
    endloop
  endfacet
  facet normal 0.321447 -0.164452 0.932538
    outer loop
      vertex -62.1763 0.237825 10.3789
      vertex -61.1482 -0.981824 9.80943
      vertex -61.1482 0.298425 10.0352
    endloop
  endfacet
  facet normal 0.321422 -0.164475 0.932543
    outer loop
      vertex -61.1482 -0.981824 9.80943
      vertex -62.1763 0.237825 10.3789
      vertex -62.1763 -1.04242 10.1531
    endloop
  endfacet
  facet normal -0.75204 -0.114434 0.649108
    outer loop
      vertex 64.869 -1.35485 11.925
      vertex 65 -0.100546 12.2979
      vertex 64.869 -0.0746048 12.1507
    endloop
  endfacet
  facet normal -0.751828 -0.114524 0.649337
    outer loop
      vertex 65 -0.100546 12.2979
      vertex 64.869 -1.35485 11.925
      vertex 65 -1.3808 12.0721
    endloop
  endfacet
  facet normal 0.0654024 -0.173274 0.9827
    outer loop
      vertex -60.0834 0.335205 9.82658
      vertex -59 -0.932713 9.53091
      vertex -59 0.347537 9.75665
    endloop
  endfacet
  facet normal 0.0654023 -0.173275 0.9827
    outer loop
      vertex -59 -0.932713 9.53091
      vertex -60.0834 0.335205 9.82658
      vertex -60.0834 -0.945044 9.60084
    endloop
  endfacet
  facet normal 0 -0.984808 -0.173649
    outer loop
      vertex -24 -0.0518547 12.0217
      vertex 24 -0.746447 15.9609
      vertex -24 -0.746447 15.9609
    endloop
  endfacet
  facet normal 0 -0.984808 -0.173649
    outer loop
      vertex 24 -0.746447 15.9609
      vertex -24 -0.0518547 12.0217
      vertex 24 -0.0518547 12.0217
    endloop
  endfacet
  facet normal -0 -0.984808 -0.173645
    outer loop
      vertex -24 -0.746447 15.9609
      vertex -65 -1.44104 19.9002
      vertex -50 -0.746447 15.9609
    endloop
  endfacet
  facet normal -1.24828e-06 -0.984808 -0.173649
    outer loop
      vertex -64.0527 0.0497014 11.4458
      vertex -65 -1.44104 19.9002
      vertex -65 -0.100546 12.2979
    endloop
  endfacet
  facet normal 0.000422059 -0.984888 -0.173192
    outer loop
      vertex -64.0527 0.0497014 11.4458
      vertex -65 -0.100546 12.2979
      vertex -64.869 -0.0746048 12.1507
    endloop
  endfacet
  facet normal -7.85831e-07 -0.984808 -0.173648
    outer loop
      vertex -65 -1.44104 19.9002
      vertex -59 0.347537 9.75665
      vertex -50 -0.746447 15.9609
    endloop
  endfacet
  facet normal 0 -0.984808 -0.173649
    outer loop
      vertex -59 0.347537 9.75665
      vertex -24 -0.0518547 12.0217
      vertex -50 -0.0518547 12.0217
    endloop
  endfacet
  facet normal 0 -0.984808 -0.173649
    outer loop
      vertex -24 -0.0518547 12.0217
      vertex -59 0.347537 9.75665
      vertex 24 -0.0518547 12.0217
    endloop
  endfacet
  facet normal 6.95693e-08 -0.984808 -0.173649
    outer loop
      vertex -50 -0.746447 15.9609
      vertex -59 0.347537 9.75665
      vertex -50 -0.0518547 12.0217
    endloop
  endfacet
  facet normal 2.26833e-07 -0.984808 -0.173648
    outer loop
      vertex -63.15 0.15444 10.8518
      vertex -65 -1.44104 19.9002
      vertex -64.0527 0.0497014 11.4458
    endloop
  endfacet
  facet normal 0 -0.984808 -0.173645
    outer loop
      vertex -65 -1.44104 19.9002
      vertex -24 -0.746447 15.9609
      vertex 65 -1.44104 19.9002
    endloop
  endfacet
  facet normal -0 -0.984808 -0.173645
    outer loop
      vertex 24 -0.746447 15.9609
      vertex 65 -1.44104 19.9002
      vertex -24 -0.746447 15.9609
    endloop
  endfacet
  facet normal -0 -0.984808 -0.173645
    outer loop
      vertex 50 -0.746447 15.9609
      vertex 65 -1.44104 19.9002
      vertex 24 -0.746447 15.9609
    endloop
  endfacet
  facet normal 7.85831e-07 -0.984808 -0.173648
    outer loop
      vertex 59 0.347537 9.75665
      vertex 65 -1.44104 19.9002
      vertex 50 -0.746447 15.9609
    endloop
  endfacet
  facet normal -1.40399e-06 -0.984808 -0.173647
    outer loop
      vertex 60.0834 0.335205 9.82658
      vertex 65 -1.44104 19.9002
      vertex 59 0.347537 9.75665
    endloop
  endfacet
  facet normal -6.95693e-08 -0.984808 -0.173649
    outer loop
      vertex 59 0.347537 9.75665
      vertex 50 -0.746447 15.9609
      vertex 50 -0.0518547 12.0217
    endloop
  endfacet
  facet normal 1.24828e-06 -0.984808 -0.173649
    outer loop
      vertex 65 -1.44104 19.9002
      vertex 64.0527 0.0497014 11.4458
      vertex 65 -0.100546 12.2979
    endloop
  endfacet
  facet normal -0 -0.984808 -0.173649
    outer loop
      vertex 59 0.347537 9.75665
      vertex 24 -0.0518547 12.0217
      vertex -59 0.347537 9.75665
    endloop
  endfacet
  facet normal -2.05759e-07 -0.984808 -0.173649
    outer loop
      vertex -62.1763 0.237825 10.3789
      vertex -65 -1.44104 19.9002
      vertex -63.15 0.15444 10.8518
    endloop
  endfacet
  facet normal 0 -0.984808 -0.173649
    outer loop
      vertex 24 -0.0518547 12.0217
      vertex 59 0.347537 9.75665
      vertex 50 -0.0518547 12.0217
    endloop
  endfacet
  facet normal -3.92216e-06 -0.984808 -0.17365
    outer loop
      vertex -61.1482 0.298425 10.0352
      vertex -65 -1.44104 19.9002
      vertex -62.1763 0.237825 10.3789
    endloop
  endfacet
  facet normal -0.000422059 -0.984888 -0.173192
    outer loop
      vertex 65 -0.100546 12.2979
      vertex 64.0527 0.0497014 11.4458
      vertex 64.869 -0.0746048 12.1507
    endloop
  endfacet
  facet normal -5.32858e-06 -0.984807 -0.17365
    outer loop
      vertex -60.0834 0.335205 9.82658
      vertex -65 -1.44104 19.9002
      vertex -61.1482 0.298425 10.0352
    endloop
  endfacet
  facet normal -2.26833e-07 -0.984808 -0.173648
    outer loop
      vertex 65 -1.44104 19.9002
      vertex 63.15 0.15444 10.8518
      vertex 64.0527 0.0497014 11.4458
    endloop
  endfacet
  facet normal 1.40399e-06 -0.984808 -0.173647
    outer loop
      vertex -65 -1.44104 19.9002
      vertex -60.0834 0.335205 9.82658
      vertex -59 0.347537 9.75665
    endloop
  endfacet
  facet normal 2.05759e-07 -0.984808 -0.173649
    outer loop
      vertex 65 -1.44104 19.9002
      vertex 62.1763 0.237825 10.3789
      vertex 63.15 0.15444 10.8518
    endloop
  endfacet
  facet normal 3.92216e-06 -0.984808 -0.17365
    outer loop
      vertex 65 -1.44104 19.9002
      vertex 61.1482 0.298425 10.0352
      vertex 62.1763 0.237825 10.3789
    endloop
  endfacet
  facet normal 5.32858e-06 -0.984807 -0.17365
    outer loop
      vertex 65 -1.44104 19.9002
      vertex 60.0834 0.335205 9.82658
      vertex 61.1482 0.298425 10.0352
    endloop
  endfacet
  facet normal -0.309889 0.593534 0.742756
    outer loop
      vertex 47.8618 -36.1118 24.0396
      vertex 58.1247 -18.273 14.0665
      vertex 58.1937 -16.8414 12.9513
    endloop
  endfacet
  facet normal -0.309703 0.59349 0.742868
    outer loop
      vertex 58.1247 -18.273 14.0665
      vertex 47.8618 -36.1118 24.0396
      vertex 47.9135 -36.1061 24.0566
    endloop
  endfacet
  facet normal -0.309839 0.593523 0.742786
    outer loop
      vertex 46.5704 -36.2545 23.6149
      vertex 58.1937 -16.8414 12.9513
      vertex 58.2241 -16.2108 12.4601
    endloop
  endfacet
  facet normal -0.309859 0.593528 0.742773
    outer loop
      vertex 58.1937 -16.8414 12.9513
      vertex 46.5704 -36.2545 23.6149
      vertex 47.8618 -36.1118 24.0396
    endloop
  endfacet
  facet normal 0.0504016 0.505786 0.861185
    outer loop
      vertex -57.6527 -11.8262 9.45758
      vertex -43.7854 -36.4289 23.0955
      vertex -57.6362 -11.7351 9.40311
    endloop
  endfacet
  facet normal 0.0498073 0.505548 0.86136
    outer loop
      vertex -57.8413 -13.0528 10.1884
      vertex -43.7854 -36.4289 23.0955
      vertex -57.6527 -11.8262 9.45758
    endloop
  endfacet
  facet normal 0.0498325 0.505559 0.861352
    outer loop
      vertex -43.7854 -36.4289 23.0955
      vertex -57.8413 -13.0528 10.1884
      vertex -43.8164 -36.4284 23.097
    endloop
  endfacet
  facet normal -0.779024 0.571405 0.258104
    outer loop
      vertex 54.2877 -34.1559 28.3476
      vertex 57.2479 -29.1004 26.0901
      vertex 57.3489 -28.4362 24.9245
    endloop
  endfacet
  facet normal -0.779038 0.5714 0.258074
    outer loop
      vertex 57.2479 -29.1004 26.0901
      vertex 54.2877 -34.1559 28.3476
      vertex 55.2345 -32.9603 28.5585
    endloop
  endfacet
  facet normal -0.457441 0.618824 0.638595
    outer loop
      vertex 49.2008 -35.9204 24.6093
      vertex 57.9671 -21.1888 16.6133
      vertex 58.0185 -20.2947 15.7837
    endloop
  endfacet
  facet normal -0.457363 0.618814 0.638661
    outer loop
      vertex 57.9671 -21.1888 16.6133
      vertex 49.2008 -35.9204 24.6093
      vertex 50.3387 -35.7139 25.2241
    endloop
  endfacet
  facet normal -0.228672 0.571967 0.787758
    outer loop
      vertex 58.1227 -14.9202 11.4936
      vertex 58.2241 -16.2108 12.4601
      vertex 58.2448 -15.7421 12.1258
    endloop
  endfacet
  facet normal -0.229553 0.571798 0.787625
    outer loop
      vertex 46.5275 -36.2578 23.6048
      vertex 58.2241 -16.2108 12.4601
      vertex 58.1227 -14.9202 11.4936
    endloop
  endfacet
  facet normal -0.229428 0.57176 0.787688
    outer loop
      vertex 58.2241 -16.2108 12.4601
      vertex 46.5275 -36.2578 23.6048
      vertex 46.5704 -36.2545 23.6149
    endloop
  endfacet
  facet normal -0.385345 0.609008 0.693267
    outer loop
      vertex 47.964 -36.0988 24.0783
      vertex 58.0185 -20.2947 15.7837
      vertex 58.0619 -19.468 15.0816
    endloop
  endfacet
  facet normal -0.385456 0.609034 0.693182
    outer loop
      vertex 58.0185 -20.2947 15.7837
      vertex 47.964 -36.0988 24.0783
      vertex 49.2008 -35.9204 24.6093
    endloop
  endfacet
  facet normal -0.855652 0.509685 0.0898971
    outer loop
      vertex 57 -30.2939 29.0286
      vertex 57.0809 -29.9864 28.0552
      vertex 56.3909 -31.2856 28.8537
    endloop
  endfacet
  facet normal -0.593129 0.621307 0.512031
    outer loop
      vertex 57.7264 -24.9932 20.5038
      vertex 51.5171 -35.4524 26.0024
      vertex 52.4226 -35.2021 26.7476
    endloop
  endfacet
  facet normal -0.59317 0.621306 0.511984
    outer loop
      vertex 51.5171 -35.4524 26.0024
      vertex 57.7264 -24.9932 20.5038
      vertex 57.7934 -24.0377 19.4219
    endloop
  endfacet
  facet normal -0.22974 0.571855 0.787529
    outer loop
      vertex 45.1962 -36.3626 23.2928
      vertex 58.1227 -14.9202 11.4936
      vertex 58.0699 -14.5649 11.2202
    endloop
  endfacet
  facet normal -0.229594 0.571809 0.787605
    outer loop
      vertex 58.1227 -14.9202 11.4936
      vertex 45.1962 -36.3626 23.2928
      vertex 46.5275 -36.2578 23.6048
    endloop
  endfacet
  facet normal 0.593129 0.621307 0.512031
    outer loop
      vertex -51.5171 -35.4524 26.0024
      vertex -57.7264 -24.9932 20.5038
      vertex -52.4226 -35.2021 26.7476
    endloop
  endfacet
  facet normal 0.59317 0.621306 0.511984
    outer loop
      vertex -57.7264 -24.9932 20.5038
      vertex -51.5171 -35.4524 26.0024
      vertex -57.7934 -24.0377 19.4219
    endloop
  endfacet
  facet normal -0.593332 0.621292 0.511814
    outer loop
      vertex 57.6748 -25.6756 21.2721
      vertex 52.4226 -35.2021 26.7476
      vertex 52.5056 -35.1791 26.8159
    endloop
  endfacet
  facet normal -0.593256 0.621297 0.511896
    outer loop
      vertex 57.6876 -25.5477 21.1317
      vertex 52.4226 -35.2021 26.7476
      vertex 57.6748 -25.6756 21.2721
    endloop
  endfacet
  facet normal -0.593135 0.621306 0.512025
    outer loop
      vertex 52.4226 -35.2021 26.7476
      vertex 57.6876 -25.5477 21.1317
      vertex 57.7264 -24.9932 20.5038
    endloop
  endfacet
  facet normal 7.82568e-07 0.48304 0.875598
    outer loop
      vertex -57.6091 -11.5859 9.314
      vertex -37.7261 -15.8287 11.6546
      vertex -38.345 -11.839 9.45361
    endloop
  endfacet
  facet normal 1.04421e-06 0.483055 0.87559
    outer loop
      vertex -57.6091 -11.5859 9.314
      vertex -38.345 -11.839 9.45361
      vertex -38.4254 -11.3954 9.20888
    endloop
  endfacet
  facet normal 2.65258e-06 0.483047 0.875595
    outer loop
      vertex -37.7261 -15.8287 11.6546
      vertex -57.6091 -11.5859 9.314
      vertex -38.16 -28.541 18.6677
    endloop
  endfacet
  facet normal 0 0.483047 0.875595
    outer loop
      vertex -38.16 -28.541 18.6677
      vertex -42.4566 -36.4505 23.0312
      vertex -38.6133 -36.4505 23.0312
    endloop
  endfacet
  facet normal 0 0.483136 0.875546
    outer loop
      vertex -57.6091 -11.5859 9.314
      vertex -38.4254 -11.3954 9.20888
      vertex -57.5746 -11.3954 9.20888
    endloop
  endfacet
  facet normal 1.88768e-06 0.483046 0.875595
    outer loop
      vertex -38.16 -28.541 18.6677
      vertex -57.6091 -11.5859 9.314
      vertex -42.4566 -36.4505 23.0312
    endloop
  endfacet
  facet normal -0 0.483136 0.875546
    outer loop
      vertex 38.4254 -11.3954 9.20888
      vertex 57.6091 -11.5859 9.314
      vertex 57.5746 -11.3954 9.20888
    endloop
  endfacet
  facet normal -1.88768e-06 0.483046 0.875595
    outer loop
      vertex 57.6091 -11.5859 9.314
      vertex 38.16 -28.541 18.6677
      vertex 42.4566 -36.4505 23.0312
    endloop
  endfacet
  facet normal -1.04421e-06 0.483055 0.87559
    outer loop
      vertex 57.6091 -11.5859 9.314
      vertex 38.4254 -11.3954 9.20888
      vertex 38.345 -11.839 9.45361
    endloop
  endfacet
  facet normal -7.82568e-07 0.48304 0.875598
    outer loop
      vertex 57.6091 -11.5859 9.314
      vertex 38.345 -11.839 9.45361
      vertex 37.7261 -15.8287 11.6546
    endloop
  endfacet
  facet normal 0 0.483047 0.875595
    outer loop
      vertex 42.4566 -36.4505 23.0312
      vertex 38.16 -28.541 18.6677
      vertex 38.6133 -36.4505 23.0312
    endloop
  endfacet
  facet normal -2.65258e-06 0.483047 0.875595
    outer loop
      vertex 57.6091 -11.5859 9.314
      vertex 37.7261 -15.8287 11.6546
      vertex 38.16 -28.541 18.6677
    endloop
  endfacet
  facet normal -0.657832 0.613044 0.437533
    outer loop
      vertex 52.5056 -35.1791 26.8159
      vertex 57.6124 -26.2373 21.9653
      vertex 57.6748 -25.6756 21.2721
    endloop
  endfacet
  facet normal -0.657781 0.613051 0.4376
    outer loop
      vertex 57.6124 -26.2373 21.9653
      vertex 52.5056 -35.1791 26.8159
      vertex 52.5797 -35.1537 26.8917
    endloop
  endfacet
  facet normal 0.143103 0.542842 0.827553
    outer loop
      vertex -58.0699 -14.5649 11.2202
      vertex -43.848 -36.4269 23.1015
      vertex -58.0216 -14.2456 11.0024
    endloop
  endfacet
  facet normal 0.143305 0.542925 0.827464
    outer loop
      vertex -43.848 -36.4269 23.1015
      vertex -58.0699 -14.5649 11.2202
      vertex -45.1962 -36.3626 23.2928
    endloop
  endfacet
  facet normal -0.52658 0.623007 0.578425
    outer loop
      vertex 57.8539 -23.0781 18.4437
      vertex 50.4091 -35.7011 25.2621
      vertex 50.4755 -35.6862 25.3065
    endloop
  endfacet
  facet normal -0.526422 0.622997 0.578579
    outer loop
      vertex 50.4091 -35.7011 25.2621
      vertex 57.8539 -23.0781 18.4437
      vertex 57.9073 -22.2316 17.5808
    endloop
  endfacet
  facet normal -0.385529 0.609045 0.693132
    outer loop
      vertex 47.9135 -36.1061 24.0566
      vertex 58.0619 -19.468 15.0816
      vertex 58.1247 -18.273 14.0665
    endloop
  endfacet
  facet normal -0.385802 0.609103 0.692929
    outer loop
      vertex 58.0619 -19.468 15.0816
      vertex 47.9135 -36.1061 24.0566
      vertex 47.964 -36.0988 24.0783
    endloop
  endfacet
  facet normal -0.457305 0.61881 0.638706
    outer loop
      vertex 50.3387 -35.7139 25.2241
      vertex 57.9073 -22.2316 17.5808
      vertex 57.9671 -21.1888 16.6133
    endloop
  endfacet
  facet normal -0.457278 0.618808 0.638728
    outer loop
      vertex 57.9073 -22.2316 17.5808
      vertex 50.3387 -35.7139 25.2241
      vertex 50.4091 -35.7011 25.2621
    endloop
  endfacet
  facet normal -0.832126 0.53398 0.149773
    outer loop
      vertex 55.4279 -32.716 28.6015
      vertex 57.1705 -29.5496 26.9942
      vertex 57.2057 -29.3777 26.5769
    endloop
  endfacet
  facet normal -0.832174 0.533941 0.149643
    outer loop
      vertex 57.1705 -29.5496 26.9942
      vertex 55.4279 -32.716 28.6015
      vertex 55.6126 -32.4417 28.6499
    endloop
  endfacet
  facet normal 0.855652 0.509685 0.0898971
    outer loop
      vertex -57 -30.2939 29.0286
      vertex -56.3909 -31.2856 28.8537
      vertex -57.0809 -29.9864 28.0552
    endloop
  endfacet
  facet normal -0.143103 0.542842 0.827553
    outer loop
      vertex 43.848 -36.4269 23.1015
      vertex 58.0699 -14.5649 11.2202
      vertex 58.0216 -14.2456 11.0024
    endloop
  endfacet
  facet normal -0.143305 0.542925 0.827464
    outer loop
      vertex 58.0699 -14.5649 11.2202
      vertex 43.848 -36.4269 23.1015
      vertex 45.1962 -36.3626 23.2928
    endloop
  endfacet
  facet normal -0.0496312 0.505468 0.861417
    outer loop
      vertex 42.4566 -36.4505 23.0312
      vertex 57.6362 -11.7351 9.40311
      vertex 57.6091 -11.5859 9.314
    endloop
  endfacet
  facet normal -0.0498979 0.505585 0.861332
    outer loop
      vertex 57.6362 -11.7351 9.40311
      vertex 42.4566 -36.4505 23.0312
      vertex 43.7854 -36.4289 23.0955
    endloop
  endfacet
  facet normal -0.526404 0.622997 0.578597
    outer loop
      vertex 57.7934 -24.0377 19.4219
      vertex 50.4755 -35.6862 25.3065
      vertex 51.5171 -35.4524 26.0024
    endloop
  endfacet
  facet normal -0.526406 0.622997 0.578594
    outer loop
      vertex 50.4755 -35.6862 25.3065
      vertex 57.7934 -24.0377 19.4219
      vertex 57.8539 -23.0781 18.4437
    endloop
  endfacet
  facet normal 0.309703 0.59349 0.742868
    outer loop
      vertex -47.8618 -36.1118 24.0396
      vertex -58.1247 -18.273 14.0665
      vertex -47.9135 -36.1061 24.0566
    endloop
  endfacet
  facet normal 0.309889 0.593534 0.742756
    outer loop
      vertex -58.1247 -18.273 14.0665
      vertex -47.8618 -36.1118 24.0396
      vertex -58.1937 -16.8414 12.9513
    endloop
  endfacet
  facet normal 0.0496312 0.505468 0.861417
    outer loop
      vertex -57.6362 -11.7351 9.40311
      vertex -42.4566 -36.4505 23.0312
      vertex -57.6091 -11.5859 9.314
    endloop
  endfacet
  facet normal 0.0498979 0.505585 0.861332
    outer loop
      vertex -42.4566 -36.4505 23.0312
      vertex -57.6362 -11.7351 9.40311
      vertex -43.7854 -36.4289 23.0955
    endloop
  endfacet
  facet normal 0.143424 0.54297 0.827413
    outer loop
      vertex -58.0216 -14.2456 11.0024
      vertex -43.8164 -36.4284 23.097
      vertex -57.8413 -13.0528 10.1884
    endloop
  endfacet
  facet normal 0.143594 0.543039 0.827339
    outer loop
      vertex -43.8164 -36.4284 23.097
      vertex -58.0216 -14.2456 11.0024
      vertex -43.848 -36.4269 23.1015
    endloop
  endfacet
  facet normal 0.457363 0.618814 0.638661
    outer loop
      vertex -49.2008 -35.9204 24.6093
      vertex -57.9671 -21.1888 16.6133
      vertex -50.3387 -35.7139 25.2241
    endloop
  endfacet
  facet normal 0.457441 0.618824 0.638595
    outer loop
      vertex -57.9671 -21.1888 16.6133
      vertex -49.2008 -35.9204 24.6093
      vertex -58.0185 -20.2947 15.7837
    endloop
  endfacet
  facet normal 0.720116 0.597011 0.35357
    outer loop
      vertex -53.43 -34.8549 27.781
      vertex -57.3489 -28.4362 24.9245
      vertex -54.2877 -34.1559 28.3476
    endloop
  endfacet
  facet normal 0.720107 0.597076 0.353477
    outer loop
      vertex -53.43 -34.8549 27.781
      vertex -54.2877 -34.1559 28.3476
      vertex -53.7926 -34.6966 28.2523
    endloop
  endfacet
  facet normal 0.72018 0.597 0.353457
    outer loop
      vertex -57.3489 -28.4362 24.9245
      vertex -53.43 -34.8549 27.781
      vertex -57.4543 -27.6035 23.7328
    endloop
  endfacet
  facet normal -0.779127 0.571348 0.25792
    outer loop
      vertex 55.2345 -32.9603 28.5585
      vertex 57.2057 -29.3777 26.5769
      vertex 57.2479 -29.1004 26.0901
    endloop
  endfacet
  facet normal -0.779096 0.571363 0.257979
    outer loop
      vertex 57.2057 -29.3777 26.5769
      vertex 55.2345 -32.9603 28.5585
      vertex 55.4279 -32.716 28.6015
    endloop
  endfacet
  facet normal -0.832226 0.533896 0.149518
    outer loop
      vertex 55.6126 -32.4417 28.6499
      vertex 57.0809 -29.9864 28.0552
      vertex 57.1705 -29.5496 26.9942
    endloop
  endfacet
  facet normal -0.83222 0.533898 0.149542
    outer loop
      vertex 57.0809 -29.9864 28.0552
      vertex 55.6126 -32.4417 28.6499
      vertex 56.3909 -31.2856 28.8537
    endloop
  endfacet
  facet normal 0.657781 0.613051 0.4376
    outer loop
      vertex -52.5056 -35.1791 26.8159
      vertex -57.6124 -26.2373 21.9653
      vertex -52.5797 -35.1537 26.8917
    endloop
  endfacet
  facet normal 0.657832 0.613044 0.437533
    outer loop
      vertex -57.6124 -26.2373 21.9653
      vertex -52.5056 -35.1791 26.8159
      vertex -57.6748 -25.6756 21.2721
    endloop
  endfacet
  facet normal 0.385456 0.609034 0.693182
    outer loop
      vertex -47.964 -36.0988 24.0783
      vertex -58.0185 -20.2947 15.7837
      vertex -49.2008 -35.9204 24.6093
    endloop
  endfacet
  facet normal 0.385345 0.609008 0.693267
    outer loop
      vertex -58.0185 -20.2947 15.7837
      vertex -47.964 -36.0988 24.0783
      vertex -58.0619 -19.468 15.0816
    endloop
  endfacet
  facet normal 0.22974 0.571855 0.787529
    outer loop
      vertex -58.1227 -14.9202 11.4936
      vertex -45.1962 -36.3626 23.2928
      vertex -58.0699 -14.5649 11.2202
    endloop
  endfacet
  facet normal 0.229594 0.571809 0.787605
    outer loop
      vertex -45.1962 -36.3626 23.2928
      vertex -58.1227 -14.9202 11.4936
      vertex -46.5275 -36.2578 23.6048
    endloop
  endfacet
  facet normal -0.72018 0.597 0.353457
    outer loop
      vertex 53.43 -34.8549 27.781
      vertex 57.3489 -28.4362 24.9245
      vertex 57.4543 -27.6035 23.7328
    endloop
  endfacet
  facet normal -0.720116 0.597011 0.35357
    outer loop
      vertex 57.3489 -28.4362 24.9245
      vertex 53.43 -34.8549 27.781
      vertex 54.2877 -34.1559 28.3476
    endloop
  endfacet
  facet normal -0.720107 0.597076 0.353477
    outer loop
      vertex 54.2877 -34.1559 28.3476
      vertex 53.43 -34.8549 27.781
      vertex 53.7926 -34.6966 28.2523
    endloop
  endfacet
  facet normal -0.143424 0.54297 0.827413
    outer loop
      vertex 43.8164 -36.4284 23.097
      vertex 58.0216 -14.2456 11.0024
      vertex 57.8413 -13.0528 10.1884
    endloop
  endfacet
  facet normal -0.143594 0.543039 0.827339
    outer loop
      vertex 58.0216 -14.2456 11.0024
      vertex 43.8164 -36.4284 23.097
      vertex 43.848 -36.4269 23.1015
    endloop
  endfacet
  facet normal -0.0662832 0.503179 0.861636
    outer loop
      vertex 57.6362 -11.7351 9.40311
      vertex 57.8413 -13.0528 10.1884
      vertex 57.6527 -11.8262 9.45758
    endloop
  endfacet
  facet normal -0.0498477 0.505565 0.861347
    outer loop
      vertex 43.7854 -36.4289 23.0955
      vertex 57.8413 -13.0528 10.1884
      vertex 57.6362 -11.7351 9.40311
    endloop
  endfacet
  facet normal -0.0498325 0.505559 0.861352
    outer loop
      vertex 57.8413 -13.0528 10.1884
      vertex 43.7854 -36.4289 23.0955
      vertex 43.8164 -36.4284 23.097
    endloop
  endfacet
  facet normal -0.657835 0.613042 0.437529
    outer loop
      vertex 52.5797 -35.1537 26.8917
      vertex 57.5066 -27.19 23.1411
      vertex 57.6124 -26.2373 21.9653
    endloop
  endfacet
  facet normal -0.657863 0.613041 0.437489
    outer loop
      vertex 57.5066 -27.19 23.1411
      vertex 52.5797 -35.1537 26.8917
      vertex 53.3581 -34.8863 27.6875
    endloop
  endfacet
  facet normal 0.720238 0.596982 0.353368
    outer loop
      vertex -53.3581 -34.8863 27.6875
      vertex -57.4543 -27.6035 23.7328
      vertex -53.43 -34.8549 27.781
    endloop
  endfacet
  facet normal 0.720111 0.597019 0.353567
    outer loop
      vertex -57.4543 -27.6035 23.7328
      vertex -53.3581 -34.8863 27.6875
      vertex -57.5066 -27.19 23.1411
    endloop
  endfacet
  facet normal 0.309859 0.593528 0.742773
    outer loop
      vertex -46.5704 -36.2545 23.6149
      vertex -58.1937 -16.8414 12.9513
      vertex -47.8618 -36.1118 24.0396
    endloop
  endfacet
  facet normal 0.309839 0.593523 0.742786
    outer loop
      vertex -58.1937 -16.8414 12.9513
      vertex -46.5704 -36.2545 23.6149
      vertex -58.2241 -16.2108 12.4601
    endloop
  endfacet
  facet normal 0.457278 0.618808 0.638728
    outer loop
      vertex -50.3387 -35.7139 25.2241
      vertex -57.9073 -22.2316 17.5808
      vertex -50.4091 -35.7011 25.2621
    endloop
  endfacet
  facet normal 0.457305 0.61881 0.638706
    outer loop
      vertex -57.9073 -22.2316 17.5808
      vertex -50.3387 -35.7139 25.2241
      vertex -57.9671 -21.1888 16.6133
    endloop
  endfacet
  facet normal 0.83222 0.533898 0.149542
    outer loop
      vertex -55.6126 -32.4417 28.6499
      vertex -57.0809 -29.9864 28.0552
      vertex -56.3909 -31.2856 28.8537
    endloop
  endfacet
  facet normal 0.832226 0.533896 0.149518
    outer loop
      vertex -57.0809 -29.9864 28.0552
      vertex -55.6126 -32.4417 28.6499
      vertex -57.1705 -29.5496 26.9942
    endloop
  endfacet
  facet normal 0.526404 0.622997 0.578597
    outer loop
      vertex -50.4755 -35.6862 25.3065
      vertex -57.7934 -24.0377 19.4219
      vertex -51.5171 -35.4524 26.0024
    endloop
  endfacet
  facet normal 0.526406 0.622997 0.578594
    outer loop
      vertex -57.7934 -24.0377 19.4219
      vertex -50.4755 -35.6862 25.3065
      vertex -57.8539 -23.0781 18.4437
    endloop
  endfacet
  facet normal 0.229553 0.571798 0.787625
    outer loop
      vertex -58.2241 -16.2108 12.4601
      vertex -46.5275 -36.2578 23.6048
      vertex -58.1227 -14.9202 11.4936
    endloop
  endfacet
  facet normal 0.229428 0.57176 0.787688
    outer loop
      vertex -46.5275 -36.2578 23.6048
      vertex -58.2241 -16.2108 12.4601
      vertex -46.5704 -36.2545 23.6149
    endloop
  endfacet
  facet normal 0.228672 0.571967 0.787758
    outer loop
      vertex -58.2241 -16.2108 12.4601
      vertex -58.1227 -14.9202 11.4936
      vertex -58.2448 -15.7421 12.1258
    endloop
  endfacet
  facet normal 0.593332 0.621292 0.511814
    outer loop
      vertex -52.4226 -35.2021 26.7476
      vertex -57.6748 -25.6756 21.2721
      vertex -52.5056 -35.1791 26.8159
    endloop
  endfacet
  facet normal 0.593256 0.621297 0.511896
    outer loop
      vertex -52.4226 -35.2021 26.7476
      vertex -57.6876 -25.5477 21.1317
      vertex -57.6748 -25.6756 21.2721
    endloop
  endfacet
  facet normal 0.593135 0.621306 0.512025
    outer loop
      vertex -57.6876 -25.5477 21.1317
      vertex -52.4226 -35.2021 26.7476
      vertex -57.7264 -24.9932 20.5038
    endloop
  endfacet
  facet normal 0.779038 0.5714 0.258074
    outer loop
      vertex -54.2877 -34.1559 28.3476
      vertex -57.2479 -29.1004 26.0901
      vertex -55.2345 -32.9603 28.5585
    endloop
  endfacet
  facet normal 0.779024 0.571405 0.258104
    outer loop
      vertex -57.2479 -29.1004 26.0901
      vertex -54.2877 -34.1559 28.3476
      vertex -57.3489 -28.4362 24.9245
    endloop
  endfacet
  facet normal 0.657863 0.613041 0.437489
    outer loop
      vertex -52.5797 -35.1537 26.8917
      vertex -57.5066 -27.19 23.1411
      vertex -53.3581 -34.8863 27.6875
    endloop
  endfacet
  facet normal 0.657835 0.613042 0.437529
    outer loop
      vertex -57.5066 -27.19 23.1411
      vertex -52.5797 -35.1537 26.8917
      vertex -57.6124 -26.2373 21.9653
    endloop
  endfacet
  facet normal -0.720111 0.597019 0.353567
    outer loop
      vertex 53.3581 -34.8863 27.6875
      vertex 57.4543 -27.6035 23.7328
      vertex 57.5066 -27.19 23.1411
    endloop
  endfacet
  facet normal -0.720238 0.596982 0.353368
    outer loop
      vertex 57.4543 -27.6035 23.7328
      vertex 53.3581 -34.8863 27.6875
      vertex 53.43 -34.8549 27.781
    endloop
  endfacet
  facet normal 0.385802 0.609103 0.692929
    outer loop
      vertex -47.9135 -36.1061 24.0566
      vertex -58.0619 -19.468 15.0816
      vertex -47.964 -36.0988 24.0783
    endloop
  endfacet
  facet normal 0.385529 0.609045 0.693132
    outer loop
      vertex -58.0619 -19.468 15.0816
      vertex -47.9135 -36.1061 24.0566
      vertex -58.1247 -18.273 14.0665
    endloop
  endfacet
  facet normal 0.779096 0.571363 0.257979
    outer loop
      vertex -55.2345 -32.9603 28.5585
      vertex -57.2057 -29.3777 26.5769
      vertex -55.4279 -32.716 28.6015
    endloop
  endfacet
  facet normal 0.779127 0.571348 0.25792
    outer loop
      vertex -57.2057 -29.3777 26.5769
      vertex -55.2345 -32.9603 28.5585
      vertex -57.2479 -29.1004 26.0901
    endloop
  endfacet
  facet normal 0.832174 0.533941 0.149643
    outer loop
      vertex -55.4279 -32.716 28.6015
      vertex -57.1705 -29.5496 26.9942
      vertex -55.6126 -32.4417 28.6499
    endloop
  endfacet
  facet normal 0.832126 0.53398 0.149773
    outer loop
      vertex -57.1705 -29.5496 26.9942
      vertex -55.4279 -32.716 28.6015
      vertex -57.2057 -29.3777 26.5769
    endloop
  endfacet
  facet normal 0.52658 0.623007 0.578425
    outer loop
      vertex -50.4091 -35.7011 25.2621
      vertex -57.8539 -23.0781 18.4437
      vertex -50.4755 -35.6862 25.3065
    endloop
  endfacet
  facet normal 0.526422 0.622997 0.578579
    outer loop
      vertex -57.8539 -23.0781 18.4437
      vertex -50.4091 -35.7011 25.2621
      vertex -57.9073 -22.2316 17.5808
    endloop
  endfacet
  facet normal 1 0 0
    outer loop
      vertex -50 1.91253 16.4298
      vertex -50 0.588751 15.5871
      vertex -50 1.07497 12.8297
    endloop
  endfacet
  facet normal 1 -0 0
    outer loop
      vertex -50 -0.746447 15.9609
      vertex -50 0.588751 15.5871
      vertex -50 1.91253 16.4298
    endloop
  endfacet
  facet normal 1 0 0
    outer loop
      vertex -50 0.588751 15.5871
      vertex -50 -0.746447 15.9609
      vertex -50 -0.593018 15.3787
    endloop
  endfacet
  facet normal 1 -0 0
    outer loop
      vertex -50 1.07497 12.8297
      vertex -50 2.60713 12.4906
      vertex -50 1.91253 16.4298
    endloop
  endfacet
  facet normal 1 0 0
    outer loop
      vertex -50 1.07497 12.8297
      vertex -50 -0.0518547 12.0217
      vertex -50 2.60713 12.4906
    endloop
  endfacet
  facet normal 1 -0 0
    outer loop
      vertex -50 -0.106803 12.6213
      vertex -50 -0.0518547 12.0217
      vertex -50 1.07497 12.8297
    endloop
  endfacet
  facet normal 1 0 0
    outer loop
      vertex -50 -0.593018 15.3787
      vertex -50 -0.0518547 12.0217
      vertex -50 -0.106803 12.6213
    endloop
  endfacet
  facet normal 1 0 0
    outer loop
      vertex -50 -0.0518547 12.0217
      vertex -50 -0.593018 15.3787
      vertex -50 -0.746447 15.9609
    endloop
  endfacet
  facet normal 0 0.173666 -0.984805
    outer loop
      vertex -50 -0.746447 15.9609
      vertex -24 1.91253 16.4298
      vertex -24 -0.746447 15.9609
    endloop
  endfacet
  facet normal 0 0.173666 -0.984805
    outer loop
      vertex -24 1.91253 16.4298
      vertex -50 -0.746447 15.9609
      vertex -50 1.91253 16.4298
    endloop
  endfacet
  facet normal 0 -0.173666 0.984805
    outer loop
      vertex -50 2.60713 12.4906
      vertex -24 -0.0518547 12.0217
      vertex -24 2.60713 12.4906
    endloop
  endfacet
  facet normal 0 -0.173666 0.984805
    outer loop
      vertex -24 -0.0518547 12.0217
      vertex -50 2.60713 12.4906
      vertex -50 -0.0518547 12.0217
    endloop
  endfacet
  facet normal -1 0 0
    outer loop
      vertex -24 -0.0518547 12.0217
      vertex -24 1.91253 16.4298
      vertex -24 2.60713 12.4906
    endloop
  endfacet
  facet normal -1 0 0
    outer loop
      vertex -24 1.91253 16.4298
      vertex -24 -0.0518547 12.0217
      vertex -24 -0.746447 15.9609
    endloop
  endfacet
  facet normal 1 0 0
    outer loop
      vertex 24 1.91253 16.4298
      vertex 24 -0.0518547 12.0217
      vertex 24 2.60713 12.4906
    endloop
  endfacet
  facet normal 1 0 -0
    outer loop
      vertex 24 -0.0518547 12.0217
      vertex 24 1.91253 16.4298
      vertex 24 -0.746447 15.9609
    endloop
  endfacet
  facet normal 0 0.173666 -0.984805
    outer loop
      vertex 24 -0.746447 15.9609
      vertex 50 1.91253 16.4298
      vertex 50 -0.746447 15.9609
    endloop
  endfacet
  facet normal 0 0.173666 -0.984805
    outer loop
      vertex 50 1.91253 16.4298
      vertex 24 -0.746447 15.9609
      vertex 24 1.91253 16.4298
    endloop
  endfacet
  facet normal 0 -0.173666 0.984805
    outer loop
      vertex 24 2.60713 12.4906
      vertex 50 -0.0518547 12.0217
      vertex 50 2.60713 12.4906
    endloop
  endfacet
  facet normal 0 -0.173666 0.984805
    outer loop
      vertex 50 -0.0518547 12.0217
      vertex 24 2.60713 12.4906
      vertex 24 -0.0518547 12.0217
    endloop
  endfacet
  facet normal -1 0 0
    outer loop
      vertex 50 2.60713 12.4906
      vertex 50 1.07497 12.8297
      vertex 50 1.91253 16.4298
    endloop
  endfacet
  facet normal -1 0 0
    outer loop
      vertex 50 -0.0518547 12.0217
      vertex 50 1.07497 12.8297
      vertex 50 2.60713 12.4906
    endloop
  endfacet
  facet normal -1 0 0
    outer loop
      vertex 50 -0.0518547 12.0217
      vertex 50 -0.106803 12.6213
      vertex 50 1.07497 12.8297
    endloop
  endfacet
  facet normal -1 0 0
    outer loop
      vertex 50 -0.0518547 12.0217
      vertex 50 -0.593018 15.3787
      vertex 50 -0.106803 12.6213
    endloop
  endfacet
  facet normal -1 -0 -0
    outer loop
      vertex 50 -0.593018 15.3787
      vertex 50 -0.0518547 12.0217
      vertex 50 -0.746447 15.9609
    endloop
  endfacet
  facet normal -1 0 0
    outer loop
      vertex 50 0.588751 15.5871
      vertex 50 1.91253 16.4298
      vertex 50 1.07497 12.8297
    endloop
  endfacet
  facet normal -1 0 0
    outer loop
      vertex 50 -0.746447 15.9609
      vertex 50 0.588751 15.5871
      vertex 50 -0.593018 15.3787
    endloop
  endfacet
  facet normal -1 0 0
    outer loop
      vertex 50 0.588751 15.5871
      vertex 50 -0.746447 15.9609
      vertex 50 1.91253 16.4298
    endloop
  endfacet
  facet normal -1 0 0
    outer loop
      vertex 14.2 2 0
      vertex 14.2 -10.8125 5.275
      vertex 14.2 2 5.275
    endloop
  endfacet
  facet normal -1 0 0
    outer loop
      vertex 14.2 2 0
      vertex 14.2 -15.8125 5.275
      vertex 14.2 -10.8125 5.275
    endloop
  endfacet
  facet normal -1 0 0
    outer loop
      vertex 14.2 -79.4 0
      vertex 14.2 -15.8125 5.275
      vertex 14.2 2 0
    endloop
  endfacet
  facet normal -1 0 0
    outer loop
      vertex 14.2 -80 5.275
      vertex 14.2 -79.4 0
      vertex 14.2 -80 0.7
    endloop
  endfacet
  facet normal -1 0 0
    outer loop
      vertex 14.2 -79.4 0
      vertex 14.2 -80 5.275
      vertex 14.2 -15.8125 5.275
    endloop
  endfacet
  facet normal -1 0 0
    outer loop
      vertex 14.2 -10.8125 5.275
      vertex 14.2 -9 8
      vertex 14.2 -4 8
    endloop
  endfacet
  facet normal -1 0 0
    outer loop
      vertex 14.2 -9 8
      vertex 14.2 -10.8125 5.275
      vertex 14.2 -15.8125 5.275
    endloop
  endfacet
  facet normal 0 0 -1
    outer loop
      vertex 14.1641 -9.44198 5.275
      vertex 14.2 2 5.275
      vertex 14.2 -10.8125 5.275
    endloop
  endfacet
  facet normal 0 0 -1
    outer loop
      vertex 14.0569 -8.0949 5.275
      vertex 14.2 2 5.275
      vertex 14.1641 -9.44198 5.275
    endloop
  endfacet
  facet normal 0 0 -1
    outer loop
      vertex 13.8803 -6.79432 5.275
      vertex 14.2 2 5.275
      vertex 14.0569 -8.0949 5.275
    endloop
  endfacet
  facet normal 0 0 -1
    outer loop
      vertex 13.6373 -5.5625 5.275
      vertex 14.2 2 5.275
      vertex 13.8803 -6.79432 5.275
    endloop
  endfacet
  facet normal 0 0 -1
    outer loop
      vertex 13.3321 -4.4205 5.275
      vertex 14.2 2 5.275
      vertex 13.6373 -5.5625 5.275
    endloop
  endfacet
  facet normal 0 0 -1
    outer loop
      vertex 13.1846 -4 5.275
      vertex 14.2 2 5.275
      vertex 13.3321 -4.4205 5.275
    endloop
  endfacet
  facet normal 0 0 -1
    outer loop
      vertex 6.81542 -4 5.275
      vertex 14.2 2 5.275
      vertex 13.1846 -4 5.275
    endloop
  endfacet
  facet normal 0 0 -1
    outer loop
      vertex 6.81542 -4 5.275
      vertex 5.8 2 5.275
      vertex 14.2 2 5.275
    endloop
  endfacet
  facet normal 0 0 -1
    outer loop
      vertex 6.66792 -4.4205 5.275
      vertex 5.8 2 5.275
      vertex 6.81542 -4 5.275
    endloop
  endfacet
  facet normal 0 0 -1
    outer loop
      vertex 6.36269 -5.5625 5.275
      vertex 5.8 2 5.275
      vertex 6.66792 -4.4205 5.275
    endloop
  endfacet
  facet normal 0 0 -1
    outer loop
      vertex 6.11971 -6.79432 5.275
      vertex 5.8 2 5.275
      vertex 6.36269 -5.5625 5.275
    endloop
  endfacet
  facet normal 0 0 -1
    outer loop
      vertex 5.94311 -8.0949 5.275
      vertex 5.8 2 5.275
      vertex 6.11971 -6.79432 5.275
    endloop
  endfacet
  facet normal 0 0 -1
    outer loop
      vertex 5.83593 -9.44198 5.275
      vertex 5.8 2 5.275
      vertex 5.94311 -8.0949 5.275
    endloop
  endfacet
  facet normal 0 0 -1
    outer loop
      vertex 5.8 2 5.275
      vertex 5.83593 -9.44198 5.275
      vertex 5.8 -10.8125 5.275
    endloop
  endfacet
  facet normal 0 0 -1
    outer loop
      vertex 14.2 -80 5.275
      vertex 14.1641 -17.183 5.275
      vertex 14.2 -15.8125 5.275
    endloop
  endfacet
  facet normal 0 0 -1
    outer loop
      vertex 14.2 -80 5.275
      vertex 14.0569 -18.5301 5.275
      vertex 14.1641 -17.183 5.275
    endloop
  endfacet
  facet normal 0 0 -1
    outer loop
      vertex 14.2 -80 5.275
      vertex 13.9931 -19 5.275
      vertex 14.0569 -18.5301 5.275
    endloop
  endfacet
  facet normal 0 0 -1
    outer loop
      vertex 14.2 -80 5.275
      vertex 6.00692 -19 5.275
      vertex 13.9931 -19 5.275
    endloop
  endfacet
  facet normal 0 0 -1
    outer loop
      vertex 5.8 -80 5.275
      vertex 6.00692 -19 5.275
      vertex 14.2 -80 5.275
    endloop
  endfacet
  facet normal -0 0 -1
    outer loop
      vertex 6.00692 -19 5.275
      vertex 5.8 -80 5.275
      vertex 5.94311 -18.5301 5.275
    endloop
  endfacet
  facet normal 0 0 -1
    outer loop
      vertex 5.8 -80 5.275
      vertex 5.83593 -17.183 5.275
      vertex 5.94311 -18.5301 5.275
    endloop
  endfacet
  facet normal -0 0 -1
    outer loop
      vertex 5.83593 -17.183 5.275
      vertex 5.8 -80 5.275
      vertex 5.8 -15.8125 5.275
    endloop
  endfacet
  facet normal 1 -0 0
    outer loop
      vertex 5.8 -9 8
      vertex 5.8 -10.8125 5.275
      vertex 5.8 -4 8
    endloop
  endfacet
  facet normal 1 0 -0
    outer loop
      vertex 5.8 -10.8125 5.275
      vertex 5.8 -9 8
      vertex 5.8 -15.8125 5.275
    endloop
  endfacet
  facet normal 1 -0 0
    outer loop
      vertex 5.8 -10.8125 5.275
      vertex 5.8 2 0
      vertex 5.8 2 5.275
    endloop
  endfacet
  facet normal 1 -0 0
    outer loop
      vertex 5.8 -15.8125 5.275
      vertex 5.8 2 0
      vertex 5.8 -10.8125 5.275
    endloop
  endfacet
  facet normal 1 0 0
    outer loop
      vertex 5.8 -15.8125 5.275
      vertex 5.8 -79.4 0
      vertex 5.8 2 0
    endloop
  endfacet
  facet normal 1 -0 0
    outer loop
      vertex 5.8 -80 5.275
      vertex 5.8 -79.4 0
      vertex 5.8 -15.8125 5.275
    endloop
  endfacet
  facet normal 1 0 0
    outer loop
      vertex 5.8 -79.4 0
      vertex 5.8 -80 5.275
      vertex 5.8 -80 0.7
    endloop
  endfacet
  facet normal 0 -1 0
    outer loop
      vertex 5.8 2 0
      vertex 14.2 2 5.275
      vertex 5.8 2 5.275
    endloop
  endfacet
  facet normal 0 -1 -0
    outer loop
      vertex 14.2 2 5.275
      vertex 5.8 2 0
      vertex 14.2 2 0
    endloop
  endfacet
  facet normal -0.939195 -0.12753 0.318824
    outer loop
      vertex 13.8803 -6.79432 5.275
      vertex 14.0569 -4 6.91296
      vertex 13.8803 -4 6.39273
    endloop
  endfacet
  facet normal -0.939196 -0.127529 0.318823
    outer loop
      vertex 14.0569 -4 6.91296
      vertex 13.8803 -6.79432 5.275
      vertex 14.0569 -8.0949 5.275
    endloop
  endfacet
  facet normal 0.811663 -0.216939 0.542347
    outer loop
      vertex 6.36269 -4 5.9
      vertex 6.66792 -4.4205 5.275
      vertex 6.66792 -4 5.4432
    endloop
  endfacet
  facet normal 0.811663 -0.216939 0.542347
    outer loop
      vertex 6.66792 -4.4205 5.275
      vertex 6.36269 -4 5.9
      vertex 6.36269 -5.5625 5.275
    endloop
  endfacet
  facet normal 0.997518 0.0261516 -0.0653791
    outer loop
      vertex 5.83593 -10.3705 8
      vertex 5.8 -15.8125 5.275
      vertex 5.8 -9 8
    endloop
  endfacet
  facet normal 0.997518 0.0261516 -0.0653791
    outer loop
      vertex 5.8 -15.8125 5.275
      vertex 5.83593 -10.3705 8
      vertex 5.83593 -17.183 5.275
    endloop
  endfacet
  facet normal -0.883145 0.17422 -0.435548
    outer loop
      vertex 13.8803 -19 5.60727
      vertex 13.6373 -14.25 8
      vertex 13.8803 -13.0182 8
    endloop
  endfacet
  facet normal -0.883148 0.174217 -0.435543
    outer loop
      vertex 13.6373 -14.25 8
      vertex 13.8803 -19 5.60727
      vertex 13.6373 -19 6.1
    endloop
  endfacet
  facet normal -0.997522 0.0261299 -0.0653248
    outer loop
      vertex 14.2 -15.8125 5.275
      vertex 14.1641 -10.3705 8
      vertex 14.2 -9 8
    endloop
  endfacet
  facet normal -0.997522 0.0261299 -0.0653248
    outer loop
      vertex 14.1641 -10.3705 8
      vertex 14.2 -15.8125 5.275
      vertex 14.1641 -17.183 5.275
    endloop
  endfacet
  facet normal 0.997518 -0.0261511 0.0653779
    outer loop
      vertex 5.8 -4 8
      vertex 5.83593 -9.44198 5.275
      vertex 5.83593 -4 7.45179
    endloop
  endfacet
  facet normal 0.997518 -0.0261513 0.0653781
    outer loop
      vertex 5.83593 -9.44198 5.275
      vertex 5.8 -4 8
      vertex 5.8 -10.8125 5.275
    endloop
  endfacet
  facet normal -0.997522 -0.0261294 0.0653236
    outer loop
      vertex 14.1641 -9.44198 5.275
      vertex 14.2 -4 8
      vertex 14.1641 -4 7.45179
    endloop
  endfacet
  facet normal -0.997522 -0.0261295 0.0653238
    outer loop
      vertex 14.2 -4 8
      vertex 14.1641 -9.44198 5.275
      vertex 14.2 -10.8125 5.275
    endloop
  endfacet
  facet normal -0.726998 -0.255011 0.637528
    outer loop
      vertex 13.3321 -4.4205 5.275
      vertex 13.3321 -4 5.4432
      vertex 13.1846 -4 5.275
    endloop
  endfacet
  facet normal -0.527184 0.315597 -0.788971
    outer loop
      vertex 12.1 -18.0933 8
      vertex 12.5568 -19 7.33208
      vertex 12.1 -19 7.63731
    endloop
  endfacet
  facet normal -0.527198 0.315586 -0.788966
    outer loop
      vertex 12.5568 -19 7.33208
      vertex 12.1 -18.0933 8
      vertex 12.5568 -17.3302 8
    endloop
  endfacet
  facet normal -0.977805 0.0778121 -0.19453
    outer loop
      vertex 14.1641 -17.183 5.275
      vertex 14.0569 -11.7176 8
      vertex 14.1641 -10.3705 8
    endloop
  endfacet
  facet normal -0.977805 0.0778121 -0.19453
    outer loop
      vertex 14.0569 -11.7176 8
      vertex 14.1641 -17.183 5.275
      vertex 14.0569 -18.5301 5.275
    endloop
  endfacet
  facet normal 0.631405 0.287996 -0.71999
    outer loop
      vertex 7.03015 -19 6.96985
      vertex 7.4432 -17.3302 8
      vertex 7.4432 -19 7.33208
    endloop
  endfacet
  facet normal 0.631413 0.287991 -0.719985
    outer loop
      vertex 7.4432 -17.3302 8
      vertex 7.03015 -19 6.96985
      vertex 7.03015 -16.4246 8
    endloop
  endfacet
  facet normal -0.811691 0.216925 -0.542312
    outer loop
      vertex 13.6373 -19 6.1
      vertex 13.3321 -15.392 8
      vertex 13.6373 -14.25 8
    endloop
  endfacet
  facet normal -0.811691 0.216925 -0.542312
    outer loop
      vertex 13.3321 -15.392 8
      vertex 13.6373 -19 6.1
      vertex 13.3321 -19 6.5568
    endloop
  endfacet
  facet normal 0.883164 0.174206 -0.435515
    outer loop
      vertex 6.11971 -19 5.60727
      vertex 6.36269 -14.25 8
      vertex 6.36269 -19 6.1
    endloop
  endfacet
  facet normal 0.883161 0.174209 -0.43552
    outer loop
      vertex 6.36269 -14.25 8
      vertex 6.11971 -19 5.60727
      vertex 6.11971 -13.0182 8
    endloop
  endfacet
  facet normal -0.977805 -0.0778135 0.194534
    outer loop
      vertex 14.0569 -8.0949 5.275
      vertex 14.1641 -4 7.45179
      vertex 14.0569 -4 6.91296
    endloop
  endfacet
  facet normal -0.977805 -0.0778132 0.194533
    outer loop
      vertex 14.1641 -4 7.45179
      vertex 14.0569 -8.0949 5.275
      vertex 14.1641 -9.44198 5.275
    endloop
  endfacet
  facet normal -0.939197 0.127527 -0.318819
    outer loop
      vertex 14.0569 -18.5301 5.275
      vertex 13.8803 -13.0182 8
      vertex 14.0569 -11.7176 8
    endloop
  endfacet
  facet normal -0.939192 0.127517 -0.31884
    outer loop
      vertex 13.8803 -19 5.60727
      vertex 14.0569 -18.5301 5.275
      vertex 13.9931 -19 5.275
    endloop
  endfacet
  facet normal -0.939195 0.12753 -0.318824
    outer loop
      vertex 14.0569 -18.5301 5.275
      vertex 13.8803 -19 5.60727
      vertex 13.8803 -13.0182 8
    endloop
  endfacet
  facet normal -0.726911 0.255046 -0.637614
    outer loop
      vertex 13.3321 -19 6.5568
      vertex 12.9698 -16.4246 8
      vertex 13.3321 -15.392 8
    endloop
  endfacet
  facet normal -0.72692 0.25504 -0.637606
    outer loop
      vertex 12.9698 -16.4246 8
      vertex 13.3321 -19 6.5568
      vertex 12.9698 -19 6.96985
    endloop
  endfacet
  facet normal 0.527184 0.315597 -0.788971
    outer loop
      vertex 7.4432 -19 7.33208
      vertex 7.9 -18.0933 8
      vertex 7.9 -19 7.63731
    endloop
  endfacet
  facet normal 0.527198 0.315586 -0.788966
    outer loop
      vertex 7.9 -18.0933 8
      vertex 7.4432 -19 7.33208
      vertex 7.4432 -17.3302 8
    endloop
  endfacet
  facet normal -0.883148 -0.174217 0.435543
    outer loop
      vertex 13.6373 -5.5625 5.275
      vertex 13.8803 -4 6.39273
      vertex 13.6373 -4 5.9
    endloop
  endfacet
  facet normal -0.883148 -0.174218 0.435544
    outer loop
      vertex 13.8803 -4 6.39273
      vertex 13.6373 -5.5625 5.275
      vertex 13.8803 -6.79432 5.275
    endloop
  endfacet
  facet normal -0.300566 0.354192 -0.885555
    outer loop
      vertex 11.6073 -18.7007 8
      vertex 11.6073 -19 7.88029
      vertex 11.2546 -19 8
    endloop
  endfacet
  facet normal 0.939195 -0.12753 0.318824
    outer loop
      vertex 5.94311 -4 6.91296
      vertex 6.11971 -6.79432 5.275
      vertex 6.11971 -4 6.39273
    endloop
  endfacet
  facet normal 0.939196 -0.127529 0.318823
    outer loop
      vertex 6.11971 -6.79432 5.275
      vertex 5.94311 -4 6.91296
      vertex 5.94311 -8.0949 5.275
    endloop
  endfacet
  facet normal -0.811691 -0.216925 0.542312
    outer loop
      vertex 13.3321 -4.4205 5.275
      vertex 13.6373 -4 5.9
      vertex 13.3321 -4 5.4432
    endloop
  endfacet
  facet normal -0.811691 -0.216925 0.542312
    outer loop
      vertex 13.6373 -4 5.9
      vertex 13.3321 -4.4205 5.275
      vertex 13.6373 -5.5625 5.275
    endloop
  endfacet
  facet normal 0.726998 -0.255011 0.637528
    outer loop
      vertex 6.81542 -4 5.275
      vertex 6.66792 -4 5.4432
      vertex 6.66792 -4.4205 5.275
    endloop
  endfacet
  facet normal -0.631451 0.287982 -0.719955
    outer loop
      vertex 12.5568 -17.3302 8
      vertex 12.9698 -19 6.96985
      vertex 12.5568 -19 7.33208
    endloop
  endfacet
  facet normal -0.631459 0.287977 -0.719951
    outer loop
      vertex 12.9698 -19 6.96985
      vertex 12.5568 -17.3302 8
      vertex 12.9698 -16.4246 8
    endloop
  endfacet
  facet normal 0.939197 0.127527 -0.318819
    outer loop
      vertex 6.11971 -13.0182 8
      vertex 5.94311 -18.5301 5.275
      vertex 5.94311 -11.7176 8
    endloop
  endfacet
  facet normal 0.939195 0.12753 -0.318824
    outer loop
      vertex 6.11971 -19 5.60727
      vertex 5.94311 -18.5301 5.275
      vertex 6.11971 -13.0182 8
    endloop
  endfacet
  facet normal 0.939198 0.127538 -0.318813
    outer loop
      vertex 5.94311 -18.5301 5.275
      vertex 6.11971 -19 5.60727
      vertex 6.00692 -19 5.275
    endloop
  endfacet
  facet normal 0.416303 0.337654 -0.844205
    outer loop
      vertex 7.9 -19 7.63731
      vertex 8.39273 -18.7007 8
      vertex 8.39273 -19 7.88029
    endloop
  endfacet
  facet normal 0.416279 0.33769 -0.844202
    outer loop
      vertex 8.39273 -18.7007 8
      vertex 7.9 -19 7.63731
      vertex 7.9 -18.0933 8
    endloop
  endfacet
  facet normal 0.977813 0.0777983 -0.194496
    outer loop
      vertex 5.94311 -11.7176 8
      vertex 5.83593 -17.183 5.275
      vertex 5.83593 -10.3705 8
    endloop
  endfacet
  facet normal 0.977813 0.0777983 -0.194496
    outer loop
      vertex 5.83593 -17.183 5.275
      vertex 5.94311 -11.7176 8
      vertex 5.94311 -18.5301 5.275
    endloop
  endfacet
  facet normal 0 -1 0
    outer loop
      vertex 5.83593 -4 7.45179
      vertex 14.2 -4 8
      vertex 5.8 -4 8
    endloop
  endfacet
  facet normal 0 -1 0
    outer loop
      vertex 5.83593 -4 7.45179
      vertex 14.1641 -4 7.45179
      vertex 14.2 -4 8
    endloop
  endfacet
  facet normal 0 -1 0
    outer loop
      vertex 5.94311 -4 6.91296
      vertex 14.1641 -4 7.45179
      vertex 5.83593 -4 7.45179
    endloop
  endfacet
  facet normal 0 -1 0
    outer loop
      vertex 5.94311 -4 6.91296
      vertex 14.0569 -4 6.91296
      vertex 14.1641 -4 7.45179
    endloop
  endfacet
  facet normal 0 -1 0
    outer loop
      vertex 6.11971 -4 6.39273
      vertex 14.0569 -4 6.91296
      vertex 5.94311 -4 6.91296
    endloop
  endfacet
  facet normal 0 -1 0
    outer loop
      vertex 6.11971 -4 6.39273
      vertex 13.8803 -4 6.39273
      vertex 14.0569 -4 6.91296
    endloop
  endfacet
  facet normal 0 -1 0
    outer loop
      vertex 6.81542 -4 5.275
      vertex 6.11971 -4 6.39273
      vertex 6.36269 -4 5.9
    endloop
  endfacet
  facet normal 0 -1 0
    outer loop
      vertex 6.11971 -4 6.39273
      vertex 6.81542 -4 5.275
      vertex 13.8803 -4 6.39273
    endloop
  endfacet
  facet normal 0 -1 0
    outer loop
      vertex 6.81542 -4 5.275
      vertex 6.36269 -4 5.9
      vertex 6.66792 -4 5.4432
    endloop
  endfacet
  facet normal 0 -1 0
    outer loop
      vertex 13.1846 -4 5.275
      vertex 13.8803 -4 6.39273
      vertex 6.81542 -4 5.275
    endloop
  endfacet
  facet normal 0 -1 0
    outer loop
      vertex 13.8803 -4 6.39273
      vertex 13.1846 -4 5.275
      vertex 13.6373 -4 5.9
    endloop
  endfacet
  facet normal 0 -1 0
    outer loop
      vertex 13.6373 -4 5.9
      vertex 13.1846 -4 5.275
      vertex 13.3321 -4 5.4432
    endloop
  endfacet
  facet normal 0 1 0
    outer loop
      vertex 12.1 -19 7.63731
      vertex 11.2546 -19 8
      vertex 11.6073 -19 7.88029
    endloop
  endfacet
  facet normal 0 1 0
    outer loop
      vertex 12.5568 -19 7.33208
      vertex 11.2546 -19 8
      vertex 12.1 -19 7.63731
    endloop
  endfacet
  facet normal 0 1 0
    outer loop
      vertex 11.2546 -19 8
      vertex 12.5568 -19 7.33208
      vertex 8.74537 -19 8
    endloop
  endfacet
  facet normal 0 1 0
    outer loop
      vertex 8.74537 -19 8
      vertex 7.9 -19 7.63731
      vertex 8.39273 -19 7.88029
    endloop
  endfacet
  facet normal 0 1 0
    outer loop
      vertex 7.4432 -19 7.33208
      vertex 8.74537 -19 8
      vertex 12.5568 -19 7.33208
    endloop
  endfacet
  facet normal 0 1 0
    outer loop
      vertex 8.74537 -19 8
      vertex 7.4432 -19 7.33208
      vertex 7.9 -19 7.63731
    endloop
  endfacet
  facet normal 0 1 0
    outer loop
      vertex 12.9698 -19 6.96985
      vertex 7.4432 -19 7.33208
      vertex 12.5568 -19 7.33208
    endloop
  endfacet
  facet normal 0 1 0
    outer loop
      vertex 12.9698 -19 6.96985
      vertex 7.03015 -19 6.96985
      vertex 7.4432 -19 7.33208
    endloop
  endfacet
  facet normal 0 1 0
    outer loop
      vertex 13.3321 -19 6.5568
      vertex 7.03015 -19 6.96985
      vertex 12.9698 -19 6.96985
    endloop
  endfacet
  facet normal 0 1 0
    outer loop
      vertex 13.3321 -19 6.5568
      vertex 6.66792 -19 6.5568
      vertex 7.03015 -19 6.96985
    endloop
  endfacet
  facet normal 0 1 0
    outer loop
      vertex 13.6373 -19 6.1
      vertex 6.66792 -19 6.5568
      vertex 13.3321 -19 6.5568
    endloop
  endfacet
  facet normal 0 1 0
    outer loop
      vertex 13.6373 -19 6.1
      vertex 6.36269 -19 6.1
      vertex 6.66792 -19 6.5568
    endloop
  endfacet
  facet normal 0 1 0
    outer loop
      vertex 13.9931 -19 5.275
      vertex 13.6373 -19 6.1
      vertex 13.8803 -19 5.60727
    endloop
  endfacet
  facet normal 0 1 0
    outer loop
      vertex 13.6373 -19 6.1
      vertex 13.9931 -19 5.275
      vertex 6.36269 -19 6.1
    endloop
  endfacet
  facet normal 0 1 0
    outer loop
      vertex 6.00692 -19 5.275
      vertex 6.36269 -19 6.1
      vertex 13.9931 -19 5.275
    endloop
  endfacet
  facet normal 0 1 0
    outer loop
      vertex 6.36269 -19 6.1
      vertex 6.00692 -19 5.275
      vertex 6.11971 -19 5.60727
    endloop
  endfacet
  facet normal 0.977813 -0.0777996 0.194499
    outer loop
      vertex 5.83593 -4 7.45179
      vertex 5.94311 -8.0949 5.275
      vertex 5.94311 -4 6.91296
    endloop
  endfacet
  facet normal 0.977813 -0.0777994 0.194499
    outer loop
      vertex 5.94311 -8.0949 5.275
      vertex 5.83593 -4 7.45179
      vertex 5.83593 -9.44198 5.275
    endloop
  endfacet
  facet normal 0.883164 -0.174206 0.435515
    outer loop
      vertex 6.11971 -4 6.39273
      vertex 6.36269 -5.5625 5.275
      vertex 6.36269 -4 5.9
    endloop
  endfacet
  facet normal 0.883164 -0.174207 0.435516
    outer loop
      vertex 6.36269 -5.5625 5.275
      vertex 6.11971 -4 6.39273
      vertex 6.11971 -6.79432 5.275
    endloop
  endfacet
  facet normal -0.416324 0.33765 -0.844196
    outer loop
      vertex 11.6073 -18.7007 8
      vertex 12.1 -19 7.63731
      vertex 11.6073 -19 7.88029
    endloop
  endfacet
  facet normal -0.4163 0.337687 -0.844193
    outer loop
      vertex 12.1 -19 7.63731
      vertex 11.6073 -18.7007 8
      vertex 12.1 -18.0933 8
    endloop
  endfacet
  facet normal 0.811663 0.216939 -0.542347
    outer loop
      vertex 6.36269 -19 6.1
      vertex 6.66792 -15.392 8
      vertex 6.66792 -19 6.5568
    endloop
  endfacet
  facet normal 0.811663 0.216939 -0.542347
    outer loop
      vertex 6.66792 -15.392 8
      vertex 6.36269 -19 6.1
      vertex 6.36269 -14.25 8
    endloop
  endfacet
  facet normal 0.300613 0.354187 -0.885541
    outer loop
      vertex 8.39273 -18.7007 8
      vertex 8.74537 -19 8
      vertex 8.39273 -19 7.88029
    endloop
  endfacet
  facet normal 0.726986 0.255014 -0.637541
    outer loop
      vertex 6.66792 -19 6.5568
      vertex 7.03015 -16.4246 8
      vertex 7.03015 -19 6.96985
    endloop
  endfacet
  facet normal 0.726978 0.25502 -0.637549
    outer loop
      vertex 7.03015 -16.4246 8
      vertex 6.66792 -19 6.5568
      vertex 6.66792 -15.392 8
    endloop
  endfacet
  facet normal 1 -0 0
    outer loop
      vertex -26 -0.575652 15.2803
      vertex -26 1.07497 12.8297
      vertex -26 0.588751 15.5871
    endloop
  endfacet
  facet normal 1 0 0
    outer loop
      vertex -26 1.07497 12.8297
      vertex -26 -0.115486 12.6705
      vertex -26 -0.106803 12.6213
    endloop
  endfacet
  facet normal 1 0 0
    outer loop
      vertex -26 1.07497 12.8297
      vertex -26 -0.575652 15.2803
      vertex -26 -0.115486 12.6705
    endloop
  endfacet
  facet normal 1 0 -0
    outer loop
      vertex -26 -0.575652 15.2803
      vertex -26 0.588751 15.5871
      vertex -26 -0.593018 15.3787
    endloop
  endfacet
  facet normal 1 -0 0
    outer loop
      vertex -26 -1.23623 13.8437
      vertex -26 -0.115486 12.6705
      vertex -26 -0.575652 15.2803
    endloop
  endfacet
  facet normal 1 0 0
    outer loop
      vertex -26 -0.115486 12.6705
      vertex -26 -1.23623 13.8437
      vertex -26 -1.00181 12.5142
    endloop
  endfacet
  facet normal 0 -0.984781 -0.173798
    outer loop
      vertex -50 -0.593018 15.3787
      vertex -29 -0.575652 15.2803
      vertex -26 -0.593018 15.3787
    endloop
  endfacet
  facet normal 7.44861e-07 -0.984809 -0.173644
    outer loop
      vertex -50 -0.593018 15.3787
      vertex -29 -0.115486 12.6705
      vertex -29 -0.575652 15.2803
    endloop
  endfacet
  facet normal -3.52494e-07 -0.984807 -0.173652
    outer loop
      vertex -50 -0.106803 12.6213
      vertex -29 -0.115486 12.6705
      vertex -50 -0.593018 15.3787
    endloop
  endfacet
  facet normal -0 -0.984781 -0.173798
    outer loop
      vertex -26 -0.106803 12.6213
      vertex -29 -0.115486 12.6705
      vertex -50 -0.106803 12.6213
    endloop
  endfacet
  facet normal 0 -0.984781 -0.173798
    outer loop
      vertex -29 -0.115486 12.6705
      vertex -26 -0.106803 12.6213
      vertex -26 -0.115486 12.6705
    endloop
  endfacet
  facet normal 0 -0.984781 -0.173798
    outer loop
      vertex -26 -0.593018 15.3787
      vertex -29 -0.575652 15.2803
      vertex -26 -0.575652 15.2803
    endloop
  endfacet
  facet normal 0 0.984807 0.173653
    outer loop
      vertex -26 1.07497 12.8297
      vertex -50 0.588751 15.5871
      vertex -26 0.588751 15.5871
    endloop
  endfacet
  facet normal 0 0.984807 0.173653
    outer loop
      vertex -50 0.588751 15.5871
      vertex -26 1.07497 12.8297
      vertex -50 1.07497 12.8297
    endloop
  endfacet
  facet normal 0 -0.173666 0.984805
    outer loop
      vertex -50 0.588751 15.5871
      vertex -26 -0.593018 15.3787
      vertex -26 0.588751 15.5871
    endloop
  endfacet
  facet normal 0 -0.173666 0.984805
    outer loop
      vertex -26 -0.593018 15.3787
      vertex -50 0.588751 15.5871
      vertex -50 -0.593018 15.3787
    endloop
  endfacet
  facet normal 0 0.173666 -0.984805
    outer loop
      vertex -50 -0.106803 12.6213
      vertex -26 1.07497 12.8297
      vertex -26 -0.106803 12.6213
    endloop
  endfacet
  facet normal 0 0.173666 -0.984805
    outer loop
      vertex -26 1.07497 12.8297
      vertex -50 -0.106803 12.6213
      vertex -50 1.07497 12.8297
    endloop
  endfacet
  facet normal -1 0 0
    outer loop
      vertex -29 -1.23623 13.8437
      vertex -29 -0.115486 12.6705
      vertex -29 -1.00181 12.5142
    endloop
  endfacet
  facet normal -1 0 0
    outer loop
      vertex -29 -0.115486 12.6705
      vertex -29 -1.23623 13.8437
      vertex -29 -0.575652 15.2803
    endloop
  endfacet
  facet normal 0 0.173667 -0.984804
    outer loop
      vertex -29 -1.00181 12.5142
      vertex -26 -0.115486 12.6705
      vertex -26 -1.00181 12.5142
    endloop
  endfacet
  facet normal 0 0.173667 -0.984804
    outer loop
      vertex -26 -0.115486 12.6705
      vertex -29 -1.00181 12.5142
      vertex -29 -0.115486 12.6705
    endloop
  endfacet
  facet normal 0 -0.984809 -0.173643
    outer loop
      vertex -29 -1.00181 12.5142
      vertex -26 -1.23623 13.8437
      vertex -29 -1.23623 13.8437
    endloop
  endfacet
  facet normal 0 -0.984809 -0.173643
    outer loop
      vertex -26 -1.23623 13.8437
      vertex -29 -1.00181 12.5142
      vertex -26 -1.00181 12.5142
    endloop
  endfacet
  facet normal 0 -0.908552 0.417771
    outer loop
      vertex -29 -1.23623 13.8437
      vertex -26 -0.575652 15.2803
      vertex -29 -0.575652 15.2803
    endloop
  endfacet
  facet normal 0 -0.908552 0.417771
    outer loop
      vertex -26 -0.575652 15.2803
      vertex -29 -1.23623 13.8437
      vertex -26 -1.23623 13.8437
    endloop
  endfacet
  facet normal -1 0 0
    outer loop
      vertex 26 -1.23623 13.8437
      vertex 26 -0.115486 12.6705
      vertex 26 -1.00181 12.5142
    endloop
  endfacet
  facet normal -1 0 0
    outer loop
      vertex 26 -0.115486 12.6705
      vertex 26 -1.23623 13.8437
      vertex 26 -0.575652 15.2803
    endloop
  endfacet
  facet normal -1 0 0
    outer loop
      vertex 26 -0.115486 12.6705
      vertex 26 1.07497 12.8297
      vertex 26 -0.106803 12.6213
    endloop
  endfacet
  facet normal -1 0 0
    outer loop
      vertex 26 -0.575652 15.2803
      vertex 26 1.07497 12.8297
      vertex 26 -0.115486 12.6705
    endloop
  endfacet
  facet normal -1 0 0
    outer loop
      vertex 26 1.07497 12.8297
      vertex 26 -0.575652 15.2803
      vertex 26 0.588751 15.5871
    endloop
  endfacet
  facet normal -1 0 0
    outer loop
      vertex 26 0.588751 15.5871
      vertex 26 -0.575652 15.2803
      vertex 26 -0.593018 15.3787
    endloop
  endfacet
  facet normal 0 -0.984781 -0.173798
    outer loop
      vertex 26 -0.115486 12.6705
      vertex 26 -0.106803 12.6213
      vertex 29 -0.115486 12.6705
    endloop
  endfacet
  facet normal -0 -0.984781 -0.173798
    outer loop
      vertex 29 -0.575652 15.2803
      vertex 26 -0.593018 15.3787
      vertex 26 -0.575652 15.2803
    endloop
  endfacet
  facet normal 0 -0.984781 -0.173798
    outer loop
      vertex 26 -0.593018 15.3787
      vertex 29 -0.575652 15.2803
      vertex 50 -0.593018 15.3787
    endloop
  endfacet
  facet normal -7.44861e-07 -0.984809 -0.173644
    outer loop
      vertex 29 -0.115486 12.6705
      vertex 50 -0.593018 15.3787
      vertex 29 -0.575652 15.2803
    endloop
  endfacet
  facet normal 3.52494e-07 -0.984807 -0.173652
    outer loop
      vertex 29 -0.115486 12.6705
      vertex 50 -0.106803 12.6213
      vertex 50 -0.593018 15.3787
    endloop
  endfacet
  facet normal -0 -0.984781 -0.173798
    outer loop
      vertex 50 -0.106803 12.6213
      vertex 29 -0.115486 12.6705
      vertex 26 -0.106803 12.6213
    endloop
  endfacet
  facet normal 0 0.984807 0.173653
    outer loop
      vertex 50 1.07497 12.8297
      vertex 26 0.588751 15.5871
      vertex 50 0.588751 15.5871
    endloop
  endfacet
  facet normal 0 0.984807 0.173653
    outer loop
      vertex 26 0.588751 15.5871
      vertex 50 1.07497 12.8297
      vertex 26 1.07497 12.8297
    endloop
  endfacet
  facet normal 0 -0.173666 0.984805
    outer loop
      vertex 26 0.588751 15.5871
      vertex 50 -0.593018 15.3787
      vertex 50 0.588751 15.5871
    endloop
  endfacet
  facet normal 0 -0.173666 0.984805
    outer loop
      vertex 50 -0.593018 15.3787
      vertex 26 0.588751 15.5871
      vertex 26 -0.593018 15.3787
    endloop
  endfacet
  facet normal 0 0.173666 -0.984805
    outer loop
      vertex 26 -0.106803 12.6213
      vertex 50 1.07497 12.8297
      vertex 50 -0.106803 12.6213
    endloop
  endfacet
  facet normal 0 0.173666 -0.984805
    outer loop
      vertex 50 1.07497 12.8297
      vertex 26 -0.106803 12.6213
      vertex 26 1.07497 12.8297
    endloop
  endfacet
  facet normal 1 -0 0
    outer loop
      vertex 29 -1.23623 13.8437
      vertex 29 -0.115486 12.6705
      vertex 29 -0.575652 15.2803
    endloop
  endfacet
  facet normal 1 0 0
    outer loop
      vertex 29 -0.115486 12.6705
      vertex 29 -1.23623 13.8437
      vertex 29 -1.00181 12.5142
    endloop
  endfacet
  facet normal 0 0.173667 -0.984804
    outer loop
      vertex 26 -1.00181 12.5142
      vertex 29 -0.115486 12.6705
      vertex 29 -1.00181 12.5142
    endloop
  endfacet
  facet normal 0 0.173667 -0.984804
    outer loop
      vertex 29 -0.115486 12.6705
      vertex 26 -1.00181 12.5142
      vertex 26 -0.115486 12.6705
    endloop
  endfacet
  facet normal 0 -0.984809 -0.173643
    outer loop
      vertex 26 -1.00181 12.5142
      vertex 29 -1.23623 13.8437
      vertex 26 -1.23623 13.8437
    endloop
  endfacet
  facet normal 0 -0.984809 -0.173643
    outer loop
      vertex 29 -1.23623 13.8437
      vertex 26 -1.00181 12.5142
      vertex 29 -1.00181 12.5142
    endloop
  endfacet
  facet normal 0 -0.908552 0.417771
    outer loop
      vertex 26 -1.23623 13.8437
      vertex 29 -0.575652 15.2803
      vertex 26 -0.575652 15.2803
    endloop
  endfacet
  facet normal 0 -0.908552 0.417771
    outer loop
      vertex 29 -0.575652 15.2803
      vertex 26 -1.23623 13.8437
      vertex 29 -1.23623 13.8437
    endloop
  endfacet
endsolid OpenSCAD_Model
